Kommunkod,ar,kommuntyp,period,utfall,prognos,baslinje,regel_match,ratt,baslinje_ratt
0114,2016,A,validering,minskning,okning,okning,True,False,False
0114,2017,A,validering,okning,okning,okning,True,True,True
0114,2018,A,validering,minskning,okning,okning,False,False,False
0114,2019,A,validering,minskning,okning,okning,False,False,False
0115,2016,A,validering,minskning,okning,okning,True,False,False
0115,2017,A,validering,minskning,okning,okning,True,False,False
0115,2018,A,validering,minskning,okning,okning,False,False,False
0115,2019,A,validering,minskning,okning,okning,False,False,False
0117,2016,A,validering,okning,okning,okning,True,True,True
0117,2017,A,validering,minskning,okning,okning,True,False,False
0117,2018,A,validering,minskning,okning,okning,False,False,False
0117,2019,A,validering,minskning,okning,okning,False,False,False
0120,2016,A,validering,okning,okning,okning,True,True,True
0120,2017,A,validering,minskning,okning,okning,True,False,False
0120,2018,A,validering,minskning,okning,okning,False,False,False
0120,2019,A,validering,minskning,okning,okning,False,False,False
0123,2016,A,validering,minskning,okning,okning,True,False,False
0123,2017,A,validering,minskning,okning,okning,True,False,False
0123,2018,A,validering,okning,okning,okning,False,True,True
0123,2019,A,validering,okning,okning,okning,False,True,True
0125,2016,A,validering,minskning,okning,okning,True,False,False
0125,2017,A,validering,okning,okning,okning,True,True,True
0125,2018,A,validering,okning,okning,okning,False,True,True
0125,2019,A,validering,okning,okning,okning,False,True,True
0126,2016,A,validering,minskning,okning,okning,True,False,False
0126,2017,A,validering,minskning,okning,okning,True,False,False
0126,2018,A,validering,okning,okning,okning,False,True,True
0126,2019,A,validering,minskning,okning,okning,False,False,False
0127,2016,A,validering,minskning,okning,okning,True,False,False
0127,2017,A,validering,okning,okning,okning,True,True,True
0127,2018,A,validering,minskning,okning,okning,False,False,False
0127,2019,A,validering,minskning,okning,okning,False,False,False
0128,2016,A,validering,okning,okning,okning,True,True,True
0128,2017,A,validering,minskning,okning,okning,True,False,False
0128,2018,A,validering,okning,okning,okning,False,True,True
0128,2019,A,validering,minskning,okning,okning,False,False,False
0136,2016,A,validering,okning,okning,okning,True,True,True
0136,2017,A,validering,minskning,okning,okning,True,False,False
0136,2018,A,validering,okning,okning,okning,False,True,True
0136,2019,A,validering,minskning,okning,okning,False,False,False
0138,2016,A,validering,okning,okning,okning,True,True,True
0138,2017,A,validering,minskning,okning,okning,True,False,False
0138,2018,A,validering,minskning,okning,okning,False,False,False
0138,2019,A,validering,minskning,okning,okning,False,False,False
0139,2016,A,validering,minskning,okning,okning,True,False,False
0139,2017,A,validering,minskning,okning,okning,True,False,False
0139,2018,A,validering,okning,okning,okning,False,True,True
0139,2019,A,validering,minskning,okning,okning,False,False,False
0160,2016,A,validering,minskning,okning,okning,True,False,False
0160,2017,A,validering,oforandrat,okning,okning,True,False,False
0160,2018,A,validering,minskning,okning,okning,False,False,False
0160,2019,A,validering,okning,okning,okning,False,True,True
0162,2016,A,validering,minskning,okning,okning,True,False,False
0162,2017,A,validering,okning,okning,okning,True,True,True
0162,2018,A,validering,minskning,okning,okning,False,False,False
0162,2019,A,validering,okning,okning,okning,False,True,True
0163,2016,A,validering,minskning,okning,okning,True,False,False
0163,2017,A,validering,minskning,okning,okning,True,False,False
0163,2018,A,validering,okning,okning,okning,False,True,True
0163,2019,A,validering,minskning,okning,okning,False,False,False
0180,2016,A,validering,minskning,okning,okning,True,False,False
0180,2017,A,validering,minskning,okning,okning,True,False,False
0180,2018,A,validering,minskning,okning,okning,False,False,False
0180,2019,A,validering,minskning,okning,okning,False,False,False
0182,2016,A,validering,minskning,okning,okning,True,False,False
0182,2017,A,validering,okning,okning,okning,True,True,True
0182,2018,A,validering,minskning,okning,okning,False,False,False
0182,2019,A,validering,okning,okning,okning,False,True,True
0183,2016,A,validering,minskning,okning,okning,True,False,False
0183,2017,A,validering,okning,okning,okning,True,True,True
0183,2018,A,validering,minskning,okning,okning,False,False,False
0183,2019,A,validering,minskning,okning,okning,False,False,False
0184,2016,A,validering,okning,okning,okning,True,True,True
0184,2017,A,validering,minskning,okning,okning,True,False,False
0184,2018,A,validering,minskning,okning,okning,False,False,False
0184,2019,A,validering,minskning,okning,okning,False,False,False
0186,2016,A,validering,minskning,okning,okning,True,False,False
0186,2017,A,validering,okning,okning,okning,True,True,True
0186,2018,A,validering,minskning,okning,okning,False,False,False
0186,2019,A,validering,okning,okning,okning,False,True,True
0187,2016,A,validering,okning,okning,okning,True,True,True
0187,2017,A,validering,minskning,okning,okning,True,False,False
0187,2018,A,validering,okning,okning,okning,False,True,True
0187,2019,A,validering,minskning,okning,okning,False,False,False
0191,2016,A,validering,okning,okning,okning,True,True,True
0191,2017,A,validering,minskning,okning,okning,True,False,False
0191,2018,A,validering,okning,okning,okning,False,True,True
0191,2019,A,validering,minskning,okning,okning,False,False,False
0192,2016,A,validering,okning,okning,okning,True,True,True
0192,2017,A,validering,minskning,okning,okning,True,False,False
0192,2018,A,validering,minskning,okning,okning,False,False,False
0192,2019,A,validering,minskning,okning,okning,False,False,False
0305,2016,A,validering,okning,okning,okning,True,True,True
0305,2017,A,validering,minskning,okning,okning,True,False,False
0305,2018,A,validering,okning,okning,okning,False,True,True
0305,2019,A,validering,minskning,okning,okning,False,False,False
1230,2016,A,validering,okning,okning,okning,True,True,True
1230,2017,A,validering,minskning,okning,okning,True,False,False
1230,2018,A,validering,okning,okning,okning,False,True,True
1230,2019,A,validering,okning,okning,okning,False,True,True
1231,2016,A,validering,okning,okning,okning,True,True,True
1231,2017,A,validering,minskning,okning,okning,True,False,False
1231,2018,A,validering,minskning,okning,okning,False,False,False
1231,2019,A,validering,okning,okning,okning,False,True,True
1233,2016,A,validering,okning,okning,okning,True,True,True
1233,2017,A,validering,minskning,okning,okning,True,False,False
1233,2018,A,validering,okning,okning,okning,False,True,True
1233,2019,A,validering,minskning,okning,okning,False,False,False
1261,2016,A,validering,okning,okning,okning,True,True,True
1261,2017,A,validering,minskning,okning,okning,True,False,False
1261,2018,A,validering,oforandrat,okning,okning,False,False,False
1261,2019,A,validering,minskning,okning,okning,False,False,False
1262,2016,A,validering,minskning,okning,okning,True,False,False
1262,2017,A,validering,minskning,okning,okning,True,False,False
1262,2018,A,validering,okning,okning,okning,False,True,True
1262,2019,A,validering,okning,okning,okning,False,True,True
1263,2016,A,validering,minskning,okning,okning,True,False,False
1263,2017,A,validering,minskning,okning,okning,True,False,False
1263,2018,A,validering,okning,okning,okning,False,True,True
1263,2019,A,validering,minskning,okning,okning,False,False,False
1264,2016,A,validering,okning,okning,okning,True,True,True
1264,2017,A,validering,oforandrat,okning,okning,True,False,False
1264,2018,A,validering,minskning,okning,okning,False,False,False
1264,2019,A,validering,minskning,okning,okning,False,False,False
1280,2016,A,validering,minskning,okning,okning,True,False,False
1280,2017,A,validering,minskning,okning,okning,True,False,False
1280,2018,A,validering,minskning,okning,okning,False,False,False
1280,2019,A,validering,minskning,okning,okning,False,False,False
1287,2016,A,validering,okning,okning,okning,True,True,True
1287,2017,A,validering,minskning,okning,okning,True,False,False
1287,2018,A,validering,minskning,okning,okning,False,False,False
1287,2019,A,validering,minskning,okning,okning,False,False,False
1384,2016,A,validering,okning,okning,okning,True,True,True
1384,2017,A,validering,minskning,okning,okning,True,False,False
1384,2018,A,validering,okning,okning,okning,False,True,True
1384,2019,A,validering,minskning,okning,okning,False,False,False
1401,2016,A,validering,okning,okning,okning,True,True,True
1401,2017,A,validering,minskning,okning,okning,True,False,False
1401,2018,A,validering,minskning,okning,okning,False,False,False
1401,2019,A,validering,okning,okning,okning,False,True,True
1402,2016,A,validering,okning,okning,okning,True,True,True
1402,2017,A,validering,minskning,okning,okning,True,False,False
1402,2018,A,validering,minskning,okning,okning,False,False,False
1402,2019,A,validering,okning,okning,okning,False,True,True
1407,2016,A,validering,minskning,okning,okning,True,False,False
1407,2017,A,validering,minskning,okning,okning,True,False,False
1407,2018,A,validering,okning,okning,okning,False,True,True
1407,2019,A,validering,okning,okning,okning,False,True,True
1415,2016,A,validering,okning,okning,okning,True,True,True
1415,2017,A,validering,minskning,okning,okning,True,False,False
1415,2018,A,validering,okning,okning,okning,False,True,True
1415,2019,A,validering,minskning,okning,okning,False,False,False
1440,2016,A,validering,minskning,okning,okning,True,False,False
1440,2017,A,validering,okning,okning,okning,True,True,True
1440,2018,A,validering,okning,okning,okning,False,True,True
1440,2019,A,validering,minskning,okning,okning,False,False,False
1441,2016,A,validering,minskning,okning,okning,True,False,False
1441,2017,A,validering,minskning,okning,okning,True,False,False
1441,2018,A,validering,okning,okning,okning,False,True,True
1441,2019,A,validering,minskning,okning,okning,False,False,False
1443,2016,A,validering,okning,okning,okning,True,True,True
1443,2017,A,validering,minskning,okning,okning,True,False,False
1443,2018,A,validering,minskning,okning,okning,False,False,False
1443,2019,A,validering,okning,okning,okning,False,True,True
1462,2016,A,validering,minskning,okning,okning,True,False,False
1462,2017,A,validering,minskning,okning,okning,True,False,False
1462,2018,A,validering,minskning,okning,okning,False,False,False
1462,2019,A,validering,minskning,okning,okning,False,False,False
1480,2016,A,validering,okning,okning,okning,True,True,True
1480,2017,A,validering,minskning,okning,okning,True,False,False
1480,2018,A,validering,minskning,okning,okning,False,False,False
1480,2019,A,validering,minskning,okning,okning,False,False,False
1481,2016,A,validering,okning,okning,okning,True,True,True
1481,2017,A,validering,minskning,okning,okning,True,False,False
1481,2018,A,validering,okning,okning,okning,False,True,True
1481,2019,A,validering,minskning,okning,okning,False,False,False
1482,2016,A,validering,minskning,okning,okning,True,False,False
1482,2017,A,validering,minskning,okning,okning,True,False,False
1482,2018,A,validering,oforandrat,okning,okning,False,False,False
1482,2019,A,validering,minskning,okning,okning,False,False,False
1489,2016,A,validering,okning,okning,okning,True,True,True
1489,2017,A,validering,minskning,okning,okning,True,False,False
1489,2018,A,validering,minskning,okning,okning,False,False,False
1489,2019,A,validering,minskning,okning,okning,False,False,False
0114,2020,A,senare_ar,okning,okning,okning,False,True,True
0114,2021,A,senare_ar,okning,okning,okning,False,True,True
0114,2022,A,senare_ar,minskning,okning,okning,True,False,False
0114,2023,A,senare_ar,okning,okning,okning,False,True,True
0114,2024,A,senare_ar,okning,okning,okning,False,True,True
0114,2025,A,senare_ar,minskning,okning,okning,False,False,False
0115,2020,A,senare_ar,okning,okning,okning,False,True,True
0115,2021,A,senare_ar,minskning,okning,okning,False,False,False
0115,2022,A,senare_ar,minskning,okning,okning,True,False,False
0115,2023,A,senare_ar,minskning,okning,okning,False,False,False
0115,2024,A,senare_ar,minskning,okning,okning,False,False,False
0115,2025,A,senare_ar,oforandrat,okning,okning,False,False,False
0117,2020,A,senare_ar,okning,okning,okning,False,True,True
0117,2021,A,senare_ar,minskning,okning,okning,False,False,False
0117,2022,A,senare_ar,minskning,okning,okning,True,False,False
0117,2023,A,senare_ar,okning,okning,okning,False,True,True
0117,2024,A,senare_ar,minskning,okning,okning,False,False,False
0117,2025,A,senare_ar,okning,okning,okning,False,True,True
0120,2020,A,senare_ar,okning,okning,okning,False,True,True
0120,2021,A,senare_ar,minskning,okning,okning,False,False,False
0120,2022,A,senare_ar,minskning,okning,okning,True,False,False
0120,2023,A,senare_ar,minskning,okning,okning,False,False,False
0120,2024,A,senare_ar,minskning,okning,okning,False,False,False
0120,2025,A,senare_ar,okning,okning,okning,False,True,True
0123,2020,A,senare_ar,minskning,okning,okning,False,False,False
0123,2021,A,senare_ar,okning,okning,okning,False,True,True
0123,2022,A,senare_ar,minskning,okning,okning,True,False,False
0123,2023,A,senare_ar,minskning,okning,okning,False,False,False
0123,2024,A,senare_ar,okning,okning,okning,False,True,True
0123,2025,A,senare_ar,minskning,okning,okning,False,False,False
0125,2020,A,senare_ar,minskning,okning,okning,False,False,False
0125,2021,A,senare_ar,okning,okning,okning,False,True,True
0125,2022,A,senare_ar,minskning,okning,okning,True,False,False
0125,2023,A,senare_ar,minskning,okning,okning,False,False,False
0125,2024,A,senare_ar,okning,okning,okning,False,True,True
0125,2025,A,senare_ar,okning,okning,okning,False,True,True
0126,2020,A,senare_ar,minskning,okning,okning,False,False,False
0126,2021,A,senare_ar,minskning,okning,okning,False,False,False
0126,2022,A,senare_ar,minskning,okning,okning,True,False,False
0126,2023,A,senare_ar,minskning,okning,okning,False,False,False
0126,2024,A,senare_ar,okning,okning,okning,False,True,True
0126,2025,A,senare_ar,okning,okning,okning,False,True,True
0127,2020,A,senare_ar,okning,okning,okning,False,True,True
0127,2021,A,senare_ar,minskning,okning,okning,False,False,False
0127,2022,A,senare_ar,minskning,okning,okning,True,False,False
0127,2023,A,senare_ar,minskning,okning,okning,False,False,False
0127,2024,A,senare_ar,okning,okning,okning,False,True,True
0127,2025,A,senare_ar,minskning,okning,okning,False,False,False
0128,2020,A,senare_ar,minskning,okning,okning,False,False,False
0128,2021,A,senare_ar,minskning,okning,okning,False,False,False
0128,2022,A,senare_ar,minskning,okning,okning,True,False,False
0128,2023,A,senare_ar,okning,okning,okning,False,True,True
0128,2024,A,senare_ar,minskning,okning,okning,False,False,False
0128,2025,A,senare_ar,okning,okning,okning,False,True,True
0136,2020,A,senare_ar,minskning,okning,okning,False,False,False
0136,2021,A,senare_ar,minskning,okning,okning,False,False,False
0136,2022,A,senare_ar,minskning,okning,okning,True,False,False
0136,2023,A,senare_ar,minskning,okning,okning,False,False,False
0136,2024,A,senare_ar,okning,okning,okning,False,True,True
0136,2025,A,senare_ar,minskning,okning,okning,False,False,False
0138,2020,A,senare_ar,okning,okning,okning,False,True,True
0138,2021,A,senare_ar,okning,okning,okning,False,True,True
0138,2022,A,senare_ar,minskning,okning,okning,True,False,False
0138,2023,A,senare_ar,okning,okning,okning,False,True,True
0138,2024,A,senare_ar,minskning,okning,okning,False,False,False
0138,2025,A,senare_ar,okning,okning,okning,False,True,True
0139,2020,A,senare_ar,okning,okning,okning,False,True,True
0139,2021,A,senare_ar,okning,okning,okning,False,True,True
0139,2022,A,senare_ar,minskning,okning,okning,True,False,False
0139,2023,A,senare_ar,okning,okning,okning,False,True,True
0139,2024,A,senare_ar,minskning,okning,okning,False,False,False
0139,2025,A,senare_ar,okning,okning,okning,False,True,True
0160,2020,A,senare_ar,okning,okning,okning,False,True,True
0160,2021,A,senare_ar,minskning,okning,okning,False,False,False
0160,2022,A,senare_ar,minskning,okning,okning,True,False,False
0160,2023,A,senare_ar,minskning,okning,okning,False,False,False
0160,2024,A,senare_ar,okning,okning,okning,False,True,True
0160,2025,A,senare_ar,minskning,okning,okning,False,False,False
0162,2020,A,senare_ar,minskning,okning,okning,False,False,False
0162,2021,A,senare_ar,okning,okning,okning,False,True,True
0162,2022,A,senare_ar,minskning,okning,okning,True,False,False
0162,2023,A,senare_ar,okning,okning,okning,False,True,True
0162,2024,A,senare_ar,minskning,okning,okning,False,False,False
0162,2025,A,senare_ar,okning,okning,okning,False,True,True
0163,2020,A,senare_ar,minskning,okning,okning,False,False,False
0163,2021,A,senare_ar,okning,okning,okning,False,True,True
0163,2022,A,senare_ar,minskning,okning,okning,True,False,False
0163,2023,A,senare_ar,minskning,okning,okning,False,False,False
0163,2024,A,senare_ar,oforandrat,okning,okning,False,False,False
0163,2025,A,senare_ar,okning,okning,okning,False,True,True
0180,2020,A,senare_ar,minskning,okning,okning,False,False,False
0180,2021,A,senare_ar,okning,okning,okning,False,True,True
0180,2022,A,senare_ar,minskning,okning,okning,True,False,False
0180,2023,A,senare_ar,minskning,okning,okning,False,False,False
0180,2024,A,senare_ar,minskning,okning,okning,False,False,False
0180,2025,A,senare_ar,minskning,okning,okning,False,False,False
0182,2020,A,senare_ar,minskning,okning,okning,False,False,False
0182,2021,A,senare_ar,okning,okning,okning,False,True,True
0182,2022,A,senare_ar,minskning,okning,okning,True,False,False
0182,2023,A,senare_ar,minskning,okning,okning,False,False,False
0182,2024,A,senare_ar,okning,okning,okning,False,True,True
0182,2025,A,senare_ar,oforandrat,okning,okning,False,False,False
0183,2020,A,senare_ar,oforandrat,okning,okning,False,False,False
0183,2021,A,senare_ar,okning,okning,okning,False,True,True
0183,2022,A,senare_ar,minskning,okning,okning,True,False,False
0183,2023,A,senare_ar,okning,okning,okning,False,True,True
0183,2024,A,senare_ar,okning,okning,okning,False,True,True
0183,2025,A,senare_ar,minskning,okning,okning,False,False,False
0184,2020,A,senare_ar,minskning,okning,okning,False,False,False
0184,2021,A,senare_ar,minskning,okning,okning,False,False,False
0184,2022,A,senare_ar,minskning,okning,okning,True,False,False
0184,2023,A,senare_ar,oforandrat,okning,okning,False,False,False
0184,2024,A,senare_ar,minskning,okning,okning,False,False,False
0184,2025,A,senare_ar,okning,okning,okning,False,True,True
0186,2020,A,senare_ar,minskning,okning,okning,False,False,False
0186,2021,A,senare_ar,okning,okning,okning,False,True,True
0186,2022,A,senare_ar,minskning,okning,okning,True,False,False
0186,2023,A,senare_ar,minskning,okning,okning,False,False,False
0186,2024,A,senare_ar,minskning,okning,okning,False,False,False
0186,2025,A,senare_ar,okning,okning,okning,False,True,True
0187,2020,A,senare_ar,okning,okning,okning,False,True,True
0187,2021,A,senare_ar,oforandrat,okning,okning,False,False,False
0187,2022,A,senare_ar,okning,okning,okning,True,True,True
0187,2023,A,senare_ar,minskning,okning,okning,False,False,False
0187,2024,A,senare_ar,minskning,okning,okning,False,False,False
0187,2025,A,senare_ar,okning,okning,okning,False,True,True
0191,2020,A,senare_ar,minskning,okning,okning,False,False,False
0191,2021,A,senare_ar,okning,okning,okning,False,True,True
0191,2022,A,senare_ar,minskning,okning,okning,True,False,False
0191,2023,A,senare_ar,minskning,okning,okning,False,False,False
0191,2024,A,senare_ar,minskning,okning,okning,False,False,False
0191,2025,A,senare_ar,okning,okning,okning,False,True,True
0192,2020,A,senare_ar,oforandrat,okning,okning,False,False,False
0192,2021,A,senare_ar,minskning,okning,okning,False,False,False
0192,2022,A,senare_ar,minskning,okning,okning,True,False,False
0192,2023,A,senare_ar,okning,okning,okning,False,True,True
0192,2024,A,senare_ar,minskning,okning,okning,False,False,False
0192,2025,A,senare_ar,minskning,okning,okning,False,False,False
0305,2020,A,senare_ar,minskning,okning,okning,False,False,False
0305,2021,A,senare_ar,minskning,okning,okning,False,False,False
0305,2022,A,senare_ar,okning,okning,okning,True,True,True
0305,2023,A,senare_ar,minskning,okning,okning,False,False,False
0305,2024,A,senare_ar,minskning,okning,okning,False,False,False
0305,2025,A,senare_ar,minskning,okning,okning,False,False,False
1230,2020,A,senare_ar,minskning,okning,okning,False,False,False
1230,2021,A,senare_ar,minskning,okning,okning,False,False,False
1230,2022,A,senare_ar,minskning,okning,okning,True,False,False
1230,2023,A,senare_ar,okning,okning,okning,False,True,True
1230,2024,A,senare_ar,oforandrat,okning,okning,False,False,False
1230,2025,A,senare_ar,okning,okning,okning,False,True,True
1231,2020,A,senare_ar,minskning,okning,okning,False,False,False
1231,2021,A,senare_ar,minskning,okning,okning,False,False,False
1231,2022,A,senare_ar,minskning,okning,okning,True,False,False
1231,2023,A,senare_ar,minskning,okning,okning,False,False,False
1231,2024,A,senare_ar,okning,okning,okning,False,True,True
1231,2025,A,senare_ar,minskning,okning,okning,False,False,False
1233,2020,A,senare_ar,minskning,okning,okning,False,False,False
1233,2021,A,senare_ar,okning,okning,okning,False,True,True
1233,2022,A,senare_ar,okning,okning,okning,True,True,True
1233,2023,A,senare_ar,minskning,okning,okning,False,False,False
1233,2024,A,senare_ar,okning,okning,okning,False,True,True
1233,2025,A,senare_ar,minskning,okning,okning,False,False,False
1261,2020,A,senare_ar,okning,okning,okning,False,True,True
1261,2021,A,senare_ar,minskning,okning,okning,False,False,False
1261,2022,A,senare_ar,oforandrat,okning,okning,True,False,False
1261,2023,A,senare_ar,minskning,okning,okning,False,False,False
1261,2024,A,senare_ar,okning,okning,okning,False,True,True
1261,2025,A,senare_ar,okning,okning,okning,False,True,True
1262,2020,A,senare_ar,minskning,okning,okning,False,False,False
1262,2021,A,senare_ar,minskning,okning,okning,False,False,False
1262,2022,A,senare_ar,okning,okning,okning,True,True,True
1262,2023,A,senare_ar,minskning,okning,okning,False,False,False
1262,2024,A,senare_ar,minskning,okning,okning,False,False,False
1262,2025,A,senare_ar,okning,okning,okning,False,True,True
1263,2020,A,senare_ar,minskning,okning,okning,False,False,False
1263,2021,A,senare_ar,okning,okning,okning,False,True,True
1263,2022,A,senare_ar,okning,okning,okning,True,True,True
1263,2023,A,senare_ar,minskning,okning,okning,False,False,False
1263,2024,A,senare_ar,okning,okning,okning,False,True,True
1263,2025,A,senare_ar,okning,okning,okning,False,True,True
1264,2020,A,senare_ar,okning,okning,okning,False,True,True
1264,2021,A,senare_ar,minskning,okning,okning,False,False,False
1264,2022,A,senare_ar,minskning,okning,okning,True,False,False
1264,2023,A,senare_ar,minskning,okning,okning,False,False,False
1264,2024,A,senare_ar,minskning,okning,okning,False,False,False
1264,2025,A,senare_ar,okning,okning,okning,False,True,True
1280,2020,A,senare_ar,minskning,okning,okning,False,False,False
1280,2021,A,senare_ar,minskning,okning,okning,False,False,False
1280,2022,A,senare_ar,minskning,okning,okning,True,False,False
1280,2023,A,senare_ar,minskning,okning,okning,False,False,False
1280,2024,A,senare_ar,minskning,okning,okning,False,False,False
1280,2025,A,senare_ar,minskning,okning,okning,False,False,False
1287,2020,A,senare_ar,okning,okning,okning,False,True,True
1287,2021,A,senare_ar,okning,okning,okning,False,True,True
1287,2022,A,senare_ar,minskning,okning,okning,True,False,False
1287,2023,A,senare_ar,minskning,okning,okning,False,False,False
1287,2024,A,senare_ar,okning,okning,okning,False,True,True
1287,2025,A,senare_ar,minskning,okning,okning,False,False,False
1384,2020,A,senare_ar,minskning,okning,okning,False,False,False
1384,2021,A,senare_ar,okning,okning,okning,False,True,True
1384,2022,A,senare_ar,minskning,okning,okning,True,False,False
1384,2023,A,senare_ar,minskning,okning,okning,False,False,False
1384,2024,A,senare_ar,oforandrat,okning,okning,False,False,False
1384,2025,A,senare_ar,minskning,okning,okning,False,False,False
1401,2020,A,senare_ar,minskning,okning,okning,False,False,False
1401,2021,A,senare_ar,okning,okning,okning,False,True,True
1401,2022,A,senare_ar,minskning,okning,okning,True,False,False
1401,2023,A,senare_ar,minskning,okning,okning,False,False,False
1401,2024,A,senare_ar,minskning,okning,okning,False,False,False
1401,2025,A,senare_ar,minskning,okning,okning,False,False,False
1402,2020,A,senare_ar,minskning,okning,okning,False,False,False
1402,2021,A,senare_ar,minskning,okning,okning,False,False,False
1402,2022,A,senare_ar,minskning,okning,okning,True,False,False
1402,2023,A,senare_ar,okning,okning,okning,False,True,True
1402,2024,A,senare_ar,minskning,okning,okning,False,False,False
1402,2025,A,senare_ar,okning,okning,okning,False,True,True
1407,2020,A,senare_ar,minskning,okning,okning,False,False,False
1407,2021,A,senare_ar,minskning,okning,okning,False,False,False
1407,2022,A,senare_ar,minskning,okning,okning,True,False,False
1407,2023,A,senare_ar,okning,okning,okning,False,True,True
1407,2024,A,senare_ar,okning,okning,okning,False,True,True
1407,2025,A,senare_ar,okning,okning,okning,False,True,True
1415,2020,A,senare_ar,okning,okning,okning,False,True,True
1415,2021,A,senare_ar,minskning,okning,okning,False,False,False
1415,2022,A,senare_ar,minskning,okning,okning,True,False,False
1415,2023,A,senare_ar,minskning,okning,okning,False,False,False
1415,2024,A,senare_ar,minskning,okning,okning,False,False,False
1415,2025,A,senare_ar,minskning,okning,okning,False,False,False
1440,2020,A,senare_ar,okning,okning,okning,False,True,True
1440,2021,A,senare_ar,okning,okning,okning,False,True,True
1440,2022,A,senare_ar,minskning,okning,okning,True,False,False
1440,2023,A,senare_ar,minskning,okning,okning,False,False,False
1440,2024,A,senare_ar,okning,okning,okning,False,True,True
1440,2025,A,senare_ar,minskning,okning,okning,False,False,False
1441,2020,A,senare_ar,okning,okning,okning,False,True,True
1441,2021,A,senare_ar,minskning,okning,okning,False,False,False
1441,2022,A,senare_ar,minskning,okning,okning,True,False,False
1441,2023,A,senare_ar,okning,okning,okning,False,True,True
1441,2024,A,senare_ar,minskning,okning,okning,False,False,False
1441,2025,A,senare_ar,okning,okning,okning,False,True,True
1443,2020,A,senare_ar,minskning,okning,okning,False,False,False
1443,2021,A,senare_ar,okning,okning,okning,False,True,True
1443,2022,A,senare_ar,minskning,okning,okning,True,False,False
1443,2023,A,senare_ar,okning,okning,okning,False,True,True
1443,2024,A,senare_ar,minskning,okning,okning,False,False,False
1443,2025,A,senare_ar,okning,okning,okning,False,True,True
1462,2020,A,senare_ar,okning,okning,okning,False,True,True
1462,2021,A,senare_ar,minskning,okning,okning,False,False,False
1462,2022,A,senare_ar,okning,okning,okning,True,True,True
1462,2023,A,senare_ar,minskning,okning,okning,False,False,False
1462,2024,A,senare_ar,minskning,okning,okning,False,False,False
1462,2025,A,senare_ar,minskning,okning,okning,False,False,False
1480,2020,A,senare_ar,minskning,okning,okning,False,False,False
1480,2021,A,senare_ar,okning,okning,okning,False,True,True
1480,2022,A,senare_ar,minskning,okning,okning,True,False,False
1480,2023,A,senare_ar,minskning,okning,okning,False,False,False
1480,2024,A,senare_ar,minskning,okning,okning,False,False,False
1480,2025,A,senare_ar,okning,okning,okning,False,True,True
1481,2020,A,senare_ar,okning,okning,okning,False,True,True
1481,2021,A,senare_ar,minskning,okning,okning,False,False,False
1481,2022,A,senare_ar,minskning,okning,okning,True,False,False
1481,2023,A,senare_ar,okning,okning,okning,False,True,True
1481,2024,A,senare_ar,minskning,okning,okning,False,False,False
1481,2025,A,senare_ar,okning,okning,okning,False,True,True
1482,2020,A,senare_ar,okning,okning,okning,False,True,True
1482,2021,A,senare_ar,minskning,okning,okning,False,False,False
1482,2022,A,senare_ar,minskning,okning,okning,True,False,False
1482,2023,A,senare_ar,minskning,okning,okning,False,False,False
1482,2024,A,senare_ar,okning,okning,okning,False,True,True
1482,2025,A,senare_ar,okning,okning,okning,False,True,True
1489,2020,A,senare_ar,okning,okning,okning,False,True,True
1489,2021,A,senare_ar,minskning,okning,okning,False,False,False
1489,2022,A,senare_ar,minskning,okning,okning,True,False,False
1489,2023,A,senare_ar,minskning,okning,okning,False,False,False
1489,2024,A,senare_ar,okning,okning,okning,False,True,True
1489,2025,A,senare_ar,minskning,okning,okning,False,False,False
0140,2016,B,validering,okning,okning,okning,False,True,True
0140,2017,B,validering,minskning,okning,okning,False,False,False
0140,2018,B,validering,okning,okning,okning,False,True,True
0140,2019,B,validering,minskning,okning,okning,False,False,False
0181,2016,B,validering,minskning,okning,okning,False,False,False
0181,2017,B,validering,minskning,okning,okning,False,False,False
0181,2018,B,validering,minskning,okning,okning,False,False,False
0181,2019,B,validering,minskning,okning,okning,False,False,False
0319,2016,B,validering,minskning,okning,okning,False,False,False
0319,2017,B,validering,okning,okning,okning,False,True,True
0319,2018,B,validering,minskning,okning,okning,False,False,False
0319,2019,B,validering,minskning,okning,okning,False,False,False
0330,2016,B,validering,okning,okning,okning,False,True,True
0330,2017,B,validering,minskning,okning,okning,False,False,False
0330,2018,B,validering,minskning,okning,okning,False,False,False
0330,2019,B,validering,minskning,okning,okning,False,False,False
0331,2016,B,validering,minskning,okning,okning,False,False,False
0331,2017,B,validering,okning,okning,okning,False,True,True
0331,2018,B,validering,minskning,okning,okning,False,False,False
0331,2019,B,validering,okning,okning,okning,False,True,True
0360,2016,B,validering,minskning,okning,okning,False,False,False
0360,2017,B,validering,minskning,okning,okning,False,False,False
0360,2018,B,validering,oforandrat,okning,okning,False,False,False
0360,2019,B,validering,okning,okning,okning,False,True,True
0380,2016,B,validering,minskning,okning,okning,False,False,False
0380,2017,B,validering,minskning,okning,okning,False,False,False
0380,2018,B,validering,okning,okning,okning,False,True,True
0380,2019,B,validering,minskning,okning,okning,False,False,False
0381,2016,B,validering,okning,okning,okning,False,True,True
0381,2017,B,validering,minskning,okning,okning,False,False,False
0381,2018,B,validering,minskning,okning,okning,False,False,False
0381,2019,B,validering,okning,okning,okning,False,True,True
0382,2016,B,validering,minskning,okning,okning,False,False,False
0382,2017,B,validering,minskning,okning,okning,False,False,False
0382,2018,B,validering,minskning,okning,okning,False,False,False
0382,2019,B,validering,okning,okning,okning,False,True,True
0461,2016,B,validering,oforandrat,okning,okning,False,False,False
0461,2017,B,validering,minskning,okning,okning,False,False,False
0461,2018,B,validering,okning,okning,okning,False,True,True
0461,2019,B,validering,oforandrat,okning,okning,False,False,False
0484,2016,B,validering,okning,okning,okning,False,True,True
0484,2017,B,validering,minskning,okning,okning,False,False,False
0484,2018,B,validering,okning,okning,okning,False,True,True
0484,2019,B,validering,minskning,okning,okning,False,False,False
0486,2016,B,validering,oforandrat,okning,okning,False,False,False
0486,2017,B,validering,okning,okning,okning,False,True,True
0486,2018,B,validering,minskning,okning,okning,False,False,False
0486,2019,B,validering,oforandrat,okning,okning,False,False,False
0488,2016,B,validering,minskning,okning,okning,False,False,False
0488,2017,B,validering,okning,okning,okning,False,True,True
0488,2018,B,validering,minskning,okning,okning,False,False,False
0488,2019,B,validering,minskning,okning,okning,False,False,False
0513,2016,B,validering,okning,okning,okning,False,True,True
0513,2017,B,validering,minskning,okning,okning,False,False,False
0513,2018,B,validering,okning,okning,okning,False,True,True
0513,2019,B,validering,okning,okning,okning,False,True,True
0561,2016,B,validering,okning,okning,okning,False,True,True
0561,2017,B,validering,minskning,okning,okning,False,False,False
0561,2018,B,validering,okning,okning,okning,False,True,True
0561,2019,B,validering,minskning,okning,okning,False,False,False
0562,2016,B,validering,minskning,okning,okning,False,False,False
0562,2017,B,validering,minskning,okning,okning,False,False,False
0562,2018,B,validering,okning,okning,okning,False,True,True
0562,2019,B,validering,minskning,okning,okning,False,False,False
0563,2016,B,validering,okning,okning,okning,False,True,True
0563,2017,B,validering,okning,okning,okning,False,True,True
0563,2018,B,validering,minskning,okning,okning,False,False,False
0563,2019,B,validering,minskning,okning,okning,False,False,False
0580,2016,B,validering,minskning,okning,okning,False,False,False
0580,2017,B,validering,minskning,okning,okning,False,False,False
0580,2018,B,validering,minskning,okning,okning,False,False,False
0580,2019,B,validering,okning,okning,okning,False,True,True
0581,2016,B,validering,minskning,okning,okning,False,False,False
0581,2017,B,validering,minskning,okning,okning,False,False,False
0581,2018,B,validering,minskning,okning,okning,False,False,False
0581,2019,B,validering,oforandrat,okning,okning,False,False,False
0582,2016,B,validering,okning,okning,okning,False,True,True
0582,2017,B,validering,minskning,okning,okning,False,False,False
0582,2018,B,validering,okning,okning,okning,False,True,True
0582,2019,B,validering,minskning,okning,okning,False,False,False
0583,2016,B,validering,minskning,okning,okning,False,False,False
0583,2017,B,validering,okning,okning,okning,False,True,True
0583,2018,B,validering,minskning,okning,okning,False,False,False
0583,2019,B,validering,minskning,okning,okning,False,False,False
0586,2016,B,validering,minskning,okning,okning,False,False,False
0586,2017,B,validering,okning,okning,okning,False,True,True
0586,2018,B,validering,minskning,okning,okning,False,False,False
0586,2019,B,validering,okning,okning,okning,False,True,True
0604,2016,B,validering,okning,okning,okning,False,True,True
0604,2017,B,validering,okning,okning,okning,False,True,True
0604,2018,B,validering,minskning,okning,okning,False,False,False
0604,2019,B,validering,okning,okning,okning,False,True,True
0642,2016,B,validering,okning,okning,okning,False,True,True
0642,2017,B,validering,minskning,okning,okning,False,False,False
0642,2018,B,validering,okning,okning,okning,False,True,True
0642,2019,B,validering,minskning,okning,okning,False,False,False
0643,2016,B,validering,okning,okning,okning,False,True,True
0643,2017,B,validering,okning,okning,okning,False,True,True
0643,2018,B,validering,minskning,okning,okning,False,False,False
0643,2019,B,validering,okning,okning,okning,False,True,True
0665,2016,B,validering,okning,okning,okning,False,True,True
0665,2017,B,validering,minskning,okning,okning,False,False,False
0665,2018,B,validering,okning,okning,okning,False,True,True
0665,2019,B,validering,minskning,okning,okning,False,False,False
0680,2016,B,validering,okning,okning,okning,False,True,True
0680,2017,B,validering,minskning,okning,okning,False,False,False
0680,2018,B,validering,okning,okning,okning,False,True,True
0680,2019,B,validering,minskning,okning,okning,False,False,False
0682,2016,B,validering,minskning,okning,okning,False,False,False
0682,2017,B,validering,okning,okning,okning,False,True,True
0682,2018,B,validering,minskning,okning,okning,False,False,False
0682,2019,B,validering,minskning,okning,okning,False,False,False
0760,2016,B,validering,okning,okning,okning,False,True,True
0760,2017,B,validering,minskning,okning,okning,False,False,False
0760,2018,B,validering,okning,okning,okning,False,True,True
0760,2019,B,validering,minskning,okning,okning,False,False,False
0761,2016,B,validering,okning,okning,okning,False,True,True
0761,2017,B,validering,minskning,okning,okning,False,False,False
0761,2018,B,validering,minskning,okning,okning,False,False,False
0761,2019,B,validering,minskning,okning,okning,False,False,False
0763,2016,B,validering,okning,okning,okning,False,True,True
0763,2017,B,validering,minskning,okning,okning,False,False,False
0763,2018,B,validering,okning,okning,okning,False,True,True
0763,2019,B,validering,minskning,okning,okning,False,False,False
0764,2016,B,validering,okning,okning,okning,False,True,True
0764,2017,B,validering,minskning,okning,okning,False,False,False
0764,2018,B,validering,minskning,okning,okning,False,False,False
0764,2019,B,validering,oforandrat,okning,okning,False,False,False
0780,2016,B,validering,okning,okning,okning,False,True,True
0780,2017,B,validering,minskning,okning,okning,False,False,False
0780,2018,B,validering,okning,okning,okning,False,True,True
0780,2019,B,validering,oforandrat,okning,okning,False,False,False
0834,2016,B,validering,minskning,okning,okning,False,False,False
0834,2017,B,validering,okning,okning,okning,False,True,True
0834,2018,B,validering,minskning,okning,okning,False,False,False
0834,2019,B,validering,okning,okning,okning,False,True,True
0840,2016,B,validering,minskning,okning,okning,False,False,False
0840,2017,B,validering,okning,okning,okning,False,True,True
0840,2018,B,validering,minskning,okning,okning,False,False,False
0840,2019,B,validering,minskning,okning,okning,False,False,False
0880,2016,B,validering,minskning,okning,okning,False,False,False
0880,2017,B,validering,minskning,okning,okning,False,False,False
0880,2018,B,validering,minskning,okning,okning,False,False,False
0880,2019,B,validering,okning,okning,okning,False,True,True
0881,2016,B,validering,okning,okning,okning,False,True,True
0881,2017,B,validering,okning,okning,okning,False,True,True
0881,2018,B,validering,minskning,okning,okning,False,False,False
0881,2019,B,validering,minskning,okning,okning,False,False,False
1083,2016,B,validering,minskning,okning,okning,False,False,False
1083,2017,B,validering,minskning,okning,okning,False,False,False
1083,2018,B,validering,okning,okning,okning,False,True,True
1083,2019,B,validering,minskning,okning,okning,False,False,False
1214,2016,B,validering,okning,okning,okning,False,True,True
1214,2017,B,validering,minskning,okning,okning,False,False,False
1214,2018,B,validering,okning,okning,okning,False,True,True
1214,2019,B,validering,minskning,okning,okning,False,False,False
1256,2016,B,validering,minskning,okning,okning,False,False,False
1256,2017,B,validering,okning,okning,okning,False,True,True
1256,2018,B,validering,okning,okning,okning,False,True,True
1256,2019,B,validering,minskning,okning,okning,False,False,False
1257,2016,B,validering,minskning,okning,okning,False,False,False
1257,2017,B,validering,okning,okning,okning,False,True,True
1257,2018,B,validering,minskning,okning,okning,False,False,False
1257,2019,B,validering,okning,okning,okning,False,True,True
1260,2016,B,validering,okning,okning,okning,False,True,True
1260,2017,B,validering,minskning,okning,okning,False,False,False
1260,2018,B,validering,okning,okning,okning,False,True,True
1260,2019,B,validering,minskning,okning,okning,False,False,False
1265,2016,B,validering,okning,okning,okning,False,True,True
1265,2017,B,validering,minskning,okning,okning,False,False,False
1265,2018,B,validering,okning,okning,okning,False,True,True
1265,2019,B,validering,okning,okning,okning,False,True,True
1266,2016,B,validering,okning,okning,okning,False,True,True
1266,2017,B,validering,okning,okning,okning,False,True,True
1266,2018,B,validering,minskning,okning,okning,False,False,False
1266,2019,B,validering,okning,okning,okning,False,True,True
1272,2016,B,validering,okning,okning,okning,False,True,True
1272,2017,B,validering,minskning,okning,okning,False,False,False
1272,2018,B,validering,minskning,okning,okning,False,False,False
1272,2019,B,validering,okning,okning,okning,False,True,True
1275,2016,B,validering,minskning,okning,okning,False,False,False
1275,2017,B,validering,okning,okning,okning,False,True,True
1275,2018,B,validering,okning,okning,okning,False,True,True
1275,2019,B,validering,minskning,okning,okning,False,False,False
1276,2016,B,validering,okning,okning,okning,False,True,True
1276,2017,B,validering,minskning,okning,okning,False,False,False
1276,2018,B,validering,okning,okning,okning,False,True,True
1276,2019,B,validering,okning,okning,okning,False,True,True
1277,2016,B,validering,minskning,okning,okning,False,False,False
1277,2017,B,validering,minskning,okning,okning,False,False,False
1277,2018,B,validering,okning,okning,okning,False,True,True
1277,2019,B,validering,minskning,okning,okning,False,False,False
1281,2016,B,validering,okning,okning,okning,False,True,True
1281,2017,B,validering,minskning,okning,okning,False,False,False
1281,2018,B,validering,okning,okning,okning,False,True,True
1281,2019,B,validering,minskning,okning,okning,False,False,False
1282,2016,B,validering,minskning,okning,okning,False,False,False
1282,2017,B,validering,okning,okning,okning,False,True,True
1282,2018,B,validering,minskning,okning,okning,False,False,False
1282,2019,B,validering,okning,okning,okning,False,True,True
1283,2016,B,validering,minskning,okning,okning,False,False,False
1283,2017,B,validering,okning,okning,okning,False,True,True
1283,2018,B,validering,minskning,okning,okning,False,False,False
1283,2019,B,validering,minskning,okning,okning,False,False,False
1284,2016,B,validering,okning,okning,okning,False,True,True
1284,2017,B,validering,minskning,okning,okning,False,False,False
1284,2018,B,validering,okning,okning,okning,False,True,True
1284,2019,B,validering,okning,okning,okning,False,True,True
1285,2016,B,validering,minskning,okning,okning,False,False,False
1285,2017,B,validering,minskning,okning,okning,False,False,False
1285,2018,B,validering,okning,okning,okning,False,True,True
1285,2019,B,validering,minskning,okning,okning,False,False,False
1290,2016,B,validering,minskning,okning,okning,False,False,False
1290,2017,B,validering,minskning,okning,okning,False,False,False
1290,2018,B,validering,minskning,okning,okning,False,False,False
1290,2019,B,validering,minskning,okning,okning,False,False,False
1292,2016,B,validering,okning,okning,okning,False,True,True
1292,2017,B,validering,minskning,okning,okning,False,False,False
1292,2018,B,validering,okning,okning,okning,False,True,True
1292,2019,B,validering,minskning,okning,okning,False,False,False
1293,2016,B,validering,minskning,okning,okning,False,False,False
1293,2017,B,validering,minskning,okning,okning,False,False,False
1293,2018,B,validering,oforandrat,okning,okning,False,False,False
1293,2019,B,validering,okning,okning,okning,False,True,True
1315,2016,B,validering,okning,okning,okning,False,True,True
1315,2017,B,validering,minskning,okning,okning,False,False,False
1315,2018,B,validering,okning,okning,okning,False,True,True
1315,2019,B,validering,minskning,okning,okning,False,False,False
1380,2016,B,validering,okning,okning,okning,False,True,True
1380,2017,B,validering,minskning,okning,okning,False,False,False
1380,2018,B,validering,minskning,okning,okning,False,False,False
1380,2019,B,validering,minskning,okning,okning,False,False,False
1381,2016,B,validering,okning,okning,okning,False,True,True
1381,2017,B,validering,minskning,okning,okning,False,False,False
1381,2018,B,validering,oforandrat,okning,okning,False,False,False
1381,2019,B,validering,okning,okning,okning,False,True,True
1444,2016,B,validering,okning,okning,okning,False,True,True
1444,2017,B,validering,minskning,okning,okning,False,False,False
1444,2018,B,validering,minskning,okning,okning,False,False,False
1444,2019,B,validering,okning,okning,okning,False,True,True
1452,2016,B,validering,minskning,okning,okning,False,False,False
1452,2017,B,validering,minskning,okning,okning,False,False,False
1452,2018,B,validering,okning,okning,okning,False,True,True
1452,2019,B,validering,minskning,okning,okning,False,False,False
1463,2016,B,validering,minskning,okning,okning,False,False,False
1463,2017,B,validering,okning,okning,okning,False,True,True
1463,2018,B,validering,minskning,okning,okning,False,False,False
1463,2019,B,validering,minskning,okning,okning,False,False,False
1465,2016,B,validering,minskning,okning,okning,False,False,False
1465,2017,B,validering,okning,okning,okning,False,True,True
1465,2018,B,validering,minskning,okning,okning,False,False,False
1465,2019,B,validering,minskning,okning,okning,False,False,False
1466,2016,B,validering,okning,okning,okning,False,True,True
1466,2017,B,validering,minskning,okning,okning,False,False,False
1466,2018,B,validering,minskning,okning,okning,False,False,False
1466,2019,B,validering,okning,okning,okning,False,True,True
1485,2016,B,validering,oforandrat,okning,okning,False,False,False
1485,2017,B,validering,okning,okning,okning,False,True,True
1485,2018,B,validering,minskning,okning,okning,False,False,False
1485,2019,B,validering,okning,okning,okning,False,True,True
1487,2016,B,validering,minskning,okning,okning,False,False,False
1487,2017,B,validering,okning,okning,okning,False,True,True
1487,2018,B,validering,okning,okning,okning,False,True,True
1487,2019,B,validering,minskning,okning,okning,False,False,False
1488,2016,B,validering,okning,okning,okning,False,True,True
1488,2017,B,validering,minskning,okning,okning,False,False,False
1488,2018,B,validering,minskning,okning,okning,False,False,False
1488,2019,B,validering,minskning,okning,okning,False,False,False
1490,2016,B,validering,okning,okning,okning,False,True,True
1490,2017,B,validering,minskning,okning,okning,False,False,False
1490,2018,B,validering,okning,okning,okning,False,True,True
1490,2019,B,validering,minskning,okning,okning,False,False,False
1491,2016,B,validering,okning,okning,okning,False,True,True
1491,2017,B,validering,minskning,okning,okning,False,False,False
1491,2018,B,validering,minskning,okning,okning,False,False,False
1491,2019,B,validering,okning,okning,okning,False,True,True
1715,2016,B,validering,minskning,okning,okning,False,False,False
1715,2017,B,validering,okning,okning,okning,False,True,True
1715,2018,B,validering,okning,okning,okning,False,True,True
1715,2019,B,validering,minskning,okning,okning,False,False,False
1761,2016,B,validering,okning,okning,okning,False,True,True
1761,2017,B,validering,okning,okning,okning,False,True,True
1761,2018,B,validering,minskning,okning,okning,False,False,False
1761,2019,B,validering,okning,okning,okning,False,True,True
1763,2016,B,validering,okning,okning,okning,False,True,True
1763,2017,B,validering,minskning,okning,okning,False,False,False
1763,2018,B,validering,okning,okning,okning,False,True,True
1763,2019,B,validering,minskning,okning,okning,False,False,False
1764,2016,B,validering,okning,okning,okning,False,True,True
1764,2017,B,validering,minskning,okning,okning,False,False,False
1764,2018,B,validering,okning,okning,okning,False,True,True
1764,2019,B,validering,minskning,okning,okning,False,False,False
1780,2016,B,validering,minskning,okning,okning,False,False,False
1780,2017,B,validering,okning,okning,okning,False,True,True
1780,2018,B,validering,minskning,okning,okning,False,False,False
1780,2019,B,validering,minskning,okning,okning,False,False,False
1781,2016,B,validering,minskning,okning,okning,False,False,False
1781,2017,B,validering,okning,okning,okning,False,True,True
1781,2018,B,validering,minskning,okning,okning,False,False,False
1781,2019,B,validering,okning,okning,okning,False,True,True
1814,2016,B,validering,minskning,okning,okning,False,False,False
1814,2017,B,validering,okning,okning,okning,False,True,True
1814,2018,B,validering,okning,okning,okning,False,True,True
1814,2019,B,validering,minskning,okning,okning,False,False,False
1860,2016,B,validering,minskning,okning,okning,False,False,False
1860,2017,B,validering,minskning,okning,okning,False,False,False
1860,2018,B,validering,okning,okning,okning,False,True,True
1860,2019,B,validering,okning,okning,okning,False,True,True
1861,2016,B,validering,minskning,okning,okning,False,False,False
1861,2017,B,validering,minskning,okning,okning,False,False,False
1861,2018,B,validering,okning,okning,okning,False,True,True
1861,2019,B,validering,okning,okning,okning,False,True,True
1880,2016,B,validering,minskning,okning,okning,False,False,False
1880,2017,B,validering,minskning,okning,okning,False,False,False
1880,2018,B,validering,okning,okning,okning,False,True,True
1880,2019,B,validering,minskning,okning,okning,False,False,False
1881,2016,B,validering,minskning,okning,okning,False,False,False
1881,2017,B,validering,okning,okning,okning,False,True,True
1881,2018,B,validering,minskning,okning,okning,False,False,False
1881,2019,B,validering,minskning,okning,okning,False,False,False
1882,2016,B,validering,okning,okning,okning,False,True,True
1882,2017,B,validering,minskning,okning,okning,False,False,False
1882,2018,B,validering,okning,okning,okning,False,True,True
1882,2019,B,validering,okning,okning,okning,False,True,True
1884,2016,B,validering,okning,okning,okning,False,True,True
1884,2017,B,validering,okning,okning,okning,False,True,True
1884,2018,B,validering,minskning,okning,okning,False,False,False
1884,2019,B,validering,okning,okning,okning,False,True,True
1885,2016,B,validering,okning,okning,okning,False,True,True
1885,2017,B,validering,minskning,okning,okning,False,False,False
1885,2018,B,validering,okning,okning,okning,False,True,True
1885,2019,B,validering,minskning,okning,okning,False,False,False
1907,2016,B,validering,okning,okning,okning,False,True,True
1907,2017,B,validering,minskning,okning,okning,False,False,False
1907,2018,B,validering,minskning,okning,okning,False,False,False
1907,2019,B,validering,okning,okning,okning,False,True,True
1961,2016,B,validering,okning,okning,okning,False,True,True
1961,2017,B,validering,okning,okning,okning,False,True,True
1961,2018,B,validering,minskning,okning,okning,False,False,False
1961,2019,B,validering,minskning,okning,okning,False,False,False
1980,2016,B,validering,minskning,okning,okning,False,False,False
1980,2017,B,validering,minskning,okning,okning,False,False,False
1980,2018,B,validering,minskning,okning,okning,False,False,False
1980,2019,B,validering,minskning,okning,okning,False,False,False
1981,2016,B,validering,okning,okning,okning,False,True,True
1981,2017,B,validering,okning,okning,okning,False,True,True
1981,2018,B,validering,minskning,okning,okning,False,False,False
1981,2019,B,validering,minskning,okning,okning,False,False,False
1983,2016,B,validering,okning,okning,okning,False,True,True
1983,2017,B,validering,minskning,okning,okning,False,False,False
1983,2018,B,validering,minskning,okning,okning,False,False,False
1983,2019,B,validering,okning,okning,okning,False,True,True
2026,2016,B,validering,minskning,okning,okning,False,False,False
2026,2017,B,validering,okning,okning,okning,False,True,True
2026,2018,B,validering,minskning,okning,okning,False,False,False
2026,2019,B,validering,okning,okning,okning,False,True,True
2081,2016,B,validering,okning,okning,okning,False,True,True
2081,2017,B,validering,minskning,okning,okning,False,False,False
2081,2018,B,validering,okning,okning,okning,False,True,True
2081,2019,B,validering,minskning,okning,okning,False,False,False
2082,2016,B,validering,okning,okning,okning,False,True,True
2082,2017,B,validering,minskning,okning,okning,False,False,False
2082,2018,B,validering,minskning,okning,okning,False,False,False
2082,2019,B,validering,minskning,okning,okning,False,False,False
2101,2016,B,validering,minskning,okning,okning,False,False,False
2101,2017,B,validering,okning,okning,okning,False,True,True
2101,2018,B,validering,okning,okning,okning,False,True,True
2101,2019,B,validering,okning,okning,okning,False,True,True
2180,2016,B,validering,minskning,okning,okning,False,False,False
2180,2017,B,validering,okning,okning,okning,False,True,True
2180,2018,B,validering,okning,okning,okning,False,True,True
2180,2019,B,validering,minskning,okning,okning,False,False,False
2181,2016,B,validering,okning,okning,okning,False,True,True
2181,2017,B,validering,minskning,okning,okning,False,False,False
2181,2018,B,validering,okning,okning,okning,False,True,True
2181,2019,B,validering,minskning,okning,okning,False,False,False
2262,2016,B,validering,okning,okning,okning,False,True,True
2262,2017,B,validering,minskning,okning,okning,False,False,False
2262,2018,B,validering,okning,okning,okning,False,True,True
2262,2019,B,validering,okning,okning,okning,False,True,True
2281,2016,B,validering,okning,okning,okning,False,True,True
2281,2017,B,validering,minskning,okning,okning,False,False,False
2281,2018,B,validering,okning,okning,okning,False,True,True
2281,2019,B,validering,minskning,okning,okning,False,False,False
2305,2016,B,validering,okning,okning,okning,False,True,True
2305,2017,B,validering,okning,okning,okning,False,True,True
2305,2018,B,validering,okning,okning,okning,False,True,True
2305,2019,B,validering,minskning,okning,okning,False,False,False
2309,2016,B,validering,minskning,okning,okning,False,False,False
2309,2017,B,validering,okning,okning,okning,False,True,True
2309,2018,B,validering,minskning,okning,okning,False,False,False
2309,2019,B,validering,minskning,okning,okning,False,False,False
2326,2016,B,validering,okning,okning,okning,False,True,True
2326,2017,B,validering,minskning,okning,okning,False,False,False
2326,2018,B,validering,minskning,okning,okning,False,False,False
2326,2019,B,validering,minskning,okning,okning,False,False,False
2380,2016,B,validering,minskning,okning,okning,False,False,False
2380,2017,B,validering,okning,okning,okning,False,True,True
2380,2018,B,validering,minskning,okning,okning,False,False,False
2380,2019,B,validering,minskning,okning,okning,False,False,False
2401,2016,B,validering,okning,okning,okning,False,True,True
2401,2017,B,validering,minskning,okning,okning,False,False,False
2401,2018,B,validering,minskning,okning,okning,False,False,False
2401,2019,B,validering,okning,okning,okning,False,True,True
2404,2016,B,validering,minskning,okning,okning,False,False,False
2404,2017,B,validering,minskning,okning,okning,False,False,False
2404,2018,B,validering,okning,okning,okning,False,True,True
2404,2019,B,validering,minskning,okning,okning,False,False,False
2409,2016,B,validering,okning,okning,okning,False,True,True
2409,2017,B,validering,minskning,okning,okning,False,False,False
2409,2018,B,validering,okning,okning,okning,False,True,True
2409,2019,B,validering,okning,okning,okning,False,True,True
2460,2016,B,validering,minskning,okning,okning,False,False,False
2460,2017,B,validering,okning,okning,okning,False,True,True
2460,2018,B,validering,minskning,okning,okning,False,False,False
2460,2019,B,validering,minskning,okning,okning,False,False,False
2480,2016,B,validering,oforandrat,okning,okning,False,False,False
2480,2017,B,validering,minskning,okning,okning,False,False,False
2480,2018,B,validering,minskning,okning,okning,False,False,False
2480,2019,B,validering,okning,okning,okning,False,True,True
2560,2016,B,validering,okning,okning,okning,False,True,True
2560,2017,B,validering,minskning,okning,okning,False,False,False
2560,2018,B,validering,okning,okning,okning,False,True,True
2560,2019,B,validering,okning,okning,okning,False,True,True
2580,2016,B,validering,okning,okning,okning,False,True,True
2580,2017,B,validering,minskning,okning,okning,False,False,False
2580,2018,B,validering,minskning,okning,okning,False,False,False
2580,2019,B,validering,oforandrat,okning,okning,False,False,False
2582,2016,B,validering,minskning,okning,okning,False,False,False
2582,2017,B,validering,minskning,okning,okning,False,False,False
2582,2018,B,validering,okning,okning,okning,False,True,True
2582,2019,B,validering,okning,okning,okning,False,True,True
0140,2020,B,senare_ar,minskning,okning,okning,False,False,False
0140,2021,B,senare_ar,okning,okning,okning,False,True,True
0140,2022,B,senare_ar,minskning,okning,okning,False,False,False
0140,2023,B,senare_ar,minskning,okning,okning,False,False,False
0140,2024,B,senare_ar,minskning,okning,okning,False,False,False
0140,2025,B,senare_ar,okning,okning,okning,False,True,True
0181,2020,B,senare_ar,okning,okning,okning,False,True,True
0181,2021,B,senare_ar,okning,okning,okning,False,True,True
0181,2022,B,senare_ar,minskning,okning,okning,False,False,False
0181,2023,B,senare_ar,okning,okning,okning,False,True,True
0181,2024,B,senare_ar,minskning,okning,okning,False,False,False
0181,2025,B,senare_ar,okning,okning,okning,False,True,True
0319,2020,B,senare_ar,okning,okning,okning,False,True,True
0319,2021,B,senare_ar,minskning,okning,okning,False,False,False
0319,2022,B,senare_ar,minskning,okning,okning,False,False,False
0319,2023,B,senare_ar,okning,okning,okning,False,True,True
0319,2024,B,senare_ar,minskning,okning,okning,False,False,False
0319,2025,B,senare_ar,okning,okning,okning,False,True,True
0330,2020,B,senare_ar,minskning,okning,okning,False,False,False
0330,2021,B,senare_ar,okning,okning,okning,False,True,True
0330,2022,B,senare_ar,okning,okning,okning,False,True,True
0330,2023,B,senare_ar,minskning,okning,okning,False,False,False
0330,2024,B,senare_ar,okning,okning,okning,False,True,True
0330,2025,B,senare_ar,minskning,okning,okning,False,False,False
0331,2020,B,senare_ar,minskning,okning,okning,False,False,False
0331,2021,B,senare_ar,okning,okning,okning,False,True,True
0331,2022,B,senare_ar,minskning,okning,okning,False,False,False
0331,2023,B,senare_ar,okning,okning,okning,False,True,True
0331,2024,B,senare_ar,minskning,okning,okning,False,False,False
0331,2025,B,senare_ar,okning,okning,okning,False,True,True
0360,2020,B,senare_ar,minskning,okning,okning,False,False,False
0360,2021,B,senare_ar,minskning,okning,okning,False,False,False
0360,2022,B,senare_ar,okning,okning,okning,False,True,True
0360,2023,B,senare_ar,minskning,okning,okning,False,False,False
0360,2024,B,senare_ar,okning,okning,okning,False,True,True
0360,2025,B,senare_ar,okning,okning,okning,False,True,True
0380,2020,B,senare_ar,minskning,okning,okning,False,False,False
0380,2021,B,senare_ar,okning,okning,okning,False,True,True
0380,2022,B,senare_ar,minskning,okning,okning,False,False,False
0380,2023,B,senare_ar,minskning,okning,okning,False,False,False
0380,2024,B,senare_ar,minskning,okning,okning,False,False,False
0380,2025,B,senare_ar,minskning,okning,okning,False,False,False
0381,2020,B,senare_ar,minskning,okning,okning,False,False,False
0381,2021,B,senare_ar,minskning,okning,okning,False,False,False
0381,2022,B,senare_ar,minskning,okning,okning,False,False,False
0381,2023,B,senare_ar,minskning,okning,okning,False,False,False
0381,2024,B,senare_ar,okning,okning,okning,False,True,True
0381,2025,B,senare_ar,minskning,okning,okning,False,False,False
0382,2020,B,senare_ar,minskning,okning,okning,False,False,False
0382,2021,B,senare_ar,okning,okning,okning,False,True,True
0382,2022,B,senare_ar,okning,okning,okning,False,True,True
0382,2023,B,senare_ar,minskning,okning,okning,False,False,False
0382,2024,B,senare_ar,okning,okning,okning,False,True,True
0382,2025,B,senare_ar,minskning,okning,okning,False,False,False
0461,2020,B,senare_ar,minskning,okning,okning,False,False,False
0461,2021,B,senare_ar,okning,okning,okning,False,True,True
0461,2022,B,senare_ar,minskning,okning,okning,False,False,False
0461,2023,B,senare_ar,minskning,okning,okning,False,False,False
0461,2024,B,senare_ar,okning,okning,okning,False,True,True
0461,2025,B,senare_ar,minskning,okning,okning,False,False,False
0484,2020,B,senare_ar,minskning,okning,okning,False,False,False
0484,2021,B,senare_ar,minskning,okning,okning,False,False,False
0484,2022,B,senare_ar,minskning,okning,okning,False,False,False
0484,2023,B,senare_ar,minskning,okning,okning,False,False,False
0484,2024,B,senare_ar,oforandrat,okning,okning,False,False,False
0484,2025,B,senare_ar,okning,okning,okning,False,True,True
0486,2020,B,senare_ar,minskning,okning,okning,False,False,False
0486,2021,B,senare_ar,okning,okning,okning,False,True,True
0486,2022,B,senare_ar,minskning,okning,okning,False,False,False
0486,2023,B,senare_ar,minskning,okning,okning,False,False,False
0486,2024,B,senare_ar,minskning,okning,okning,False,False,False
0486,2025,B,senare_ar,okning,okning,okning,False,True,True
0488,2020,B,senare_ar,okning,okning,okning,False,True,True
0488,2021,B,senare_ar,minskning,okning,okning,False,False,False
0488,2022,B,senare_ar,minskning,okning,okning,False,False,False
0488,2023,B,senare_ar,okning,okning,okning,False,True,True
0488,2024,B,senare_ar,minskning,okning,okning,False,False,False
0488,2025,B,senare_ar,okning,okning,okning,False,True,True
0513,2020,B,senare_ar,minskning,okning,okning,False,False,False
0513,2021,B,senare_ar,minskning,okning,okning,False,False,False
0513,2022,B,senare_ar,okning,okning,okning,False,True,True
0513,2023,B,senare_ar,minskning,okning,okning,False,False,False
0513,2024,B,senare_ar,minskning,okning,okning,False,False,False
0513,2025,B,senare_ar,okning,okning,okning,False,True,True
0561,2020,B,senare_ar,minskning,okning,okning,False,False,False
0561,2021,B,senare_ar,okning,okning,okning,False,True,True
0561,2022,B,senare_ar,minskning,okning,okning,False,False,False
0561,2023,B,senare_ar,okning,okning,okning,False,True,True
0561,2024,B,senare_ar,minskning,okning,okning,False,False,False
0561,2025,B,senare_ar,okning,okning,okning,False,True,True
0562,2020,B,senare_ar,okning,okning,okning,False,True,True
0562,2021,B,senare_ar,minskning,okning,okning,False,False,False
0562,2022,B,senare_ar,minskning,okning,okning,False,False,False
0562,2023,B,senare_ar,minskning,okning,okning,False,False,False
0562,2024,B,senare_ar,minskning,okning,okning,False,False,False
0562,2025,B,senare_ar,oforandrat,okning,okning,False,False,False
0563,2020,B,senare_ar,minskning,okning,okning,False,False,False
0563,2021,B,senare_ar,minskning,okning,okning,False,False,False
0563,2022,B,senare_ar,minskning,okning,okning,False,False,False
0563,2023,B,senare_ar,okning,okning,okning,False,True,True
0563,2024,B,senare_ar,minskning,okning,okning,False,False,False
0563,2025,B,senare_ar,okning,okning,okning,False,True,True
0580,2020,B,senare_ar,minskning,okning,okning,False,False,False
0580,2021,B,senare_ar,okning,okning,okning,False,True,True
0580,2022,B,senare_ar,minskning,okning,okning,False,False,False
0580,2023,B,senare_ar,minskning,okning,okning,False,False,False
0580,2024,B,senare_ar,okning,okning,okning,False,True,True
0580,2025,B,senare_ar,minskning,okning,okning,False,False,False
0581,2020,B,senare_ar,minskning,okning,okning,False,False,False
0581,2021,B,senare_ar,okning,okning,okning,False,True,True
0581,2022,B,senare_ar,minskning,okning,okning,False,False,False
0581,2023,B,senare_ar,minskning,okning,okning,False,False,False
0581,2024,B,senare_ar,minskning,okning,okning,False,False,False
0581,2025,B,senare_ar,okning,okning,okning,False,True,True
0582,2020,B,senare_ar,minskning,okning,okning,False,False,False
0582,2021,B,senare_ar,okning,okning,okning,False,True,True
0582,2022,B,senare_ar,minskning,okning,okning,False,False,False
0582,2023,B,senare_ar,minskning,okning,okning,False,False,False
0582,2024,B,senare_ar,minskning,okning,okning,False,False,False
0582,2025,B,senare_ar,okning,okning,okning,False,True,True
0583,2020,B,senare_ar,minskning,okning,okning,False,False,False
0583,2021,B,senare_ar,okning,okning,okning,False,True,True
0583,2022,B,senare_ar,minskning,okning,okning,False,False,False
0583,2023,B,senare_ar,okning,okning,okning,False,True,True
0583,2024,B,senare_ar,minskning,okning,okning,False,False,False
0583,2025,B,senare_ar,okning,okning,okning,False,True,True
0586,2020,B,senare_ar,minskning,okning,okning,False,False,False
0586,2021,B,senare_ar,okning,okning,okning,False,True,True
0586,2022,B,senare_ar,okning,okning,okning,False,True,True
0586,2023,B,senare_ar,minskning,okning,okning,False,False,False
0586,2024,B,senare_ar,okning,okning,okning,False,True,True
0586,2025,B,senare_ar,minskning,okning,okning,False,False,False
0604,2020,B,senare_ar,minskning,okning,okning,False,False,False
0604,2021,B,senare_ar,okning,okning,okning,False,True,True
0604,2022,B,senare_ar,minskning,okning,okning,False,False,False
0604,2023,B,senare_ar,oforandrat,okning,okning,False,False,False
0604,2024,B,senare_ar,minskning,okning,okning,False,False,False
0604,2025,B,senare_ar,okning,okning,okning,False,True,True
0642,2020,B,senare_ar,okning,okning,okning,False,True,True
0642,2021,B,senare_ar,minskning,okning,okning,False,False,False
0642,2022,B,senare_ar,minskning,okning,okning,False,False,False
0642,2023,B,senare_ar,okning,okning,okning,False,True,True
0642,2024,B,senare_ar,minskning,okning,okning,False,False,False
0642,2025,B,senare_ar,okning,okning,okning,False,True,True
0643,2020,B,senare_ar,okning,okning,okning,False,True,True
0643,2021,B,senare_ar,minskning,okning,okning,False,False,False
0643,2022,B,senare_ar,minskning,okning,okning,False,False,False
0643,2023,B,senare_ar,okning,okning,okning,False,True,True
0643,2024,B,senare_ar,minskning,okning,okning,False,False,False
0643,2025,B,senare_ar,okning,okning,okning,False,True,True
0665,2020,B,senare_ar,okning,okning,okning,False,True,True
0665,2021,B,senare_ar,okning,okning,okning,False,True,True
0665,2022,B,senare_ar,minskning,okning,okning,False,False,False
0665,2023,B,senare_ar,minskning,okning,okning,False,False,False
0665,2024,B,senare_ar,minskning,okning,okning,False,False,False
0665,2025,B,senare_ar,minskning,okning,okning,False,False,False
0680,2020,B,senare_ar,oforandrat,okning,okning,False,False,False
0680,2021,B,senare_ar,minskning,okning,okning,False,False,False
0680,2022,B,senare_ar,minskning,okning,okning,False,False,False
0680,2023,B,senare_ar,okning,okning,okning,False,True,True
0680,2024,B,senare_ar,minskning,okning,okning,False,False,False
0680,2025,B,senare_ar,okning,okning,okning,False,True,True
0682,2020,B,senare_ar,okning,okning,okning,False,True,True
0682,2021,B,senare_ar,minskning,okning,okning,False,False,False
0682,2022,B,senare_ar,okning,okning,okning,False,True,True
0682,2023,B,senare_ar,minskning,okning,okning,False,False,False
0682,2024,B,senare_ar,okning,okning,okning,False,True,True
0682,2025,B,senare_ar,minskning,okning,okning,False,False,False
0760,2020,B,senare_ar,minskning,okning,okning,False,False,False
0760,2021,B,senare_ar,okning,okning,okning,False,True,True
0760,2022,B,senare_ar,okning,okning,okning,False,True,True
0760,2023,B,senare_ar,minskning,okning,okning,False,False,False
0760,2024,B,senare_ar,oforandrat,okning,okning,False,False,False
0760,2025,B,senare_ar,okning,okning,okning,False,True,True
0761,2020,B,senare_ar,minskning,okning,okning,False,False,False
0761,2021,B,senare_ar,minskning,okning,okning,False,False,False
0761,2022,B,senare_ar,minskning,okning,okning,False,False,False
0761,2023,B,senare_ar,minskning,okning,okning,False,False,False
0761,2024,B,senare_ar,okning,okning,okning,False,True,True
0761,2025,B,senare_ar,minskning,okning,okning,False,False,False
0763,2020,B,senare_ar,oforandrat,okning,okning,False,False,False
0763,2021,B,senare_ar,minskning,okning,okning,False,False,False
0763,2022,B,senare_ar,minskning,okning,okning,False,False,False
0763,2023,B,senare_ar,oforandrat,okning,okning,False,False,False
0763,2024,B,senare_ar,minskning,okning,okning,False,False,False
0763,2025,B,senare_ar,minskning,okning,okning,False,False,False
0764,2020,B,senare_ar,okning,okning,okning,False,True,True
0764,2021,B,senare_ar,minskning,okning,okning,False,False,False
0764,2022,B,senare_ar,okning,okning,okning,False,True,True
0764,2023,B,senare_ar,minskning,okning,okning,False,False,False
0764,2024,B,senare_ar,okning,okning,okning,False,True,True
0764,2025,B,senare_ar,okning,okning,okning,False,True,True
0780,2020,B,senare_ar,okning,okning,okning,False,True,True
0780,2021,B,senare_ar,minskning,okning,okning,False,False,False
0780,2022,B,senare_ar,minskning,okning,okning,False,False,False
0780,2023,B,senare_ar,minskning,okning,okning,False,False,False
0780,2024,B,senare_ar,minskning,okning,okning,False,False,False
0780,2025,B,senare_ar,okning,okning,okning,False,True,True
0834,2020,B,senare_ar,okning,okning,okning,False,True,True
0834,2021,B,senare_ar,minskning,okning,okning,False,False,False
0834,2022,B,senare_ar,minskning,okning,okning,False,False,False
0834,2023,B,senare_ar,okning,okning,okning,False,True,True
0834,2024,B,senare_ar,minskning,okning,okning,False,False,False
0834,2025,B,senare_ar,minskning,okning,okning,False,False,False
0840,2020,B,senare_ar,okning,okning,okning,False,True,True
0840,2021,B,senare_ar,okning,okning,okning,False,True,True
0840,2022,B,senare_ar,minskning,okning,okning,False,False,False
0840,2023,B,senare_ar,okning,okning,okning,False,True,True
0840,2024,B,senare_ar,minskning,okning,okning,False,False,False
0840,2025,B,senare_ar,minskning,okning,okning,False,False,False
0880,2020,B,senare_ar,minskning,okning,okning,False,False,False
0880,2021,B,senare_ar,okning,okning,okning,False,True,True
0880,2022,B,senare_ar,minskning,okning,okning,False,False,False
0880,2023,B,senare_ar,minskning,okning,okning,False,False,False
0880,2024,B,senare_ar,minskning,okning,okning,False,False,False
0880,2025,B,senare_ar,okning,okning,okning,False,True,True
0881,2020,B,senare_ar,okning,okning,okning,False,True,True
0881,2021,B,senare_ar,minskning,okning,okning,False,False,False
0881,2022,B,senare_ar,okning,okning,okning,False,True,True
0881,2023,B,senare_ar,minskning,okning,okning,False,False,False
0881,2024,B,senare_ar,minskning,okning,okning,False,False,False
0881,2025,B,senare_ar,minskning,okning,okning,False,False,False
1083,2020,B,senare_ar,minskning,okning,okning,False,False,False
1083,2021,B,senare_ar,okning,okning,okning,False,True,True
1083,2022,B,senare_ar,minskning,okning,okning,False,False,False
1083,2023,B,senare_ar,okning,okning,okning,False,True,True
1083,2024,B,senare_ar,minskning,okning,okning,False,False,False
1083,2025,B,senare_ar,minskning,okning,okning,False,False,False
1214,2020,B,senare_ar,minskning,okning,okning,False,False,False
1214,2021,B,senare_ar,okning,okning,okning,False,True,True
1214,2022,B,senare_ar,minskning,okning,okning,False,False,False
1214,2023,B,senare_ar,minskning,okning,okning,False,False,False
1214,2024,B,senare_ar,minskning,okning,okning,False,False,False
1214,2025,B,senare_ar,minskning,okning,okning,False,False,False
1256,2020,B,senare_ar,minskning,okning,okning,False,False,False
1256,2021,B,senare_ar,okning,okning,okning,False,True,True
1256,2022,B,senare_ar,minskning,okning,okning,False,False,False
1256,2023,B,senare_ar,okning,okning,okning,False,True,True
1256,2024,B,senare_ar,minskning,okning,okning,False,False,False
1256,2025,B,senare_ar,minskning,okning,okning,False,False,False
1257,2020,B,senare_ar,minskning,okning,okning,False,False,False
1257,2021,B,senare_ar,okning,okning,okning,False,True,True
1257,2022,B,senare_ar,minskning,okning,okning,False,False,False
1257,2023,B,senare_ar,okning,okning,okning,False,True,True
1257,2024,B,senare_ar,minskning,okning,okning,False,False,False
1257,2025,B,senare_ar,okning,okning,okning,False,True,True
1260,2020,B,senare_ar,minskning,okning,okning,False,False,False
1260,2021,B,senare_ar,oforandrat,okning,okning,False,False,False
1260,2022,B,senare_ar,minskning,okning,okning,False,False,False
1260,2023,B,senare_ar,minskning,okning,okning,False,False,False
1260,2024,B,senare_ar,minskning,okning,okning,False,False,False
1260,2025,B,senare_ar,okning,okning,okning,False,True,True
1265,2020,B,senare_ar,minskning,okning,okning,False,False,False
1265,2021,B,senare_ar,oforandrat,okning,okning,False,False,False
1265,2022,B,senare_ar,minskning,okning,okning,False,False,False
1265,2023,B,senare_ar,minskning,okning,okning,False,False,False
1265,2024,B,senare_ar,okning,okning,okning,False,True,True
1265,2025,B,senare_ar,minskning,okning,okning,False,False,False
1266,2020,B,senare_ar,minskning,okning,okning,False,False,False
1266,2021,B,senare_ar,okning,okning,okning,False,True,True
1266,2022,B,senare_ar,minskning,okning,okning,False,False,False
1266,2023,B,senare_ar,minskning,okning,okning,False,False,False
1266,2024,B,senare_ar,okning,okning,okning,False,True,True
1266,2025,B,senare_ar,minskning,okning,okning,False,False,False
1272,2020,B,senare_ar,okning,okning,okning,False,True,True
1272,2021,B,senare_ar,oforandrat,okning,okning,False,False,False
1272,2022,B,senare_ar,okning,okning,okning,False,True,True
1272,2023,B,senare_ar,minskning,okning,okning,False,False,False
1272,2024,B,senare_ar,minskning,okning,okning,False,False,False
1272,2025,B,senare_ar,okning,okning,okning,False,True,True
1275,2020,B,senare_ar,okning,okning,okning,False,True,True
1275,2021,B,senare_ar,okning,okning,okning,False,True,True
1275,2022,B,senare_ar,minskning,okning,okning,False,False,False
1275,2023,B,senare_ar,okning,okning,okning,False,True,True
1275,2024,B,senare_ar,minskning,okning,okning,False,False,False
1275,2025,B,senare_ar,minskning,okning,okning,False,False,False
1276,2020,B,senare_ar,minskning,okning,okning,False,False,False
1276,2021,B,senare_ar,okning,okning,okning,False,True,True
1276,2022,B,senare_ar,minskning,okning,okning,False,False,False
1276,2023,B,senare_ar,minskning,okning,okning,False,False,False
1276,2024,B,senare_ar,minskning,okning,okning,False,False,False
1276,2025,B,senare_ar,okning,okning,okning,False,True,True
1277,2020,B,senare_ar,okning,okning,okning,False,True,True
1277,2021,B,senare_ar,okning,okning,okning,False,True,True
1277,2022,B,senare_ar,minskning,okning,okning,False,False,False
1277,2023,B,senare_ar,minskning,okning,okning,False,False,False
1277,2024,B,senare_ar,okning,okning,okning,False,True,True
1277,2025,B,senare_ar,minskning,okning,okning,False,False,False
1281,2020,B,senare_ar,minskning,okning,okning,False,False,False
1281,2021,B,senare_ar,okning,okning,okning,False,True,True
1281,2022,B,senare_ar,minskning,okning,okning,False,False,False
1281,2023,B,senare_ar,okning,okning,okning,False,True,True
1281,2024,B,senare_ar,minskning,okning,okning,False,False,False
1281,2025,B,senare_ar,oforandrat,okning,okning,False,False,False
1282,2020,B,senare_ar,minskning,okning,okning,False,False,False
1282,2021,B,senare_ar,oforandrat,okning,okning,False,False,False
1282,2022,B,senare_ar,minskning,okning,okning,False,False,False
1282,2023,B,senare_ar,okning,okning,okning,False,True,True
1282,2024,B,senare_ar,okning,okning,okning,False,True,True
1282,2025,B,senare_ar,minskning,okning,okning,False,False,False
1283,2020,B,senare_ar,minskning,okning,okning,False,False,False
1283,2021,B,senare_ar,okning,okning,okning,False,True,True
1283,2022,B,senare_ar,minskning,okning,okning,False,False,False
1283,2023,B,senare_ar,minskning,okning,okning,False,False,False
1283,2024,B,senare_ar,minskning,okning,okning,False,False,False
1283,2025,B,senare_ar,okning,okning,okning,False,True,True
1284,2020,B,senare_ar,minskning,okning,okning,False,False,False
1284,2021,B,senare_ar,minskning,okning,okning,False,False,False
1284,2022,B,senare_ar,okning,okning,okning,False,True,True
1284,2023,B,senare_ar,minskning,okning,okning,False,False,False
1284,2024,B,senare_ar,okning,okning,okning,False,True,True
1284,2025,B,senare_ar,minskning,okning,okning,False,False,False
1285,2020,B,senare_ar,minskning,okning,okning,False,False,False
1285,2021,B,senare_ar,okning,okning,okning,False,True,True
1285,2022,B,senare_ar,minskning,okning,okning,False,False,False
1285,2023,B,senare_ar,minskning,okning,okning,False,False,False
1285,2024,B,senare_ar,okning,okning,okning,False,True,True
1285,2025,B,senare_ar,minskning,okning,okning,False,False,False
1290,2020,B,senare_ar,okning,okning,okning,False,True,True
1290,2021,B,senare_ar,okning,okning,okning,False,True,True
1290,2022,B,senare_ar,minskning,okning,okning,False,False,False
1290,2023,B,senare_ar,okning,okning,okning,False,True,True
1290,2024,B,senare_ar,minskning,okning,okning,False,False,False
1290,2025,B,senare_ar,minskning,okning,okning,False,False,False
1292,2020,B,senare_ar,okning,okning,okning,False,True,True
1292,2021,B,senare_ar,minskning,okning,okning,False,False,False
1292,2022,B,senare_ar,okning,okning,okning,False,True,True
1292,2023,B,senare_ar,minskning,okning,okning,False,False,False
1292,2024,B,senare_ar,minskning,okning,okning,False,False,False
1292,2025,B,senare_ar,minskning,okning,okning,False,False,False
1293,2020,B,senare_ar,okning,okning,okning,False,True,True
1293,2021,B,senare_ar,minskning,okning,okning,False,False,False
1293,2022,B,senare_ar,minskning,okning,okning,False,False,False
1293,2023,B,senare_ar,minskning,okning,okning,False,False,False
1293,2024,B,senare_ar,minskning,okning,okning,False,False,False
1293,2025,B,senare_ar,okning,okning,okning,False,True,True
1315,2020,B,senare_ar,okning,okning,okning,False,True,True
1315,2021,B,senare_ar,minskning,okning,okning,False,False,False
1315,2022,B,senare_ar,minskning,okning,okning,False,False,False
1315,2023,B,senare_ar,minskning,okning,okning,False,False,False
1315,2024,B,senare_ar,okning,okning,okning,False,True,True
1315,2025,B,senare_ar,minskning,okning,okning,False,False,False
1380,2020,B,senare_ar,minskning,okning,okning,False,False,False
1380,2021,B,senare_ar,okning,okning,okning,False,True,True
1380,2022,B,senare_ar,minskning,okning,okning,False,False,False
1380,2023,B,senare_ar,minskning,okning,okning,False,False,False
1380,2024,B,senare_ar,okning,okning,okning,False,True,True
1380,2025,B,senare_ar,minskning,okning,okning,False,False,False
1381,2020,B,senare_ar,minskning,okning,okning,False,False,False
1381,2021,B,senare_ar,okning,okning,okning,False,True,True
1381,2022,B,senare_ar,minskning,okning,okning,False,False,False
1381,2023,B,senare_ar,okning,okning,okning,False,True,True
1381,2024,B,senare_ar,minskning,okning,okning,False,False,False
1381,2025,B,senare_ar,okning,okning,okning,False,True,True
1444,2020,B,senare_ar,okning,okning,okning,False,True,True
1444,2021,B,senare_ar,minskning,okning,okning,False,False,False
1444,2022,B,senare_ar,minskning,okning,okning,False,False,False
1444,2023,B,senare_ar,minskning,okning,okning,False,False,False
1444,2024,B,senare_ar,okning,okning,okning,False,True,True
1444,2025,B,senare_ar,okning,okning,okning,False,True,True
1452,2020,B,senare_ar,minskning,okning,okning,False,False,False
1452,2021,B,senare_ar,okning,okning,okning,False,True,True
1452,2022,B,senare_ar,minskning,okning,okning,False,False,False
1452,2023,B,senare_ar,minskning,okning,okning,False,False,False
1452,2024,B,senare_ar,okning,okning,okning,False,True,True
1452,2025,B,senare_ar,okning,okning,okning,False,True,True
1463,2020,B,senare_ar,minskning,okning,okning,False,False,False
1463,2021,B,senare_ar,okning,okning,okning,False,True,True
1463,2022,B,senare_ar,minskning,okning,okning,False,False,False
1463,2023,B,senare_ar,minskning,okning,okning,False,False,False
1463,2024,B,senare_ar,okning,okning,okning,False,True,True
1463,2025,B,senare_ar,minskning,okning,okning,False,False,False
1465,2020,B,senare_ar,minskning,okning,okning,False,False,False
1465,2021,B,senare_ar,okning,okning,okning,False,True,True
1465,2022,B,senare_ar,minskning,okning,okning,False,False,False
1465,2023,B,senare_ar,okning,okning,okning,False,True,True
1465,2024,B,senare_ar,minskning,okning,okning,False,False,False
1465,2025,B,senare_ar,okning,okning,okning,False,True,True
1466,2020,B,senare_ar,minskning,okning,okning,False,False,False
1466,2021,B,senare_ar,okning,okning,okning,False,True,True
1466,2022,B,senare_ar,minskning,okning,okning,False,False,False
1466,2023,B,senare_ar,okning,okning,okning,False,True,True
1466,2024,B,senare_ar,okning,okning,okning,False,True,True
1466,2025,B,senare_ar,minskning,okning,okning,False,False,False
1485,2020,B,senare_ar,minskning,okning,okning,False,False,False
1485,2021,B,senare_ar,okning,okning,okning,False,True,True
1485,2022,B,senare_ar,minskning,okning,okning,False,False,False
1485,2023,B,senare_ar,minskning,okning,okning,False,False,False
1485,2024,B,senare_ar,minskning,okning,okning,False,False,False
1485,2025,B,senare_ar,okning,okning,okning,False,True,True
1487,2020,B,senare_ar,okning,okning,okning,False,True,True
1487,2021,B,senare_ar,minskning,okning,okning,False,False,False
1487,2022,B,senare_ar,minskning,okning,okning,False,False,False
1487,2023,B,senare_ar,minskning,okning,okning,False,False,False
1487,2024,B,senare_ar,minskning,okning,okning,False,False,False
1487,2025,B,senare_ar,minskning,okning,okning,False,False,False
1488,2020,B,senare_ar,minskning,okning,okning,False,False,False
1488,2021,B,senare_ar,okning,okning,okning,False,True,True
1488,2022,B,senare_ar,okning,okning,okning,False,True,True
1488,2023,B,senare_ar,minskning,okning,okning,False,False,False
1488,2024,B,senare_ar,minskning,okning,okning,False,False,False
1488,2025,B,senare_ar,okning,okning,okning,False,True,True
1490,2020,B,senare_ar,minskning,okning,okning,False,False,False
1490,2021,B,senare_ar,okning,okning,okning,False,True,True
1490,2022,B,senare_ar,minskning,okning,okning,False,False,False
1490,2023,B,senare_ar,minskning,okning,okning,False,False,False
1490,2024,B,senare_ar,okning,okning,okning,False,True,True
1490,2025,B,senare_ar,minskning,okning,okning,False,False,False
1491,2020,B,senare_ar,minskning,okning,okning,False,False,False
1491,2021,B,senare_ar,minskning,okning,okning,False,False,False
1491,2022,B,senare_ar,okning,okning,okning,False,True,True
1491,2023,B,senare_ar,minskning,okning,okning,False,False,False
1491,2024,B,senare_ar,minskning,okning,okning,False,False,False
1491,2025,B,senare_ar,okning,okning,okning,False,True,True
1715,2020,B,senare_ar,okning,okning,okning,False,True,True
1715,2021,B,senare_ar,okning,okning,okning,False,True,True
1715,2022,B,senare_ar,minskning,okning,okning,False,False,False
1715,2023,B,senare_ar,minskning,okning,okning,False,False,False
1715,2024,B,senare_ar,minskning,okning,okning,False,False,False
1715,2025,B,senare_ar,okning,okning,okning,False,True,True
1761,2020,B,senare_ar,minskning,okning,okning,False,False,False
1761,2021,B,senare_ar,minskning,okning,okning,False,False,False
1761,2022,B,senare_ar,okning,okning,okning,False,True,True
1761,2023,B,senare_ar,minskning,okning,okning,False,False,False
1761,2024,B,senare_ar,okning,okning,okning,False,True,True
1761,2025,B,senare_ar,minskning,okning,okning,False,False,False
1763,2020,B,senare_ar,minskning,okning,okning,False,False,False
1763,2021,B,senare_ar,minskning,okning,okning,False,False,False
1763,2022,B,senare_ar,minskning,okning,okning,False,False,False
1763,2023,B,senare_ar,okning,okning,okning,False,True,True
1763,2024,B,senare_ar,okning,okning,okning,False,True,True
1763,2025,B,senare_ar,minskning,okning,okning,False,False,False
1764,2020,B,senare_ar,minskning,okning,okning,False,False,False
1764,2021,B,senare_ar,okning,okning,okning,False,True,True
1764,2022,B,senare_ar,minskning,okning,okning,False,False,False
1764,2023,B,senare_ar,minskning,okning,okning,False,False,False
1764,2024,B,senare_ar,okning,okning,okning,False,True,True
1764,2025,B,senare_ar,minskning,okning,okning,False,False,False
1780,2020,B,senare_ar,okning,okning,okning,False,True,True
1780,2021,B,senare_ar,minskning,okning,okning,False,False,False
1780,2022,B,senare_ar,minskning,okning,okning,False,False,False
1780,2023,B,senare_ar,minskning,okning,okning,False,False,False
1780,2024,B,senare_ar,okning,okning,okning,False,True,True
1780,2025,B,senare_ar,minskning,okning,okning,False,False,False
1781,2020,B,senare_ar,minskning,okning,okning,False,False,False
1781,2021,B,senare_ar,minskning,okning,okning,False,False,False
1781,2022,B,senare_ar,okning,okning,okning,False,True,True
1781,2023,B,senare_ar,minskning,okning,okning,False,False,False
1781,2024,B,senare_ar,minskning,okning,okning,False,False,False
1781,2025,B,senare_ar,okning,okning,okning,False,True,True
1814,2020,B,senare_ar,okning,okning,okning,False,True,True
1814,2021,B,senare_ar,minskning,okning,okning,False,False,False
1814,2022,B,senare_ar,okning,okning,okning,False,True,True
1814,2023,B,senare_ar,minskning,okning,okning,False,False,False
1814,2024,B,senare_ar,okning,okning,okning,False,True,True
1814,2025,B,senare_ar,okning,okning,okning,False,True,True
1860,2020,B,senare_ar,minskning,okning,okning,False,False,False
1860,2021,B,senare_ar,minskning,okning,okning,False,False,False
1860,2022,B,senare_ar,okning,okning,okning,False,True,True
1861,2020,B,senare_ar,minskning,okning,okning,False,False,False
1861,2021,B,senare_ar,okning,okning,okning,False,True,True
1861,2022,B,senare_ar,minskning,okning,okning,False,False,False
1861,2023,B,senare_ar,minskning,okning,okning,False,False,False
1861,2024,B,senare_ar,okning,okning,okning,False,True,True
1861,2025,B,senare_ar,minskning,okning,okning,False,False,False
1880,2020,B,senare_ar,minskning,okning,okning,False,False,False
1880,2021,B,senare_ar,okning,okning,okning,False,True,True
1880,2022,B,senare_ar,minskning,okning,okning,False,False,False
1880,2023,B,senare_ar,minskning,okning,okning,False,False,False
1880,2024,B,senare_ar,okning,okning,okning,False,True,True
1880,2025,B,senare_ar,minskning,okning,okning,False,False,False
1881,2020,B,senare_ar,okning,okning,okning,False,True,True
1881,2021,B,senare_ar,minskning,okning,okning,False,False,False
1881,2022,B,senare_ar,okning,okning,okning,False,True,True
1881,2023,B,senare_ar,minskning,okning,okning,False,False,False
1881,2024,B,senare_ar,minskning,okning,okning,False,False,False
1881,2025,B,senare_ar,okning,okning,okning,False,True,True
1882,2020,B,senare_ar,minskning,okning,okning,False,False,False
1882,2021,B,senare_ar,minskning,okning,okning,False,False,False
1882,2022,B,senare_ar,okning,okning,okning,False,True,True
1882,2023,B,senare_ar,okning,okning,okning,False,True,True
1882,2024,B,senare_ar,minskning,okning,okning,False,False,False
1882,2025,B,senare_ar,minskning,okning,okning,False,False,False
1884,2020,B,senare_ar,minskning,okning,okning,False,False,False
1884,2021,B,senare_ar,okning,okning,okning,False,True,True
1884,2022,B,senare_ar,okning,okning,okning,False,True,True
1884,2023,B,senare_ar,minskning,okning,okning,False,False,False
1884,2024,B,senare_ar,minskning,okning,okning,False,False,False
1884,2025,B,senare_ar,minskning,okning,okning,False,False,False
1885,2020,B,senare_ar,minskning,okning,okning,False,False,False
1885,2021,B,senare_ar,okning,okning,okning,False,True,True
1885,2022,B,senare_ar,minskning,okning,okning,False,False,False
1885,2023,B,senare_ar,okning,okning,okning,False,True,True
1885,2024,B,senare_ar,minskning,okning,okning,False,False,False
1885,2025,B,senare_ar,okning,okning,okning,False,True,True
1907,2020,B,senare_ar,okning,okning,okning,False,True,True
1907,2021,B,senare_ar,minskning,okning,okning,False,False,False
1907,2022,B,senare_ar,minskning,okning,okning,False,False,False
1907,2023,B,senare_ar,okning,okning,okning,False,True,True
1907,2024,B,senare_ar,minskning,okning,okning,False,False,False
1907,2025,B,senare_ar,okning,okning,okning,False,True,True
1961,2020,B,senare_ar,okning,okning,okning,False,True,True
1961,2021,B,senare_ar,minskning,okning,okning,False,False,False
1961,2022,B,senare_ar,okning,okning,okning,False,True,True
1961,2023,B,senare_ar,minskning,okning,okning,False,False,False
1961,2024,B,senare_ar,minskning,okning,okning,False,False,False
1961,2025,B,senare_ar,minskning,okning,okning,False,False,False
1980,2020,B,senare_ar,minskning,okning,okning,False,False,False
1980,2021,B,senare_ar,minskning,okning,okning,False,False,False
1980,2022,B,senare_ar,oforandrat,okning,okning,False,False,False
1980,2023,B,senare_ar,minskning,okning,okning,False,False,False
1980,2024,B,senare_ar,okning,okning,okning,False,True,True
1980,2025,B,senare_ar,minskning,okning,okning,False,False,False
1981,2020,B,senare_ar,minskning,okning,okning,False,False,False
1981,2021,B,senare_ar,okning,okning,okning,False,True,True
1981,2022,B,senare_ar,okning,okning,okning,False,True,True
1981,2023,B,senare_ar,minskning,okning,okning,False,False,False
1981,2024,B,senare_ar,minskning,okning,okning,False,False,False
1981,2025,B,senare_ar,okning,okning,okning,False,True,True
1983,2020,B,senare_ar,minskning,okning,okning,False,False,False
1983,2021,B,senare_ar,minskning,okning,okning,False,False,False
1983,2022,B,senare_ar,okning,okning,okning,False,True,True
1983,2023,B,senare_ar,minskning,okning,okning,False,False,False
1983,2024,B,senare_ar,minskning,okning,okning,False,False,False
1983,2025,B,senare_ar,okning,okning,okning,False,True,True
2026,2020,B,senare_ar,okning,okning,okning,False,True,True
2026,2021,B,senare_ar,minskning,okning,okning,False,False,False
2026,2022,B,senare_ar,minskning,okning,okning,False,False,False
2026,2023,B,senare_ar,okning,okning,okning,False,True,True
2026,2024,B,senare_ar,minskning,okning,okning,False,False,False
2026,2025,B,senare_ar,okning,okning,okning,False,True,True
2081,2020,B,senare_ar,minskning,okning,okning,False,False,False
2081,2021,B,senare_ar,okning,okning,okning,False,True,True
2081,2022,B,senare_ar,minskning,okning,okning,False,False,False
2081,2023,B,senare_ar,minskning,okning,okning,False,False,False
2081,2024,B,senare_ar,okning,okning,okning,False,True,True
2081,2025,B,senare_ar,minskning,okning,okning,False,False,False
2082,2020,B,senare_ar,okning,okning,okning,False,True,True
2082,2021,B,senare_ar,minskning,okning,okning,False,False,False
2082,2022,B,senare_ar,minskning,okning,okning,False,False,False
2082,2023,B,senare_ar,minskning,okning,okning,False,False,False
2082,2024,B,senare_ar,minskning,okning,okning,False,False,False
2082,2025,B,senare_ar,minskning,okning,okning,False,False,False
2101,2020,B,senare_ar,minskning,okning,okning,False,False,False
2101,2021,B,senare_ar,minskning,okning,okning,False,False,False
2101,2022,B,senare_ar,minskning,okning,okning,False,False,False
2101,2023,B,senare_ar,okning,okning,okning,False,True,True
2101,2024,B,senare_ar,okning,okning,okning,False,True,True
2101,2025,B,senare_ar,minskning,okning,okning,False,False,False
2180,2020,B,senare_ar,minskning,okning,okning,False,False,False
2180,2021,B,senare_ar,okning,okning,okning,False,True,True
2180,2022,B,senare_ar,minskning,okning,okning,False,False,False
2180,2023,B,senare_ar,minskning,okning,okning,False,False,False
2180,2024,B,senare_ar,okning,okning,okning,False,True,True
2180,2025,B,senare_ar,minskning,okning,okning,False,False,False
2181,2020,B,senare_ar,minskning,okning,okning,False,False,False
2181,2021,B,senare_ar,minskning,okning,okning,False,False,False
2181,2022,B,senare_ar,minskning,okning,okning,False,False,False
2181,2023,B,senare_ar,okning,okning,okning,False,True,True
2181,2024,B,senare_ar,minskning,okning,okning,False,False,False
2181,2025,B,senare_ar,okning,okning,okning,False,True,True
2262,2020,B,senare_ar,minskning,okning,okning,False,False,False
2262,2021,B,senare_ar,minskning,okning,okning,False,False,False
2262,2022,B,senare_ar,minskning,okning,okning,False,False,False
2262,2023,B,senare_ar,okning,okning,okning,False,True,True
2262,2024,B,senare_ar,minskning,okning,okning,False,False,False
2262,2025,B,senare_ar,okning,okning,okning,False,True,True
2281,2020,B,senare_ar,minskning,okning,okning,False,False,False
2281,2021,B,senare_ar,okning,okning,okning,False,True,True
2281,2022,B,senare_ar,minskning,okning,okning,False,False,False
2281,2023,B,senare_ar,okning,okning,okning,False,True,True
2281,2024,B,senare_ar,minskning,okning,okning,False,False,False
2281,2025,B,senare_ar,minskning,okning,okning,False,False,False
2305,2020,B,senare_ar,minskning,okning,okning,False,False,False
2305,2021,B,senare_ar,okning,okning,okning,False,True,True
2305,2022,B,senare_ar,minskning,okning,okning,False,False,False
2305,2023,B,senare_ar,minskning,okning,okning,False,False,False
2305,2024,B,senare_ar,okning,okning,okning,False,True,True
2309,2020,B,senare_ar,okning,okning,okning,False,True,True
2309,2021,B,senare_ar,okning,okning,okning,False,True,True
2309,2022,B,senare_ar,minskning,okning,okning,False,False,False
2309,2023,B,senare_ar,minskning,okning,okning,False,False,False
2309,2024,B,senare_ar,okning,okning,okning,False,True,True
2309,2025,B,senare_ar,okning,okning,okning,False,True,True
2326,2020,B,senare_ar,okning,okning,okning,False,True,True
2326,2021,B,senare_ar,minskning,okning,okning,False,False,False
2326,2022,B,senare_ar,minskning,okning,okning,False,False,False
2326,2023,B,senare_ar,minskning,okning,okning,False,False,False
2326,2024,B,senare_ar,minskning,okning,okning,False,False,False
2326,2025,B,senare_ar,okning,okning,okning,False,True,True
2380,2020,B,senare_ar,minskning,okning,okning,False,False,False
2380,2021,B,senare_ar,okning,okning,okning,False,True,True
2380,2022,B,senare_ar,minskning,okning,okning,False,False,False
2380,2023,B,senare_ar,minskning,okning,okning,False,False,False
2380,2024,B,senare_ar,okning,okning,okning,False,True,True
2380,2025,B,senare_ar,minskning,okning,okning,False,False,False
2401,2020,B,senare_ar,minskning,okning,okning,False,False,False
2401,2021,B,senare_ar,okning,okning,okning,False,True,True
2401,2022,B,senare_ar,minskning,okning,okning,False,False,False
2401,2023,B,senare_ar,minskning,okning,okning,False,False,False
2401,2024,B,senare_ar,okning,okning,okning,False,True,True
2401,2025,B,senare_ar,minskning,okning,okning,False,False,False
2404,2020,B,senare_ar,okning,okning,okning,False,True,True
2404,2021,B,senare_ar,minskning,okning,okning,False,False,False
2404,2022,B,senare_ar,minskning,okning,okning,False,False,False
2404,2023,B,senare_ar,minskning,okning,okning,False,False,False
2404,2024,B,senare_ar,minskning,okning,okning,False,False,False
2404,2025,B,senare_ar,minskning,okning,okning,False,False,False
2409,2020,B,senare_ar,minskning,okning,okning,False,False,False
2409,2021,B,senare_ar,okning,okning,okning,False,True,True
2409,2022,B,senare_ar,minskning,okning,okning,False,False,False
2409,2023,B,senare_ar,minskning,okning,okning,False,False,False
2409,2024,B,senare_ar,okning,okning,okning,False,True,True
2409,2025,B,senare_ar,minskning,okning,okning,False,False,False
2460,2020,B,senare_ar,okning,okning,okning,False,True,True
2460,2021,B,senare_ar,okning,okning,okning,False,True,True
2460,2022,B,senare_ar,minskning,okning,okning,False,False,False
2460,2023,B,senare_ar,okning,okning,okning,False,True,True
2460,2024,B,senare_ar,minskning,okning,okning,False,False,False
2460,2025,B,senare_ar,okning,okning,okning,False,True,True
2480,2020,B,senare_ar,minskning,okning,okning,False,False,False
2480,2021,B,senare_ar,minskning,okning,okning,False,False,False
2480,2022,B,senare_ar,minskning,okning,okning,False,False,False
2480,2023,B,senare_ar,minskning,okning,okning,False,False,False
2480,2024,B,senare_ar,oforandrat,okning,okning,False,False,False
2480,2025,B,senare_ar,minskning,okning,okning,False,False,False
2560,2020,B,senare_ar,minskning,okning,okning,False,False,False
2560,2021,B,senare_ar,okning,okning,okning,False,True,True
2560,2022,B,senare_ar,oforandrat,okning,okning,False,False,False
2560,2023,B,senare_ar,minskning,okning,okning,False,False,False
2560,2024,B,senare_ar,okning,okning,okning,False,True,True
2560,2025,B,senare_ar,minskning,okning,okning,False,False,False
2580,2020,B,senare_ar,minskning,okning,okning,False,False,False
2580,2021,B,senare_ar,okning,okning,okning,False,True,True
2580,2022,B,senare_ar,minskning,okning,okning,False,False,False
2580,2023,B,senare_ar,minskning,okning,okning,False,False,False
2580,2024,B,senare_ar,minskning,okning,okning,False,False,False
2580,2025,B,senare_ar,okning,okning,okning,False,True,True
2582,2020,B,senare_ar,minskning,okning,okning,False,False,False
2582,2021,B,senare_ar,okning,okning,okning,False,True,True
2582,2022,B,senare_ar,minskning,okning,okning,False,False,False
2582,2023,B,senare_ar,minskning,okning,okning,False,False,False
2582,2024,B,senare_ar,okning,okning,okning,False,True,True
2582,2025,B,senare_ar,minskning,okning,okning,False,False,False
0188,2016,C,validering,minskning,okning,okning,False,False,False
0188,2017,C,validering,okning,okning,okning,False,True,True
0188,2018,C,validering,minskning,okning,okning,False,False,False
0188,2019,C,validering,minskning,okning,okning,False,False,False
0428,2016,C,validering,minskning,okning,okning,False,False,False
0428,2017,C,validering,okning,okning,okning,False,True,True
0428,2018,C,validering,okning,okning,okning,False,True,True
0428,2019,C,validering,minskning,okning,okning,False,False,False
0480,2016,C,validering,okning,okning,okning,False,True,True
0480,2017,C,validering,minskning,okning,okning,False,False,False
0480,2018,C,validering,minskning,okning,okning,False,False,False
0480,2019,C,validering,minskning,okning,okning,False,False,False
0481,2016,C,validering,okning,okning,okning,False,True,True
0481,2017,C,validering,okning,okning,okning,False,True,True
0481,2018,C,validering,minskning,okning,okning,False,False,False
0481,2019,C,validering,minskning,okning,okning,False,False,False
0482,2016,C,validering,okning,okning,okning,False,True,True
0482,2017,C,validering,okning,okning,okning,False,True,True
0482,2018,C,validering,minskning,okning,okning,False,False,False
0482,2019,C,validering,okning,okning,okning,False,True,True
0483,2016,C,validering,minskning,okning,okning,False,False,False
0483,2017,C,validering,okning,okning,okning,False,True,True
0483,2018,C,validering,minskning,okning,okning,False,False,False
0483,2019,C,validering,okning,okning,okning,False,True,True
0509,2016,C,validering,okning,okning,okning,False,True,True
0509,2017,C,validering,minskning,okning,okning,False,False,False
0509,2018,C,validering,minskning,okning,okning,False,False,False
0509,2019,C,validering,okning,okning,okning,False,True,True
0512,2016,C,validering,okning,okning,okning,False,True,True
0512,2017,C,validering,okning,okning,okning,False,True,True
0560,2016,C,validering,okning,okning,okning,False,True,True
0560,2017,C,validering,minskning,okning,okning,False,False,False
0560,2018,C,validering,okning,okning,okning,False,True,True
0560,2019,C,validering,minskning,okning,okning,False,False,False
0584,2016,C,validering,minskning,okning,okning,False,False,False
0584,2017,C,validering,okning,okning,okning,False,True,True
0584,2018,C,validering,okning,okning,okning,False,True,True
0584,2019,C,validering,minskning,okning,okning,False,False,False
0617,2016,C,validering,minskning,okning,okning,False,False,False
0617,2017,C,validering,okning,okning,okning,False,True,True
0617,2018,C,validering,okning,okning,okning,False,True,True
0617,2019,C,validering,minskning,okning,okning,False,False,False
0662,2016,C,validering,minskning,okning,okning,False,False,False
0662,2017,C,validering,minskning,okning,okning,False,False,False
0662,2018,C,validering,minskning,okning,okning,False,False,False
0662,2019,C,validering,okning,okning,okning,False,True,True
0683,2016,C,validering,minskning,okning,okning,False,False,False
0683,2017,C,validering,minskning,okning,okning,False,False,False
0683,2018,C,validering,okning,okning,okning,False,True,True
0683,2019,C,validering,minskning,okning,okning,False,False,False
0684,2016,C,validering,okning,okning,okning,False,True,True
0684,2017,C,validering,minskning,okning,okning,False,False,False
0684,2018,C,validering,okning,okning,okning,False,True,True
0684,2019,C,validering,minskning,okning,okning,False,False,False
0685,2016,C,validering,okning,okning,okning,False,True,True
0685,2017,C,validering,minskning,okning,okning,False,False,False
0685,2018,C,validering,okning,okning,okning,False,True,True
0685,2019,C,validering,minskning,okning,okning,False,False,False
0686,2016,C,validering,minskning,okning,okning,False,False,False
0686,2017,C,validering,okning,okning,okning,False,True,True
0686,2018,C,validering,minskning,okning,okning,False,False,False
0686,2019,C,validering,minskning,okning,okning,False,False,False
0687,2016,C,validering,okning,okning,okning,False,True,True
0687,2017,C,validering,minskning,okning,okning,False,False,False
0687,2018,C,validering,minskning,okning,okning,False,False,False
0687,2019,C,validering,okning,okning,okning,False,True,True
0765,2016,C,validering,minskning,okning,okning,False,False,False
0765,2017,C,validering,okning,okning,okning,False,True,True
0765,2018,C,validering,minskning,okning,okning,False,False,False
0765,2019,C,validering,okning,okning,okning,False,True,True
0767,2016,C,validering,okning,okning,okning,False,True,True
0767,2017,C,validering,minskning,okning,okning,False,False,False
0767,2018,C,validering,minskning,okning,okning,False,False,False
0767,2019,C,validering,okning,okning,okning,False,True,True
0781,2016,C,validering,okning,okning,okning,False,True,True
0781,2017,C,validering,okning,okning,okning,False,True,True
0781,2018,C,validering,minskning,okning,okning,False,False,False
0781,2019,C,validering,okning,okning,okning,False,True,True
0821,2016,C,validering,okning,okning,okning,False,True,True
0821,2017,C,validering,minskning,okning,okning,False,False,False
0821,2018,C,validering,okning,okning,okning,False,True,True
0821,2019,C,validering,minskning,okning,okning,False,False,False
0860,2016,C,validering,minskning,okning,okning,False,False,False
0860,2017,C,validering,oforandrat,okning,okning,False,False,False
0860,2018,C,validering,minskning,okning,okning,False,False,False
0860,2019,C,validering,minskning,okning,okning,False,False,False
0861,2016,C,validering,minskning,okning,okning,False,False,False
0861,2017,C,validering,okning,okning,okning,False,True,True
0861,2018,C,validering,minskning,okning,okning,False,False,False
0861,2019,C,validering,minskning,okning,okning,False,False,False
0862,2016,C,validering,minskning,okning,okning,False,False,False
0862,2017,C,validering,minskning,okning,okning,False,False,False
0862,2018,C,validering,okning,okning,okning,False,True,True
0862,2019,C,validering,minskning,okning,okning,False,False,False
0882,2016,C,validering,okning,okning,okning,False,True,True
0882,2017,C,validering,minskning,okning,okning,False,False,False
0882,2018,C,validering,okning,okning,okning,False,True,True
0882,2019,C,validering,okning,okning,okning,False,True,True
0883,2016,C,validering,minskning,okning,okning,False,False,False
0883,2017,C,validering,minskning,okning,okning,False,False,False
0883,2018,C,validering,okning,okning,okning,False,True,True
0883,2019,C,validering,minskning,okning,okning,False,False,False
0884,2016,C,validering,okning,okning,okning,False,True,True
0884,2017,C,validering,minskning,okning,okning,False,False,False
0884,2018,C,validering,okning,okning,okning,False,True,True
0884,2019,C,validering,minskning,okning,okning,False,False,False
0885,2016,C,validering,minskning,okning,okning,False,False,False
0885,2017,C,validering,okning,okning,okning,False,True,True
0885,2018,C,validering,minskning,okning,okning,False,False,False
0885,2019,C,validering,minskning,okning,okning,False,False,False
0980,2016,C,validering,okning,okning,okning,False,True,True
0980,2017,C,validering,okning,okning,okning,False,True,True
0980,2018,C,validering,minskning,okning,okning,False,False,False
0980,2019,C,validering,oforandrat,okning,okning,False,False,False
1060,2016,C,validering,minskning,okning,okning,False,False,False
1060,2017,C,validering,minskning,okning,okning,False,False,False
1060,2018,C,validering,okning,okning,okning,False,True,True
1060,2019,C,validering,minskning,okning,okning,False,False,False
1080,2016,C,validering,okning,okning,okning,False,True,True
1080,2017,C,validering,minskning,okning,okning,False,False,False
1080,2018,C,validering,okning,okning,okning,False,True,True
1080,2019,C,validering,minskning,okning,okning,False,False,False
1081,2016,C,validering,minskning,okning,okning,False,False,False
1081,2017,C,validering,okning,okning,okning,False,True,True
1081,2018,C,validering,minskning,okning,okning,False,False,False
1081,2019,C,validering,minskning,okning,okning,False,False,False
1082,2016,C,validering,minskning,okning,okning,False,False,False
1082,2017,C,validering,okning,okning,okning,False,True,True
1082,2018,C,validering,minskning,okning,okning,False,False,False
1082,2019,C,validering,okning,okning,okning,False,True,True
1267,2016,C,validering,okning,okning,okning,False,True,True
1267,2017,C,validering,minskning,okning,okning,False,False,False
1267,2018,C,validering,minskning,okning,okning,False,False,False
1267,2019,C,validering,minskning,okning,okning,False,False,False
1270,2016,C,validering,minskning,okning,okning,False,False,False
1270,2017,C,validering,okning,okning,okning,False,True,True
1270,2018,C,validering,minskning,okning,okning,False,False,False
1270,2019,C,validering,minskning,okning,okning,False,False,False
1273,2016,C,validering,okning,okning,okning,False,True,True
1273,2017,C,validering,okning,okning,okning,False,True,True
1273,2018,C,validering,minskning,okning,okning,False,False,False
1273,2019,C,validering,okning,okning,okning,False,True,True
1278,2016,C,validering,okning,okning,okning,False,True,True
1278,2017,C,validering,minskning,okning,okning,False,False,False
1278,2018,C,validering,okning,okning,okning,False,True,True
1278,2019,C,validering,okning,okning,okning,False,True,True
1286,2016,C,validering,oforandrat,okning,okning,False,False,False
1286,2017,C,validering,minskning,okning,okning,False,False,False
1286,2018,C,validering,minskning,okning,okning,False,False,False
1286,2019,C,validering,okning,okning,okning,False,True,True
1291,2016,C,validering,minskning,okning,okning,False,False,False
1291,2017,C,validering,okning,okning,okning,False,True,True
1291,2018,C,validering,minskning,okning,okning,False,False,False
1291,2019,C,validering,minskning,okning,okning,False,False,False
1382,2016,C,validering,okning,okning,okning,False,True,True
1382,2017,C,validering,minskning,okning,okning,False,False,False
1382,2018,C,validering,minskning,okning,okning,False,False,False
1382,2019,C,validering,minskning,okning,okning,False,False,False
1383,2016,C,validering,okning,okning,okning,False,True,True
1383,2017,C,validering,okning,okning,okning,False,True,True
1383,2018,C,validering,minskning,okning,okning,False,False,False
1383,2019,C,validering,minskning,okning,okning,False,False,False
1419,2016,C,validering,okning,okning,okning,False,True,True
1419,2017,C,validering,minskning,okning,okning,False,False,False
1419,2018,C,validering,minskning,okning,okning,False,False,False
1419,2019,C,validering,okning,okning,okning,False,True,True
1421,2016,C,validering,minskning,okning,okning,False,False,False
1421,2017,C,validering,minskning,okning,okning,False,False,False
1421,2018,C,validering,minskning,okning,okning,False,False,False
1421,2019,C,validering,okning,okning,okning,False,True,True
1427,2016,C,validering,minskning,okning,okning,False,False,False
1427,2017,C,validering,okning,okning,okning,False,True,True
1427,2018,C,validering,minskning,okning,okning,False,False,False
1427,2019,C,validering,okning,okning,okning,False,True,True
1430,2016,C,validering,minskning,okning,okning,False,False,False
1430,2017,C,validering,okning,okning,okning,False,True,True
1430,2018,C,validering,minskning,okning,okning,False,False,False
1430,2019,C,validering,minskning,okning,okning,False,False,False
1435,2016,C,validering,okning,okning,okning,False,True,True
1435,2017,C,validering,minskning,okning,okning,False,False,False
1435,2018,C,validering,minskning,okning,okning,False,False,False
1435,2019,C,validering,okning,okning,okning,False,True,True
1438,2016,C,validering,okning,okning,okning,False,True,True
1438,2017,C,validering,minskning,okning,okning,False,False,False
1438,2018,C,validering,okning,okning,okning,False,True,True
1438,2019,C,validering,minskning,okning,okning,False,False,False
1439,2016,C,validering,okning,okning,okning,False,True,True
1439,2017,C,validering,minskning,okning,okning,False,False,False
1439,2018,C,validering,okning,okning,okning,False,True,True
1439,2019,C,validering,okning,okning,okning,False,True,True
1442,2016,C,validering,okning,okning,okning,False,True,True
1442,2017,C,validering,minskning,okning,okning,False,False,False
1442,2018,C,validering,minskning,okning,okning,False,False,False
1442,2019,C,validering,minskning,okning,okning,False,False,False
1445,2016,C,validering,okning,okning,okning,False,True,True
1445,2017,C,validering,minskning,okning,okning,False,False,False
1445,2018,C,validering,minskning,okning,okning,False,False,False
1445,2019,C,validering,okning,okning,okning,False,True,True
1446,2016,C,validering,okning,okning,okning,False,True,True
1446,2017,C,validering,okning,okning,okning,False,True,True
1446,2018,C,validering,minskning,okning,okning,False,False,False
1446,2019,C,validering,okning,okning,okning,False,True,True
1447,2017,C,validering,minskning,okning,okning,False,False,False
1447,2018,C,validering,okning,okning,okning,False,True,True
1447,2019,C,validering,okning,okning,okning,False,True,True
1460,2016,C,validering,okning,okning,okning,False,True,True
1460,2017,C,validering,minskning,okning,okning,False,False,False
1460,2018,C,validering,okning,okning,okning,False,True,True
1460,2019,C,validering,minskning,okning,okning,False,False,False
1461,2016,C,validering,okning,okning,okning,False,True,True
1461,2017,C,validering,okning,okning,okning,False,True,True
1461,2018,C,validering,minskning,okning,okning,False,False,False
1461,2019,C,validering,minskning,okning,okning,False,False,False
1470,2016,C,validering,minskning,okning,okning,False,False,False
1470,2017,C,validering,okning,okning,okning,False,True,True
1470,2018,C,validering,minskning,okning,okning,False,False,False
1470,2019,C,validering,okning,okning,okning,False,True,True
1471,2016,C,validering,minskning,okning,okning,False,False,False
1471,2017,C,validering,okning,okning,okning,False,True,True
1471,2018,C,validering,minskning,okning,okning,False,False,False
1471,2019,C,validering,okning,okning,okning,False,True,True
1472,2016,C,validering,minskning,okning,okning,False,False,False
1472,2017,C,validering,okning,okning,okning,False,True,True
1472,2018,C,validering,minskning,okning,okning,False,False,False
1472,2019,C,validering,okning,okning,okning,False,True,True
1473,2016,C,validering,okning,okning,okning,False,True,True
1473,2017,C,validering,minskning,okning,okning,False,False,False
1473,2018,C,validering,minskning,okning,okning,False,False,False
1473,2019,C,validering,okning,okning,okning,False,True,True
1484,2016,C,validering,okning,okning,okning,False,True,True
1484,2017,C,validering,minskning,okning,okning,False,False,False
1484,2018,C,validering,minskning,okning,okning,False,False,False
1484,2019,C,validering,okning,okning,okning,False,True,True
1486,2016,C,validering,minskning,okning,okning,False,False,False
1486,2017,C,validering,minskning,okning,okning,False,False,False
1486,2018,C,validering,minskning,okning,okning,False,False,False
1486,2019,C,validering,minskning,okning,okning,False,False,False
1492,2016,C,validering,okning,okning,okning,False,True,True
1492,2017,C,validering,minskning,okning,okning,False,False,False
1492,2018,C,validering,okning,okning,okning,False,True,True
1492,2019,C,validering,minskning,okning,okning,False,False,False
1493,2016,C,validering,minskning,okning,okning,False,False,False
1493,2017,C,validering,minskning,okning,okning,False,False,False
1493,2018,C,validering,okning,okning,okning,False,True,True
1493,2019,C,validering,okning,okning,okning,False,True,True
1494,2016,C,validering,minskning,okning,okning,False,False,False
1494,2017,C,validering,okning,okning,okning,False,True,True
1494,2018,C,validering,minskning,okning,okning,False,False,False
1494,2019,C,validering,oforandrat,okning,okning,False,False,False
1495,2016,C,validering,okning,okning,okning,False,True,True
1495,2017,C,validering,minskning,okning,okning,False,False,False
1495,2018,C,validering,minskning,okning,okning,False,False,False
1495,2019,C,validering,okning,okning,okning,False,True,True
1496,2016,C,validering,minskning,okning,okning,False,False,False
1496,2017,C,validering,minskning,okning,okning,False,False,False
1496,2018,C,validering,oforandrat,okning,okning,False,False,False
1496,2019,C,validering,minskning,okning,okning,False,False,False
1497,2016,C,validering,minskning,okning,okning,False,False,False
1497,2017,C,validering,okning,okning,okning,False,True,True
1497,2018,C,validering,okning,okning,okning,False,True,True
1497,2019,C,validering,minskning,okning,okning,False,False,False
1498,2016,C,validering,minskning,okning,okning,False,False,False
1498,2017,C,validering,okning,okning,okning,False,True,True
1498,2018,C,validering,minskning,okning,okning,False,False,False
1498,2019,C,validering,minskning,okning,okning,False,False,False
1499,2016,C,validering,okning,okning,okning,False,True,True
1499,2017,C,validering,minskning,okning,okning,False,False,False
1499,2018,C,validering,okning,okning,okning,False,True,True
1499,2019,C,validering,okning,okning,okning,False,True,True
1730,2016,C,validering,minskning,okning,okning,False,False,False
1730,2017,C,validering,okning,okning,okning,False,True,True
1730,2018,C,validering,okning,okning,okning,False,True,True
1730,2019,C,validering,minskning,okning,okning,False,False,False
1737,2016,C,validering,okning,okning,okning,False,True,True
1737,2017,C,validering,minskning,okning,okning,False,False,False
1737,2018,C,validering,minskning,okning,okning,False,False,False
1737,2019,C,validering,okning,okning,okning,False,True,True
1760,2017,C,validering,okning,okning,okning,False,True,True
1760,2018,C,validering,minskning,okning,okning,False,False,False
1760,2019,C,validering,minskning,okning,okning,False,False,False
1765,2016,C,validering,okning,okning,okning,False,True,True
1765,2017,C,validering,minskning,okning,okning,False,False,False
1765,2018,C,validering,minskning,okning,okning,False,False,False
1765,2019,C,validering,okning,okning,okning,False,True,True
1766,2016,C,validering,okning,okning,okning,False,True,True
1766,2017,C,validering,minskning,okning,okning,False,False,False
1766,2018,C,validering,okning,okning,okning,False,True,True
1766,2019,C,validering,minskning,okning,okning,False,False,False
1782,2016,C,validering,okning,okning,okning,False,True,True
1782,2017,C,validering,okning,okning,okning,False,True,True
1782,2018,C,validering,minskning,okning,okning,False,False,False
1782,2019,C,validering,minskning,okning,okning,False,False,False
1783,2016,C,validering,okning,okning,okning,False,True,True
1783,2017,C,validering,minskning,okning,okning,False,False,False
1783,2018,C,validering,minskning,okning,okning,False,False,False
1783,2019,C,validering,okning,okning,okning,False,True,True
1784,2016,C,validering,okning,okning,okning,False,True,True
1784,2017,C,validering,minskning,okning,okning,False,False,False
1784,2018,C,validering,okning,okning,okning,False,True,True
1784,2019,C,validering,minskning,okning,okning,False,False,False
1785,2016,C,validering,okning,okning,okning,False,True,True
1785,2017,C,validering,minskning,okning,okning,False,False,False
1785,2018,C,validering,okning,okning,okning,False,True,True
1785,2019,C,validering,minskning,okning,okning,False,False,False
1862,2016,C,validering,okning,okning,okning,False,True,True
1862,2017,C,validering,okning,okning,okning,False,True,True
1862,2018,C,validering,okning,okning,okning,False,True,True
1862,2019,C,validering,minskning,okning,okning,False,False,False
1863,2016,C,validering,okning,okning,okning,False,True,True
1863,2017,C,validering,minskning,okning,okning,False,False,False
1863,2018,C,validering,minskning,okning,okning,False,False,False
1863,2019,C,validering,okning,okning,okning,False,True,True
1864,2016,C,validering,okning,okning,okning,False,True,True
1864,2017,C,validering,minskning,okning,okning,False,False,False
1864,2018,C,validering,okning,okning,okning,False,True,True
1864,2019,C,validering,okning,okning,okning,False,True,True
1883,2016,C,validering,minskning,okning,okning,False,False,False
1883,2017,C,validering,okning,okning,okning,False,True,True
1883,2018,C,validering,minskning,okning,okning,False,False,False
1883,2019,C,validering,minskning,okning,okning,False,False,False
1904,2016,C,validering,minskning,okning,okning,False,False,False
1904,2017,C,validering,minskning,okning,okning,False,False,False
1904,2018,C,validering,minskning,okning,okning,False,False,False
1904,2019,C,validering,okning,okning,okning,False,True,True
1960,2016,C,validering,okning,okning,okning,False,True,True
1960,2017,C,validering,okning,okning,okning,False,True,True
1960,2018,C,validering,minskning,okning,okning,False,False,False
1960,2019,C,validering,minskning,okning,okning,False,False,False
1962,2016,C,validering,minskning,okning,okning,False,False,False
1962,2017,C,validering,okning,okning,okning,False,True,True
1962,2018,C,validering,okning,okning,okning,False,True,True
1962,2019,C,validering,minskning,okning,okning,False,False,False
1982,2016,C,validering,minskning,okning,okning,False,False,False
1982,2017,C,validering,okning,okning,okning,False,True,True
1982,2018,C,validering,minskning,okning,okning,False,False,False
1982,2019,C,validering,minskning,okning,okning,False,False,False
1984,2016,C,validering,okning,okning,okning,False,True,True
1984,2017,C,validering,okning,okning,okning,False,True,True
1984,2018,C,validering,minskning,okning,okning,False,False,False
1984,2019,C,validering,minskning,okning,okning,False,False,False
2021,2016,C,validering,minskning,okning,okning,False,False,False
2021,2017,C,validering,okning,okning,okning,False,True,True
2021,2018,C,validering,minskning,okning,okning,False,False,False
2021,2019,C,validering,okning,okning,okning,False,True,True
2023,2016,C,validering,minskning,okning,okning,False,False,False
2023,2017,C,validering,okning,okning,okning,False,True,True
2023,2018,C,validering,minskning,okning,okning,False,False,False
2023,2019,C,validering,okning,okning,okning,False,True,True
2029,2016,C,validering,minskning,okning,okning,False,False,False
2029,2017,C,validering,minskning,okning,okning,False,False,False
2029,2018,C,validering,okning,okning,okning,False,True,True
2029,2019,C,validering,minskning,okning,okning,False,False,False
2031,2016,C,validering,okning,okning,okning,False,True,True
2031,2017,C,validering,okning,okning,okning,False,True,True
2031,2018,C,validering,minskning,okning,okning,False,False,False
2031,2019,C,validering,minskning,okning,okning,False,False,False
2034,2016,C,validering,okning,okning,okning,False,True,True
2034,2017,C,validering,okning,okning,okning,False,True,True
2034,2018,C,validering,minskning,okning,okning,False,False,False
2034,2019,C,validering,okning,okning,okning,False,True,True
2039,2016,C,validering,okning,okning,okning,False,True,True
2039,2017,C,validering,okning,okning,okning,False,True,True
2039,2018,C,validering,okning,okning,okning,False,True,True
2039,2019,C,validering,minskning,okning,okning,False,False,False
2061,2016,C,validering,okning,okning,okning,False,True,True
2061,2017,C,validering,minskning,okning,okning,False,False,False
2061,2018,C,validering,minskning,okning,okning,False,False,False
2061,2019,C,validering,minskning,okning,okning,False,False,False
2062,2016,C,validering,okning,okning,okning,False,True,True
2062,2017,C,validering,minskning,okning,okning,False,False,False
2062,2018,C,validering,okning,okning,okning,False,True,True
2062,2019,C,validering,minskning,okning,okning,False,False,False
2080,2016,C,validering,minskning,okning,okning,False,False,False
2080,2017,C,validering,minskning,okning,okning,False,False,False
2080,2018,C,validering,okning,okning,okning,False,True,True
2080,2019,C,validering,minskning,okning,okning,False,False,False
2083,2016,C,validering,minskning,okning,okning,False,False,False
2083,2017,C,validering,okning,okning,okning,False,True,True
2083,2018,C,validering,minskning,okning,okning,False,False,False
2083,2019,C,validering,minskning,okning,okning,False,False,False
2084,2016,C,validering,okning,okning,okning,False,True,True
2084,2017,C,validering,minskning,okning,okning,False,False,False
2084,2018,C,validering,okning,okning,okning,False,True,True
2084,2019,C,validering,minskning,okning,okning,False,False,False
2085,2016,C,validering,okning,okning,okning,False,True,True
2085,2017,C,validering,minskning,okning,okning,False,False,False
2085,2018,C,validering,minskning,okning,okning,False,False,False
2085,2019,C,validering,okning,okning,okning,False,True,True
2104,2016,C,validering,minskning,okning,okning,False,False,False
2104,2017,C,validering,minskning,okning,okning,False,False,False
2104,2018,C,validering,minskning,okning,okning,False,False,False
2104,2019,C,validering,okning,okning,okning,False,True,True
2121,2016,C,validering,minskning,okning,okning,False,False,False
2121,2017,C,validering,minskning,okning,okning,False,False,False
2121,2018,C,validering,okning,okning,okning,False,True,True
2121,2019,C,validering,okning,okning,okning,False,True,True
2132,2016,C,validering,okning,okning,okning,False,True,True
2132,2017,C,validering,okning,okning,okning,False,True,True
2132,2018,C,validering,minskning,okning,okning,False,False,False
2132,2019,C,validering,minskning,okning,okning,False,False,False
2161,2016,C,validering,okning,okning,okning,False,True,True
2161,2017,C,validering,minskning,okning,okning,False,False,False
2161,2018,C,validering,okning,okning,okning,False,True,True
2161,2019,C,validering,minskning,okning,okning,False,False,False
2182,2016,C,validering,minskning,okning,okning,False,False,False
2182,2017,C,validering,minskning,okning,okning,False,False,False
2182,2018,C,validering,okning,okning,okning,False,True,True
2182,2019,C,validering,minskning,okning,okning,False,False,False
2183,2016,C,validering,minskning,okning,okning,False,False,False
2183,2017,C,validering,minskning,okning,okning,False,False,False
2183,2018,C,validering,okning,okning,okning,False,True,True
2183,2019,C,validering,minskning,okning,okning,False,False,False
2184,2016,C,validering,minskning,okning,okning,False,False,False
2184,2017,C,validering,okning,okning,okning,False,True,True
2184,2018,C,validering,minskning,okning,okning,False,False,False
2184,2019,C,validering,okning,okning,okning,False,True,True
2260,2016,C,validering,minskning,okning,okning,False,False,False
2260,2017,C,validering,minskning,okning,okning,False,False,False
2260,2018,C,validering,okning,okning,okning,False,True,True
2260,2019,C,validering,okning,okning,okning,False,True,True
2280,2016,C,validering,minskning,okning,okning,False,False,False
2280,2017,C,validering,okning,okning,okning,False,True,True
2280,2018,C,validering,okning,okning,okning,False,True,True
2280,2019,C,validering,minskning,okning,okning,False,False,False
2282,2016,C,validering,minskning,okning,okning,False,False,False
2282,2017,C,validering,okning,okning,okning,False,True,True
2282,2018,C,validering,minskning,okning,okning,False,False,False
2282,2019,C,validering,minskning,okning,okning,False,False,False
2283,2016,C,validering,minskning,okning,okning,False,False,False
2283,2017,C,validering,minskning,okning,okning,False,False,False
2283,2018,C,validering,okning,okning,okning,False,True,True
2283,2019,C,validering,minskning,okning,okning,False,False,False
2284,2016,C,validering,okning,okning,okning,False,True,True
2284,2017,C,validering,minskning,okning,okning,False,False,False
2284,2018,C,validering,okning,okning,okning,False,True,True
2284,2019,C,validering,minskning,okning,okning,False,False,False
2303,2016,C,validering,minskning,okning,okning,False,False,False
2303,2017,C,validering,okning,okning,okning,False,True,True
2303,2018,C,validering,minskning,okning,okning,False,False,False
2303,2019,C,validering,okning,okning,okning,False,True,True
2313,2016,C,validering,minskning,okning,okning,False,False,False
2313,2017,C,validering,okning,okning,okning,False,True,True
2313,2018,C,validering,okning,okning,okning,False,True,True
2313,2019,C,validering,minskning,okning,okning,False,False,False
2321,2016,C,validering,okning,okning,okning,False,True,True
2321,2017,C,validering,okning,okning,okning,False,True,True
2321,2018,C,validering,minskning,okning,okning,False,False,False
2321,2019,C,validering,minskning,okning,okning,False,False,False
2361,2016,C,validering,minskning,okning,okning,False,False,False
2361,2017,C,validering,okning,okning,okning,False,True,True
2361,2018,C,validering,minskning,okning,okning,False,False,False
2361,2019,C,validering,okning,okning,okning,False,True,True
2417,2016,C,validering,okning,okning,okning,False,True,True
2417,2017,C,validering,minskning,okning,okning,False,False,False
2417,2018,C,validering,okning,okning,okning,False,True,True
2417,2019,C,validering,minskning,okning,okning,False,False,False
2418,2017,C,validering,minskning,okning,okning,False,False,False
2418,2018,C,validering,okning,okning,okning,False,True,True
2421,2016,C,validering,okning,okning,okning,False,True,True
2421,2017,C,validering,okning,okning,okning,False,True,True
2421,2018,C,validering,okning,okning,okning,False,True,True
2421,2019,C,validering,minskning,okning,okning,False,False,False
2462,2016,C,validering,okning,okning,okning,False,True,True
2462,2017,C,validering,minskning,okning,okning,False,False,False
2462,2018,C,validering,okning,okning,okning,False,True,True
2462,2019,C,validering,okning,okning,okning,False,True,True
2481,2016,C,validering,minskning,okning,okning,False,False,False
2481,2017,C,validering,okning,okning,okning,False,True,True
2481,2018,C,validering,minskning,okning,okning,False,False,False
2481,2019,C,validering,minskning,okning,okning,False,False,False
2482,2016,C,validering,okning,okning,okning,False,True,True
2482,2017,C,validering,oforandrat,okning,okning,False,False,False
2482,2018,C,validering,minskning,okning,okning,False,False,False
2482,2019,C,validering,minskning,okning,okning,False,False,False
2505,2016,C,validering,minskning,okning,okning,False,False,False
2505,2017,C,validering,minskning,okning,okning,False,False,False
2505,2018,C,validering,okning,okning,okning,False,True,True
2505,2019,C,validering,minskning,okning,okning,False,False,False
2510,2016,C,validering,okning,okning,okning,False,True,True
2510,2017,C,validering,minskning,okning,okning,False,False,False
2510,2018,C,validering,okning,okning,okning,False,True,True
2510,2019,C,validering,minskning,okning,okning,False,False,False
2514,2016,C,validering,minskning,okning,okning,False,False,False
2514,2017,C,validering,okning,okning,okning,False,True,True
2514,2018,C,validering,minskning,okning,okning,False,False,False
2514,2019,C,validering,okning,okning,okning,False,True,True
2518,2019,C,validering,oforandrat,okning,okning,False,False,False
2521,2016,C,validering,okning,okning,okning,False,True,True
2521,2017,C,validering,okning,okning,okning,False,True,True
2521,2018,C,validering,minskning,okning,okning,False,False,False
2521,2019,C,validering,okning,okning,okning,False,True,True
2523,2016,C,validering,minskning,okning,okning,False,False,False
2523,2017,C,validering,okning,okning,okning,False,True,True
2523,2018,C,validering,minskning,okning,okning,False,False,False
2523,2019,C,validering,minskning,okning,okning,False,False,False
2581,2016,C,validering,okning,okning,okning,False,True,True
2581,2017,C,validering,oforandrat,okning,okning,False,False,False
2581,2018,C,validering,minskning,okning,okning,False,False,False
2581,2019,C,validering,okning,okning,okning,False,True,True
2583,2016,C,validering,minskning,okning,okning,False,False,False
2583,2017,C,validering,minskning,okning,okning,False,False,False
2583,2018,C,validering,okning,okning,okning,False,True,True
2583,2019,C,validering,okning,okning,okning,False,True,True
2584,2016,C,validering,okning,okning,okning,False,True,True
2584,2017,C,validering,minskning,okning,okning,False,False,False
2584,2018,C,validering,okning,okning,okning,False,True,True
2584,2019,C,validering,minskning,okning,okning,False,False,False
0188,2020,C,senare_ar,minskning,okning,okning,False,False,False
0188,2021,C,senare_ar,oforandrat,okning,okning,False,False,False
0188,2022,C,senare_ar,minskning,okning,okning,False,False,False
0188,2023,C,senare_ar,minskning,okning,okning,False,False,False
0188,2024,C,senare_ar,minskning,okning,okning,False,False,False
0188,2025,C,senare_ar,okning,okning,okning,False,True,True
0428,2020,C,senare_ar,okning,okning,okning,False,True,True
0428,2021,C,senare_ar,minskning,okning,okning,False,False,False
0428,2022,C,senare_ar,minskning,okning,okning,False,False,False
0428,2023,C,senare_ar,minskning,okning,okning,False,False,False
0428,2024,C,senare_ar,okning,okning,okning,False,True,True
0428,2025,C,senare_ar,okning,okning,okning,False,True,True
0480,2020,C,senare_ar,minskning,okning,okning,False,False,False
0480,2021,C,senare_ar,okning,okning,okning,False,True,True
0480,2022,C,senare_ar,minskning,okning,okning,False,False,False
0480,2023,C,senare_ar,minskning,okning,okning,False,False,False
0480,2024,C,senare_ar,okning,okning,okning,False,True,True
0480,2025,C,senare_ar,minskning,okning,okning,False,False,False
0481,2020,C,senare_ar,minskning,okning,okning,False,False,False
0481,2021,C,senare_ar,minskning,okning,okning,False,False,False
0481,2022,C,senare_ar,okning,okning,okning,False,True,True
0481,2023,C,senare_ar,minskning,okning,okning,False,False,False
0481,2024,C,senare_ar,okning,okning,okning,False,True,True
0481,2025,C,senare_ar,minskning,okning,okning,False,False,False
0482,2020,C,senare_ar,okning,okning,okning,False,True,True
0482,2021,C,senare_ar,okning,okning,okning,False,True,True
0482,2022,C,senare_ar,minskning,okning,okning,False,False,False
0482,2023,C,senare_ar,minskning,okning,okning,False,False,False
0482,2024,C,senare_ar,okning,okning,okning,False,True,True
0482,2025,C,senare_ar,minskning,okning,okning,False,False,False
0483,2020,C,senare_ar,minskning,okning,okning,False,False,False
0483,2021,C,senare_ar,minskning,okning,okning,False,False,False
0483,2022,C,senare_ar,minskning,okning,okning,False,False,False
0483,2023,C,senare_ar,minskning,okning,okning,False,False,False
0483,2024,C,senare_ar,okning,okning,okning,False,True,True
0483,2025,C,senare_ar,minskning,okning,okning,False,False,False
0509,2020,C,senare_ar,okning,okning,okning,False,True,True
0509,2021,C,senare_ar,minskning,okning,okning,False,False,False
0509,2022,C,senare_ar,okning,okning,okning,False,True,True
0509,2023,C,senare_ar,minskning,okning,okning,False,False,False
0509,2024,C,senare_ar,minskning,okning,okning,False,False,False
0509,2025,C,senare_ar,okning,okning,okning,False,True,True
0512,2020,C,senare_ar,minskning,okning,okning,False,False,False
0512,2021,C,senare_ar,okning,okning,okning,False,True,True
0560,2020,C,senare_ar,minskning,okning,okning,False,False,False
0560,2021,C,senare_ar,okning,okning,okning,False,True,True
0560,2022,C,senare_ar,minskning,okning,okning,False,False,False
0560,2023,C,senare_ar,minskning,okning,okning,False,False,False
0560,2024,C,senare_ar,minskning,okning,okning,False,False,False
0560,2025,C,senare_ar,okning,okning,okning,False,True,True
0584,2020,C,senare_ar,okning,okning,okning,False,True,True
0584,2021,C,senare_ar,minskning,okning,okning,False,False,False
0584,2022,C,senare_ar,minskning,okning,okning,False,False,False
0584,2023,C,senare_ar,okning,okning,okning,False,True,True
0584,2024,C,senare_ar,minskning,okning,okning,False,False,False
0584,2025,C,senare_ar,minskning,okning,okning,False,False,False
0617,2020,C,senare_ar,minskning,okning,okning,False,False,False
0617,2021,C,senare_ar,okning,okning,okning,False,True,True
0617,2022,C,senare_ar,minskning,okning,okning,False,False,False
0617,2023,C,senare_ar,okning,okning,okning,False,True,True
0617,2024,C,senare_ar,minskning,okning,okning,False,False,False
0617,2025,C,senare_ar,minskning,okning,okning,False,False,False
0662,2020,C,senare_ar,minskning,okning,okning,False,False,False
0662,2021,C,senare_ar,okning,okning,okning,False,True,True
0662,2022,C,senare_ar,minskning,okning,okning,False,False,False
0662,2023,C,senare_ar,minskning,okning,okning,False,False,False
0662,2024,C,senare_ar,okning,okning,okning,False,True,True
0662,2025,C,senare_ar,minskning,okning,okning,False,False,False
0683,2020,C,senare_ar,minskning,okning,okning,False,False,False
0683,2021,C,senare_ar,okning,okning,okning,False,True,True
0683,2022,C,senare_ar,oforandrat,okning,okning,False,False,False
0683,2023,C,senare_ar,minskning,okning,okning,False,False,False
0683,2024,C,senare_ar,oforandrat,okning,okning,False,False,False
0683,2025,C,senare_ar,okning,okning,okning,False,True,True
0684,2020,C,senare_ar,okning,okning,okning,False,True,True
0684,2021,C,senare_ar,minskning,okning,okning,False,False,False
0684,2022,C,senare_ar,okning,okning,okning,False,True,True
0684,2023,C,senare_ar,minskning,okning,okning,False,False,False
0684,2024,C,senare_ar,minskning,okning,okning,False,False,False
0684,2025,C,senare_ar,okning,okning,okning,False,True,True
0685,2020,C,senare_ar,okning,okning,okning,False,True,True
0685,2021,C,senare_ar,minskning,okning,okning,False,False,False
0685,2022,C,senare_ar,minskning,okning,okning,False,False,False
0685,2023,C,senare_ar,okning,okning,okning,False,True,True
0685,2024,C,senare_ar,okning,okning,okning,False,True,True
0685,2025,C,senare_ar,minskning,okning,okning,False,False,False
0686,2020,C,senare_ar,okning,okning,okning,False,True,True
0686,2021,C,senare_ar,minskning,okning,okning,False,False,False
0686,2022,C,senare_ar,minskning,okning,okning,False,False,False
0686,2023,C,senare_ar,minskning,okning,okning,False,False,False
0686,2024,C,senare_ar,minskning,okning,okning,False,False,False
0686,2025,C,senare_ar,minskning,okning,okning,False,False,False
0687,2020,C,senare_ar,okning,okning,okning,False,True,True
0687,2021,C,senare_ar,minskning,okning,okning,False,False,False
0687,2022,C,senare_ar,okning,okning,okning,False,True,True
0687,2023,C,senare_ar,minskning,okning,okning,False,False,False
0687,2024,C,senare_ar,okning,okning,okning,False,True,True
0687,2025,C,senare_ar,okning,okning,okning,False,True,True
0765,2020,C,senare_ar,minskning,okning,okning,False,False,False
0765,2021,C,senare_ar,minskning,okning,okning,False,False,False
0765,2022,C,senare_ar,minskning,okning,okning,False,False,False
0765,2023,C,senare_ar,okning,okning,okning,False,True,True
0765,2024,C,senare_ar,minskning,okning,okning,False,False,False
0765,2025,C,senare_ar,minskning,okning,okning,False,False,False
0767,2020,C,senare_ar,oforandrat,okning,okning,False,False,False
0767,2021,C,senare_ar,minskning,okning,okning,False,False,False
0767,2022,C,senare_ar,minskning,okning,okning,False,False,False
0767,2023,C,senare_ar,okning,okning,okning,False,True,True
0767,2024,C,senare_ar,okning,okning,okning,False,True,True
0767,2025,C,senare_ar,okning,okning,okning,False,True,True
0781,2020,C,senare_ar,minskning,okning,okning,False,False,False
0781,2021,C,senare_ar,minskning,okning,okning,False,False,False
0781,2022,C,senare_ar,minskning,okning,okning,False,False,False
0781,2023,C,senare_ar,okning,okning,okning,False,True,True
0781,2024,C,senare_ar,minskning,okning,okning,False,False,False
0781,2025,C,senare_ar,oforandrat,okning,okning,False,False,False
0821,2020,C,senare_ar,minskning,okning,okning,False,False,False
0821,2021,C,senare_ar,minskning,okning,okning,False,False,False
0821,2022,C,senare_ar,okning,okning,okning,False,True,True
0821,2023,C,senare_ar,minskning,okning,okning,False,False,False
0821,2024,C,senare_ar,okning,okning,okning,False,True,True
0821,2025,C,senare_ar,minskning,okning,okning,False,False,False
0860,2020,C,senare_ar,okning,okning,okning,False,True,True
0860,2021,C,senare_ar,minskning,okning,okning,False,False,False
0860,2022,C,senare_ar,minskning,okning,okning,False,False,False
0860,2023,C,senare_ar,minskning,okning,okning,False,False,False
0860,2024,C,senare_ar,okning,okning,okning,False,True,True
0860,2025,C,senare_ar,okning,okning,okning,False,True,True
0861,2020,C,senare_ar,okning,okning,okning,False,True,True
0861,2021,C,senare_ar,okning,okning,okning,False,True,True
0861,2022,C,senare_ar,minskning,okning,okning,False,False,False
0861,2023,C,senare_ar,minskning,okning,okning,False,False,False
0861,2024,C,senare_ar,minskning,okning,okning,False,False,False
0861,2025,C,senare_ar,okning,okning,okning,False,True,True
0862,2020,C,senare_ar,minskning,okning,okning,False,False,False
0862,2021,C,senare_ar,minskning,okning,okning,False,False,False
0862,2022,C,senare_ar,okning,okning,okning,False,True,True
0862,2023,C,senare_ar,oforandrat,okning,okning,False,False,False
0862,2024,C,senare_ar,minskning,okning,okning,False,False,False
0862,2025,C,senare_ar,minskning,okning,okning,False,False,False
0882,2020,C,senare_ar,minskning,okning,okning,False,False,False
0882,2021,C,senare_ar,minskning,okning,okning,False,False,False
0882,2022,C,senare_ar,minskning,okning,okning,False,False,False
0882,2023,C,senare_ar,okning,okning,okning,False,True,True
0882,2024,C,senare_ar,minskning,okning,okning,False,False,False
0882,2025,C,senare_ar,minskning,okning,okning,False,False,False
0883,2020,C,senare_ar,okning,okning,okning,False,True,True
0883,2021,C,senare_ar,okning,okning,okning,False,True,True
0883,2022,C,senare_ar,minskning,okning,okning,False,False,False
0883,2023,C,senare_ar,okning,okning,okning,False,True,True
0883,2024,C,senare_ar,okning,okning,okning,False,True,True
0883,2025,C,senare_ar,minskning,okning,okning,False,False,False
0884,2020,C,senare_ar,okning,okning,okning,False,True,True
0884,2021,C,senare_ar,minskning,okning,okning,False,False,False
0884,2022,C,senare_ar,okning,okning,okning,False,True,True
0884,2023,C,senare_ar,minskning,okning,okning,False,False,False
0884,2024,C,senare_ar,okning,okning,okning,False,True,True
0884,2025,C,senare_ar,minskning,okning,okning,False,False,False
0885,2020,C,senare_ar,okning,okning,okning,False,True,True
0885,2021,C,senare_ar,okning,okning,okning,False,True,True
0885,2022,C,senare_ar,minskning,okning,okning,False,False,False
0885,2023,C,senare_ar,okning,okning,okning,False,True,True
0885,2024,C,senare_ar,minskning,okning,okning,False,False,False
0885,2025,C,senare_ar,okning,okning,okning,False,True,True
0980,2020,C,senare_ar,minskning,okning,okning,False,False,False
0980,2021,C,senare_ar,okning,okning,okning,False,True,True
0980,2022,C,senare_ar,minskning,okning,okning,False,False,False
0980,2023,C,senare_ar,minskning,okning,okning,False,False,False
0980,2024,C,senare_ar,minskning,okning,okning,False,False,False
0980,2025,C,senare_ar,okning,okning,okning,False,True,True
1060,2020,C,senare_ar,okning,okning,okning,False,True,True
1060,2021,C,senare_ar,okning,okning,okning,False,True,True
1060,2022,C,senare_ar,minskning,okning,okning,False,False,False
1060,2023,C,senare_ar,minskning,okning,okning,False,False,False
1060,2024,C,senare_ar,minskning,okning,okning,False,False,False
1060,2025,C,senare_ar,okning,okning,okning,False,True,True
1080,2020,C,senare_ar,okning,okning,okning,False,True,True
1080,2021,C,senare_ar,minskning,okning,okning,False,False,False
1080,2022,C,senare_ar,minskning,okning,okning,False,False,False
1080,2023,C,senare_ar,minskning,okning,okning,False,False,False
1080,2024,C,senare_ar,minskning,okning,okning,False,False,False
1080,2025,C,senare_ar,okning,okning,okning,False,True,True
1081,2020,C,senare_ar,minskning,okning,okning,False,False,False
1081,2021,C,senare_ar,okning,okning,okning,False,True,True
1081,2022,C,senare_ar,minskning,okning,okning,False,False,False
1081,2023,C,senare_ar,minskning,okning,okning,False,False,False
1081,2024,C,senare_ar,minskning,okning,okning,False,False,False
1081,2025,C,senare_ar,okning,okning,okning,False,True,True
1082,2020,C,senare_ar,minskning,okning,okning,False,False,False
1082,2021,C,senare_ar,minskning,okning,okning,False,False,False
1082,2022,C,senare_ar,okning,okning,okning,False,True,True
1082,2023,C,senare_ar,minskning,okning,okning,False,False,False
1082,2024,C,senare_ar,minskning,okning,okning,False,False,False
1082,2025,C,senare_ar,okning,okning,okning,False,True,True
1267,2020,C,senare_ar,okning,okning,okning,False,True,True
1267,2021,C,senare_ar,okning,okning,okning,False,True,True
1267,2022,C,senare_ar,minskning,okning,okning,False,False,False
1267,2023,C,senare_ar,okning,okning,okning,False,True,True
1267,2024,C,senare_ar,okning,okning,okning,False,True,True
1267,2025,C,senare_ar,minskning,okning,okning,False,False,False
1270,2020,C,senare_ar,okning,okning,okning,False,True,True
1270,2021,C,senare_ar,minskning,okning,okning,False,False,False
1270,2022,C,senare_ar,minskning,okning,okning,False,False,False
1270,2023,C,senare_ar,okning,okning,okning,False,True,True
1270,2024,C,senare_ar,minskning,okning,okning,False,False,False
1270,2025,C,senare_ar,okning,okning,okning,False,True,True
1273,2020,C,senare_ar,minskning,okning,okning,False,False,False
1273,2021,C,senare_ar,okning,okning,okning,False,True,True
1273,2022,C,senare_ar,minskning,okning,okning,False,False,False
1273,2023,C,senare_ar,okning,okning,okning,False,True,True
1273,2024,C,senare_ar,minskning,okning,okning,False,False,False
1273,2025,C,senare_ar,okning,okning,okning,False,True,True
1278,2020,C,senare_ar,okning,okning,okning,False,True,True
1278,2021,C,senare_ar,okning,okning,okning,False,True,True
1278,2022,C,senare_ar,minskning,okning,okning,False,False,False
1278,2023,C,senare_ar,okning,okning,okning,False,True,True
1278,2024,C,senare_ar,minskning,okning,okning,False,False,False
1278,2025,C,senare_ar,okning,okning,okning,False,True,True
1286,2020,C,senare_ar,okning,okning,okning,False,True,True
1286,2021,C,senare_ar,okning,okning,okning,False,True,True
1286,2022,C,senare_ar,minskning,okning,okning,False,False,False
1286,2023,C,senare_ar,minskning,okning,okning,False,False,False
1286,2024,C,senare_ar,minskning,okning,okning,False,False,False
1286,2025,C,senare_ar,okning,okning,okning,False,True,True
1291,2020,C,senare_ar,oforandrat,okning,okning,False,False,False
1291,2021,C,senare_ar,oforandrat,okning,okning,False,False,False
1291,2022,C,senare_ar,minskning,okning,okning,False,False,False
1291,2023,C,senare_ar,okning,okning,okning,False,True,True
1291,2024,C,senare_ar,minskning,okning,okning,False,False,False
1291,2025,C,senare_ar,okning,okning,okning,False,True,True
1382,2020,C,senare_ar,okning,okning,okning,False,True,True
1382,2021,C,senare_ar,minskning,okning,okning,False,False,False
1382,2022,C,senare_ar,minskning,okning,okning,False,False,False
1382,2023,C,senare_ar,minskning,okning,okning,False,False,False
1382,2024,C,senare_ar,minskning,okning,okning,False,False,False
1382,2025,C,senare_ar,minskning,okning,okning,False,False,False
1383,2020,C,senare_ar,minskning,okning,okning,False,False,False
1383,2021,C,senare_ar,okning,okning,okning,False,True,True
1383,2022,C,senare_ar,minskning,okning,okning,False,False,False
1383,2023,C,senare_ar,minskning,okning,okning,False,False,False
1383,2024,C,senare_ar,okning,okning,okning,False,True,True
1383,2025,C,senare_ar,okning,okning,okning,False,True,True
1419,2020,C,senare_ar,minskning,okning,okning,False,False,False
1419,2021,C,senare_ar,minskning,okning,okning,False,False,False
1419,2022,C,senare_ar,minskning,okning,okning,False,False,False
1419,2023,C,senare_ar,minskning,okning,okning,False,False,False
1419,2024,C,senare_ar,okning,okning,okning,False,True,True
1419,2025,C,senare_ar,okning,okning,okning,False,True,True
1421,2020,C,senare_ar,minskning,okning,okning,False,False,False
1421,2021,C,senare_ar,okning,okning,okning,False,True,True
1421,2022,C,senare_ar,minskning,okning,okning,False,False,False
1421,2023,C,senare_ar,minskning,okning,okning,False,False,False
1421,2024,C,senare_ar,okning,okning,okning,False,True,True
1421,2025,C,senare_ar,okning,okning,okning,False,True,True
1427,2020,C,senare_ar,minskning,okning,okning,False,False,False
1427,2021,C,senare_ar,okning,okning,okning,False,True,True
1427,2022,C,senare_ar,minskning,okning,okning,False,False,False
1427,2023,C,senare_ar,okning,okning,okning,False,True,True
1427,2024,C,senare_ar,okning,okning,okning,False,True,True
1427,2025,C,senare_ar,okning,okning,okning,False,True,True
1430,2020,C,senare_ar,minskning,okning,okning,False,False,False
1430,2021,C,senare_ar,okning,okning,okning,False,True,True
1430,2022,C,senare_ar,okning,okning,okning,False,True,True
1430,2023,C,senare_ar,minskning,okning,okning,False,False,False
1430,2024,C,senare_ar,okning,okning,okning,False,True,True
1430,2025,C,senare_ar,okning,okning,okning,False,True,True
1435,2020,C,senare_ar,minskning,okning,okning,False,False,False
1435,2021,C,senare_ar,minskning,okning,okning,False,False,False
1435,2022,C,senare_ar,okning,okning,okning,False,True,True
1435,2023,C,senare_ar,minskning,okning,okning,False,False,False
1435,2024,C,senare_ar,minskning,okning,okning,False,False,False
1435,2025,C,senare_ar,minskning,okning,okning,False,False,False
1438,2020,C,senare_ar,minskning,okning,okning,False,False,False
1438,2021,C,senare_ar,okning,okning,okning,False,True,True
1438,2022,C,senare_ar,minskning,okning,okning,False,False,False
1438,2025,C,senare_ar,okning,okning,okning,False,True,True
1439,2020,C,senare_ar,minskning,okning,okning,False,False,False
1439,2021,C,senare_ar,minskning,okning,okning,False,False,False
1439,2022,C,senare_ar,okning,okning,okning,False,True,True
1439,2023,C,senare_ar,minskning,okning,okning,False,False,False
1439,2024,C,senare_ar,okning,okning,okning,False,True,True
1439,2025,C,senare_ar,minskning,okning,okning,False,False,False
1442,2020,C,senare_ar,minskning,okning,okning,False,False,False
1442,2021,C,senare_ar,minskning,okning,okning,False,False,False
1442,2022,C,senare_ar,minskning,okning,okning,False,False,False
1442,2023,C,senare_ar,okning,okning,okning,False,True,True
1442,2024,C,senare_ar,minskning,okning,okning,False,False,False
1442,2025,C,senare_ar,minskning,okning,okning,False,False,False
1445,2020,C,senare_ar,minskning,okning,okning,False,False,False
1445,2021,C,senare_ar,okning,okning,okning,False,True,True
1445,2022,C,senare_ar,okning,okning,okning,False,True,True
1445,2023,C,senare_ar,minskning,okning,okning,False,False,False
1445,2024,C,senare_ar,okning,okning,okning,False,True,True
1445,2025,C,senare_ar,minskning,okning,okning,False,False,False
1446,2020,C,senare_ar,minskning,okning,okning,False,False,False
1446,2021,C,senare_ar,minskning,okning,okning,False,False,False
1446,2022,C,senare_ar,minskning,okning,okning,False,False,False
1446,2023,C,senare_ar,minskning,okning,okning,False,False,False
1446,2024,C,senare_ar,okning,okning,okning,False,True,True
1446,2025,C,senare_ar,minskning,okning,okning,False,False,False
1447,2020,C,senare_ar,minskning,okning,okning,False,False,False
1447,2021,C,senare_ar,okning,okning,okning,False,True,True
1447,2022,C,senare_ar,minskning,okning,okning,False,False,False
1447,2023,C,senare_ar,okning,okning,okning,False,True,True
1460,2020,C,senare_ar,minskning,okning,okning,False,False,False
1460,2021,C,senare_ar,minskning,okning,okning,False,False,False
1460,2022,C,senare_ar,okning,okning,okning,False,True,True
1460,2023,C,senare_ar,minskning,okning,okning,False,False,False
1460,2024,C,senare_ar,okning,okning,okning,False,True,True
1460,2025,C,senare_ar,okning,okning,okning,False,True,True
1461,2020,C,senare_ar,okning,okning,okning,False,True,True
1461,2021,C,senare_ar,minskning,okning,okning,False,False,False
1461,2022,C,senare_ar,okning,okning,okning,False,True,True
1461,2023,C,senare_ar,minskning,okning,okning,False,False,False
1461,2024,C,senare_ar,minskning,okning,okning,False,False,False
1461,2025,C,senare_ar,okning,okning,okning,False,True,True
1470,2020,C,senare_ar,minskning,okning,okning,False,False,False
1470,2021,C,senare_ar,okning,okning,okning,False,True,True
1470,2022,C,senare_ar,minskning,okning,okning,False,False,False
1470,2023,C,senare_ar,okning,okning,okning,False,True,True
1470,2024,C,senare_ar,minskning,okning,okning,False,False,False
1470,2025,C,senare_ar,minskning,okning,okning,False,False,False
1471,2020,C,senare_ar,minskning,okning,okning,False,False,False
1471,2021,C,senare_ar,okning,okning,okning,False,True,True
1471,2022,C,senare_ar,okning,okning,okning,False,True,True
1471,2023,C,senare_ar,minskning,okning,okning,False,False,False
1471,2024,C,senare_ar,minskning,okning,okning,False,False,False
1471,2025,C,senare_ar,okning,okning,okning,False,True,True
1472,2020,C,senare_ar,okning,okning,okning,False,True,True
1472,2021,C,senare_ar,minskning,okning,okning,False,False,False
1472,2022,C,senare_ar,okning,okning,okning,False,True,True
1472,2023,C,senare_ar,minskning,okning,okning,False,False,False
1472,2024,C,senare_ar,minskning,okning,okning,False,False,False
1472,2025,C,senare_ar,okning,okning,okning,False,True,True
1473,2020,C,senare_ar,okning,okning,okning,False,True,True
1473,2021,C,senare_ar,minskning,okning,okning,False,False,False
1473,2022,C,senare_ar,minskning,okning,okning,False,False,False
1473,2023,C,senare_ar,okning,okning,okning,False,True,True
1473,2024,C,senare_ar,minskning,okning,okning,False,False,False
1473,2025,C,senare_ar,okning,okning,okning,False,True,True
1484,2020,C,senare_ar,minskning,okning,okning,False,False,False
1484,2021,C,senare_ar,minskning,okning,okning,False,False,False
1484,2022,C,senare_ar,minskning,okning,okning,False,False,False
1484,2023,C,senare_ar,okning,okning,okning,False,True,True
1484,2024,C,senare_ar,minskning,okning,okning,False,False,False
1484,2025,C,senare_ar,okning,okning,okning,False,True,True
1486,2020,C,senare_ar,okning,okning,okning,False,True,True
1486,2021,C,senare_ar,okning,okning,okning,False,True,True
1486,2022,C,senare_ar,minskning,okning,okning,False,False,False
1486,2023,C,senare_ar,okning,okning,okning,False,True,True
1486,2024,C,senare_ar,okning,okning,okning,False,True,True
1486,2025,C,senare_ar,minskning,okning,okning,False,False,False
1492,2020,C,senare_ar,okning,okning,okning,False,True,True
1492,2021,C,senare_ar,minskning,okning,okning,False,False,False
1492,2022,C,senare_ar,okning,okning,okning,False,True,True
1492,2023,C,senare_ar,minskning,okning,okning,False,False,False
1492,2024,C,senare_ar,okning,okning,okning,False,True,True
1492,2025,C,senare_ar,minskning,okning,okning,False,False,False
1493,2020,C,senare_ar,minskning,okning,okning,False,False,False
1493,2021,C,senare_ar,okning,okning,okning,False,True,True
1493,2022,C,senare_ar,minskning,okning,okning,False,False,False
1493,2023,C,senare_ar,minskning,okning,okning,False,False,False
1493,2024,C,senare_ar,okning,okning,okning,False,True,True
1493,2025,C,senare_ar,minskning,okning,okning,False,False,False
1494,2020,C,senare_ar,okning,okning,okning,False,True,True
1494,2021,C,senare_ar,minskning,okning,okning,False,False,False
1494,2022,C,senare_ar,minskning,okning,okning,False,False,False
1494,2023,C,senare_ar,okning,okning,okning,False,True,True
1494,2024,C,senare_ar,minskning,okning,okning,False,False,False
1494,2025,C,senare_ar,okning,okning,okning,False,True,True
1495,2020,C,senare_ar,minskning,okning,okning,False,False,False
1495,2021,C,senare_ar,okning,okning,okning,False,True,True
1495,2022,C,senare_ar,minskning,okning,okning,False,False,False
1495,2023,C,senare_ar,okning,okning,okning,False,True,True
1495,2024,C,senare_ar,minskning,okning,okning,False,False,False
1495,2025,C,senare_ar,minskning,okning,okning,False,False,False
1496,2020,C,senare_ar,minskning,okning,okning,False,False,False
1496,2021,C,senare_ar,minskning,okning,okning,False,False,False
1496,2022,C,senare_ar,okning,okning,okning,False,True,True
1496,2023,C,senare_ar,minskning,okning,okning,False,False,False
1496,2024,C,senare_ar,oforandrat,okning,okning,False,False,False
1496,2025,C,senare_ar,minskning,okning,okning,False,False,False
1497,2020,C,senare_ar,minskning,okning,okning,False,False,False
1497,2021,C,senare_ar,okning,okning,okning,False,True,True
1497,2022,C,senare_ar,minskning,okning,okning,False,False,False
1497,2023,C,senare_ar,minskning,okning,okning,False,False,False
1497,2024,C,senare_ar,oforandrat,okning,okning,False,False,False
1497,2025,C,senare_ar,minskning,okning,okning,False,False,False
1498,2020,C,senare_ar,okning,okning,okning,False,True,True
1498,2021,C,senare_ar,minskning,okning,okning,False,False,False
1498,2022,C,senare_ar,minskning,okning,okning,False,False,False
1498,2023,C,senare_ar,okning,okning,okning,False,True,True
1498,2024,C,senare_ar,okning,okning,okning,False,True,True
1498,2025,C,senare_ar,okning,okning,okning,False,True,True
1499,2020,C,senare_ar,minskning,okning,okning,False,False,False
1499,2021,C,senare_ar,minskning,okning,okning,False,False,False
1499,2022,C,senare_ar,okning,okning,okning,False,True,True
1499,2023,C,senare_ar,okning,okning,okning,False,True,True
1499,2024,C,senare_ar,minskning,okning,okning,False,False,False
1499,2025,C,senare_ar,okning,okning,okning,False,True,True
1730,2020,C,senare_ar,minskning,okning,okning,False,False,False
1730,2021,C,senare_ar,okning,okning,okning,False,True,True
1730,2022,C,senare_ar,minskning,okning,okning,False,False,False
1730,2023,C,senare_ar,minskning,okning,okning,False,False,False
1730,2024,C,senare_ar,okning,okning,okning,False,True,True
1730,2025,C,senare_ar,minskning,okning,okning,False,False,False
1737,2020,C,senare_ar,minskning,okning,okning,False,False,False
1737,2021,C,senare_ar,okning,okning,okning,False,True,True
1737,2022,C,senare_ar,okning,okning,okning,False,True,True
1737,2023,C,senare_ar,minskning,okning,okning,False,False,False
1737,2024,C,senare_ar,okning,okning,okning,False,True,True
1737,2025,C,senare_ar,minskning,okning,okning,False,False,False
1760,2020,C,senare_ar,minskning,okning,okning,False,False,False
1760,2021,C,senare_ar,okning,okning,okning,False,True,True
1765,2020,C,senare_ar,minskning,okning,okning,False,False,False
1765,2021,C,senare_ar,okning,okning,okning,False,True,True
1765,2022,C,senare_ar,minskning,okning,okning,False,False,False
1765,2023,C,senare_ar,okning,okning,okning,False,True,True
1765,2024,C,senare_ar,minskning,okning,okning,False,False,False
1765,2025,C,senare_ar,minskning,okning,okning,False,False,False
1766,2020,C,senare_ar,minskning,okning,okning,False,False,False
1766,2021,C,senare_ar,minskning,okning,okning,False,False,False
1766,2022,C,senare_ar,okning,okning,okning,False,True,True
1766,2023,C,senare_ar,minskning,okning,okning,False,False,False
1766,2024,C,senare_ar,minskning,okning,okning,False,False,False
1766,2025,C,senare_ar,okning,okning,okning,False,True,True
1782,2020,C,senare_ar,okning,okning,okning,False,True,True
1782,2021,C,senare_ar,minskning,okning,okning,False,False,False
1782,2022,C,senare_ar,okning,okning,okning,False,True,True
1782,2023,C,senare_ar,minskning,okning,okning,False,False,False
1782,2024,C,senare_ar,okning,okning,okning,False,True,True
1782,2025,C,senare_ar,minskning,okning,okning,False,False,False
1783,2020,C,senare_ar,minskning,okning,okning,False,False,False
1783,2021,C,senare_ar,minskning,okning,okning,False,False,False
1783,2022,C,senare_ar,minskning,okning,okning,False,False,False
1783,2023,C,senare_ar,okning,okning,okning,False,True,True
1783,2024,C,senare_ar,minskning,okning,okning,False,False,False
1783,2025,C,senare_ar,minskning,okning,okning,False,False,False
1784,2020,C,senare_ar,minskning,okning,okning,False,False,False
1784,2021,C,senare_ar,minskning,okning,okning,False,False,False
1784,2022,C,senare_ar,okning,okning,okning,False,True,True
1784,2023,C,senare_ar,minskning,okning,okning,False,False,False
1784,2024,C,senare_ar,okning,okning,okning,False,True,True
1784,2025,C,senare_ar,minskning,okning,okning,False,False,False
1785,2020,C,senare_ar,okning,okning,okning,False,True,True
1785,2021,C,senare_ar,minskning,okning,okning,False,False,False
1785,2022,C,senare_ar,minskning,okning,okning,False,False,False
1785,2023,C,senare_ar,okning,okning,okning,False,True,True
1785,2024,C,senare_ar,minskning,okning,okning,False,False,False
1785,2025,C,senare_ar,minskning,okning,okning,False,False,False
1862,2020,C,senare_ar,minskning,okning,okning,False,False,False
1862,2021,C,senare_ar,minskning,okning,okning,False,False,False
1862,2022,C,senare_ar,okning,okning,okning,False,True,True
1862,2023,C,senare_ar,minskning,okning,okning,False,False,False
1862,2024,C,senare_ar,okning,okning,okning,False,True,True
1862,2025,C,senare_ar,minskning,okning,okning,False,False,False
1863,2020,C,senare_ar,minskning,okning,okning,False,False,False
1863,2021,C,senare_ar,okning,okning,okning,False,True,True
1863,2022,C,senare_ar,minskning,okning,okning,False,False,False
1863,2023,C,senare_ar,minskning,okning,okning,False,False,False
1863,2024,C,senare_ar,okning,okning,okning,False,True,True
1863,2025,C,senare_ar,minskning,okning,okning,False,False,False
1864,2020,C,senare_ar,okning,okning,okning,False,True,True
1864,2021,C,senare_ar,minskning,okning,okning,False,False,False
1864,2022,C,senare_ar,minskning,okning,okning,False,False,False
1864,2023,C,senare_ar,oforandrat,okning,okning,False,False,False
1883,2020,C,senare_ar,okning,okning,okning,False,True,True
1883,2021,C,senare_ar,okning,okning,okning,False,True,True
1883,2022,C,senare_ar,minskning,okning,okning,False,False,False
1883,2023,C,senare_ar,minskning,okning,okning,False,False,False
1883,2024,C,senare_ar,minskning,okning,okning,False,False,False
1883,2025,C,senare_ar,okning,okning,okning,False,True,True
1904,2020,C,senare_ar,minskning,okning,okning,False,False,False
1960,2020,C,senare_ar,okning,okning,okning,False,True,True
1960,2021,C,senare_ar,minskning,okning,okning,False,False,False
1960,2022,C,senare_ar,minskning,okning,okning,False,False,False
1960,2023,C,senare_ar,minskning,okning,okning,False,False,False
1960,2024,C,senare_ar,okning,okning,okning,False,True,True
1960,2025,C,senare_ar,minskning,okning,okning,False,False,False
1962,2020,C,senare_ar,okning,okning,okning,False,True,True
1962,2021,C,senare_ar,minskning,okning,okning,False,False,False
1962,2022,C,senare_ar,minskning,okning,okning,False,False,False
1962,2023,C,senare_ar,minskning,okning,okning,False,False,False
1962,2024,C,senare_ar,okning,okning,okning,False,True,True
1962,2025,C,senare_ar,okning,okning,okning,False,True,True
1982,2020,C,senare_ar,okning,okning,okning,False,True,True
1982,2021,C,senare_ar,minskning,okning,okning,False,False,False
1982,2022,C,senare_ar,minskning,okning,okning,False,False,False
1982,2023,C,senare_ar,minskning,okning,okning,False,False,False
1982,2024,C,senare_ar,okning,okning,okning,False,True,True
1982,2025,C,senare_ar,minskning,okning,okning,False,False,False
1984,2020,C,senare_ar,okning,okning,okning,False,True,True
1984,2021,C,senare_ar,minskning,okning,okning,False,False,False
1984,2022,C,senare_ar,minskning,okning,okning,False,False,False
1984,2023,C,senare_ar,okning,okning,okning,False,True,True
1984,2024,C,senare_ar,okning,okning,okning,False,True,True
1984,2025,C,senare_ar,okning,okning,okning,False,True,True
2021,2020,C,senare_ar,oforandrat,okning,okning,False,False,False
2021,2021,C,senare_ar,minskning,okning,okning,False,False,False
2021,2022,C,senare_ar,okning,okning,okning,False,True,True
2021,2023,C,senare_ar,minskning,okning,okning,False,False,False
2021,2024,C,senare_ar,okning,okning,okning,False,True,True
2021,2025,C,senare_ar,minskning,okning,okning,False,False,False
2023,2020,C,senare_ar,minskning,okning,okning,False,False,False
2023,2021,C,senare_ar,minskning,okning,okning,False,False,False
2023,2022,C,senare_ar,okning,okning,okning,False,True,True
2023,2023,C,senare_ar,okning,okning,okning,False,True,True
2023,2024,C,senare_ar,minskning,okning,okning,False,False,False
2023,2025,C,senare_ar,minskning,okning,okning,False,False,False
2029,2020,C,senare_ar,okning,okning,okning,False,True,True
2029,2021,C,senare_ar,minskning,okning,okning,False,False,False
2029,2022,C,senare_ar,minskning,okning,okning,False,False,False
2029,2023,C,senare_ar,okning,okning,okning,False,True,True
2029,2024,C,senare_ar,minskning,okning,okning,False,False,False
2029,2025,C,senare_ar,minskning,okning,okning,False,False,False
2031,2020,C,senare_ar,okning,okning,okning,False,True,True
2031,2021,C,senare_ar,minskning,okning,okning,False,False,False
2031,2022,C,senare_ar,okning,okning,okning,False,True,True
2031,2023,C,senare_ar,minskning,okning,okning,False,False,False
2031,2024,C,senare_ar,minskning,okning,okning,False,False,False
2031,2025,C,senare_ar,minskning,okning,okning,False,False,False
2034,2020,C,senare_ar,okning,okning,okning,False,True,True
2034,2021,C,senare_ar,minskning,okning,okning,False,False,False
2034,2022,C,senare_ar,minskning,okning,okning,False,False,False
2034,2023,C,senare_ar,okning,okning,okning,False,True,True
2034,2024,C,senare_ar,okning,okning,okning,False,True,True
2034,2025,C,senare_ar,minskning,okning,okning,False,False,False
2039,2020,C,senare_ar,okning,okning,okning,False,True,True
2039,2021,C,senare_ar,minskning,okning,okning,False,False,False
2039,2022,C,senare_ar,minskning,okning,okning,False,False,False
2039,2023,C,senare_ar,okning,okning,okning,False,True,True
2039,2024,C,senare_ar,okning,okning,okning,False,True,True
2039,2025,C,senare_ar,minskning,okning,okning,False,False,False
2061,2020,C,senare_ar,minskning,okning,okning,False,False,False
2061,2021,C,senare_ar,minskning,okning,okning,False,False,False
2061,2022,C,senare_ar,okning,okning,okning,False,True,True
2061,2023,C,senare_ar,minskning,okning,okning,False,False,False
2061,2024,C,senare_ar,minskning,okning,okning,False,False,False
2061,2025,C,senare_ar,minskning,okning,okning,False,False,False
2062,2020,C,senare_ar,minskning,okning,okning,False,False,False
2062,2021,C,senare_ar,okning,okning,okning,False,True,True
2062,2022,C,senare_ar,minskning,okning,okning,False,False,False
2062,2023,C,senare_ar,minskning,okning,okning,False,False,False
2062,2024,C,senare_ar,okning,okning,okning,False,True,True
2062,2025,C,senare_ar,okning,okning,okning,False,True,True
2080,2020,C,senare_ar,okning,okning,okning,False,True,True
2080,2021,C,senare_ar,minskning,okning,okning,False,False,False
2080,2022,C,senare_ar,minskning,okning,okning,False,False,False
2080,2023,C,senare_ar,minskning,okning,okning,False,False,False
2080,2024,C,senare_ar,minskning,okning,okning,False,False,False
2080,2025,C,senare_ar,minskning,okning,okning,False,False,False
2083,2020,C,senare_ar,okning,okning,okning,False,True,True
2083,2021,C,senare_ar,minskning,okning,okning,False,False,False
2083,2022,C,senare_ar,minskning,okning,okning,False,False,False
2083,2023,C,senare_ar,minskning,okning,okning,False,False,False
2083,2024,C,senare_ar,okning,okning,okning,False,True,True
2083,2025,C,senare_ar,minskning,okning,okning,False,False,False
2084,2020,C,senare_ar,minskning,okning,okning,False,False,False
2084,2021,C,senare_ar,okning,okning,okning,False,True,True
2084,2022,C,senare_ar,minskning,okning,okning,False,False,False
2084,2023,C,senare_ar,minskning,okning,okning,False,False,False
2084,2024,C,senare_ar,minskning,okning,okning,False,False,False
2084,2025,C,senare_ar,okning,okning,okning,False,True,True
2085,2020,C,senare_ar,minskning,okning,okning,False,False,False
2085,2021,C,senare_ar,okning,okning,okning,False,True,True
2085,2022,C,senare_ar,minskning,okning,okning,False,False,False
2085,2023,C,senare_ar,minskning,okning,okning,False,False,False
2085,2024,C,senare_ar,okning,okning,okning,False,True,True
2085,2025,C,senare_ar,minskning,okning,okning,False,False,False
2104,2020,C,senare_ar,minskning,okning,okning,False,False,False
2104,2021,C,senare_ar,okning,okning,okning,False,True,True
2104,2022,C,senare_ar,minskning,okning,okning,False,False,False
2104,2023,C,senare_ar,minskning,okning,okning,False,False,False
2104,2024,C,senare_ar,minskning,okning,okning,False,False,False
2104,2025,C,senare_ar,okning,okning,okning,False,True,True
2121,2020,C,senare_ar,minskning,okning,okning,False,False,False
2121,2021,C,senare_ar,minskning,okning,okning,False,False,False
2121,2022,C,senare_ar,minskning,okning,okning,False,False,False
2121,2023,C,senare_ar,okning,okning,okning,False,True,True
2121,2024,C,senare_ar,minskning,okning,okning,False,False,False
2121,2025,C,senare_ar,okning,okning,okning,False,True,True
2132,2020,C,senare_ar,okning,okning,okning,False,True,True
2132,2021,C,senare_ar,minskning,okning,okning,False,False,False
2132,2022,C,senare_ar,okning,okning,okning,False,True,True
2132,2023,C,senare_ar,minskning,okning,okning,False,False,False
2132,2024,C,senare_ar,okning,okning,okning,False,True,True
2132,2025,C,senare_ar,minskning,okning,okning,False,False,False
2161,2020,C,senare_ar,okning,okning,okning,False,True,True
2161,2021,C,senare_ar,minskning,okning,okning,False,False,False
2161,2022,C,senare_ar,minskning,okning,okning,False,False,False
2161,2023,C,senare_ar,minskning,okning,okning,False,False,False
2161,2024,C,senare_ar,okning,okning,okning,False,True,True
2161,2025,C,senare_ar,oforandrat,okning,okning,False,False,False
2182,2020,C,senare_ar,minskning,okning,okning,False,False,False
2182,2021,C,senare_ar,okning,okning,okning,False,True,True
2182,2022,C,senare_ar,minskning,okning,okning,False,False,False
2182,2023,C,senare_ar,minskning,okning,okning,False,False,False
2182,2024,C,senare_ar,okning,okning,okning,False,True,True
2182,2025,C,senare_ar,okning,okning,okning,False,True,True
2183,2020,C,senare_ar,minskning,okning,okning,False,False,False
2183,2021,C,senare_ar,minskning,okning,okning,False,False,False
2183,2022,C,senare_ar,minskning,okning,okning,False,False,False
2183,2023,C,senare_ar,minskning,okning,okning,False,False,False
2183,2024,C,senare_ar,okning,okning,okning,False,True,True
2183,2025,C,senare_ar,okning,okning,okning,False,True,True
2184,2020,C,senare_ar,minskning,okning,okning,False,False,False
2184,2021,C,senare_ar,okning,okning,okning,False,True,True
2184,2022,C,senare_ar,minskning,okning,okning,False,False,False
2184,2023,C,senare_ar,okning,okning,okning,False,True,True
2184,2024,C,senare_ar,minskning,okning,okning,False,False,False
2184,2025,C,senare_ar,minskning,okning,okning,False,False,False
2260,2020,C,senare_ar,minskning,okning,okning,False,False,False
2260,2021,C,senare_ar,okning,okning,okning,False,True,True
2260,2022,C,senare_ar,minskning,okning,okning,False,False,False
2260,2023,C,senare_ar,okning,okning,okning,False,True,True
2260,2024,C,senare_ar,minskning,okning,okning,False,False,False
2260,2025,C,senare_ar,okning,okning,okning,False,True,True
2280,2020,C,senare_ar,minskning,okning,okning,False,False,False
2280,2021,C,senare_ar,oforandrat,okning,okning,False,False,False
2280,2022,C,senare_ar,okning,okning,okning,False,True,True
2280,2023,C,senare_ar,minskning,okning,okning,False,False,False
2280,2024,C,senare_ar,okning,okning,okning,False,True,True
2280,2025,C,senare_ar,minskning,okning,okning,False,False,False
2282,2020,C,senare_ar,minskning,okning,okning,False,False,False
2282,2021,C,senare_ar,okning,okning,okning,False,True,True
2282,2022,C,senare_ar,minskning,okning,okning,False,False,False
2282,2023,C,senare_ar,minskning,okning,okning,False,False,False
2282,2024,C,senare_ar,minskning,okning,okning,False,False,False
2282,2025,C,senare_ar,okning,okning,okning,False,True,True
2283,2020,C,senare_ar,minskning,okning,okning,False,False,False
2283,2021,C,senare_ar,okning,okning,okning,False,True,True
2283,2022,C,senare_ar,minskning,okning,okning,False,False,False
2283,2023,C,senare_ar,okning,okning,okning,False,True,True
2283,2024,C,senare_ar,okning,okning,okning,False,True,True
2283,2025,C,senare_ar,minskning,okning,okning,False,False,False
2284,2020,C,senare_ar,minskning,okning,okning,False,False,False
2284,2021,C,senare_ar,okning,okning,okning,False,True,True
2284,2022,C,senare_ar,minskning,okning,okning,False,False,False
2284,2023,C,senare_ar,minskning,okning,okning,False,False,False
2284,2024,C,senare_ar,minskning,okning,okning,False,False,False
2284,2025,C,senare_ar,okning,okning,okning,False,True,True
2303,2020,C,senare_ar,minskning,okning,okning,False,False,False
2303,2021,C,senare_ar,minskning,okning,okning,False,False,False
2303,2022,C,senare_ar,minskning,okning,okning,False,False,False
2303,2023,C,senare_ar,okning,okning,okning,False,True,True
2313,2020,C,senare_ar,minskning,okning,okning,False,False,False
2313,2021,C,senare_ar,minskning,okning,okning,False,False,False
2313,2022,C,senare_ar,minskning,okning,okning,False,False,False
2313,2023,C,senare_ar,minskning,okning,okning,False,False,False
2313,2024,C,senare_ar,minskning,okning,okning,False,False,False
2313,2025,C,senare_ar,minskning,okning,okning,False,False,False
2321,2020,C,senare_ar,minskning,okning,okning,False,False,False
2321,2021,C,senare_ar,minskning,okning,okning,False,False,False
2321,2022,C,senare_ar,minskning,okning,okning,False,False,False
2321,2023,C,senare_ar,minskning,okning,okning,False,False,False
2321,2024,C,senare_ar,okning,okning,okning,False,True,True
2321,2025,C,senare_ar,minskning,okning,okning,False,False,False
2361,2020,C,senare_ar,minskning,okning,okning,False,False,False
2361,2021,C,senare_ar,minskning,okning,okning,False,False,False
2361,2022,C,senare_ar,minskning,okning,okning,False,False,False
2361,2023,C,senare_ar,okning,okning,okning,False,True,True
2361,2024,C,senare_ar,okning,okning,okning,False,True,True
2361,2025,C,senare_ar,okning,okning,okning,False,True,True
2417,2020,C,senare_ar,minskning,okning,okning,False,False,False
2417,2021,C,senare_ar,okning,okning,okning,False,True,True
2417,2022,C,senare_ar,minskning,okning,okning,False,False,False
2418,2021,C,senare_ar,minskning,okning,okning,False,False,False
2421,2020,C,senare_ar,minskning,okning,okning,False,False,False
2421,2021,C,senare_ar,okning,okning,okning,False,True,True
2421,2022,C,senare_ar,minskning,okning,okning,False,False,False
2421,2023,C,senare_ar,minskning,okning,okning,False,False,False
2421,2024,C,senare_ar,okning,okning,okning,False,True,True
2421,2025,C,senare_ar,okning,okning,okning,False,True,True
2462,2020,C,senare_ar,okning,okning,okning,False,True,True
2462,2021,C,senare_ar,minskning,okning,okning,False,False,False
2462,2022,C,senare_ar,okning,okning,okning,False,True,True
2462,2023,C,senare_ar,minskning,okning,okning,False,False,False
2462,2024,C,senare_ar,okning,okning,okning,False,True,True
2462,2025,C,senare_ar,minskning,okning,okning,False,False,False
2481,2020,C,senare_ar,okning,okning,okning,False,True,True
2481,2021,C,senare_ar,minskning,okning,okning,False,False,False
2481,2022,C,senare_ar,okning,okning,okning,False,True,True
2481,2023,C,senare_ar,minskning,okning,okning,False,False,False
2481,2024,C,senare_ar,minskning,okning,okning,False,False,False
2481,2025,C,senare_ar,okning,okning,okning,False,True,True
2482,2020,C,senare_ar,okning,okning,okning,False,True,True
2482,2021,C,senare_ar,minskning,okning,okning,False,False,False
2482,2022,C,senare_ar,minskning,okning,okning,False,False,False
2482,2023,C,senare_ar,minskning,okning,okning,False,False,False
2482,2024,C,senare_ar,minskning,okning,okning,False,False,False
2482,2025,C,senare_ar,okning,okning,okning,False,True,True
2505,2020,C,senare_ar,okning,okning,okning,False,True,True
2505,2021,C,senare_ar,okning,okning,okning,False,True,True
2505,2022,C,senare_ar,minskning,okning,okning,False,False,False
2505,2023,C,senare_ar,okning,okning,okning,False,True,True
2505,2024,C,senare_ar,okning,okning,okning,False,True,True
2505,2025,C,senare_ar,minskning,okning,okning,False,False,False
2510,2020,C,senare_ar,minskning,okning,okning,False,False,False
2510,2021,C,senare_ar,okning,okning,okning,False,True,True
2510,2022,C,senare_ar,okning,okning,okning,False,True,True
2510,2023,C,senare_ar,minskning,okning,okning,False,False,False
2510,2024,C,senare_ar,minskning,okning,okning,False,False,False
2510,2025,C,senare_ar,minskning,okning,okning,False,False,False
2514,2020,C,senare_ar,okning,okning,okning,False,True,True
2514,2021,C,senare_ar,minskning,okning,okning,False,False,False
2514,2022,C,senare_ar,minskning,okning,okning,False,False,False
2514,2023,C,senare_ar,minskning,okning,okning,False,False,False
2514,2024,C,senare_ar,okning,okning,okning,False,True,True
2514,2025,C,senare_ar,minskning,okning,okning,False,False,False
2521,2020,C,senare_ar,minskning,okning,okning,False,False,False
2521,2021,C,senare_ar,okning,okning,okning,False,True,True
2521,2022,C,senare_ar,minskning,okning,okning,False,False,False
2521,2023,C,senare_ar,okning,okning,okning,False,True,True
2521,2024,C,senare_ar,okning,okning,okning,False,True,True
2521,2025,C,senare_ar,okning,okning,okning,False,True,True
2523,2020,C,senare_ar,okning,okning,okning,False,True,True
2523,2021,C,senare_ar,okning,okning,okning,False,True,True
2523,2022,C,senare_ar,minskning,okning,okning,False,False,False
2523,2023,C,senare_ar,okning,okning,okning,False,True,True
2523,2024,C,senare_ar,minskning,okning,okning,False,False,False
2523,2025,C,senare_ar,okning,okning,okning,False,True,True
2581,2020,C,senare_ar,minskning,okning,okning,False,False,False
2581,2021,C,senare_ar,okning,okning,okning,False,True,True
2581,2022,C,senare_ar,minskning,okning,okning,False,False,False
2581,2023,C,senare_ar,minskning,okning,okning,False,False,False
2581,2024,C,senare_ar,minskning,okning,okning,False,False,False
2581,2025,C,senare_ar,okning,okning,okning,False,True,True
2583,2020,C,senare_ar,minskning,okning,okning,False,False,False
2583,2021,C,senare_ar,okning,okning,okning,False,True,True
2583,2022,C,senare_ar,minskning,okning,okning,False,False,False
2583,2023,C,senare_ar,minskning,okning,okning,False,False,False
2583,2024,C,senare_ar,okning,okning,okning,False,True,True
2583,2025,C,senare_ar,minskning,okning,okning,False,False,False
2584,2020,C,senare_ar,minskning,okning,okning,False,False,False
2584,2021,C,senare_ar,minskning,okning,okning,False,False,False
2584,2022,C,senare_ar,minskning,okning,okning,False,False,False
2584,2023,C,senare_ar,minskning,okning,okning,False,False,False
2584,2024,C,senare_ar,okning,okning,okning,False,True,True
2584,2025,C,senare_ar,minskning,okning,okning,False,False,False
