region;kön;tabellinnehåll;år;Värde
Upplands Väsby;män;Antal;2000;1.43
Upplands Väsby;män;Antal;2001;1.52
Upplands Väsby;män;Antal;2002;1.51
Upplands Väsby;män;Antal;2003;1.64
Upplands Väsby;män;Antal;2004;1.56
Upplands Väsby;män;Antal;2005;1.68
Upplands Väsby;män;Antal;2006;1.67
Upplands Väsby;män;Antal;2007;1.77
Upplands Väsby;män;Antal;2008;1.65
Upplands Väsby;män;Antal;2009;1.78
Upplands Väsby;män;Antal;2010;1.72
Upplands Väsby;män;Antal;2011;1.55
Upplands Väsby;män;Antal;2012;1.78
Upplands Väsby;män;Antal;2013;1.86
Upplands Väsby;män;Antal;2014;1.63
Upplands Väsby;män;Antal;2015;1.7
Upplands Väsby;män;Antal;2016;1.68
Upplands Väsby;män;Antal;2017;1.68
Upplands Väsby;män;Antal;2018;1.57
Upplands Väsby;män;Antal;2019;1.46
Upplands Väsby;män;Antal;2020;1.53
Upplands Väsby;män;Antal;2021;1.54
Upplands Väsby;män;Antal;2022;1.32
Upplands Väsby;män;Antal;2023;1.29
Upplands Väsby;män;Antal;2024;1.37
Upplands Väsby;män;Antal;2025;1.3
Upplands Väsby;kvinnor;Antal;2000;1.54
Upplands Väsby;kvinnor;Antal;2001;1.59
Upplands Väsby;kvinnor;Antal;2002;1.65
Upplands Väsby;kvinnor;Antal;2003;1.81
Upplands Väsby;kvinnor;Antal;2004;1.69
Upplands Väsby;kvinnor;Antal;2005;1.81
Upplands Väsby;kvinnor;Antal;2006;1.8
Upplands Väsby;kvinnor;Antal;2007;1.93
Upplands Väsby;kvinnor;Antal;2008;1.79
Upplands Väsby;kvinnor;Antal;2009;1.93
Upplands Väsby;kvinnor;Antal;2010;1.96
Upplands Väsby;kvinnor;Antal;2011;1.75
Upplands Väsby;kvinnor;Antal;2012;1.9
Upplands Väsby;kvinnor;Antal;2013;2.05
Upplands Väsby;kvinnor;Antal;2014;1.78
Upplands Väsby;kvinnor;Antal;2015;1.87
Upplands Väsby;kvinnor;Antal;2016;1.77
Upplands Väsby;kvinnor;Antal;2017;1.86
Upplands Väsby;kvinnor;Antal;2018;1.71
Upplands Väsby;kvinnor;Antal;2019;1.61
Upplands Väsby;kvinnor;Antal;2020;1.69
Upplands Väsby;kvinnor;Antal;2021;1.73
Upplands Väsby;kvinnor;Antal;2022;1.5
Upplands Väsby;kvinnor;Antal;2023;1.53
Upplands Väsby;kvinnor;Antal;2024;1.59
Upplands Väsby;kvinnor;Antal;2025;1.43
Vallentuna;män;Antal;2000;1.72
Vallentuna;män;Antal;2001;1.68
Vallentuna;män;Antal;2002;1.96
Vallentuna;män;Antal;2003;1.86
Vallentuna;män;Antal;2004;2.11
Vallentuna;män;Antal;2005;1.96
Vallentuna;män;Antal;2006;1.93
Vallentuna;män;Antal;2007;1.94
Vallentuna;män;Antal;2008;2.11
Vallentuna;män;Antal;2009;1.94
Vallentuna;män;Antal;2010;2.09
Vallentuna;män;Antal;2011;2.02
Vallentuna;män;Antal;2012;2.13
Vallentuna;män;Antal;2013;2.01
Vallentuna;män;Antal;2014;1.92
Vallentuna;män;Antal;2015;1.89
Vallentuna;män;Antal;2016;1.83
Vallentuna;män;Antal;2017;1.74
Vallentuna;män;Antal;2018;1.64
Vallentuna;män;Antal;2019;1.47
Vallentuna;män;Antal;2020;1.49
Vallentuna;män;Antal;2021;1.41
Vallentuna;män;Antal;2022;1.39
Vallentuna;män;Antal;2023;1.38
Vallentuna;män;Antal;2024;1.32
Vallentuna;män;Antal;2025;1.26
Vallentuna;kvinnor;Antal;2000;1.76
Vallentuna;kvinnor;Antal;2001;1.74
Vallentuna;kvinnor;Antal;2002;2.02
Vallentuna;kvinnor;Antal;2003;1.91
Vallentuna;kvinnor;Antal;2004;2.13
Vallentuna;kvinnor;Antal;2005;2.05
Vallentuna;kvinnor;Antal;2006;2.01
Vallentuna;kvinnor;Antal;2007;2.1
Vallentuna;kvinnor;Antal;2008;2.34
Vallentuna;kvinnor;Antal;2009;2.06
Vallentuna;kvinnor;Antal;2010;2.31
Vallentuna;kvinnor;Antal;2011;2.17
Vallentuna;kvinnor;Antal;2012;2.28
Vallentuna;kvinnor;Antal;2013;2.18
Vallentuna;kvinnor;Antal;2014;2.1
Vallentuna;kvinnor;Antal;2015;2.05
Vallentuna;kvinnor;Antal;2016;1.95
Vallentuna;kvinnor;Antal;2017;1.91
Vallentuna;kvinnor;Antal;2018;1.82
Vallentuna;kvinnor;Antal;2019;1.67
Vallentuna;kvinnor;Antal;2020;1.73
Vallentuna;kvinnor;Antal;2021;1.67
Vallentuna;kvinnor;Antal;2022;1.62
Vallentuna;kvinnor;Antal;2023;1.57
Vallentuna;kvinnor;Antal;2024;1.53
Vallentuna;kvinnor;Antal;2025;1.53
Österåker;män;Antal;2000;1.56
Österåker;män;Antal;2001;1.65
Österåker;män;Antal;2002;1.81
Österåker;män;Antal;2003;1.97
Österåker;män;Antal;2004;1.99
Österåker;män;Antal;2005;1.98
Österåker;män;Antal;2006;2.11
Österåker;män;Antal;2007;1.82
Österåker;män;Antal;2008;1.88
Österåker;män;Antal;2009;1.94
Österåker;män;Antal;2010;2.08
Österåker;män;Antal;2011;1.97
Österåker;män;Antal;2012;1.96
Österåker;män;Antal;2013;1.64
Österåker;män;Antal;2014;1.77
Österåker;män;Antal;2015;1.7
Österåker;män;Antal;2016;1.74
Österåker;män;Antal;2017;1.69
Österåker;män;Antal;2018;1.6
Österåker;män;Antal;2019;1.56
Österåker;män;Antal;2020;1.67
Österåker;män;Antal;2021;1.57
Österåker;män;Antal;2022;1.42
Österåker;män;Antal;2023;1.44
Österåker;män;Antal;2024;1.31
Österåker;män;Antal;2025;1.36
Österåker;kvinnor;Antal;2000;1.63
Österåker;kvinnor;Antal;2001;1.73
Österåker;kvinnor;Antal;2002;1.89
Österåker;kvinnor;Antal;2003;2.09
Österåker;kvinnor;Antal;2004;2.17
Österåker;kvinnor;Antal;2005;2.09
Österåker;kvinnor;Antal;2006;2.37
Österåker;kvinnor;Antal;2007;1.97
Österåker;kvinnor;Antal;2008;2.06
Österåker;kvinnor;Antal;2009;2.13
Österåker;kvinnor;Antal;2010;2.35
Österåker;kvinnor;Antal;2011;2.24
Österåker;kvinnor;Antal;2012;2.15
Österåker;kvinnor;Antal;2013;1.85
Österåker;kvinnor;Antal;2014;2.05
Österåker;kvinnor;Antal;2015;1.91
Österåker;kvinnor;Antal;2016;1.98
Österåker;kvinnor;Antal;2017;1.93
Österåker;kvinnor;Antal;2018;1.81
Österåker;kvinnor;Antal;2019;1.76
Österåker;kvinnor;Antal;2020;1.87
Österåker;kvinnor;Antal;2021;1.77
Österåker;kvinnor;Antal;2022;1.59
Österåker;kvinnor;Antal;2023;1.62
Österåker;kvinnor;Antal;2024;1.5
Österåker;kvinnor;Antal;2025;1.52
Värmdö;män;Antal;2000;1.85
Värmdö;män;Antal;2001;1.89
Värmdö;män;Antal;2002;2.12
Värmdö;män;Antal;2003;2.16
Värmdö;män;Antal;2004;2.02
Värmdö;män;Antal;2005;2.04
Värmdö;män;Antal;2006;2.3
Värmdö;män;Antal;2007;2.27
Värmdö;män;Antal;2008;2.14
Värmdö;män;Antal;2009;2.03
Värmdö;män;Antal;2010;2.03
Värmdö;män;Antal;2011;1.88
Värmdö;män;Antal;2012;1.9
Värmdö;män;Antal;2013;1.98
Värmdö;män;Antal;2014;1.93
Värmdö;män;Antal;2015;1.9
Värmdö;män;Antal;2016;2.05
Värmdö;män;Antal;2017;1.75
Värmdö;män;Antal;2018;1.65
Värmdö;män;Antal;2019;1.54
Värmdö;män;Antal;2020;1.64
Värmdö;män;Antal;2021;1.59
Värmdö;män;Antal;2022;1.55
Värmdö;män;Antal;2023;1.33
Värmdö;män;Antal;2024;1.23
Värmdö;män;Antal;2025;1.49
Värmdö;kvinnor;Antal;2000;1.89
Värmdö;kvinnor;Antal;2001;2.01
Värmdö;kvinnor;Antal;2002;2.26
Värmdö;kvinnor;Antal;2003;2.2
Värmdö;kvinnor;Antal;2004;2.17
Värmdö;kvinnor;Antal;2005;2.15
Värmdö;kvinnor;Antal;2006;2.42
Värmdö;kvinnor;Antal;2007;2.51
Värmdö;kvinnor;Antal;2008;2.31
Värmdö;kvinnor;Antal;2009;2.21
Värmdö;kvinnor;Antal;2010;2.2
Värmdö;kvinnor;Antal;2011;2.03
Värmdö;kvinnor;Antal;2012;2.12
Värmdö;kvinnor;Antal;2013;2.1
Värmdö;kvinnor;Antal;2014;2.13
Värmdö;kvinnor;Antal;2015;2.15
Värmdö;kvinnor;Antal;2016;2.2
Värmdö;kvinnor;Antal;2017;1.9
Värmdö;kvinnor;Antal;2018;1.77
Värmdö;kvinnor;Antal;2019;1.63
Värmdö;kvinnor;Antal;2020;1.8
Värmdö;kvinnor;Antal;2021;1.72
Värmdö;kvinnor;Antal;2022;1.66
Värmdö;kvinnor;Antal;2023;1.51
Värmdö;kvinnor;Antal;2024;1.34
Värmdö;kvinnor;Antal;2025;1.63
Järfälla;män;Antal;2000;1.44
Järfälla;män;Antal;2001;1.54
Järfälla;män;Antal;2002;1.49
Järfälla;män;Antal;2003;1.68
Järfälla;män;Antal;2004;1.68
Järfälla;män;Antal;2005;1.66
Järfälla;män;Antal;2006;1.71
Järfälla;män;Antal;2007;1.83
Järfälla;män;Antal;2008;1.75
Järfälla;män;Antal;2009;1.88
Järfälla;män;Antal;2010;1.88
Järfälla;män;Antal;2011;1.74
Järfälla;män;Antal;2012;1.66
Järfälla;män;Antal;2013;1.74
Järfälla;män;Antal;2014;1.69
Järfälla;män;Antal;2015;1.77
Järfälla;män;Antal;2016;1.74
Järfälla;män;Antal;2017;1.58
Järfälla;män;Antal;2018;1.59
Järfälla;män;Antal;2019;1.63
Järfälla;män;Antal;2020;1.46
Järfälla;män;Antal;2021;1.47
Järfälla;män;Antal;2022;1.44
Järfälla;män;Antal;2023;1.22
Järfälla;män;Antal;2024;1.31
Järfälla;män;Antal;2025;1.3
Järfälla;kvinnor;Antal;2000;1.52
Järfälla;kvinnor;Antal;2001;1.63
Järfälla;kvinnor;Antal;2002;1.57
Järfälla;kvinnor;Antal;2003;1.75
Järfälla;kvinnor;Antal;2004;1.78
Järfälla;kvinnor;Antal;2005;1.76
Järfälla;kvinnor;Antal;2006;1.85
Järfälla;kvinnor;Antal;2007;2.01
Järfälla;kvinnor;Antal;2008;1.88
Järfälla;kvinnor;Antal;2009;2.04
Järfälla;kvinnor;Antal;2010;2.07
Järfälla;kvinnor;Antal;2011;1.93
Järfälla;kvinnor;Antal;2012;1.87
Järfälla;kvinnor;Antal;2013;1.94
Järfälla;kvinnor;Antal;2014;1.89
Järfälla;kvinnor;Antal;2015;1.99
Järfälla;kvinnor;Antal;2016;1.9
Järfälla;kvinnor;Antal;2017;1.77
Järfälla;kvinnor;Antal;2018;1.79
Järfälla;kvinnor;Antal;2019;1.86
Järfälla;kvinnor;Antal;2020;1.64
Järfälla;kvinnor;Antal;2021;1.71
Järfälla;kvinnor;Antal;2022;1.67
Järfälla;kvinnor;Antal;2023;1.42
Järfälla;kvinnor;Antal;2024;1.48
Järfälla;kvinnor;Antal;2025;1.4
Ekerö;män;Antal;2000;1.67
Ekerö;män;Antal;2001;2.08
Ekerö;män;Antal;2002;1.93
Ekerö;män;Antal;2003;2.29
Ekerö;män;Antal;2004;2.25
Ekerö;män;Antal;2005;2.15
Ekerö;män;Antal;2006;1.99
Ekerö;män;Antal;2007;2.18
Ekerö;män;Antal;2008;2.23
Ekerö;män;Antal;2009;2.36
Ekerö;män;Antal;2010;2.15
Ekerö;män;Antal;2011;1.9
Ekerö;män;Antal;2012;2.09
Ekerö;män;Antal;2013;2.15
Ekerö;män;Antal;2014;1.91
Ekerö;män;Antal;2015;2.05
Ekerö;män;Antal;2016;1.78
Ekerö;män;Antal;2017;1.77
Ekerö;män;Antal;2018;1.8
Ekerö;män;Antal;2019;1.85
Ekerö;män;Antal;2020;1.47
Ekerö;män;Antal;2021;1.67
Ekerö;män;Antal;2022;1.48
Ekerö;män;Antal;2023;1.31
Ekerö;män;Antal;2024;1.4
Ekerö;män;Antal;2025;1.59
Ekerö;kvinnor;Antal;2000;1.69
Ekerö;kvinnor;Antal;2001;2.06
Ekerö;kvinnor;Antal;2002;1.94
Ekerö;kvinnor;Antal;2003;2.31
Ekerö;kvinnor;Antal;2004;2.2
Ekerö;kvinnor;Antal;2005;2.11
Ekerö;kvinnor;Antal;2006;2.06
Ekerö;kvinnor;Antal;2007;2.36
Ekerö;kvinnor;Antal;2008;2.37
Ekerö;kvinnor;Antal;2009;2.53
Ekerö;kvinnor;Antal;2010;2.3
Ekerö;kvinnor;Antal;2011;1.99
Ekerö;kvinnor;Antal;2012;2.12
Ekerö;kvinnor;Antal;2013;2.35
Ekerö;kvinnor;Antal;2014;2.08
Ekerö;kvinnor;Antal;2015;2.09
Ekerö;kvinnor;Antal;2016;1.9
Ekerö;kvinnor;Antal;2017;1.99
Ekerö;kvinnor;Antal;2018;2.01
Ekerö;kvinnor;Antal;2019;2.03
Ekerö;kvinnor;Antal;2020;1.75
Ekerö;kvinnor;Antal;2021;2
Ekerö;kvinnor;Antal;2022;1.67
Ekerö;kvinnor;Antal;2023;1.41
Ekerö;kvinnor;Antal;2024;1.54
Ekerö;kvinnor;Antal;2025;1.7
Huddinge;män;Antal;2000;1.66
Huddinge;män;Antal;2001;1.72
Huddinge;män;Antal;2002;1.74
Huddinge;män;Antal;2003;1.84
Huddinge;män;Antal;2004;1.77
Huddinge;män;Antal;2005;1.77
Huddinge;män;Antal;2006;1.98
Huddinge;män;Antal;2007;1.85
Huddinge;män;Antal;2008;1.83
Huddinge;män;Antal;2009;1.82
Huddinge;män;Antal;2010;1.94
Huddinge;män;Antal;2011;1.77
Huddinge;män;Antal;2012;1.78
Huddinge;män;Antal;2013;1.84
Huddinge;män;Antal;2014;1.73
Huddinge;män;Antal;2015;1.65
Huddinge;män;Antal;2016;1.65
Huddinge;män;Antal;2017;1.49
Huddinge;män;Antal;2018;1.62
Huddinge;män;Antal;2019;1.47
Huddinge;män;Antal;2020;1.43
Huddinge;män;Antal;2021;1.41
Huddinge;män;Antal;2022;1.31
Huddinge;män;Antal;2023;1.27
Huddinge;män;Antal;2024;1.28
Huddinge;män;Antal;2025;1.34
Huddinge;kvinnor;Antal;2000;1.73
Huddinge;kvinnor;Antal;2001;1.81
Huddinge;kvinnor;Antal;2002;1.81
Huddinge;kvinnor;Antal;2003;1.94
Huddinge;kvinnor;Antal;2004;1.86
Huddinge;kvinnor;Antal;2005;1.91
Huddinge;kvinnor;Antal;2006;2.06
Huddinge;kvinnor;Antal;2007;2.01
Huddinge;kvinnor;Antal;2008;2.04
Huddinge;kvinnor;Antal;2009;2.01
Huddinge;kvinnor;Antal;2010;2.1
Huddinge;kvinnor;Antal;2011;1.95
Huddinge;kvinnor;Antal;2012;1.96
Huddinge;kvinnor;Antal;2013;2.02
Huddinge;kvinnor;Antal;2014;1.9
Huddinge;kvinnor;Antal;2015;1.85
Huddinge;kvinnor;Antal;2016;1.83
Huddinge;kvinnor;Antal;2017;1.66
Huddinge;kvinnor;Antal;2018;1.73
Huddinge;kvinnor;Antal;2019;1.63
Huddinge;kvinnor;Antal;2020;1.61
Huddinge;kvinnor;Antal;2021;1.57
Huddinge;kvinnor;Antal;2022;1.47
Huddinge;kvinnor;Antal;2023;1.37
Huddinge;kvinnor;Antal;2024;1.44
Huddinge;kvinnor;Antal;2025;1.48
Botkyrka;män;Antal;2000;1.7
Botkyrka;män;Antal;2001;1.63
Botkyrka;män;Antal;2002;1.8
Botkyrka;män;Antal;2003;1.92
Botkyrka;män;Antal;2004;1.83
Botkyrka;män;Antal;2005;1.91
Botkyrka;män;Antal;2006;1.88
Botkyrka;män;Antal;2007;1.95
Botkyrka;män;Antal;2008;1.94
Botkyrka;män;Antal;2009;1.89
Botkyrka;män;Antal;2010;2.02
Botkyrka;män;Antal;2011;1.79
Botkyrka;män;Antal;2012;1.86
Botkyrka;män;Antal;2013;1.85
Botkyrka;män;Antal;2014;1.8
Botkyrka;män;Antal;2015;1.77
Botkyrka;män;Antal;2016;1.64
Botkyrka;män;Antal;2017;1.71
Botkyrka;män;Antal;2018;1.63
Botkyrka;män;Antal;2019;1.54
Botkyrka;män;Antal;2020;1.51
Botkyrka;män;Antal;2021;1.47
Botkyrka;män;Antal;2022;1.41
Botkyrka;män;Antal;2023;1.27
Botkyrka;män;Antal;2024;1.27
Botkyrka;män;Antal;2025;1.26
Botkyrka;kvinnor;Antal;2000;1.84
Botkyrka;kvinnor;Antal;2001;1.76
Botkyrka;kvinnor;Antal;2002;1.88
Botkyrka;kvinnor;Antal;2003;2.06
Botkyrka;kvinnor;Antal;2004;1.99
Botkyrka;kvinnor;Antal;2005;2.06
Botkyrka;kvinnor;Antal;2006;1.98
Botkyrka;kvinnor;Antal;2007;2.11
Botkyrka;kvinnor;Antal;2008;2.09
Botkyrka;kvinnor;Antal;2009;2.07
Botkyrka;kvinnor;Antal;2010;2.17
Botkyrka;kvinnor;Antal;2011;2.01
Botkyrka;kvinnor;Antal;2012;2.06
Botkyrka;kvinnor;Antal;2013;2.05
Botkyrka;kvinnor;Antal;2014;1.99
Botkyrka;kvinnor;Antal;2015;1.93
Botkyrka;kvinnor;Antal;2016;1.81
Botkyrka;kvinnor;Antal;2017;1.89
Botkyrka;kvinnor;Antal;2018;1.77
Botkyrka;kvinnor;Antal;2019;1.71
Botkyrka;kvinnor;Antal;2020;1.73
Botkyrka;kvinnor;Antal;2021;1.66
Botkyrka;kvinnor;Antal;2022;1.6
Botkyrka;kvinnor;Antal;2023;1.42
Botkyrka;kvinnor;Antal;2024;1.48
Botkyrka;kvinnor;Antal;2025;1.43
Salem;män;Antal;2000;1.84
Salem;män;Antal;2001;1.78
Salem;män;Antal;2002;1.73
Salem;män;Antal;2003;1.82
Salem;män;Antal;2004;1.62
Salem;män;Antal;2005;1.78
Salem;män;Antal;2006;2.02
Salem;män;Antal;2007;1.87
Salem;män;Antal;2008;2.25
Salem;män;Antal;2009;1.95
Salem;män;Antal;2010;1.86
Salem;män;Antal;2011;1.91
Salem;män;Antal;2012;1.8
Salem;män;Antal;2013;1.96
Salem;män;Antal;2014;1.8
Salem;män;Antal;2015;1.76
Salem;män;Antal;2016;1.85
Salem;män;Antal;2017;1.66
Salem;män;Antal;2018;1.98
Salem;män;Antal;2019;1.69
Salem;män;Antal;2020;1.66
Salem;män;Antal;2021;1.66
Salem;män;Antal;2022;1.52
Salem;män;Antal;2023;1.67
Salem;män;Antal;2024;1.52
Salem;män;Antal;2025;1.54
Salem;kvinnor;Antal;2000;1.89
Salem;kvinnor;Antal;2001;1.79
Salem;kvinnor;Antal;2002;1.79
Salem;kvinnor;Antal;2003;1.98
Salem;kvinnor;Antal;2004;1.8
Salem;kvinnor;Antal;2005;1.92
Salem;kvinnor;Antal;2006;2.25
Salem;kvinnor;Antal;2007;2.03
Salem;kvinnor;Antal;2008;2.45
Salem;kvinnor;Antal;2009;2.01
Salem;kvinnor;Antal;2010;2.04
Salem;kvinnor;Antal;2011;2.09
Salem;kvinnor;Antal;2012;2.11
Salem;kvinnor;Antal;2013;2.11
Salem;kvinnor;Antal;2014;1.87
Salem;kvinnor;Antal;2015;1.86
Salem;kvinnor;Antal;2016;1.88
Salem;kvinnor;Antal;2017;1.76
Salem;kvinnor;Antal;2018;2.18
Salem;kvinnor;Antal;2019;1.79
Salem;kvinnor;Antal;2020;1.74
Salem;kvinnor;Antal;2021;1.65
Salem;kvinnor;Antal;2022;1.6
Salem;kvinnor;Antal;2023;1.77
Salem;kvinnor;Antal;2024;1.64
Salem;kvinnor;Antal;2025;1.66
Haninge;män;Antal;2000;1.45
Haninge;män;Antal;2001;1.54
Haninge;män;Antal;2002;1.6
Haninge;män;Antal;2003;1.66
Haninge;män;Antal;2004;1.67
Haninge;män;Antal;2005;1.72
Haninge;män;Antal;2006;1.81
Haninge;män;Antal;2007;1.86
Haninge;män;Antal;2008;1.86
Haninge;män;Antal;2009;1.87
Haninge;män;Antal;2010;1.89
Haninge;män;Antal;2011;1.73
Haninge;män;Antal;2012;1.69
Haninge;män;Antal;2013;1.69
Haninge;män;Antal;2014;1.69
Haninge;män;Antal;2015;1.66
Haninge;män;Antal;2016;1.69
Haninge;män;Antal;2017;1.61
Haninge;män;Antal;2018;1.71
Haninge;män;Antal;2019;1.64
Haninge;män;Antal;2020;1.61
Haninge;män;Antal;2021;1.48
Haninge;män;Antal;2022;1.44
Haninge;män;Antal;2023;1.35
Haninge;män;Antal;2024;1.29
Haninge;män;Antal;2025;1.29
Haninge;kvinnor;Antal;2000;1.55
Haninge;kvinnor;Antal;2001;1.68
Haninge;kvinnor;Antal;2002;1.71
Haninge;kvinnor;Antal;2003;1.82
Haninge;kvinnor;Antal;2004;1.81
Haninge;kvinnor;Antal;2005;1.88
Haninge;kvinnor;Antal;2006;2.01
Haninge;kvinnor;Antal;2007;2.04
Haninge;kvinnor;Antal;2008;2.06
Haninge;kvinnor;Antal;2009;2.04
Haninge;kvinnor;Antal;2010;2.09
Haninge;kvinnor;Antal;2011;1.96
Haninge;kvinnor;Antal;2012;1.86
Haninge;kvinnor;Antal;2013;1.91
Haninge;kvinnor;Antal;2014;1.89
Haninge;kvinnor;Antal;2015;1.82
Haninge;kvinnor;Antal;2016;1.87
Haninge;kvinnor;Antal;2017;1.78
Haninge;kvinnor;Antal;2018;1.91
Haninge;kvinnor;Antal;2019;1.83
Haninge;kvinnor;Antal;2020;1.77
Haninge;kvinnor;Antal;2021;1.68
Haninge;kvinnor;Antal;2022;1.59
Haninge;kvinnor;Antal;2023;1.48
Haninge;kvinnor;Antal;2024;1.51
Haninge;kvinnor;Antal;2025;1.47
Tyresö;män;Antal;2000;1.68
Tyresö;män;Antal;2001;1.63
Tyresö;män;Antal;2002;1.71
Tyresö;män;Antal;2003;1.8
Tyresö;män;Antal;2004;1.79
Tyresö;män;Antal;2005;1.79
Tyresö;män;Antal;2006;1.86
Tyresö;män;Antal;2007;2.05
Tyresö;män;Antal;2008;1.89
Tyresö;män;Antal;2009;2
Tyresö;män;Antal;2010;1.86
Tyresö;män;Antal;2011;1.67
Tyresö;män;Antal;2012;1.62
Tyresö;män;Antal;2013;1.74
Tyresö;män;Antal;2014;1.86
Tyresö;män;Antal;2015;1.63
Tyresö;män;Antal;2016;1.75
Tyresö;män;Antal;2017;1.61
Tyresö;män;Antal;2018;1.56
Tyresö;män;Antal;2019;1.42
Tyresö;män;Antal;2020;1.48
Tyresö;män;Antal;2021;1.55
Tyresö;män;Antal;2022;1.28
Tyresö;män;Antal;2023;1.37
Tyresö;män;Antal;2024;1.26
Tyresö;män;Antal;2025;1.34
Tyresö;kvinnor;Antal;2000;1.77
Tyresö;kvinnor;Antal;2001;1.74
Tyresö;kvinnor;Antal;2002;1.88
Tyresö;kvinnor;Antal;2003;1.94
Tyresö;kvinnor;Antal;2004;1.94
Tyresö;kvinnor;Antal;2005;1.96
Tyresö;kvinnor;Antal;2006;2.02
Tyresö;kvinnor;Antal;2007;2.2
Tyresö;kvinnor;Antal;2008;2.13
Tyresö;kvinnor;Antal;2009;2.25
Tyresö;kvinnor;Antal;2010;2.15
Tyresö;kvinnor;Antal;2011;1.9
Tyresö;kvinnor;Antal;2012;1.81
Tyresö;kvinnor;Antal;2013;1.99
Tyresö;kvinnor;Antal;2014;2.04
Tyresö;kvinnor;Antal;2015;1.83
Tyresö;kvinnor;Antal;2016;1.93
Tyresö;kvinnor;Antal;2017;1.8
Tyresö;kvinnor;Antal;2018;1.76
Tyresö;kvinnor;Antal;2019;1.63
Tyresö;kvinnor;Antal;2020;1.66
Tyresö;kvinnor;Antal;2021;1.69
Tyresö;kvinnor;Antal;2022;1.46
Tyresö;kvinnor;Antal;2023;1.51
Tyresö;kvinnor;Antal;2024;1.45
Tyresö;kvinnor;Antal;2025;1.54
Upplands-Bro;män;Antal;2000;1.58
Upplands-Bro;män;Antal;2001;1.71
Upplands-Bro;män;Antal;2002;1.69
Upplands-Bro;män;Antal;2003;1.8
Upplands-Bro;män;Antal;2004;1.74
Upplands-Bro;män;Antal;2005;1.73
Upplands-Bro;män;Antal;2006;1.8
Upplands-Bro;män;Antal;2007;1.95
Upplands-Bro;män;Antal;2008;1.85
Upplands-Bro;män;Antal;2009;1.91
Upplands-Bro;män;Antal;2010;1.95
Upplands-Bro;män;Antal;2011;1.98
Upplands-Bro;män;Antal;2012;1.96
Upplands-Bro;män;Antal;2013;1.8
Upplands-Bro;män;Antal;2014;1.82
Upplands-Bro;män;Antal;2015;1.98
Upplands-Bro;män;Antal;2016;1.75
Upplands-Bro;män;Antal;2017;1.56
Upplands-Bro;män;Antal;2018;1.95
Upplands-Bro;män;Antal;2019;1.63
Upplands-Bro;män;Antal;2020;1.62
Upplands-Bro;män;Antal;2021;1.62
Upplands-Bro;män;Antal;2022;1.33
Upplands-Bro;män;Antal;2023;1.49
Upplands-Bro;män;Antal;2024;1.36
Upplands-Bro;män;Antal;2025;1.51
Upplands-Bro;kvinnor;Antal;2000;1.65
Upplands-Bro;kvinnor;Antal;2001;1.8
Upplands-Bro;kvinnor;Antal;2002;1.74
Upplands-Bro;kvinnor;Antal;2003;1.87
Upplands-Bro;kvinnor;Antal;2004;1.86
Upplands-Bro;kvinnor;Antal;2005;1.92
Upplands-Bro;kvinnor;Antal;2006;2
Upplands-Bro;kvinnor;Antal;2007;2.07
Upplands-Bro;kvinnor;Antal;2008;1.96
Upplands-Bro;kvinnor;Antal;2009;2.16
Upplands-Bro;kvinnor;Antal;2010;2.15
Upplands-Bro;kvinnor;Antal;2011;2.11
Upplands-Bro;kvinnor;Antal;2012;2.17
Upplands-Bro;kvinnor;Antal;2013;1.98
Upplands-Bro;kvinnor;Antal;2014;1.96
Upplands-Bro;kvinnor;Antal;2015;2.18
Upplands-Bro;kvinnor;Antal;2016;2.02
Upplands-Bro;kvinnor;Antal;2017;1.75
Upplands-Bro;kvinnor;Antal;2018;2.21
Upplands-Bro;kvinnor;Antal;2019;1.85
Upplands-Bro;kvinnor;Antal;2020;1.87
Upplands-Bro;kvinnor;Antal;2021;1.88
Upplands-Bro;kvinnor;Antal;2022;1.61
Upplands-Bro;kvinnor;Antal;2023;1.76
Upplands-Bro;kvinnor;Antal;2024;1.66
Upplands-Bro;kvinnor;Antal;2025;1.83
Nykvarn;män;Antal;2000;2.02
Nykvarn;män;Antal;2001;1.52
Nykvarn;män;Antal;2002;1.86
Nykvarn;män;Antal;2003;1.54
Nykvarn;män;Antal;2004;1.8
Nykvarn;män;Antal;2005;1.8
Nykvarn;män;Antal;2006;2.15
Nykvarn;män;Antal;2007;1.82
Nykvarn;män;Antal;2008;1.92
Nykvarn;män;Antal;2009;2.39
Nykvarn;män;Antal;2010;2.49
Nykvarn;män;Antal;2011;2.09
Nykvarn;män;Antal;2012;1.54
Nykvarn;män;Antal;2013;1.98
Nykvarn;män;Antal;2014;1.72
Nykvarn;män;Antal;2015;1.87
Nykvarn;män;Antal;2016;2.06
Nykvarn;män;Antal;2017;1.74
Nykvarn;män;Antal;2018;1.86
Nykvarn;män;Antal;2019;1.58
Nykvarn;män;Antal;2020;1.5
Nykvarn;män;Antal;2021;1.88
Nykvarn;män;Antal;2022;1.52
Nykvarn;män;Antal;2023;1.31
Nykvarn;män;Antal;2024;1.38
Nykvarn;män;Antal;2025;1.67
Nykvarn;kvinnor;Antal;2000;2.22
Nykvarn;kvinnor;Antal;2001;1.55
Nykvarn;kvinnor;Antal;2002;1.98
Nykvarn;kvinnor;Antal;2003;1.56
Nykvarn;kvinnor;Antal;2004;1.99
Nykvarn;kvinnor;Antal;2005;2.08
Nykvarn;kvinnor;Antal;2006;2.26
Nykvarn;kvinnor;Antal;2007;1.96
Nykvarn;kvinnor;Antal;2008;2.08
Nykvarn;kvinnor;Antal;2009;2.71
Nykvarn;kvinnor;Antal;2010;2.5
Nykvarn;kvinnor;Antal;2011;2.32
Nykvarn;kvinnor;Antal;2012;1.72
Nykvarn;kvinnor;Antal;2013;2.18
Nykvarn;kvinnor;Antal;2014;1.89
Nykvarn;kvinnor;Antal;2015;2.05
Nykvarn;kvinnor;Antal;2016;2.34
Nykvarn;kvinnor;Antal;2017;2.08
Nykvarn;kvinnor;Antal;2018;2.17
Nykvarn;kvinnor;Antal;2019;1.8
Nykvarn;kvinnor;Antal;2020;1.67
Nykvarn;kvinnor;Antal;2021;2.26
Nykvarn;kvinnor;Antal;2022;1.83
Nykvarn;kvinnor;Antal;2023;1.66
Nykvarn;kvinnor;Antal;2024;1.64
Nykvarn;kvinnor;Antal;2025;1.92
Täby;män;Antal;2000;1.6
Täby;män;Antal;2001;1.6
Täby;män;Antal;2002;1.69
Täby;män;Antal;2003;1.79
Täby;män;Antal;2004;1.81
Täby;män;Antal;2005;1.81
Täby;män;Antal;2006;1.83
Täby;män;Antal;2007;1.91
Täby;män;Antal;2008;1.75
Täby;män;Antal;2009;1.95
Täby;män;Antal;2010;1.88
Täby;män;Antal;2011;1.76
Täby;män;Antal;2012;1.78
Täby;män;Antal;2013;1.74
Täby;män;Antal;2014;1.68
Täby;män;Antal;2015;1.74
Täby;män;Antal;2016;1.6
Täby;män;Antal;2017;1.54
Täby;män;Antal;2018;1.49
Täby;män;Antal;2019;1.51
Täby;män;Antal;2020;1.54
Täby;män;Antal;2021;1.47
Täby;män;Antal;2022;1.34
Täby;män;Antal;2023;1.26
Täby;män;Antal;2024;1.39
Täby;män;Antal;2025;1.34
Täby;kvinnor;Antal;2000;1.69
Täby;kvinnor;Antal;2001;1.64
Täby;kvinnor;Antal;2002;1.74
Täby;kvinnor;Antal;2003;1.84
Täby;kvinnor;Antal;2004;1.91
Täby;kvinnor;Antal;2005;1.91
Täby;kvinnor;Antal;2006;1.95
Täby;kvinnor;Antal;2007;2.04
Täby;kvinnor;Antal;2008;1.9
Täby;kvinnor;Antal;2009;2.15
Täby;kvinnor;Antal;2010;2.04
Täby;kvinnor;Antal;2011;1.86
Täby;kvinnor;Antal;2012;1.97
Täby;kvinnor;Antal;2013;1.92
Täby;kvinnor;Antal;2014;1.76
Täby;kvinnor;Antal;2015;1.85
Täby;kvinnor;Antal;2016;1.71
Täby;kvinnor;Antal;2017;1.71
Täby;kvinnor;Antal;2018;1.63
Täby;kvinnor;Antal;2019;1.67
Täby;kvinnor;Antal;2020;1.69
Täby;kvinnor;Antal;2021;1.6
Täby;kvinnor;Antal;2022;1.43
Täby;kvinnor;Antal;2023;1.36
Täby;kvinnor;Antal;2024;1.49
Täby;kvinnor;Antal;2025;1.39
Danderyd;män;Antal;2000;1.65
Danderyd;män;Antal;2001;1.8
Danderyd;män;Antal;2002;1.8
Danderyd;män;Antal;2003;1.86
Danderyd;män;Antal;2004;1.95
Danderyd;män;Antal;2005;1.99
Danderyd;män;Antal;2006;2.17
Danderyd;män;Antal;2007;1.92
Danderyd;män;Antal;2008;1.94
Danderyd;män;Antal;2009;1.73
Danderyd;män;Antal;2010;1.96
Danderyd;män;Antal;2011;1.63
Danderyd;män;Antal;2012;1.58
Danderyd;män;Antal;2013;1.52
Danderyd;män;Antal;2014;1.78
Danderyd;män;Antal;2015;1.6
Danderyd;män;Antal;2016;1.38
Danderyd;män;Antal;2017;1.49
Danderyd;män;Antal;2018;1.37
Danderyd;män;Antal;2019;1.39
Danderyd;män;Antal;2020;1.27
Danderyd;män;Antal;2021;1.57
Danderyd;män;Antal;2022;1.28
Danderyd;män;Antal;2023;1.41
Danderyd;män;Antal;2024;1.24
Danderyd;män;Antal;2025;1.41
Danderyd;kvinnor;Antal;2000;1.54
Danderyd;kvinnor;Antal;2001;1.71
Danderyd;kvinnor;Antal;2002;1.75
Danderyd;kvinnor;Antal;2003;1.85
Danderyd;kvinnor;Antal;2004;1.94
Danderyd;kvinnor;Antal;2005;1.9
Danderyd;kvinnor;Antal;2006;2.14
Danderyd;kvinnor;Antal;2007;2.03
Danderyd;kvinnor;Antal;2008;2.02
Danderyd;kvinnor;Antal;2009;1.8
Danderyd;kvinnor;Antal;2010;2.11
Danderyd;kvinnor;Antal;2011;1.86
Danderyd;kvinnor;Antal;2012;1.63
Danderyd;kvinnor;Antal;2013;1.66
Danderyd;kvinnor;Antal;2014;1.85
Danderyd;kvinnor;Antal;2015;1.63
Danderyd;kvinnor;Antal;2016;1.5
Danderyd;kvinnor;Antal;2017;1.52
Danderyd;kvinnor;Antal;2018;1.44
Danderyd;kvinnor;Antal;2019;1.46
Danderyd;kvinnor;Antal;2020;1.33
Danderyd;kvinnor;Antal;2021;1.59
Danderyd;kvinnor;Antal;2022;1.38
Danderyd;kvinnor;Antal;2023;1.44
Danderyd;kvinnor;Antal;2024;1.29
Danderyd;kvinnor;Antal;2025;1.51
Sollentuna;män;Antal;2000;1.63
Sollentuna;män;Antal;2001;1.7
Sollentuna;män;Antal;2002;1.8
Sollentuna;män;Antal;2003;1.8
Sollentuna;män;Antal;2004;1.94
Sollentuna;män;Antal;2005;1.95
Sollentuna;män;Antal;2006;2.03
Sollentuna;män;Antal;2007;1.92
Sollentuna;män;Antal;2008;1.94
Sollentuna;män;Antal;2009;1.88
Sollentuna;män;Antal;2010;1.91
Sollentuna;män;Antal;2011;1.83
Sollentuna;män;Antal;2012;1.65
Sollentuna;män;Antal;2013;1.76
Sollentuna;män;Antal;2014;1.75
Sollentuna;män;Antal;2015;1.68
Sollentuna;män;Antal;2016;1.55
Sollentuna;män;Antal;2017;1.49
Sollentuna;män;Antal;2018;1.48
Sollentuna;män;Antal;2019;1.5
Sollentuna;män;Antal;2020;1.36
Sollentuna;män;Antal;2021;1.53
Sollentuna;män;Antal;2022;1.36
Sollentuna;män;Antal;2023;1.24
Sollentuna;män;Antal;2024;1.26
Sollentuna;män;Antal;2025;1.26
Sollentuna;kvinnor;Antal;2000;1.67
Sollentuna;kvinnor;Antal;2001;1.77
Sollentuna;kvinnor;Antal;2002;1.86
Sollentuna;kvinnor;Antal;2003;1.9
Sollentuna;kvinnor;Antal;2004;2.05
Sollentuna;kvinnor;Antal;2005;2.04
Sollentuna;kvinnor;Antal;2006;2.11
Sollentuna;kvinnor;Antal;2007;2.04
Sollentuna;kvinnor;Antal;2008;2.11
Sollentuna;kvinnor;Antal;2009;2.01
Sollentuna;kvinnor;Antal;2010;2.09
Sollentuna;kvinnor;Antal;2011;2
Sollentuna;kvinnor;Antal;2012;1.82
Sollentuna;kvinnor;Antal;2013;1.96
Sollentuna;kvinnor;Antal;2014;1.88
Sollentuna;kvinnor;Antal;2015;1.82
Sollentuna;kvinnor;Antal;2016;1.74
Sollentuna;kvinnor;Antal;2017;1.6
Sollentuna;kvinnor;Antal;2018;1.65
Sollentuna;kvinnor;Antal;2019;1.64
Sollentuna;kvinnor;Antal;2020;1.55
Sollentuna;kvinnor;Antal;2021;1.72
Sollentuna;kvinnor;Antal;2022;1.52
Sollentuna;kvinnor;Antal;2023;1.41
Sollentuna;kvinnor;Antal;2024;1.41
Sollentuna;kvinnor;Antal;2025;1.44
Stockholm;män;Antal;2000;1.37
Stockholm;män;Antal;2001;1.41
Stockholm;män;Antal;2002;1.49
Stockholm;män;Antal;2003;1.56
Stockholm;män;Antal;2004;1.63
Stockholm;män;Antal;2005;1.64
Stockholm;män;Antal;2006;1.72
Stockholm;män;Antal;2007;1.73
Stockholm;män;Antal;2008;1.77
Stockholm;män;Antal;2009;1.78
Stockholm;män;Antal;2010;1.84
Stockholm;män;Antal;2011;1.77
Stockholm;män;Antal;2012;1.75
Stockholm;män;Antal;2013;1.77
Stockholm;män;Antal;2014;1.75
Stockholm;män;Antal;2015;1.7
Stockholm;män;Antal;2016;1.67
Stockholm;män;Antal;2017;1.57
Stockholm;män;Antal;2018;1.52
Stockholm;män;Antal;2019;1.49
Stockholm;män;Antal;2020;1.47
Stockholm;män;Antal;2021;1.5
Stockholm;män;Antal;2022;1.32
Stockholm;män;Antal;2023;1.31
Stockholm;män;Antal;2024;1.3
Stockholm;män;Antal;2025;1.29
Stockholm;kvinnor;Antal;2000;1.42
Stockholm;kvinnor;Antal;2001;1.44
Stockholm;kvinnor;Antal;2002;1.55
Stockholm;kvinnor;Antal;2003;1.61
Stockholm;kvinnor;Antal;2004;1.69
Stockholm;kvinnor;Antal;2005;1.71
Stockholm;kvinnor;Antal;2006;1.8
Stockholm;kvinnor;Antal;2007;1.82
Stockholm;kvinnor;Antal;2008;1.86
Stockholm;kvinnor;Antal;2009;1.88
Stockholm;kvinnor;Antal;2010;1.92
Stockholm;kvinnor;Antal;2011;1.84
Stockholm;kvinnor;Antal;2012;1.83
Stockholm;kvinnor;Antal;2013;1.84
Stockholm;kvinnor;Antal;2014;1.8
Stockholm;kvinnor;Antal;2015;1.75
Stockholm;kvinnor;Antal;2016;1.72
Stockholm;kvinnor;Antal;2017;1.64
Stockholm;kvinnor;Antal;2018;1.57
Stockholm;kvinnor;Antal;2019;1.54
Stockholm;kvinnor;Antal;2020;1.53
Stockholm;kvinnor;Antal;2021;1.55
Stockholm;kvinnor;Antal;2022;1.37
Stockholm;kvinnor;Antal;2023;1.35
Stockholm;kvinnor;Antal;2024;1.33
Stockholm;kvinnor;Antal;2025;1.32
Södertälje;män;Antal;2000;1.53
Södertälje;män;Antal;2001;1.42
Södertälje;män;Antal;2002;1.61
Södertälje;män;Antal;2003;1.67
Södertälje;män;Antal;2004;1.71
Södertälje;män;Antal;2005;1.69
Södertälje;män;Antal;2006;1.7
Södertälje;män;Antal;2007;1.8
Södertälje;män;Antal;2008;1.81
Södertälje;män;Antal;2009;1.69
Södertälje;män;Antal;2010;1.8
Södertälje;män;Antal;2011;1.79
Södertälje;män;Antal;2012;1.8
Södertälje;män;Antal;2013;1.71
Södertälje;män;Antal;2014;1.69
Södertälje;män;Antal;2015;1.73
Södertälje;män;Antal;2016;1.63
Södertälje;män;Antal;2017;1.57
Södertälje;män;Antal;2018;1.56
Södertälje;män;Antal;2019;1.46
Södertälje;män;Antal;2020;1.54
Södertälje;män;Antal;2021;1.53
Södertälje;män;Antal;2022;1.3
Södertälje;män;Antal;2023;1.33
Södertälje;män;Antal;2024;1.3
Södertälje;män;Antal;2025;1.34
Södertälje;kvinnor;Antal;2000;1.73
Södertälje;kvinnor;Antal;2001;1.63
Södertälje;kvinnor;Antal;2002;1.84
Södertälje;kvinnor;Antal;2003;1.9
Södertälje;kvinnor;Antal;2004;1.98
Södertälje;kvinnor;Antal;2005;1.96
Södertälje;kvinnor;Antal;2006;1.98
Södertälje;kvinnor;Antal;2007;2.03
Södertälje;kvinnor;Antal;2008;2.06
Södertälje;kvinnor;Antal;2009;1.96
Södertälje;kvinnor;Antal;2010;2.03
Södertälje;kvinnor;Antal;2011;2.02
Södertälje;kvinnor;Antal;2012;2.05
Södertälje;kvinnor;Antal;2013;1.94
Södertälje;kvinnor;Antal;2014;1.87
Södertälje;kvinnor;Antal;2015;1.93
Södertälje;kvinnor;Antal;2016;1.81
Södertälje;kvinnor;Antal;2017;1.8
Södertälje;kvinnor;Antal;2018;1.73
Södertälje;kvinnor;Antal;2019;1.64
Södertälje;kvinnor;Antal;2020;1.74
Södertälje;kvinnor;Antal;2021;1.77
Södertälje;kvinnor;Antal;2022;1.54
Södertälje;kvinnor;Antal;2023;1.58
Södertälje;kvinnor;Antal;2024;1.53
Södertälje;kvinnor;Antal;2025;1.56
Nacka;män;Antal;2000;1.75
Nacka;män;Antal;2001;1.66
Nacka;män;Antal;2002;1.81
Nacka;män;Antal;2003;1.89
Nacka;män;Antal;2004;1.92
Nacka;män;Antal;2005;2.06
Nacka;män;Antal;2006;2.03
Nacka;män;Antal;2007;2.05
Nacka;män;Antal;2008;2.1
Nacka;män;Antal;2009;2.06
Nacka;män;Antal;2010;2.02
Nacka;män;Antal;2011;1.93
Nacka;män;Antal;2012;1.89
Nacka;män;Antal;2013;1.96
Nacka;män;Antal;2014;1.93
Nacka;män;Antal;2015;1.86
Nacka;män;Antal;2016;1.81
Nacka;män;Antal;2017;1.84
Nacka;män;Antal;2018;1.71
Nacka;män;Antal;2019;1.72
Nacka;män;Antal;2020;1.62
Nacka;män;Antal;2021;1.72
Nacka;män;Antal;2022;1.52
Nacka;män;Antal;2023;1.48
Nacka;män;Antal;2024;1.48
Nacka;män;Antal;2025;1.48
Nacka;kvinnor;Antal;2000;1.79
Nacka;kvinnor;Antal;2001;1.69
Nacka;kvinnor;Antal;2002;1.85
Nacka;kvinnor;Antal;2003;1.95
Nacka;kvinnor;Antal;2004;1.97
Nacka;kvinnor;Antal;2005;2.14
Nacka;kvinnor;Antal;2006;2.14
Nacka;kvinnor;Antal;2007;2.15
Nacka;kvinnor;Antal;2008;2.24
Nacka;kvinnor;Antal;2009;2.14
Nacka;kvinnor;Antal;2010;2.13
Nacka;kvinnor;Antal;2011;2.02
Nacka;kvinnor;Antal;2012;1.99
Nacka;kvinnor;Antal;2013;2.03
Nacka;kvinnor;Antal;2014;2.06
Nacka;kvinnor;Antal;2015;1.96
Nacka;kvinnor;Antal;2016;1.89
Nacka;kvinnor;Antal;2017;1.92
Nacka;kvinnor;Antal;2018;1.82
Nacka;kvinnor;Antal;2019;1.84
Nacka;kvinnor;Antal;2020;1.72
Nacka;kvinnor;Antal;2021;1.81
Nacka;kvinnor;Antal;2022;1.61
Nacka;kvinnor;Antal;2023;1.53
Nacka;kvinnor;Antal;2024;1.59
Nacka;kvinnor;Antal;2025;1.59
Sundbyberg;män;Antal;2000;1.37
Sundbyberg;män;Antal;2001;1.48
Sundbyberg;män;Antal;2002;1.5
Sundbyberg;män;Antal;2003;1.58
Sundbyberg;män;Antal;2004;1.6
Sundbyberg;män;Antal;2005;1.57
Sundbyberg;män;Antal;2006;1.62
Sundbyberg;män;Antal;2007;1.57
Sundbyberg;män;Antal;2008;1.76
Sundbyberg;män;Antal;2009;1.73
Sundbyberg;män;Antal;2010;1.93
Sundbyberg;män;Antal;2011;1.86
Sundbyberg;män;Antal;2012;1.92
Sundbyberg;män;Antal;2013;1.76
Sundbyberg;män;Antal;2014;1.73
Sundbyberg;män;Antal;2015;1.72
Sundbyberg;män;Antal;2016;1.62
Sundbyberg;män;Antal;2017;1.66
Sundbyberg;män;Antal;2018;1.54
Sundbyberg;män;Antal;2019;1.53
Sundbyberg;män;Antal;2020;1.51
Sundbyberg;män;Antal;2021;1.69
Sundbyberg;män;Antal;2022;1.36
Sundbyberg;män;Antal;2023;1.29
Sundbyberg;män;Antal;2024;1.31
Sundbyberg;män;Antal;2025;1.33
Sundbyberg;kvinnor;Antal;2000;1.38
Sundbyberg;kvinnor;Antal;2001;1.52
Sundbyberg;kvinnor;Antal;2002;1.54
Sundbyberg;kvinnor;Antal;2003;1.67
Sundbyberg;kvinnor;Antal;2004;1.75
Sundbyberg;kvinnor;Antal;2005;1.73
Sundbyberg;kvinnor;Antal;2006;1.79
Sundbyberg;kvinnor;Antal;2007;1.71
Sundbyberg;kvinnor;Antal;2008;1.9
Sundbyberg;kvinnor;Antal;2009;1.86
Sundbyberg;kvinnor;Antal;2010;2.01
Sundbyberg;kvinnor;Antal;2011;1.98
Sundbyberg;kvinnor;Antal;2012;2.06
Sundbyberg;kvinnor;Antal;2013;1.94
Sundbyberg;kvinnor;Antal;2014;1.84
Sundbyberg;kvinnor;Antal;2015;1.85
Sundbyberg;kvinnor;Antal;2016;1.77
Sundbyberg;kvinnor;Antal;2017;1.78
Sundbyberg;kvinnor;Antal;2018;1.67
Sundbyberg;kvinnor;Antal;2019;1.59
Sundbyberg;kvinnor;Antal;2020;1.59
Sundbyberg;kvinnor;Antal;2021;1.7
Sundbyberg;kvinnor;Antal;2022;1.38
Sundbyberg;kvinnor;Antal;2023;1.39
Sundbyberg;kvinnor;Antal;2024;1.42
Sundbyberg;kvinnor;Antal;2025;1.4
Solna;män;Antal;2000;1.35
Solna;män;Antal;2001;1.42
Solna;män;Antal;2002;1.44
Solna;män;Antal;2003;1.44
Solna;män;Antal;2004;1.62
Solna;män;Antal;2005;1.58
Solna;män;Antal;2006;1.82
Solna;män;Antal;2007;1.73
Solna;män;Antal;2008;1.77
Solna;män;Antal;2009;1.76
Solna;män;Antal;2010;1.84
Solna;män;Antal;2011;1.68
Solna;män;Antal;2012;1.75
Solna;män;Antal;2013;1.7
Solna;män;Antal;2014;1.71
Solna;män;Antal;2015;1.6
Solna;män;Antal;2016;1.74
Solna;män;Antal;2017;1.55
Solna;män;Antal;2018;1.45
Solna;män;Antal;2019;1.47
Solna;män;Antal;2020;1.4
Solna;män;Antal;2021;1.34
Solna;män;Antal;2022;1.24
Solna;män;Antal;2023;1.27
Solna;män;Antal;2024;1.24
Solna;män;Antal;2025;1.26
Solna;kvinnor;Antal;2000;1.34
Solna;kvinnor;Antal;2001;1.49
Solna;kvinnor;Antal;2002;1.49
Solna;kvinnor;Antal;2003;1.55
Solna;kvinnor;Antal;2004;1.68
Solna;kvinnor;Antal;2005;1.65
Solna;kvinnor;Antal;2006;1.86
Solna;kvinnor;Antal;2007;1.78
Solna;kvinnor;Antal;2008;1.89
Solna;kvinnor;Antal;2009;1.85
Solna;kvinnor;Antal;2010;1.93
Solna;kvinnor;Antal;2011;1.83
Solna;kvinnor;Antal;2012;1.85
Solna;kvinnor;Antal;2013;1.75
Solna;kvinnor;Antal;2014;1.76
Solna;kvinnor;Antal;2015;1.72
Solna;kvinnor;Antal;2016;1.82
Solna;kvinnor;Antal;2017;1.6
Solna;kvinnor;Antal;2018;1.56
Solna;kvinnor;Antal;2019;1.53
Solna;kvinnor;Antal;2020;1.51
Solna;kvinnor;Antal;2021;1.42
Solna;kvinnor;Antal;2022;1.32
Solna;kvinnor;Antal;2023;1.32
Solna;kvinnor;Antal;2024;1.28
Solna;kvinnor;Antal;2025;1.29
Lidingö;män;Antal;2000;1.57
Lidingö;män;Antal;2001;1.72
Lidingö;män;Antal;2002;1.84
Lidingö;män;Antal;2003;1.82
Lidingö;män;Antal;2004;2.05
Lidingö;män;Antal;2005;2.02
Lidingö;män;Antal;2006;2.01
Lidingö;män;Antal;2007;1.9
Lidingö;män;Antal;2008;1.84
Lidingö;män;Antal;2009;1.84
Lidingö;män;Antal;2010;2.07
Lidingö;män;Antal;2011;1.77
Lidingö;män;Antal;2012;1.67
Lidingö;män;Antal;2013;1.72
Lidingö;män;Antal;2014;1.59
Lidingö;män;Antal;2015;1.74
Lidingö;män;Antal;2016;1.61
Lidingö;män;Antal;2017;1.68
Lidingö;män;Antal;2018;1.47
Lidingö;män;Antal;2019;1.54
Lidingö;män;Antal;2020;1.47
Lidingö;män;Antal;2021;1.5
Lidingö;män;Antal;2022;1.39
Lidingö;män;Antal;2023;1.37
Lidingö;män;Antal;2024;1.31
Lidingö;män;Antal;2025;1.39
Lidingö;kvinnor;Antal;2000;1.52
Lidingö;kvinnor;Antal;2001;1.78
Lidingö;kvinnor;Antal;2002;1.82
Lidingö;kvinnor;Antal;2003;1.83
Lidingö;kvinnor;Antal;2004;2.08
Lidingö;kvinnor;Antal;2005;2.03
Lidingö;kvinnor;Antal;2006;2.04
Lidingö;kvinnor;Antal;2007;1.98
Lidingö;kvinnor;Antal;2008;1.83
Lidingö;kvinnor;Antal;2009;1.94
Lidingö;kvinnor;Antal;2010;2.1
Lidingö;kvinnor;Antal;2011;1.79
Lidingö;kvinnor;Antal;2012;1.76
Lidingö;kvinnor;Antal;2013;1.85
Lidingö;kvinnor;Antal;2014;1.71
Lidingö;kvinnor;Antal;2015;1.81
Lidingö;kvinnor;Antal;2016;1.72
Lidingö;kvinnor;Antal;2017;1.76
Lidingö;kvinnor;Antal;2018;1.51
Lidingö;kvinnor;Antal;2019;1.56
Lidingö;kvinnor;Antal;2020;1.53
Lidingö;kvinnor;Antal;2021;1.58
Lidingö;kvinnor;Antal;2022;1.45
Lidingö;kvinnor;Antal;2023;1.42
Lidingö;kvinnor;Antal;2024;1.41
Lidingö;kvinnor;Antal;2025;1.51
Vaxholm;män;Antal;2000;1.87
Vaxholm;män;Antal;2001;1.88
Vaxholm;män;Antal;2002;2.11
Vaxholm;män;Antal;2003;2.09
Vaxholm;män;Antal;2004;2.32
Vaxholm;män;Antal;2005;2.16
Vaxholm;män;Antal;2006;2.22
Vaxholm;män;Antal;2007;2.5
Vaxholm;män;Antal;2008;1.87
Vaxholm;män;Antal;2009;1.93
Vaxholm;män;Antal;2010;1.83
Vaxholm;män;Antal;2011;1.85
Vaxholm;män;Antal;2012;1.63
Vaxholm;män;Antal;2013;1.79
Vaxholm;män;Antal;2014;1.83
Vaxholm;män;Antal;2015;1.78
Vaxholm;män;Antal;2016;1.86
Vaxholm;män;Antal;2017;1.56
Vaxholm;män;Antal;2018;1.75
Vaxholm;män;Antal;2019;1.32
Vaxholm;män;Antal;2020;1.45
Vaxholm;män;Antal;2021;1.45
Vaxholm;män;Antal;2022;1.54
Vaxholm;män;Antal;2023;1.42
Vaxholm;män;Antal;2024;1.34
Vaxholm;män;Antal;2025;1.44
Vaxholm;kvinnor;Antal;2000;1.8
Vaxholm;kvinnor;Antal;2001;1.91
Vaxholm;kvinnor;Antal;2002;1.94
Vaxholm;kvinnor;Antal;2003;1.97
Vaxholm;kvinnor;Antal;2004;2.28
Vaxholm;kvinnor;Antal;2005;2.28
Vaxholm;kvinnor;Antal;2006;2.17
Vaxholm;kvinnor;Antal;2007;2.5
Vaxholm;kvinnor;Antal;2008;2.14
Vaxholm;kvinnor;Antal;2009;2.11
Vaxholm;kvinnor;Antal;2010;2.09
Vaxholm;kvinnor;Antal;2011;1.86
Vaxholm;kvinnor;Antal;2012;1.67
Vaxholm;kvinnor;Antal;2013;1.93
Vaxholm;kvinnor;Antal;2014;2.03
Vaxholm;kvinnor;Antal;2015;2.01
Vaxholm;kvinnor;Antal;2016;2.15
Vaxholm;kvinnor;Antal;2017;1.69
Vaxholm;kvinnor;Antal;2018;1.98
Vaxholm;kvinnor;Antal;2019;1.49
Vaxholm;kvinnor;Antal;2020;1.66
Vaxholm;kvinnor;Antal;2021;1.66
Vaxholm;kvinnor;Antal;2022;1.69
Vaxholm;kvinnor;Antal;2023;1.43
Vaxholm;kvinnor;Antal;2024;1.42
Vaxholm;kvinnor;Antal;2025;1.52
Norrtälje;män;Antal;2000;1.41
Norrtälje;män;Antal;2001;1.7
Norrtälje;män;Antal;2002;1.62
Norrtälje;män;Antal;2003;1.58
Norrtälje;män;Antal;2004;1.75
Norrtälje;män;Antal;2005;1.68
Norrtälje;män;Antal;2006;1.62
Norrtälje;män;Antal;2007;1.72
Norrtälje;män;Antal;2008;1.63
Norrtälje;män;Antal;2009;1.93
Norrtälje;män;Antal;2010;1.8
Norrtälje;män;Antal;2011;1.75
Norrtälje;män;Antal;2012;1.7
Norrtälje;män;Antal;2013;1.58
Norrtälje;män;Antal;2014;1.8
Norrtälje;män;Antal;2015;1.63
Norrtälje;män;Antal;2016;1.62
Norrtälje;män;Antal;2017;1.61
Norrtälje;män;Antal;2018;1.55
Norrtälje;män;Antal;2019;1.49
Norrtälje;män;Antal;2020;1.44
Norrtälje;män;Antal;2021;1.41
Norrtälje;män;Antal;2022;1.4
Norrtälje;män;Antal;2023;1.19
Norrtälje;män;Antal;2024;1.17
Norrtälje;män;Antal;2025;1.26
Norrtälje;kvinnor;Antal;2000;1.57
Norrtälje;kvinnor;Antal;2001;1.85
Norrtälje;kvinnor;Antal;2002;1.88
Norrtälje;kvinnor;Antal;2003;1.74
Norrtälje;kvinnor;Antal;2004;1.94
Norrtälje;kvinnor;Antal;2005;1.84
Norrtälje;kvinnor;Antal;2006;1.84
Norrtälje;kvinnor;Antal;2007;1.93
Norrtälje;kvinnor;Antal;2008;1.83
Norrtälje;kvinnor;Antal;2009;2.13
Norrtälje;kvinnor;Antal;2010;2
Norrtälje;kvinnor;Antal;2011;1.97
Norrtälje;kvinnor;Antal;2012;1.87
Norrtälje;kvinnor;Antal;2013;1.81
Norrtälje;kvinnor;Antal;2014;1.97
Norrtälje;kvinnor;Antal;2015;1.8
Norrtälje;kvinnor;Antal;2016;1.75
Norrtälje;kvinnor;Antal;2017;1.78
Norrtälje;kvinnor;Antal;2018;1.73
Norrtälje;kvinnor;Antal;2019;1.7
Norrtälje;kvinnor;Antal;2020;1.63
Norrtälje;kvinnor;Antal;2021;1.63
Norrtälje;kvinnor;Antal;2022;1.61
Norrtälje;kvinnor;Antal;2023;1.4
Norrtälje;kvinnor;Antal;2024;1.36
Norrtälje;kvinnor;Antal;2025;1.42
Sigtuna;män;Antal;2000;1.5
Sigtuna;män;Antal;2001;1.44
Sigtuna;män;Antal;2002;1.67
Sigtuna;män;Antal;2003;1.76
Sigtuna;män;Antal;2004;1.69
Sigtuna;män;Antal;2005;1.8
Sigtuna;män;Antal;2006;1.63
Sigtuna;män;Antal;2007;1.84
Sigtuna;män;Antal;2008;1.83
Sigtuna;män;Antal;2009;1.94
Sigtuna;män;Antal;2010;1.85
Sigtuna;män;Antal;2011;2.02
Sigtuna;män;Antal;2012;1.76
Sigtuna;män;Antal;2013;1.85
Sigtuna;män;Antal;2014;1.89
Sigtuna;män;Antal;2015;1.79
Sigtuna;män;Antal;2016;1.97
Sigtuna;män;Antal;2017;1.71
Sigtuna;män;Antal;2018;1.85
Sigtuna;män;Antal;2019;1.57
Sigtuna;män;Antal;2020;1.47
Sigtuna;män;Antal;2021;1.64
Sigtuna;män;Antal;2022;1.4
Sigtuna;män;Antal;2023;1.35
Sigtuna;män;Antal;2024;1.26
Sigtuna;män;Antal;2025;1.46
Sigtuna;kvinnor;Antal;2000;1.62
Sigtuna;kvinnor;Antal;2001;1.53
Sigtuna;kvinnor;Antal;2002;1.78
Sigtuna;kvinnor;Antal;2003;1.95
Sigtuna;kvinnor;Antal;2004;1.86
Sigtuna;kvinnor;Antal;2005;1.94
Sigtuna;kvinnor;Antal;2006;1.86
Sigtuna;kvinnor;Antal;2007;2.03
Sigtuna;kvinnor;Antal;2008;2
Sigtuna;kvinnor;Antal;2009;2.13
Sigtuna;kvinnor;Antal;2010;2.02
Sigtuna;kvinnor;Antal;2011;2.22
Sigtuna;kvinnor;Antal;2012;1.91
Sigtuna;kvinnor;Antal;2013;2.05
Sigtuna;kvinnor;Antal;2014;2.09
Sigtuna;kvinnor;Antal;2015;2.03
Sigtuna;kvinnor;Antal;2016;2.18
Sigtuna;kvinnor;Antal;2017;1.91
Sigtuna;kvinnor;Antal;2018;2.06
Sigtuna;kvinnor;Antal;2019;1.82
Sigtuna;kvinnor;Antal;2020;1.69
Sigtuna;kvinnor;Antal;2021;1.87
Sigtuna;kvinnor;Antal;2022;1.65
Sigtuna;kvinnor;Antal;2023;1.55
Sigtuna;kvinnor;Antal;2024;1.51
Sigtuna;kvinnor;Antal;2025;1.74
Nynäshamn;män;Antal;2000;1.5
Nynäshamn;män;Antal;2001;1.62
Nynäshamn;män;Antal;2002;1.66
Nynäshamn;män;Antal;2003;1.54
Nynäshamn;män;Antal;2004;1.6
Nynäshamn;män;Antal;2005;1.65
Nynäshamn;män;Antal;2006;1.7
Nynäshamn;män;Antal;2007;1.69
Nynäshamn;män;Antal;2008;1.88
Nynäshamn;män;Antal;2009;1.91
Nynäshamn;män;Antal;2010;1.95
Nynäshamn;män;Antal;2011;1.78
Nynäshamn;män;Antal;2012;1.65
Nynäshamn;män;Antal;2013;1.8
Nynäshamn;män;Antal;2014;1.77
Nynäshamn;män;Antal;2015;1.72
Nynäshamn;män;Antal;2016;1.8
Nynäshamn;män;Antal;2017;1.65
Nynäshamn;män;Antal;2018;1.59
Nynäshamn;män;Antal;2019;1.48
Nynäshamn;män;Antal;2020;1.52
Nynäshamn;män;Antal;2021;1.49
Nynäshamn;män;Antal;2022;1.37
Nynäshamn;män;Antal;2023;1.35
Nynäshamn;män;Antal;2024;1.26
Nynäshamn;män;Antal;2025;1.35
Nynäshamn;kvinnor;Antal;2000;1.65
Nynäshamn;kvinnor;Antal;2001;1.75
Nynäshamn;kvinnor;Antal;2002;1.85
Nynäshamn;kvinnor;Antal;2003;1.76
Nynäshamn;kvinnor;Antal;2004;1.8
Nynäshamn;kvinnor;Antal;2005;1.84
Nynäshamn;kvinnor;Antal;2006;1.92
Nynäshamn;kvinnor;Antal;2007;1.93
Nynäshamn;kvinnor;Antal;2008;2.14
Nynäshamn;kvinnor;Antal;2009;2.13
Nynäshamn;kvinnor;Antal;2010;2.19
Nynäshamn;kvinnor;Antal;2011;2.02
Nynäshamn;kvinnor;Antal;2012;1.93
Nynäshamn;kvinnor;Antal;2013;2.04
Nynäshamn;kvinnor;Antal;2014;1.98
Nynäshamn;kvinnor;Antal;2015;1.95
Nynäshamn;kvinnor;Antal;2016;2.01
Nynäshamn;kvinnor;Antal;2017;1.91
Nynäshamn;kvinnor;Antal;2018;1.87
Nynäshamn;kvinnor;Antal;2019;1.77
Nynäshamn;kvinnor;Antal;2020;1.77
Nynäshamn;kvinnor;Antal;2021;1.75
Nynäshamn;kvinnor;Antal;2022;1.55
Nynäshamn;kvinnor;Antal;2023;1.6
Nynäshamn;kvinnor;Antal;2024;1.54
Nynäshamn;kvinnor;Antal;2025;1.53
Håbo;män;Antal;2000;1.52
Håbo;män;Antal;2001;1.71
Håbo;män;Antal;2002;1.52
Håbo;män;Antal;2003;1.88
Håbo;män;Antal;2004;1.99
Håbo;män;Antal;2005;1.78
Håbo;män;Antal;2006;1.98
Håbo;män;Antal;2007;1.82
Håbo;män;Antal;2008;2.14
Håbo;män;Antal;2009;1.77
Håbo;män;Antal;2010;1.94
Håbo;män;Antal;2011;1.66
Håbo;män;Antal;2012;1.79
Håbo;män;Antal;2013;1.74
Håbo;män;Antal;2014;1.8
Håbo;män;Antal;2015;1.7
Håbo;män;Antal;2016;2.04
Håbo;män;Antal;2017;1.58
Håbo;män;Antal;2018;1.71
Håbo;män;Antal;2019;1.56
Håbo;män;Antal;2020;1.39
Håbo;män;Antal;2021;1.36
Håbo;män;Antal;2022;1.44
Håbo;män;Antal;2023;1.41
Håbo;män;Antal;2024;1.39
Håbo;män;Antal;2025;1.23
Håbo;kvinnor;Antal;2000;1.76
Håbo;kvinnor;Antal;2001;1.91
Håbo;kvinnor;Antal;2002;1.7
Håbo;kvinnor;Antal;2003;2.11
Håbo;kvinnor;Antal;2004;2.21
Håbo;kvinnor;Antal;2005;2.06
Håbo;kvinnor;Antal;2006;2.14
Håbo;kvinnor;Antal;2007;1.96
Håbo;kvinnor;Antal;2008;2.43
Håbo;kvinnor;Antal;2009;1.95
Håbo;kvinnor;Antal;2010;2.11
Håbo;kvinnor;Antal;2011;1.89
Håbo;kvinnor;Antal;2012;1.94
Håbo;kvinnor;Antal;2013;1.86
Håbo;kvinnor;Antal;2014;2.05
Håbo;kvinnor;Antal;2015;1.91
Håbo;kvinnor;Antal;2016;2.37
Håbo;kvinnor;Antal;2017;1.83
Håbo;kvinnor;Antal;2018;1.92
Håbo;kvinnor;Antal;2019;1.84
Håbo;kvinnor;Antal;2020;1.67
Håbo;kvinnor;Antal;2021;1.55
Håbo;kvinnor;Antal;2022;1.72
Håbo;kvinnor;Antal;2023;1.61
Håbo;kvinnor;Antal;2024;1.58
Håbo;kvinnor;Antal;2025;1.49
Älvkarleby;män;Antal;2000;1.45
Älvkarleby;män;Antal;2001;1.47
Älvkarleby;män;Antal;2002;1.7
Älvkarleby;män;Antal;2003;1.8
Älvkarleby;män;Antal;2004;1.8
Älvkarleby;män;Antal;2005;1.53
Älvkarleby;män;Antal;2006;1.57
Älvkarleby;män;Antal;2007;2.04
Älvkarleby;män;Antal;2008;1.95
Älvkarleby;män;Antal;2009;1.93
Älvkarleby;män;Antal;2010;1.98
Älvkarleby;män;Antal;2011;2
Älvkarleby;män;Antal;2012;2.19
Älvkarleby;män;Antal;2013;1.62
Älvkarleby;män;Antal;2014;1.74
Älvkarleby;män;Antal;2015;1.54
Älvkarleby;män;Antal;2016;1.61
Älvkarleby;män;Antal;2017;2.11
Älvkarleby;män;Antal;2018;1.5
Älvkarleby;män;Antal;2019;1.46
Älvkarleby;män;Antal;2020;1.93
Älvkarleby;män;Antal;2021;1.52
Älvkarleby;män;Antal;2022;1.41
Älvkarleby;män;Antal;2023;1.53
Älvkarleby;män;Antal;2024;1.35
Älvkarleby;män;Antal;2025;1.55
Älvkarleby;kvinnor;Antal;2000;1.48
Älvkarleby;kvinnor;Antal;2001;1.51
Älvkarleby;kvinnor;Antal;2002;1.91
Älvkarleby;kvinnor;Antal;2003;1.85
Älvkarleby;kvinnor;Antal;2004;1.93
Älvkarleby;kvinnor;Antal;2005;1.76
Älvkarleby;kvinnor;Antal;2006;1.9
Älvkarleby;kvinnor;Antal;2007;2.22
Älvkarleby;kvinnor;Antal;2008;2.2
Älvkarleby;kvinnor;Antal;2009;2.18
Älvkarleby;kvinnor;Antal;2010;2.44
Älvkarleby;kvinnor;Antal;2011;2.08
Älvkarleby;kvinnor;Antal;2012;2.43
Älvkarleby;kvinnor;Antal;2013;1.75
Älvkarleby;kvinnor;Antal;2014;1.94
Älvkarleby;kvinnor;Antal;2015;1.89
Älvkarleby;kvinnor;Antal;2016;1.88
Älvkarleby;kvinnor;Antal;2017;2.33
Älvkarleby;kvinnor;Antal;2018;1.8
Älvkarleby;kvinnor;Antal;2019;1.7
Älvkarleby;kvinnor;Antal;2020;2.17
Älvkarleby;kvinnor;Antal;2021;1.77
Älvkarleby;kvinnor;Antal;2022;1.4
Älvkarleby;kvinnor;Antal;2023;1.78
Älvkarleby;kvinnor;Antal;2024;1.45
Älvkarleby;kvinnor;Antal;2025;1.71
Knivsta;män;Antal;2000;
Knivsta;män;Antal;2001;
Knivsta;män;Antal;2002;
Knivsta;män;Antal;2003;2.22
Knivsta;män;Antal;2004;2.28
Knivsta;män;Antal;2005;2.35
Knivsta;män;Antal;2006;2.58
Knivsta;män;Antal;2007;2.06
Knivsta;män;Antal;2008;2.38
Knivsta;män;Antal;2009;2.17
Knivsta;män;Antal;2010;1.99
Knivsta;män;Antal;2011;1.91
Knivsta;män;Antal;2012;2.32
Knivsta;män;Antal;2013;1.89
Knivsta;män;Antal;2014;2.03
Knivsta;män;Antal;2015;2.02
Knivsta;män;Antal;2016;2.25
Knivsta;män;Antal;2017;2.17
Knivsta;män;Antal;2018;1.99
Knivsta;män;Antal;2019;1.79
Knivsta;män;Antal;2020;1.64
Knivsta;män;Antal;2021;1.59
Knivsta;män;Antal;2022;1.68
Knivsta;män;Antal;2023;1.34
Knivsta;män;Antal;2024;1.49
Knivsta;män;Antal;2025;1.38
Knivsta;kvinnor;Antal;2000;
Knivsta;kvinnor;Antal;2001;
Knivsta;kvinnor;Antal;2002;
Knivsta;kvinnor;Antal;2003;2.31
Knivsta;kvinnor;Antal;2004;2.29
Knivsta;kvinnor;Antal;2005;2.39
Knivsta;kvinnor;Antal;2006;2.59
Knivsta;kvinnor;Antal;2007;2.15
Knivsta;kvinnor;Antal;2008;2.33
Knivsta;kvinnor;Antal;2009;2.24
Knivsta;kvinnor;Antal;2010;2.25
Knivsta;kvinnor;Antal;2011;1.95
Knivsta;kvinnor;Antal;2012;2.42
Knivsta;kvinnor;Antal;2013;1.98
Knivsta;kvinnor;Antal;2014;2.17
Knivsta;kvinnor;Antal;2015;2.14
Knivsta;kvinnor;Antal;2016;2.38
Knivsta;kvinnor;Antal;2017;2.29
Knivsta;kvinnor;Antal;2018;2.07
Knivsta;kvinnor;Antal;2019;1.81
Knivsta;kvinnor;Antal;2020;1.77
Knivsta;kvinnor;Antal;2021;1.8
Knivsta;kvinnor;Antal;2022;1.84
Knivsta;kvinnor;Antal;2023;1.43
Knivsta;kvinnor;Antal;2024;1.7
Knivsta;kvinnor;Antal;2025;1.48
Heby;män;Antal;2000;1.62
Heby;män;Antal;2001;1.83
Heby;män;Antal;2002;1.53
Heby;män;Antal;2003;1.54
Heby;män;Antal;2004;1.85
Heby;män;Antal;2005;1.37
Heby;män;Antal;2006;1.69
Heby;män;Antal;2007;1.85
Heby;män;Antal;2008;1.71
Heby;män;Antal;2009;1.7
Heby;män;Antal;2010;1.95
Heby;män;Antal;2011;1.68
Heby;män;Antal;2012;1.98
Heby;män;Antal;2013;1.9
Heby;män;Antal;2014;1.87
Heby;män;Antal;2015;1.85
Heby;män;Antal;2016;1.65
Heby;män;Antal;2017;1.63
Heby;män;Antal;2018;1.51
Heby;män;Antal;2019;1.69
Heby;män;Antal;2020;1.29
Heby;män;Antal;2021;1.66
Heby;män;Antal;2022;1.15
Heby;män;Antal;2023;1.35
Heby;män;Antal;2024;1.42
Heby;män;Antal;2025;1.28
Heby;kvinnor;Antal;2000;2.11
Heby;kvinnor;Antal;2001;2.34
Heby;kvinnor;Antal;2002;1.76
Heby;kvinnor;Antal;2003;1.88
Heby;kvinnor;Antal;2004;2.2
Heby;kvinnor;Antal;2005;1.72
Heby;kvinnor;Antal;2006;1.91
Heby;kvinnor;Antal;2007;2.12
Heby;kvinnor;Antal;2008;1.88
Heby;kvinnor;Antal;2009;1.93
Heby;kvinnor;Antal;2010;2.24
Heby;kvinnor;Antal;2011;1.91
Heby;kvinnor;Antal;2012;2.09
Heby;kvinnor;Antal;2013;2.18
Heby;kvinnor;Antal;2014;2.03
Heby;kvinnor;Antal;2015;2.11
Heby;kvinnor;Antal;2016;1.75
Heby;kvinnor;Antal;2017;1.84
Heby;kvinnor;Antal;2018;1.76
Heby;kvinnor;Antal;2019;1.91
Heby;kvinnor;Antal;2020;1.52
Heby;kvinnor;Antal;2021;1.96
Heby;kvinnor;Antal;2022;1.4
Heby;kvinnor;Antal;2023;1.63
Heby;kvinnor;Antal;2024;1.47
Heby;kvinnor;Antal;2025;1.57
Tierp;män;Antal;2000;1.23
Tierp;män;Antal;2001;1.28
Tierp;män;Antal;2002;1.65
Tierp;män;Antal;2003;1.67
Tierp;män;Antal;2004;1.93
Tierp;män;Antal;2005;1.58
Tierp;män;Antal;2006;1.51
Tierp;män;Antal;2007;1.69
Tierp;män;Antal;2008;1.87
Tierp;män;Antal;2009;1.74
Tierp;män;Antal;2010;1.78
Tierp;män;Antal;2011;1.9
Tierp;män;Antal;2012;1.86
Tierp;män;Antal;2013;1.69
Tierp;män;Antal;2014;1.77
Tierp;män;Antal;2015;2.29
Tierp;män;Antal;2016;2.06
Tierp;män;Antal;2017;1.85
Tierp;män;Antal;2018;1.7
Tierp;män;Antal;2019;1.73
Tierp;män;Antal;2020;1.74
Tierp;män;Antal;2021;1.47
Tierp;män;Antal;2022;1.59
Tierp;män;Antal;2023;1.2
Tierp;män;Antal;2024;1.23
Tierp;män;Antal;2025;1.37
Tierp;kvinnor;Antal;2000;1.57
Tierp;kvinnor;Antal;2001;1.57
Tierp;kvinnor;Antal;2002;1.94
Tierp;kvinnor;Antal;2003;1.97
Tierp;kvinnor;Antal;2004;2.23
Tierp;kvinnor;Antal;2005;1.81
Tierp;kvinnor;Antal;2006;1.72
Tierp;kvinnor;Antal;2007;1.95
Tierp;kvinnor;Antal;2008;2.13
Tierp;kvinnor;Antal;2009;2
Tierp;kvinnor;Antal;2010;1.97
Tierp;kvinnor;Antal;2011;2.02
Tierp;kvinnor;Antal;2012;2.02
Tierp;kvinnor;Antal;2013;1.86
Tierp;kvinnor;Antal;2014;1.92
Tierp;kvinnor;Antal;2015;2.51
Tierp;kvinnor;Antal;2016;2.26
Tierp;kvinnor;Antal;2017;1.98
Tierp;kvinnor;Antal;2018;1.98
Tierp;kvinnor;Antal;2019;2.06
Tierp;kvinnor;Antal;2020;1.96
Tierp;kvinnor;Antal;2021;1.72
Tierp;kvinnor;Antal;2022;1.88
Tierp;kvinnor;Antal;2023;1.39
Tierp;kvinnor;Antal;2024;1.43
Tierp;kvinnor;Antal;2025;1.63
Uppsala;män;Antal;2000;1.42
Uppsala;män;Antal;2001;1.47
Uppsala;män;Antal;2002;1.55
Uppsala;män;Antal;2003;1.55
Uppsala;män;Antal;2004;1.61
Uppsala;män;Antal;2005;1.59
Uppsala;män;Antal;2006;1.68
Uppsala;män;Antal;2007;1.72
Uppsala;män;Antal;2008;1.81
Uppsala;män;Antal;2009;1.75
Uppsala;män;Antal;2010;1.8
Uppsala;män;Antal;2011;1.73
Uppsala;män;Antal;2012;1.68
Uppsala;män;Antal;2013;1.63
Uppsala;män;Antal;2014;1.6
Uppsala;män;Antal;2015;1.64
Uppsala;män;Antal;2016;1.61
Uppsala;män;Antal;2017;1.49
Uppsala;män;Antal;2018;1.51
Uppsala;män;Antal;2019;1.43
Uppsala;män;Antal;2020;1.38
Uppsala;män;Antal;2021;1.42
Uppsala;män;Antal;2022;1.28
Uppsala;män;Antal;2023;1.25
Uppsala;män;Antal;2024;1.24
Uppsala;män;Antal;2025;1.22
Uppsala;kvinnor;Antal;2000;1.41
Uppsala;kvinnor;Antal;2001;1.44
Uppsala;kvinnor;Antal;2002;1.52
Uppsala;kvinnor;Antal;2003;1.54
Uppsala;kvinnor;Antal;2004;1.6
Uppsala;kvinnor;Antal;2005;1.59
Uppsala;kvinnor;Antal;2006;1.69
Uppsala;kvinnor;Antal;2007;1.74
Uppsala;kvinnor;Antal;2008;1.84
Uppsala;kvinnor;Antal;2009;1.78
Uppsala;kvinnor;Antal;2010;1.85
Uppsala;kvinnor;Antal;2011;1.75
Uppsala;kvinnor;Antal;2012;1.72
Uppsala;kvinnor;Antal;2013;1.66
Uppsala;kvinnor;Antal;2014;1.63
Uppsala;kvinnor;Antal;2015;1.67
Uppsala;kvinnor;Antal;2016;1.6
Uppsala;kvinnor;Antal;2017;1.52
Uppsala;kvinnor;Antal;2018;1.53
Uppsala;kvinnor;Antal;2019;1.47
Uppsala;kvinnor;Antal;2020;1.4
Uppsala;kvinnor;Antal;2021;1.46
Uppsala;kvinnor;Antal;2022;1.31
Uppsala;kvinnor;Antal;2023;1.28
Uppsala;kvinnor;Antal;2024;1.26
Uppsala;kvinnor;Antal;2025;1.23
Enköping;män;Antal;2000;1.61
Enköping;män;Antal;2001;1.61
Enköping;män;Antal;2002;1.53
Enköping;män;Antal;2003;1.7
Enköping;män;Antal;2004;1.68
Enköping;män;Antal;2005;1.65
Enköping;män;Antal;2006;1.83
Enköping;män;Antal;2007;1.64
Enköping;män;Antal;2008;1.78
Enköping;män;Antal;2009;1.86
Enköping;män;Antal;2010;1.7
Enköping;män;Antal;2011;1.85
Enköping;män;Antal;2012;2.07
Enköping;män;Antal;2013;1.81
Enköping;män;Antal;2014;1.93
Enköping;män;Antal;2015;1.58
Enköping;män;Antal;2016;1.98
Enköping;män;Antal;2017;1.83
Enköping;män;Antal;2018;1.7
Enköping;män;Antal;2019;1.91
Enköping;män;Antal;2020;1.69
Enköping;män;Antal;2021;1.56
Enköping;män;Antal;2022;1.43
Enköping;män;Antal;2023;1.3
Enköping;män;Antal;2024;1.46
Enköping;män;Antal;2025;1.32
Enköping;kvinnor;Antal;2000;1.77
Enköping;kvinnor;Antal;2001;1.83
Enköping;kvinnor;Antal;2002;1.66
Enköping;kvinnor;Antal;2003;1.85
Enköping;kvinnor;Antal;2004;1.89
Enköping;kvinnor;Antal;2005;1.79
Enköping;kvinnor;Antal;2006;2.03
Enköping;kvinnor;Antal;2007;1.86
Enköping;kvinnor;Antal;2008;1.92
Enköping;kvinnor;Antal;2009;2.11
Enköping;kvinnor;Antal;2010;1.88
Enköping;kvinnor;Antal;2011;2.02
Enköping;kvinnor;Antal;2012;2.23
Enköping;kvinnor;Antal;2013;1.99
Enköping;kvinnor;Antal;2014;2.01
Enköping;kvinnor;Antal;2015;1.79
Enköping;kvinnor;Antal;2016;2.17
Enköping;kvinnor;Antal;2017;2
Enköping;kvinnor;Antal;2018;1.95
Enköping;kvinnor;Antal;2019;2.07
Enköping;kvinnor;Antal;2020;1.89
Enköping;kvinnor;Antal;2021;1.79
Enköping;kvinnor;Antal;2022;1.63
Enköping;kvinnor;Antal;2023;1.54
Enköping;kvinnor;Antal;2024;1.68
Enköping;kvinnor;Antal;2025;1.57
Östhammar;män;Antal;2000;1.28
Östhammar;män;Antal;2001;1.33
Östhammar;män;Antal;2002;1.52
Östhammar;män;Antal;2003;1.55
Östhammar;män;Antal;2004;1.6
Östhammar;män;Antal;2005;1.69
Östhammar;män;Antal;2006;1.86
Östhammar;män;Antal;2007;1.76
Östhammar;män;Antal;2008;1.79
Östhammar;män;Antal;2009;1.78
Östhammar;män;Antal;2010;2.03
Östhammar;män;Antal;2011;1.82
Östhammar;män;Antal;2012;2.13
Östhammar;män;Antal;2013;1.77
Östhammar;män;Antal;2014;1.73
Östhammar;män;Antal;2015;2
Östhammar;män;Antal;2016;1.82
Östhammar;män;Antal;2017;1.71
Östhammar;män;Antal;2018;1.58
Östhammar;män;Antal;2019;1.71
Östhammar;män;Antal;2020;1.43
Östhammar;män;Antal;2021;1.47
Östhammar;män;Antal;2022;1.47
Östhammar;män;Antal;2023;1.26
Östhammar;män;Antal;2024;1.26
Östhammar;män;Antal;2025;1.24
Östhammar;kvinnor;Antal;2000;1.5
Östhammar;kvinnor;Antal;2001;1.63
Östhammar;kvinnor;Antal;2002;1.78
Östhammar;kvinnor;Antal;2003;1.72
Östhammar;kvinnor;Antal;2004;1.92
Östhammar;kvinnor;Antal;2005;2.06
Östhammar;kvinnor;Antal;2006;2.19
Östhammar;kvinnor;Antal;2007;2.03
Östhammar;kvinnor;Antal;2008;2.13
Östhammar;kvinnor;Antal;2009;1.99
Östhammar;kvinnor;Antal;2010;2.26
Östhammar;kvinnor;Antal;2011;2.12
Östhammar;kvinnor;Antal;2012;2.41
Östhammar;kvinnor;Antal;2013;1.96
Östhammar;kvinnor;Antal;2014;1.89
Östhammar;kvinnor;Antal;2015;2.2
Östhammar;kvinnor;Antal;2016;2.02
Östhammar;kvinnor;Antal;2017;1.91
Östhammar;kvinnor;Antal;2018;1.9
Östhammar;kvinnor;Antal;2019;1.95
Östhammar;kvinnor;Antal;2020;1.66
Östhammar;kvinnor;Antal;2021;1.67
Östhammar;kvinnor;Antal;2022;1.79
Östhammar;kvinnor;Antal;2023;1.49
Östhammar;kvinnor;Antal;2024;1.64
Östhammar;kvinnor;Antal;2025;1.54
Vingåker;män;Antal;2000;1.53
Vingåker;män;Antal;2001;1.9
Vingåker;män;Antal;2002;1.92
Vingåker;män;Antal;2003;1.81
Vingåker;män;Antal;2004;1.79
Vingåker;män;Antal;2005;1.74
Vingåker;män;Antal;2006;1.8
Vingåker;män;Antal;2007;1.47
Vingåker;män;Antal;2008;1.63
Vingåker;män;Antal;2009;1.45
Vingåker;män;Antal;2010;1.7
Vingåker;män;Antal;2011;1.7
Vingåker;män;Antal;2012;1.77
Vingåker;män;Antal;2013;1.64
Vingåker;män;Antal;2014;2.15
Vingåker;män;Antal;2015;2.06
Vingåker;män;Antal;2016;1.76
Vingåker;män;Antal;2017;1.53
Vingåker;män;Antal;2018;2.25
Vingåker;män;Antal;2019;1.27
Vingåker;män;Antal;2020;1.75
Vingåker;män;Antal;2021;1.8
Vingåker;män;Antal;2022;1.5
Vingåker;män;Antal;2023;1.23
Vingåker;män;Antal;2024;1.31
Vingåker;män;Antal;2025;1.36
Vingåker;kvinnor;Antal;2000;1.67
Vingåker;kvinnor;Antal;2001;2.09
Vingåker;kvinnor;Antal;2002;2.15
Vingåker;kvinnor;Antal;2003;2.03
Vingåker;kvinnor;Antal;2004;2.1
Vingåker;kvinnor;Antal;2005;1.85
Vingåker;kvinnor;Antal;2006;2.21
Vingåker;kvinnor;Antal;2007;1.72
Vingåker;kvinnor;Antal;2008;1.82
Vingåker;kvinnor;Antal;2009;1.71
Vingåker;kvinnor;Antal;2010;2.06
Vingåker;kvinnor;Antal;2011;1.91
Vingåker;kvinnor;Antal;2012;2.1
Vingåker;kvinnor;Antal;2013;1.96
Vingåker;kvinnor;Antal;2014;2.41
Vingåker;kvinnor;Antal;2015;2.41
Vingåker;kvinnor;Antal;2016;1.98
Vingåker;kvinnor;Antal;2017;2.03
Vingåker;kvinnor;Antal;2018;2.59
Vingåker;kvinnor;Antal;2019;1.57
Vingåker;kvinnor;Antal;2020;2.06
Vingåker;kvinnor;Antal;2021;2.03
Vingåker;kvinnor;Antal;2022;1.71
Vingåker;kvinnor;Antal;2023;1.46
Vingåker;kvinnor;Antal;2024;1.52
Vingåker;kvinnor;Antal;2025;1.55
Gnesta;män;Antal;2000;1.56
Gnesta;män;Antal;2001;1.48
Gnesta;män;Antal;2002;1.76
Gnesta;män;Antal;2003;2.02
Gnesta;män;Antal;2004;1.79
Gnesta;män;Antal;2005;1.81
Gnesta;män;Antal;2006;1.53
Gnesta;män;Antal;2007;1.78
Gnesta;män;Antal;2008;1.99
Gnesta;män;Antal;2009;1.61
Gnesta;män;Antal;2010;2.32
Gnesta;män;Antal;2011;1.9
Gnesta;män;Antal;2012;1.93
Gnesta;män;Antal;2013;1.62
Gnesta;män;Antal;2014;1.95
Gnesta;män;Antal;2015;1.91
Gnesta;män;Antal;2016;1.88
Gnesta;män;Antal;2017;1.83
Gnesta;män;Antal;2018;1.89
Gnesta;män;Antal;2019;1.9
Gnesta;män;Antal;2020;1.54
Gnesta;män;Antal;2021;1.64
Gnesta;män;Antal;2022;1.58
Gnesta;män;Antal;2023;1.07
Gnesta;män;Antal;2024;1.55
Gnesta;män;Antal;2025;1.22
Gnesta;kvinnor;Antal;2000;1.74
Gnesta;kvinnor;Antal;2001;1.7
Gnesta;kvinnor;Antal;2002;1.95
Gnesta;kvinnor;Antal;2003;2.24
Gnesta;kvinnor;Antal;2004;1.99
Gnesta;kvinnor;Antal;2005;2.06
Gnesta;kvinnor;Antal;2006;1.85
Gnesta;kvinnor;Antal;2007;2.03
Gnesta;kvinnor;Antal;2008;2.25
Gnesta;kvinnor;Antal;2009;1.93
Gnesta;kvinnor;Antal;2010;2.56
Gnesta;kvinnor;Antal;2011;2.07
Gnesta;kvinnor;Antal;2012;2.22
Gnesta;kvinnor;Antal;2013;1.92
Gnesta;kvinnor;Antal;2014;2.16
Gnesta;kvinnor;Antal;2015;2.05
Gnesta;kvinnor;Antal;2016;2.05
Gnesta;kvinnor;Antal;2017;1.85
Gnesta;kvinnor;Antal;2018;2
Gnesta;kvinnor;Antal;2019;2
Gnesta;kvinnor;Antal;2020;1.68
Gnesta;kvinnor;Antal;2021;1.84
Gnesta;kvinnor;Antal;2022;1.73
Gnesta;kvinnor;Antal;2023;1.12
Gnesta;kvinnor;Antal;2024;1.79
Gnesta;kvinnor;Antal;2025;1.4
Nyköping;män;Antal;2000;1.51
Nyköping;män;Antal;2001;1.52
Nyköping;män;Antal;2002;1.58
Nyköping;män;Antal;2003;1.75
Nyköping;män;Antal;2004;1.79
Nyköping;män;Antal;2005;1.81
Nyköping;män;Antal;2006;1.9
Nyköping;män;Antal;2007;1.89
Nyköping;män;Antal;2008;1.84
Nyköping;män;Antal;2009;1.78
Nyköping;män;Antal;2010;1.84
Nyköping;män;Antal;2011;1.87
Nyköping;män;Antal;2012;1.91
Nyköping;män;Antal;2013;1.89
Nyköping;män;Antal;2014;1.77
Nyköping;män;Antal;2015;1.84
Nyköping;män;Antal;2016;1.88
Nyköping;män;Antal;2017;1.7
Nyköping;män;Antal;2018;1.72
Nyköping;män;Antal;2019;1.63
Nyköping;män;Antal;2020;1.5
Nyköping;män;Antal;2021;1.62
Nyköping;män;Antal;2022;1.54
Nyköping;män;Antal;2023;1.33
Nyköping;män;Antal;2024;1.49
Nyköping;män;Antal;2025;1.31
Nyköping;kvinnor;Antal;2000;1.69
Nyköping;kvinnor;Antal;2001;1.61
Nyköping;kvinnor;Antal;2002;1.71
Nyköping;kvinnor;Antal;2003;1.91
Nyköping;kvinnor;Antal;2004;1.95
Nyköping;kvinnor;Antal;2005;1.94
Nyköping;kvinnor;Antal;2006;2.04
Nyköping;kvinnor;Antal;2007;2.07
Nyköping;kvinnor;Antal;2008;1.98
Nyköping;kvinnor;Antal;2009;1.91
Nyköping;kvinnor;Antal;2010;1.93
Nyköping;kvinnor;Antal;2011;1.96
Nyköping;kvinnor;Antal;2012;2
Nyköping;kvinnor;Antal;2013;1.97
Nyköping;kvinnor;Antal;2014;1.87
Nyköping;kvinnor;Antal;2015;1.99
Nyköping;kvinnor;Antal;2016;2
Nyköping;kvinnor;Antal;2017;1.88
Nyköping;kvinnor;Antal;2018;1.86
Nyköping;kvinnor;Antal;2019;1.81
Nyköping;kvinnor;Antal;2020;1.66
Nyköping;kvinnor;Antal;2021;1.84
Nyköping;kvinnor;Antal;2022;1.71
Nyköping;kvinnor;Antal;2023;1.49
Nyköping;kvinnor;Antal;2024;1.63
Nyköping;kvinnor;Antal;2025;1.5
Oxelösund;män;Antal;2000;1.14
Oxelösund;män;Antal;2001;1.41
Oxelösund;män;Antal;2002;1.51
Oxelösund;män;Antal;2003;1.59
Oxelösund;män;Antal;2004;1.73
Oxelösund;män;Antal;2005;1.61
Oxelösund;män;Antal;2006;1.88
Oxelösund;män;Antal;2007;2.01
Oxelösund;män;Antal;2008;1.76
Oxelösund;män;Antal;2009;1.81
Oxelösund;män;Antal;2010;1.95
Oxelösund;män;Antal;2011;1.88
Oxelösund;män;Antal;2012;1.57
Oxelösund;män;Antal;2013;1.63
Oxelösund;män;Antal;2014;1.72
Oxelösund;män;Antal;2015;1.6
Oxelösund;män;Antal;2016;1.74
Oxelösund;män;Antal;2017;2.04
Oxelösund;män;Antal;2018;1.82
Oxelösund;män;Antal;2019;1.76
Oxelösund;män;Antal;2020;1.66
Oxelösund;män;Antal;2021;1.51
Oxelösund;män;Antal;2022;1.55
Oxelösund;män;Antal;2023;1.2
Oxelösund;män;Antal;2024;1.29
Oxelösund;män;Antal;2025;1.2
Oxelösund;kvinnor;Antal;2000;1.42
Oxelösund;kvinnor;Antal;2001;1.7
Oxelösund;kvinnor;Antal;2002;1.85
Oxelösund;kvinnor;Antal;2003;1.96
Oxelösund;kvinnor;Antal;2004;2.14
Oxelösund;kvinnor;Antal;2005;1.82
Oxelösund;kvinnor;Antal;2006;2.06
Oxelösund;kvinnor;Antal;2007;2.36
Oxelösund;kvinnor;Antal;2008;1.85
Oxelösund;kvinnor;Antal;2009;2.11
Oxelösund;kvinnor;Antal;2010;2.32
Oxelösund;kvinnor;Antal;2011;2.06
Oxelösund;kvinnor;Antal;2012;1.83
Oxelösund;kvinnor;Antal;2013;1.94
Oxelösund;kvinnor;Antal;2014;2.21
Oxelösund;kvinnor;Antal;2015;2.13
Oxelösund;kvinnor;Antal;2016;2.3
Oxelösund;kvinnor;Antal;2017;2.66
Oxelösund;kvinnor;Antal;2018;2.22
Oxelösund;kvinnor;Antal;2019;2.11
Oxelösund;kvinnor;Antal;2020;2.06
Oxelösund;kvinnor;Antal;2021;1.88
Oxelösund;kvinnor;Antal;2022;1.92
Oxelösund;kvinnor;Antal;2023;1.53
Oxelösund;kvinnor;Antal;2024;1.71
Oxelösund;kvinnor;Antal;2025;1.41
Flen;män;Antal;2000;1.54
Flen;män;Antal;2001;1.86
Flen;män;Antal;2002;1.88
Flen;män;Antal;2003;1.95
Flen;män;Antal;2004;1.63
Flen;män;Antal;2005;1.59
Flen;män;Antal;2006;1.5
Flen;män;Antal;2007;1.76
Flen;män;Antal;2008;1.7
Flen;män;Antal;2009;1.74
Flen;män;Antal;2010;1.81
Flen;män;Antal;2011;1.88
Flen;män;Antal;2012;1.77
Flen;män;Antal;2013;1.69
Flen;män;Antal;2014;1.98
Flen;män;Antal;2015;1.61
Flen;män;Antal;2016;2.02
Flen;män;Antal;2017;2.05
Flen;män;Antal;2018;1.74
Flen;män;Antal;2019;1.81
Flen;män;Antal;2020;1.9
Flen;män;Antal;2021;1.94
Flen;män;Antal;2022;1.46
Flen;män;Antal;2023;1.19
Flen;män;Antal;2024;1.65
Flen;män;Antal;2025;1.06
Flen;kvinnor;Antal;2000;1.86
Flen;kvinnor;Antal;2001;2.43
Flen;kvinnor;Antal;2002;2.36
Flen;kvinnor;Antal;2003;2.34
Flen;kvinnor;Antal;2004;1.99
Flen;kvinnor;Antal;2005;1.79
Flen;kvinnor;Antal;2006;1.82
Flen;kvinnor;Antal;2007;2.2
Flen;kvinnor;Antal;2008;1.99
Flen;kvinnor;Antal;2009;1.87
Flen;kvinnor;Antal;2010;2.09
Flen;kvinnor;Antal;2011;2.32
Flen;kvinnor;Antal;2012;2.12
Flen;kvinnor;Antal;2013;2.07
Flen;kvinnor;Antal;2014;2.42
Flen;kvinnor;Antal;2015;1.97
Flen;kvinnor;Antal;2016;2.35
Flen;kvinnor;Antal;2017;2.59
Flen;kvinnor;Antal;2018;2
Flen;kvinnor;Antal;2019;2.09
Flen;kvinnor;Antal;2020;2.23
Flen;kvinnor;Antal;2021;2.25
Flen;kvinnor;Antal;2022;1.81
Flen;kvinnor;Antal;2023;1.54
Flen;kvinnor;Antal;2024;1.98
Flen;kvinnor;Antal;2025;1.41
Katrineholm;män;Antal;2000;1.48
Katrineholm;män;Antal;2001;1.55
Katrineholm;män;Antal;2002;1.64
Katrineholm;män;Antal;2003;1.72
Katrineholm;män;Antal;2004;1.72
Katrineholm;män;Antal;2005;1.82
Katrineholm;män;Antal;2006;1.57
Katrineholm;män;Antal;2007;1.92
Katrineholm;män;Antal;2008;1.73
Katrineholm;män;Antal;2009;1.77
Katrineholm;män;Antal;2010;1.86
Katrineholm;män;Antal;2011;1.56
Katrineholm;män;Antal;2012;1.85
Katrineholm;män;Antal;2013;2.01
Katrineholm;män;Antal;2014;1.9
Katrineholm;män;Antal;2015;1.91
Katrineholm;män;Antal;2016;1.89
Katrineholm;män;Antal;2017;1.91
Katrineholm;män;Antal;2018;1.82
Katrineholm;män;Antal;2019;1.94
Katrineholm;män;Antal;2020;1.59
Katrineholm;män;Antal;2021;1.49
Katrineholm;män;Antal;2022;1.46
Katrineholm;män;Antal;2023;1.32
Katrineholm;män;Antal;2024;1.37
Katrineholm;män;Antal;2025;1.24
Katrineholm;kvinnor;Antal;2000;1.65
Katrineholm;kvinnor;Antal;2001;1.73
Katrineholm;kvinnor;Antal;2002;1.81
Katrineholm;kvinnor;Antal;2003;1.93
Katrineholm;kvinnor;Antal;2004;1.86
Katrineholm;kvinnor;Antal;2005;2.03
Katrineholm;kvinnor;Antal;2006;1.75
Katrineholm;kvinnor;Antal;2007;2.21
Katrineholm;kvinnor;Antal;2008;2.05
Katrineholm;kvinnor;Antal;2009;2.03
Katrineholm;kvinnor;Antal;2010;2.07
Katrineholm;kvinnor;Antal;2011;1.82
Katrineholm;kvinnor;Antal;2012;2.21
Katrineholm;kvinnor;Antal;2013;2.28
Katrineholm;kvinnor;Antal;2014;2.13
Katrineholm;kvinnor;Antal;2015;2.19
Katrineholm;kvinnor;Antal;2016;2.14
Katrineholm;kvinnor;Antal;2017;2.17
Katrineholm;kvinnor;Antal;2018;2.06
Katrineholm;kvinnor;Antal;2019;2.2
Katrineholm;kvinnor;Antal;2020;1.75
Katrineholm;kvinnor;Antal;2021;1.68
Katrineholm;kvinnor;Antal;2022;1.65
Katrineholm;kvinnor;Antal;2023;1.47
Katrineholm;kvinnor;Antal;2024;1.54
Katrineholm;kvinnor;Antal;2025;1.39
Eskilstuna;män;Antal;2000;1.44
Eskilstuna;män;Antal;2001;1.43
Eskilstuna;män;Antal;2002;1.51
Eskilstuna;män;Antal;2003;1.54
Eskilstuna;män;Antal;2004;1.5
Eskilstuna;män;Antal;2005;1.56
Eskilstuna;män;Antal;2006;1.74
Eskilstuna;män;Antal;2007;1.75
Eskilstuna;män;Antal;2008;1.75
Eskilstuna;män;Antal;2009;1.78
Eskilstuna;män;Antal;2010;1.79
Eskilstuna;män;Antal;2011;1.81
Eskilstuna;män;Antal;2012;1.76
Eskilstuna;män;Antal;2013;1.82
Eskilstuna;män;Antal;2014;1.86
Eskilstuna;män;Antal;2015;1.79
Eskilstuna;män;Antal;2016;1.82
Eskilstuna;män;Antal;2017;1.73
Eskilstuna;män;Antal;2018;1.74
Eskilstuna;män;Antal;2019;1.63
Eskilstuna;män;Antal;2020;1.55
Eskilstuna;män;Antal;2021;1.55
Eskilstuna;män;Antal;2022;1.45
Eskilstuna;män;Antal;2023;1.3
Eskilstuna;män;Antal;2024;1.29
Eskilstuna;män;Antal;2025;1.34
Eskilstuna;kvinnor;Antal;2000;1.57
Eskilstuna;kvinnor;Antal;2001;1.57
Eskilstuna;kvinnor;Antal;2002;1.67
Eskilstuna;kvinnor;Antal;2003;1.69
Eskilstuna;kvinnor;Antal;2004;1.66
Eskilstuna;kvinnor;Antal;2005;1.75
Eskilstuna;kvinnor;Antal;2006;1.9
Eskilstuna;kvinnor;Antal;2007;1.91
Eskilstuna;kvinnor;Antal;2008;1.94
Eskilstuna;kvinnor;Antal;2009;1.98
Eskilstuna;kvinnor;Antal;2010;2
Eskilstuna;kvinnor;Antal;2011;1.98
Eskilstuna;kvinnor;Antal;2012;1.93
Eskilstuna;kvinnor;Antal;2013;1.97
Eskilstuna;kvinnor;Antal;2014;2.01
Eskilstuna;kvinnor;Antal;2015;1.97
Eskilstuna;kvinnor;Antal;2016;2.02
Eskilstuna;kvinnor;Antal;2017;1.89
Eskilstuna;kvinnor;Antal;2018;1.9
Eskilstuna;kvinnor;Antal;2019;1.8
Eskilstuna;kvinnor;Antal;2020;1.73
Eskilstuna;kvinnor;Antal;2021;1.68
Eskilstuna;kvinnor;Antal;2022;1.65
Eskilstuna;kvinnor;Antal;2023;1.44
Eskilstuna;kvinnor;Antal;2024;1.44
Eskilstuna;kvinnor;Antal;2025;1.48
Strängnäs;män;Antal;2000;1.57
Strängnäs;män;Antal;2001;1.45
Strängnäs;män;Antal;2002;1.71
Strängnäs;män;Antal;2003;1.85
Strängnäs;män;Antal;2004;1.72
Strängnäs;män;Antal;2005;1.86
Strängnäs;män;Antal;2006;2.05
Strängnäs;män;Antal;2007;1.84
Strängnäs;män;Antal;2008;1.81
Strängnäs;män;Antal;2009;1.93
Strängnäs;män;Antal;2010;1.93
Strängnäs;män;Antal;2011;1.61
Strängnäs;män;Antal;2012;1.98
Strängnäs;män;Antal;2013;1.69
Strängnäs;män;Antal;2014;1.87
Strängnäs;män;Antal;2015;1.72
Strängnäs;män;Antal;2016;1.72
Strängnäs;män;Antal;2017;1.8
Strängnäs;män;Antal;2018;1.58
Strängnäs;män;Antal;2019;1.56
Strängnäs;män;Antal;2020;1.51
Strängnäs;män;Antal;2021;1.57
Strängnäs;män;Antal;2022;1.49
Strängnäs;män;Antal;2023;1.44
Strängnäs;män;Antal;2024;1.33
Strängnäs;män;Antal;2025;1.53
Strängnäs;kvinnor;Antal;2000;1.78
Strängnäs;kvinnor;Antal;2001;1.72
Strängnäs;kvinnor;Antal;2002;1.95
Strängnäs;kvinnor;Antal;2003;2.16
Strängnäs;kvinnor;Antal;2004;1.9
Strängnäs;kvinnor;Antal;2005;2.07
Strängnäs;kvinnor;Antal;2006;2.35
Strängnäs;kvinnor;Antal;2007;2.13
Strängnäs;kvinnor;Antal;2008;2.06
Strängnäs;kvinnor;Antal;2009;2.2
Strängnäs;kvinnor;Antal;2010;2.24
Strängnäs;kvinnor;Antal;2011;1.83
Strängnäs;kvinnor;Antal;2012;2.16
Strängnäs;kvinnor;Antal;2013;1.84
Strängnäs;kvinnor;Antal;2014;2.01
Strängnäs;kvinnor;Antal;2015;1.87
Strängnäs;kvinnor;Antal;2016;1.87
Strängnäs;kvinnor;Antal;2017;2
Strängnäs;kvinnor;Antal;2018;1.77
Strängnäs;kvinnor;Antal;2019;1.77
Strängnäs;kvinnor;Antal;2020;1.7
Strängnäs;kvinnor;Antal;2021;1.81
Strängnäs;kvinnor;Antal;2022;1.64
Strängnäs;kvinnor;Antal;2023;1.61
Strängnäs;kvinnor;Antal;2024;1.5
Strängnäs;kvinnor;Antal;2025;1.73
Trosa;män;Antal;2000;1.49
Trosa;män;Antal;2001;1.77
Trosa;män;Antal;2002;1.85
Trosa;män;Antal;2003;1.6
Trosa;män;Antal;2004;1.71
Trosa;män;Antal;2005;1.99
Trosa;män;Antal;2006;1.47
Trosa;män;Antal;2007;2.03
Trosa;män;Antal;2008;2.07
Trosa;män;Antal;2009;1.7
Trosa;män;Antal;2010;2.03
Trosa;män;Antal;2011;2.07
Trosa;män;Antal;2012;1.6
Trosa;män;Antal;2013;1.77
Trosa;män;Antal;2014;1.89
Trosa;män;Antal;2015;1.93
Trosa;män;Antal;2016;1.56
Trosa;män;Antal;2017;1.84
Trosa;män;Antal;2018;1.71
Trosa;män;Antal;2019;1.52
Trosa;män;Antal;2020;1.82
Trosa;män;Antal;2021;1.69
Trosa;män;Antal;2022;1.47
Trosa;män;Antal;2023;1.49
Trosa;män;Antal;2024;1.17
Trosa;män;Antal;2025;1.24
Trosa;kvinnor;Antal;2000;1.94
Trosa;kvinnor;Antal;2001;1.99
Trosa;kvinnor;Antal;2002;2.17
Trosa;kvinnor;Antal;2003;1.87
Trosa;kvinnor;Antal;2004;1.95
Trosa;kvinnor;Antal;2005;2.26
Trosa;kvinnor;Antal;2006;1.67
Trosa;kvinnor;Antal;2007;2.34
Trosa;kvinnor;Antal;2008;2.52
Trosa;kvinnor;Antal;2009;1.98
Trosa;kvinnor;Antal;2010;2.4
Trosa;kvinnor;Antal;2011;2.19
Trosa;kvinnor;Antal;2012;1.82
Trosa;kvinnor;Antal;2013;1.96
Trosa;kvinnor;Antal;2014;2.11
Trosa;kvinnor;Antal;2015;2.12
Trosa;kvinnor;Antal;2016;1.69
Trosa;kvinnor;Antal;2017;2.03
Trosa;kvinnor;Antal;2018;1.89
Trosa;kvinnor;Antal;2019;1.65
Trosa;kvinnor;Antal;2020;1.96
Trosa;kvinnor;Antal;2021;1.87
Trosa;kvinnor;Antal;2022;1.54
Trosa;kvinnor;Antal;2023;1.69
Trosa;kvinnor;Antal;2024;1.29
Trosa;kvinnor;Antal;2025;1.45
Ödeshög;män;Antal;2000;1.59
Ödeshög;män;Antal;2001;1.42
Ödeshög;män;Antal;2002;1.78
Ödeshög;män;Antal;2003;2.09
Ödeshög;män;Antal;2004;1.96
Ödeshög;män;Antal;2005;1.94
Ödeshög;män;Antal;2006;2.41
Ödeshög;män;Antal;2007;1.56
Ödeshög;män;Antal;2008;1.64
Ödeshög;män;Antal;2009;1.77
Ödeshög;män;Antal;2010;1.95
Ödeshög;män;Antal;2011;1.52
Ödeshög;män;Antal;2012;1.9
Ödeshög;män;Antal;2013;1.7
Ödeshög;män;Antal;2014;1.98
Ödeshög;män;Antal;2015;1.37
Ödeshög;män;Antal;2016;2.32
Ödeshög;män;Antal;2017;1.88
Ödeshög;män;Antal;2018;2.05
Ödeshög;män;Antal;2019;2.11
Ödeshög;män;Antal;2020;2.21
Ödeshög;män;Antal;2021;1.42
Ödeshög;män;Antal;2022;1.79
Ödeshög;män;Antal;2023;1.37
Ödeshög;män;Antal;2024;1.27
Ödeshög;män;Antal;2025;1.71
Ödeshög;kvinnor;Antal;2000;1.59
Ödeshög;kvinnor;Antal;2001;1.48
Ödeshög;kvinnor;Antal;2002;1.97
Ödeshög;kvinnor;Antal;2003;2.11
Ödeshög;kvinnor;Antal;2004;2.31
Ödeshög;kvinnor;Antal;2005;2.04
Ödeshög;kvinnor;Antal;2006;2.41
Ödeshög;kvinnor;Antal;2007;1.79
Ödeshög;kvinnor;Antal;2008;2
Ödeshög;kvinnor;Antal;2009;1.83
Ödeshög;kvinnor;Antal;2010;2.12
Ödeshög;kvinnor;Antal;2011;1.74
Ödeshög;kvinnor;Antal;2012;2.13
Ödeshög;kvinnor;Antal;2013;2.05
Ödeshög;kvinnor;Antal;2014;2.39
Ödeshög;kvinnor;Antal;2015;1.7
Ödeshög;kvinnor;Antal;2016;2.74
Ödeshög;kvinnor;Antal;2017;2.1
Ödeshög;kvinnor;Antal;2018;2.04
Ödeshög;kvinnor;Antal;2019;2.25
Ödeshög;kvinnor;Antal;2020;2.41
Ödeshög;kvinnor;Antal;2021;1.5
Ödeshög;kvinnor;Antal;2022;1.86
Ödeshög;kvinnor;Antal;2023;1.47
Ödeshög;kvinnor;Antal;2024;1.32
Ödeshög;kvinnor;Antal;2025;2.04
Ydre;män;Antal;2000;1.73
Ydre;män;Antal;2001;1.33
Ydre;män;Antal;2002;1.45
Ydre;män;Antal;2003;
Ydre;män;Antal;2004;1.96
Ydre;män;Antal;2005;1.74
Ydre;män;Antal;2006;1.6
Ydre;män;Antal;2007;2.26
Ydre;män;Antal;2008;
Ydre;män;Antal;2009;1.99
Ydre;män;Antal;2010;2
Ydre;män;Antal;2011;
Ydre;män;Antal;2012;1.66
Ydre;män;Antal;2013;1.71
Ydre;män;Antal;2014;2.03
Ydre;män;Antal;2015;2.02
Ydre;män;Antal;2016;2.14
Ydre;män;Antal;2017;2.19
Ydre;män;Antal;2018;
Ydre;män;Antal;2019;2.4
Ydre;män;Antal;2020;2.08
Ydre;män;Antal;2021;2.3
Ydre;män;Antal;2022;
Ydre;män;Antal;2023;
Ydre;män;Antal;2024;
Ydre;män;Antal;2025;
Ydre;kvinnor;Antal;2000;2.17
Ydre;kvinnor;Antal;2001;1.9
Ydre;kvinnor;Antal;2002;1.9
Ydre;kvinnor;Antal;2003;
Ydre;kvinnor;Antal;2004;2.44
Ydre;kvinnor;Antal;2005;2.03
Ydre;kvinnor;Antal;2006;1.94
Ydre;kvinnor;Antal;2007;2.89
Ydre;kvinnor;Antal;2008;
Ydre;kvinnor;Antal;2009;2.24
Ydre;kvinnor;Antal;2010;2.3
Ydre;kvinnor;Antal;2011;
Ydre;kvinnor;Antal;2012;2.12
Ydre;kvinnor;Antal;2013;2.61
Ydre;kvinnor;Antal;2014;2.8
Ydre;kvinnor;Antal;2015;2.18
Ydre;kvinnor;Antal;2016;2.51
Ydre;kvinnor;Antal;2017;2.55
Ydre;kvinnor;Antal;2018;
Ydre;kvinnor;Antal;2019;2.67
Ydre;kvinnor;Antal;2020;2.39
Ydre;kvinnor;Antal;2021;2.63
Ydre;kvinnor;Antal;2022;
Ydre;kvinnor;Antal;2023;
Ydre;kvinnor;Antal;2024;
Ydre;kvinnor;Antal;2025;
Kinda;män;Antal;2000;1.63
Kinda;män;Antal;2001;1.29
Kinda;män;Antal;2002;1.57
Kinda;män;Antal;2003;1.72
Kinda;män;Antal;2004;2.03
Kinda;män;Antal;2005;1.52
Kinda;män;Antal;2006;1.9
Kinda;män;Antal;2007;1.71
Kinda;män;Antal;2008;1.7
Kinda;män;Antal;2009;2.12
Kinda;män;Antal;2010;1.97
Kinda;män;Antal;2011;1.8
Kinda;män;Antal;2012;2.03
Kinda;män;Antal;2013;1.76
Kinda;män;Antal;2014;2.05
Kinda;män;Antal;2015;1.61
Kinda;män;Antal;2016;2.46
Kinda;män;Antal;2017;1.63
Kinda;män;Antal;2018;1.88
Kinda;män;Antal;2019;1.82
Kinda;män;Antal;2020;1.69
Kinda;män;Antal;2021;1.46
Kinda;män;Antal;2022;1.73
Kinda;män;Antal;2023;1.56
Kinda;män;Antal;2024;1.32
Kinda;män;Antal;2025;1.29
Kinda;kvinnor;Antal;2000;1.84
Kinda;kvinnor;Antal;2001;1.62
Kinda;kvinnor;Antal;2002;1.86
Kinda;kvinnor;Antal;2003;2.01
Kinda;kvinnor;Antal;2004;2.28
Kinda;kvinnor;Antal;2005;1.86
Kinda;kvinnor;Antal;2006;2.26
Kinda;kvinnor;Antal;2007;2.03
Kinda;kvinnor;Antal;2008;2.03
Kinda;kvinnor;Antal;2009;2.3
Kinda;kvinnor;Antal;2010;2.2
Kinda;kvinnor;Antal;2011;2.18
Kinda;kvinnor;Antal;2012;2.54
Kinda;kvinnor;Antal;2013;1.87
Kinda;kvinnor;Antal;2014;2.33
Kinda;kvinnor;Antal;2015;1.98
Kinda;kvinnor;Antal;2016;3.03
Kinda;kvinnor;Antal;2017;1.86
Kinda;kvinnor;Antal;2018;2.17
Kinda;kvinnor;Antal;2019;2.22
Kinda;kvinnor;Antal;2020;1.9
Kinda;kvinnor;Antal;2021;1.87
Kinda;kvinnor;Antal;2022;2.16
Kinda;kvinnor;Antal;2023;1.89
Kinda;kvinnor;Antal;2024;1.37
Kinda;kvinnor;Antal;2025;1.59
Boxholm;män;Antal;2000;1.55
Boxholm;män;Antal;2001;1.59
Boxholm;män;Antal;2002;1.73
Boxholm;män;Antal;2003;1.52
Boxholm;män;Antal;2004;1.38
Boxholm;män;Antal;2005;1.46
Boxholm;män;Antal;2006;1.62
Boxholm;män;Antal;2007;1.69
Boxholm;män;Antal;2008;1.81
Boxholm;män;Antal;2009;2.04
Boxholm;män;Antal;2010;2.13
Boxholm;män;Antal;2011;2.12
Boxholm;män;Antal;2012;2.26
Boxholm;män;Antal;2013;2.3
Boxholm;män;Antal;2014;2.6
Boxholm;män;Antal;2015;1.95
Boxholm;män;Antal;2016;2.28
Boxholm;män;Antal;2017;1.55
Boxholm;män;Antal;2018;1.96
Boxholm;män;Antal;2019;1.69
Boxholm;män;Antal;2020;1.35
Boxholm;män;Antal;2021;1.85
Boxholm;män;Antal;2022;1.84
Boxholm;män;Antal;2023;1.5
Boxholm;män;Antal;2024;1.37
Boxholm;män;Antal;2025;1.66
Boxholm;kvinnor;Antal;2000;1.88
Boxholm;kvinnor;Antal;2001;1.78
Boxholm;kvinnor;Antal;2002;2.06
Boxholm;kvinnor;Antal;2003;1.61
Boxholm;kvinnor;Antal;2004;1.46
Boxholm;kvinnor;Antal;2005;1.74
Boxholm;kvinnor;Antal;2006;1.93
Boxholm;kvinnor;Antal;2007;2.06
Boxholm;kvinnor;Antal;2008;2.2
Boxholm;kvinnor;Antal;2009;2.39
Boxholm;kvinnor;Antal;2010;2.5
Boxholm;kvinnor;Antal;2011;2.5
Boxholm;kvinnor;Antal;2012;2.49
Boxholm;kvinnor;Antal;2013;2.43
Boxholm;kvinnor;Antal;2014;2.9
Boxholm;kvinnor;Antal;2015;2.16
Boxholm;kvinnor;Antal;2016;2.6
Boxholm;kvinnor;Antal;2017;1.84
Boxholm;kvinnor;Antal;2018;2.08
Boxholm;kvinnor;Antal;2019;1.84
Boxholm;kvinnor;Antal;2020;1.49
Boxholm;kvinnor;Antal;2021;2.13
Boxholm;kvinnor;Antal;2022;2.07
Boxholm;kvinnor;Antal;2023;1.64
Boxholm;kvinnor;Antal;2024;1.43
Boxholm;kvinnor;Antal;2025;1.9
Åtvidaberg;män;Antal;2000;1.66
Åtvidaberg;män;Antal;2001;1.43
Åtvidaberg;män;Antal;2002;1.66
Åtvidaberg;män;Antal;2003;1.41
Åtvidaberg;män;Antal;2004;1.66
Åtvidaberg;män;Antal;2005;1.54
Åtvidaberg;män;Antal;2006;2.16
Åtvidaberg;män;Antal;2007;1.62
Åtvidaberg;män;Antal;2008;2
Åtvidaberg;män;Antal;2009;1.81
Åtvidaberg;män;Antal;2010;1.71
Åtvidaberg;män;Antal;2011;1.73
Åtvidaberg;män;Antal;2012;1.73
Åtvidaberg;män;Antal;2013;1.71
Åtvidaberg;män;Antal;2014;1.76
Åtvidaberg;män;Antal;2015;2.08
Åtvidaberg;män;Antal;2016;2.04
Åtvidaberg;män;Antal;2017;1.71
Åtvidaberg;män;Antal;2018;1.83
Åtvidaberg;män;Antal;2019;1.42
Åtvidaberg;män;Antal;2020;1.26
Åtvidaberg;män;Antal;2021;1.76
Åtvidaberg;män;Antal;2022;1.49
Åtvidaberg;män;Antal;2023;1.66
Åtvidaberg;män;Antal;2024;1.34
Åtvidaberg;män;Antal;2025;1.46
Åtvidaberg;kvinnor;Antal;2000;1.88
Åtvidaberg;kvinnor;Antal;2001;1.73
Åtvidaberg;kvinnor;Antal;2002;2.03
Åtvidaberg;kvinnor;Antal;2003;1.7
Åtvidaberg;kvinnor;Antal;2004;1.98
Åtvidaberg;kvinnor;Antal;2005;1.83
Åtvidaberg;kvinnor;Antal;2006;2.49
Åtvidaberg;kvinnor;Antal;2007;2.01
Åtvidaberg;kvinnor;Antal;2008;2.39
Åtvidaberg;kvinnor;Antal;2009;2.06
Åtvidaberg;kvinnor;Antal;2010;1.92
Åtvidaberg;kvinnor;Antal;2011;1.99
Åtvidaberg;kvinnor;Antal;2012;2
Åtvidaberg;kvinnor;Antal;2013;1.98
Åtvidaberg;kvinnor;Antal;2014;1.94
Åtvidaberg;kvinnor;Antal;2015;2.33
Åtvidaberg;kvinnor;Antal;2016;2.47
Åtvidaberg;kvinnor;Antal;2017;2
Åtvidaberg;kvinnor;Antal;2018;2.21
Åtvidaberg;kvinnor;Antal;2019;1.66
Åtvidaberg;kvinnor;Antal;2020;1.64
Åtvidaberg;kvinnor;Antal;2021;2.27
Åtvidaberg;kvinnor;Antal;2022;1.84
Åtvidaberg;kvinnor;Antal;2023;1.93
Åtvidaberg;kvinnor;Antal;2024;1.64
Åtvidaberg;kvinnor;Antal;2025;1.86
Finspång;män;Antal;2000;1.52
Finspång;män;Antal;2001;1.35
Finspång;män;Antal;2002;1.4
Finspång;män;Antal;2003;1.53
Finspång;män;Antal;2004;1.46
Finspång;män;Antal;2005;1.55
Finspång;män;Antal;2006;1.61
Finspång;män;Antal;2007;1.56
Finspång;män;Antal;2008;1.55
Finspång;män;Antal;2009;1.94
Finspång;män;Antal;2010;1.88
Finspång;män;Antal;2011;2.01
Finspång;män;Antal;2012;1.88
Finspång;män;Antal;2013;1.85
Finspång;män;Antal;2014;1.84
Finspång;män;Antal;2015;1.88
Finspång;män;Antal;2016;1.7
Finspång;män;Antal;2017;1.59
Finspång;män;Antal;2018;1.75
Finspång;män;Antal;2019;1.52
Finspång;män;Antal;2020;1.57
Finspång;män;Antal;2021;1.45
Finspång;män;Antal;2022;1.36
Finspång;män;Antal;2023;1.24
Finspång;män;Antal;2024;1.22
Finspång;män;Antal;2025;1.16
Finspång;kvinnor;Antal;2000;1.86
Finspång;kvinnor;Antal;2001;1.61
Finspång;kvinnor;Antal;2002;1.68
Finspång;kvinnor;Antal;2003;1.92
Finspång;kvinnor;Antal;2004;1.76
Finspång;kvinnor;Antal;2005;1.91
Finspång;kvinnor;Antal;2006;1.98
Finspång;kvinnor;Antal;2007;1.95
Finspång;kvinnor;Antal;2008;1.87
Finspång;kvinnor;Antal;2009;2.31
Finspång;kvinnor;Antal;2010;2.25
Finspång;kvinnor;Antal;2011;2.38
Finspång;kvinnor;Antal;2012;2.2
Finspång;kvinnor;Antal;2013;2.05
Finspång;kvinnor;Antal;2014;2.14
Finspång;kvinnor;Antal;2015;2.11
Finspång;kvinnor;Antal;2016;1.95
Finspång;kvinnor;Antal;2017;1.87
Finspång;kvinnor;Antal;2018;1.98
Finspång;kvinnor;Antal;2019;1.83
Finspång;kvinnor;Antal;2020;1.84
Finspång;kvinnor;Antal;2021;1.68
Finspång;kvinnor;Antal;2022;1.67
Finspång;kvinnor;Antal;2023;1.55
Finspång;kvinnor;Antal;2024;1.46
Finspång;kvinnor;Antal;2025;1.46
Valdemarsvik;män;Antal;2000;1.54
Valdemarsvik;män;Antal;2001;1.33
Valdemarsvik;män;Antal;2002;1.9
Valdemarsvik;män;Antal;2003;1.11
Valdemarsvik;män;Antal;2004;1.7
Valdemarsvik;män;Antal;2005;2.12
Valdemarsvik;män;Antal;2006;1.68
Valdemarsvik;män;Antal;2007;1.92
Valdemarsvik;män;Antal;2008;1.57
Valdemarsvik;män;Antal;2009;1.68
Valdemarsvik;män;Antal;2010;1.49
Valdemarsvik;män;Antal;2011;1.64
Valdemarsvik;män;Antal;2012;1.84
Valdemarsvik;män;Antal;2013;1.29
Valdemarsvik;män;Antal;2014;1.51
Valdemarsvik;män;Antal;2015;1.72
Valdemarsvik;män;Antal;2016;1.72
Valdemarsvik;män;Antal;2017;1.82
Valdemarsvik;män;Antal;2018;1.67
Valdemarsvik;män;Antal;2019;1.66
Valdemarsvik;män;Antal;2020;1.57
Valdemarsvik;män;Antal;2021;1.54
Valdemarsvik;män;Antal;2022;1.29
Valdemarsvik;män;Antal;2023;1.51
Valdemarsvik;män;Antal;2024;1.29
Valdemarsvik;män;Antal;2025;1.53
Valdemarsvik;kvinnor;Antal;2000;1.86
Valdemarsvik;kvinnor;Antal;2001;1.72
Valdemarsvik;kvinnor;Antal;2002;2.17
Valdemarsvik;kvinnor;Antal;2003;1.47
Valdemarsvik;kvinnor;Antal;2004;1.99
Valdemarsvik;kvinnor;Antal;2005;2.28
Valdemarsvik;kvinnor;Antal;2006;1.98
Valdemarsvik;kvinnor;Antal;2007;2.27
Valdemarsvik;kvinnor;Antal;2008;1.89
Valdemarsvik;kvinnor;Antal;2009;2.16
Valdemarsvik;kvinnor;Antal;2010;1.7
Valdemarsvik;kvinnor;Antal;2011;2.03
Valdemarsvik;kvinnor;Antal;2012;2.23
Valdemarsvik;kvinnor;Antal;2013;1.63
Valdemarsvik;kvinnor;Antal;2014;2.04
Valdemarsvik;kvinnor;Antal;2015;2.08
Valdemarsvik;kvinnor;Antal;2016;2.25
Valdemarsvik;kvinnor;Antal;2017;2.29
Valdemarsvik;kvinnor;Antal;2018;2.17
Valdemarsvik;kvinnor;Antal;2019;1.97
Valdemarsvik;kvinnor;Antal;2020;1.95
Valdemarsvik;kvinnor;Antal;2021;1.73
Valdemarsvik;kvinnor;Antal;2022;1.7
Valdemarsvik;kvinnor;Antal;2023;1.9
Valdemarsvik;kvinnor;Antal;2024;1.53
Valdemarsvik;kvinnor;Antal;2025;1.96
Linköping;män;Antal;2000;1.28
Linköping;män;Antal;2001;1.33
Linköping;män;Antal;2002;1.41
Linköping;män;Antal;2003;1.45
Linköping;män;Antal;2004;1.48
Linköping;män;Antal;2005;1.54
Linköping;män;Antal;2006;1.6
Linköping;män;Antal;2007;1.6
Linköping;män;Antal;2008;1.61
Linköping;män;Antal;2009;1.65
Linköping;män;Antal;2010;1.66
Linköping;män;Antal;2011;1.6
Linköping;män;Antal;2012;1.68
Linköping;män;Antal;2013;1.62
Linköping;män;Antal;2014;1.62
Linköping;män;Antal;2015;1.63
Linköping;män;Antal;2016;1.59
Linköping;män;Antal;2017;1.5
Linköping;män;Antal;2018;1.43
Linköping;män;Antal;2019;1.48
Linköping;män;Antal;2020;1.41
Linköping;män;Antal;2021;1.44
Linköping;män;Antal;2022;1.25
Linköping;män;Antal;2023;1.17
Linköping;män;Antal;2024;1.23
Linköping;män;Antal;2025;1.15
Linköping;kvinnor;Antal;2000;1.42
Linköping;kvinnor;Antal;2001;1.49
Linköping;kvinnor;Antal;2002;1.57
Linköping;kvinnor;Antal;2003;1.62
Linköping;kvinnor;Antal;2004;1.64
Linköping;kvinnor;Antal;2005;1.71
Linköping;kvinnor;Antal;2006;1.78
Linköping;kvinnor;Antal;2007;1.77
Linköping;kvinnor;Antal;2008;1.78
Linköping;kvinnor;Antal;2009;1.82
Linköping;kvinnor;Antal;2010;1.84
Linköping;kvinnor;Antal;2011;1.79
Linköping;kvinnor;Antal;2012;1.89
Linköping;kvinnor;Antal;2013;1.82
Linköping;kvinnor;Antal;2014;1.79
Linköping;kvinnor;Antal;2015;1.78
Linköping;kvinnor;Antal;2016;1.73
Linköping;kvinnor;Antal;2017;1.63
Linköping;kvinnor;Antal;2018;1.59
Linköping;kvinnor;Antal;2019;1.63
Linköping;kvinnor;Antal;2020;1.54
Linköping;kvinnor;Antal;2021;1.58
Linköping;kvinnor;Antal;2022;1.38
Linköping;kvinnor;Antal;2023;1.34
Linköping;kvinnor;Antal;2024;1.39
Linköping;kvinnor;Antal;2025;1.31
Norrköping;män;Antal;2000;1.4
Norrköping;män;Antal;2001;1.4
Norrköping;män;Antal;2002;1.47
Norrköping;män;Antal;2003;1.52
Norrköping;män;Antal;2004;1.57
Norrköping;män;Antal;2005;1.6
Norrköping;män;Antal;2006;1.66
Norrköping;män;Antal;2007;1.69
Norrköping;män;Antal;2008;1.77
Norrköping;män;Antal;2009;1.86
Norrköping;män;Antal;2010;1.86
Norrköping;män;Antal;2011;1.7
Norrköping;män;Antal;2012;1.84
Norrköping;män;Antal;2013;1.89
Norrköping;män;Antal;2014;1.75
Norrköping;män;Antal;2015;1.77
Norrköping;män;Antal;2016;1.77
Norrköping;män;Antal;2017;1.61
Norrköping;män;Antal;2018;1.57
Norrköping;män;Antal;2019;1.54
Norrköping;män;Antal;2020;1.48
Norrköping;män;Antal;2021;1.58
Norrköping;män;Antal;2022;1.39
Norrköping;män;Antal;2023;1.31
Norrköping;män;Antal;2024;1.31
Norrköping;män;Antal;2025;1.34
Norrköping;kvinnor;Antal;2000;1.52
Norrköping;kvinnor;Antal;2001;1.53
Norrköping;kvinnor;Antal;2002;1.6
Norrköping;kvinnor;Antal;2003;1.64
Norrköping;kvinnor;Antal;2004;1.72
Norrköping;kvinnor;Antal;2005;1.76
Norrköping;kvinnor;Antal;2006;1.79
Norrköping;kvinnor;Antal;2007;1.85
Norrköping;kvinnor;Antal;2008;1.93
Norrköping;kvinnor;Antal;2009;2.02
Norrköping;kvinnor;Antal;2010;2.04
Norrköping;kvinnor;Antal;2011;1.85
Norrköping;kvinnor;Antal;2012;2.03
Norrköping;kvinnor;Antal;2013;2.05
Norrköping;kvinnor;Antal;2014;1.89
Norrköping;kvinnor;Antal;2015;1.91
Norrköping;kvinnor;Antal;2016;1.9
Norrköping;kvinnor;Antal;2017;1.76
Norrköping;kvinnor;Antal;2018;1.69
Norrköping;kvinnor;Antal;2019;1.69
Norrköping;kvinnor;Antal;2020;1.62
Norrköping;kvinnor;Antal;2021;1.72
Norrköping;kvinnor;Antal;2022;1.55
Norrköping;kvinnor;Antal;2023;1.44
Norrköping;kvinnor;Antal;2024;1.43
Norrköping;kvinnor;Antal;2025;1.46
Söderköping;män;Antal;2000;1.55
Söderköping;män;Antal;2001;1.56
Söderköping;män;Antal;2002;1.76
Söderköping;män;Antal;2003;1.71
Söderköping;män;Antal;2004;1.66
Söderköping;män;Antal;2005;1.74
Söderköping;män;Antal;2006;1.53
Söderköping;män;Antal;2007;2.06
Söderköping;män;Antal;2008;1.58
Söderköping;män;Antal;2009;1.78
Söderköping;män;Antal;2010;2.07
Söderköping;män;Antal;2011;2.05
Söderköping;män;Antal;2012;1.9
Söderköping;män;Antal;2013;2.05
Söderköping;män;Antal;2014;2.19
Söderköping;män;Antal;2015;1.87
Söderköping;män;Antal;2016;1.97
Söderköping;män;Antal;2017;1.89
Söderköping;män;Antal;2018;1.94
Söderköping;män;Antal;2019;1.78
Söderköping;män;Antal;2020;1.38
Söderköping;män;Antal;2021;1.87
Söderköping;män;Antal;2022;1.41
Söderköping;män;Antal;2023;1.3
Söderköping;män;Antal;2024;1.45
Söderköping;män;Antal;2025;1.52
Söderköping;kvinnor;Antal;2000;1.65
Söderköping;kvinnor;Antal;2001;1.63
Söderköping;kvinnor;Antal;2002;1.94
Söderköping;kvinnor;Antal;2003;1.82
Söderköping;kvinnor;Antal;2004;1.86
Söderköping;kvinnor;Antal;2005;1.98
Söderköping;kvinnor;Antal;2006;1.77
Söderköping;kvinnor;Antal;2007;2.31
Söderköping;kvinnor;Antal;2008;1.78
Söderköping;kvinnor;Antal;2009;1.99
Söderköping;kvinnor;Antal;2010;2.24
Söderköping;kvinnor;Antal;2011;2.3
Söderköping;kvinnor;Antal;2012;2.19
Söderköping;kvinnor;Antal;2013;2.27
Söderköping;kvinnor;Antal;2014;2.29
Söderköping;kvinnor;Antal;2015;1.99
Söderköping;kvinnor;Antal;2016;2.09
Söderköping;kvinnor;Antal;2017;2.06
Söderköping;kvinnor;Antal;2018;2.17
Söderköping;kvinnor;Antal;2019;1.95
Söderköping;kvinnor;Antal;2020;1.6
Söderköping;kvinnor;Antal;2021;2.12
Söderköping;kvinnor;Antal;2022;1.6
Söderköping;kvinnor;Antal;2023;1.57
Söderköping;kvinnor;Antal;2024;1.5
Söderköping;kvinnor;Antal;2025;1.88
Motala;män;Antal;2000;1.42
Motala;män;Antal;2001;1.52
Motala;män;Antal;2002;1.5
Motala;män;Antal;2003;1.69
Motala;män;Antal;2004;1.46
Motala;män;Antal;2005;1.61
Motala;män;Antal;2006;1.7
Motala;män;Antal;2007;1.68
Motala;män;Antal;2008;1.71
Motala;män;Antal;2009;1.69
Motala;män;Antal;2010;1.92
Motala;män;Antal;2011;1.66
Motala;män;Antal;2012;1.74
Motala;män;Antal;2013;1.65
Motala;män;Antal;2014;1.69
Motala;män;Antal;2015;1.83
Motala;män;Antal;2016;1.77
Motala;män;Antal;2017;1.77
Motala;män;Antal;2018;1.63
Motala;män;Antal;2019;1.63
Motala;män;Antal;2020;1.55
Motala;män;Antal;2021;1.56
Motala;män;Antal;2022;1.32
Motala;män;Antal;2023;1.41
Motala;män;Antal;2024;1.25
Motala;män;Antal;2025;1.31
Motala;kvinnor;Antal;2000;1.62
Motala;kvinnor;Antal;2001;1.74
Motala;kvinnor;Antal;2002;1.76
Motala;kvinnor;Antal;2003;1.94
Motala;kvinnor;Antal;2004;1.7
Motala;kvinnor;Antal;2005;1.84
Motala;kvinnor;Antal;2006;1.96
Motala;kvinnor;Antal;2007;1.96
Motala;kvinnor;Antal;2008;1.94
Motala;kvinnor;Antal;2009;1.93
Motala;kvinnor;Antal;2010;2.22
Motala;kvinnor;Antal;2011;1.93
Motala;kvinnor;Antal;2012;2.02
Motala;kvinnor;Antal;2013;1.9
Motala;kvinnor;Antal;2014;1.97
Motala;kvinnor;Antal;2015;2.08
Motala;kvinnor;Antal;2016;2.04
Motala;kvinnor;Antal;2017;2.08
Motala;kvinnor;Antal;2018;1.92
Motala;kvinnor;Antal;2019;1.87
Motala;kvinnor;Antal;2020;1.82
Motala;kvinnor;Antal;2021;1.85
Motala;kvinnor;Antal;2022;1.57
Motala;kvinnor;Antal;2023;1.71
Motala;kvinnor;Antal;2024;1.47
Motala;kvinnor;Antal;2025;1.57
Vadstena;män;Antal;2000;1.46
Vadstena;män;Antal;2001;1.41
Vadstena;män;Antal;2002;1.46
Vadstena;män;Antal;2003;1.9
Vadstena;män;Antal;2004;1.6
Vadstena;män;Antal;2005;1.84
Vadstena;män;Antal;2006;1.41
Vadstena;män;Antal;2007;1.48
Vadstena;män;Antal;2008;1.38
Vadstena;män;Antal;2009;1.16
Vadstena;män;Antal;2010;1.88
Vadstena;män;Antal;2011;1.42
Vadstena;män;Antal;2012;2.26
Vadstena;män;Antal;2013;1.73
Vadstena;män;Antal;2014;2.07
Vadstena;män;Antal;2015;1.37
Vadstena;män;Antal;2016;1.42
Vadstena;män;Antal;2017;1.54
Vadstena;män;Antal;2018;1.7
Vadstena;män;Antal;2019;1.29
Vadstena;män;Antal;2020;1.78
Vadstena;män;Antal;2021;1.21
Vadstena;män;Antal;2022;1.19
Vadstena;män;Antal;2023;1.41
Vadstena;män;Antal;2024;1.44
Vadstena;män;Antal;2025;1.05
Vadstena;kvinnor;Antal;2000;1.54
Vadstena;kvinnor;Antal;2001;1.43
Vadstena;kvinnor;Antal;2002;1.53
Vadstena;kvinnor;Antal;2003;2.15
Vadstena;kvinnor;Antal;2004;1.82
Vadstena;kvinnor;Antal;2005;1.94
Vadstena;kvinnor;Antal;2006;1.48
Vadstena;kvinnor;Antal;2007;1.53
Vadstena;kvinnor;Antal;2008;1.52
Vadstena;kvinnor;Antal;2009;1.53
Vadstena;kvinnor;Antal;2010;1.99
Vadstena;kvinnor;Antal;2011;1.55
Vadstena;kvinnor;Antal;2012;2.43
Vadstena;kvinnor;Antal;2013;1.96
Vadstena;kvinnor;Antal;2014;2.26
Vadstena;kvinnor;Antal;2015;1.68
Vadstena;kvinnor;Antal;2016;1.6
Vadstena;kvinnor;Antal;2017;1.76
Vadstena;kvinnor;Antal;2018;2
Vadstena;kvinnor;Antal;2019;1.65
Vadstena;kvinnor;Antal;2020;2.06
Vadstena;kvinnor;Antal;2021;1.46
Vadstena;kvinnor;Antal;2022;1.41
Vadstena;kvinnor;Antal;2023;1.67
Vadstena;kvinnor;Antal;2024;1.57
Vadstena;kvinnor;Antal;2025;1.32
Mjölby;män;Antal;2000;1.53
Mjölby;män;Antal;2001;1.29
Mjölby;män;Antal;2002;1.59
Mjölby;män;Antal;2003;1.49
Mjölby;män;Antal;2004;1.66
Mjölby;män;Antal;2005;1.65
Mjölby;män;Antal;2006;1.74
Mjölby;män;Antal;2007;1.7
Mjölby;män;Antal;2008;1.86
Mjölby;män;Antal;2009;1.87
Mjölby;män;Antal;2010;1.7
Mjölby;män;Antal;2011;1.76
Mjölby;män;Antal;2012;1.67
Mjölby;män;Antal;2013;1.81
Mjölby;män;Antal;2014;1.8
Mjölby;män;Antal;2015;1.95
Mjölby;män;Antal;2016;1.75
Mjölby;män;Antal;2017;1.72
Mjölby;män;Antal;2018;1.58
Mjölby;män;Antal;2019;1.72
Mjölby;män;Antal;2020;1.6
Mjölby;män;Antal;2021;1.64
Mjölby;män;Antal;2022;1.61
Mjölby;män;Antal;2023;1.36
Mjölby;män;Antal;2024;1.48
Mjölby;män;Antal;2025;1.42
Mjölby;kvinnor;Antal;2000;1.78
Mjölby;kvinnor;Antal;2001;1.44
Mjölby;kvinnor;Antal;2002;1.79
Mjölby;kvinnor;Antal;2003;1.74
Mjölby;kvinnor;Antal;2004;1.9
Mjölby;kvinnor;Antal;2005;1.87
Mjölby;kvinnor;Antal;2006;2.01
Mjölby;kvinnor;Antal;2007;1.9
Mjölby;kvinnor;Antal;2008;2.18
Mjölby;kvinnor;Antal;2009;2.11
Mjölby;kvinnor;Antal;2010;1.94
Mjölby;kvinnor;Antal;2011;1.97
Mjölby;kvinnor;Antal;2012;1.89
Mjölby;kvinnor;Antal;2013;1.98
Mjölby;kvinnor;Antal;2014;1.97
Mjölby;kvinnor;Antal;2015;2.11
Mjölby;kvinnor;Antal;2016;1.92
Mjölby;kvinnor;Antal;2017;1.96
Mjölby;kvinnor;Antal;2018;1.81
Mjölby;kvinnor;Antal;2019;1.91
Mjölby;kvinnor;Antal;2020;1.81
Mjölby;kvinnor;Antal;2021;1.88
Mjölby;kvinnor;Antal;2022;1.92
Mjölby;kvinnor;Antal;2023;1.64
Mjölby;kvinnor;Antal;2024;1.77
Mjölby;kvinnor;Antal;2025;1.68
Aneby;män;Antal;2000;1.53
Aneby;män;Antal;2001;1.35
Aneby;män;Antal;2002;1.74
Aneby;män;Antal;2003;1.48
Aneby;män;Antal;2004;1.42
Aneby;män;Antal;2005;1.7
Aneby;män;Antal;2006;1.66
Aneby;män;Antal;2007;2.01
Aneby;män;Antal;2008;1.98
Aneby;män;Antal;2009;1.78
Aneby;män;Antal;2010;2
Aneby;män;Antal;2011;1.9
Aneby;män;Antal;2012;2.23
Aneby;män;Antal;2013;2.02
Aneby;män;Antal;2014;1.59
Aneby;män;Antal;2015;2.16
Aneby;män;Antal;2016;2.17
Aneby;män;Antal;2017;2.44
Aneby;män;Antal;2018;1.44
Aneby;män;Antal;2019;2.25
Aneby;män;Antal;2020;1.54
Aneby;män;Antal;2021;1.72
Aneby;män;Antal;2022;1.51
Aneby;män;Antal;2023;1.44
Aneby;män;Antal;2024;1.4
Aneby;män;Antal;2025;1.63
Aneby;kvinnor;Antal;2000;1.89
Aneby;kvinnor;Antal;2001;1.45
Aneby;kvinnor;Antal;2002;1.86
Aneby;kvinnor;Antal;2003;1.78
Aneby;kvinnor;Antal;2004;1.6
Aneby;kvinnor;Antal;2005;1.96
Aneby;kvinnor;Antal;2006;2.05
Aneby;kvinnor;Antal;2007;2.26
Aneby;kvinnor;Antal;2008;2.25
Aneby;kvinnor;Antal;2009;1.97
Aneby;kvinnor;Antal;2010;2.23
Aneby;kvinnor;Antal;2011;2.23
Aneby;kvinnor;Antal;2012;2.38
Aneby;kvinnor;Antal;2013;2.27
Aneby;kvinnor;Antal;2014;1.68
Aneby;kvinnor;Antal;2015;2.33
Aneby;kvinnor;Antal;2016;2.4
Aneby;kvinnor;Antal;2017;2.68
Aneby;kvinnor;Antal;2018;1.56
Aneby;kvinnor;Antal;2019;2.53
Aneby;kvinnor;Antal;2020;1.78
Aneby;kvinnor;Antal;2021;1.98
Aneby;kvinnor;Antal;2022;1.78
Aneby;kvinnor;Antal;2023;1.78
Aneby;kvinnor;Antal;2024;1.71
Aneby;kvinnor;Antal;2025;1.96
Gnosjö;män;Antal;2000;1.52
Gnosjö;män;Antal;2001;1.45
Gnosjö;män;Antal;2002;1.73
Gnosjö;män;Antal;2003;1.7
Gnosjö;män;Antal;2004;1.99
Gnosjö;män;Antal;2005;1.92
Gnosjö;män;Antal;2006;1.43
Gnosjö;män;Antal;2007;2.07
Gnosjö;män;Antal;2008;1.47
Gnosjö;män;Antal;2009;1.79
Gnosjö;män;Antal;2010;1.68
Gnosjö;män;Antal;2011;1.64
Gnosjö;män;Antal;2012;1.65
Gnosjö;män;Antal;2013;1.66
Gnosjö;män;Antal;2014;1.86
Gnosjö;män;Antal;2015;1.98
Gnosjö;män;Antal;2016;1.57
Gnosjö;män;Antal;2017;1.89
Gnosjö;män;Antal;2018;1.91
Gnosjö;män;Antal;2019;1.67
Gnosjö;män;Antal;2020;1.45
Gnosjö;män;Antal;2021;1.67
Gnosjö;män;Antal;2022;1.18
Gnosjö;män;Antal;2023;1.34
Gnosjö;män;Antal;2024;1.23
Gnosjö;män;Antal;2025;1.14
Gnosjö;kvinnor;Antal;2000;1.75
Gnosjö;kvinnor;Antal;2001;1.56
Gnosjö;kvinnor;Antal;2002;1.95
Gnosjö;kvinnor;Antal;2003;2.03
Gnosjö;kvinnor;Antal;2004;2.35
Gnosjö;kvinnor;Antal;2005;2.28
Gnosjö;kvinnor;Antal;2006;1.76
Gnosjö;kvinnor;Antal;2007;2.43
Gnosjö;kvinnor;Antal;2008;1.8
Gnosjö;kvinnor;Antal;2009;2.13
Gnosjö;kvinnor;Antal;2010;1.96
Gnosjö;kvinnor;Antal;2011;2.02
Gnosjö;kvinnor;Antal;2012;1.95
Gnosjö;kvinnor;Antal;2013;1.83
Gnosjö;kvinnor;Antal;2014;2.1
Gnosjö;kvinnor;Antal;2015;2.23
Gnosjö;kvinnor;Antal;2016;2.14
Gnosjö;kvinnor;Antal;2017;2.31
Gnosjö;kvinnor;Antal;2018;2.47
Gnosjö;kvinnor;Antal;2019;2.01
Gnosjö;kvinnor;Antal;2020;1.83
Gnosjö;kvinnor;Antal;2021;2.22
Gnosjö;kvinnor;Antal;2022;1.5
Gnosjö;kvinnor;Antal;2023;1.8
Gnosjö;kvinnor;Antal;2024;1.61
Gnosjö;kvinnor;Antal;2025;1.57
Mullsjö;män;Antal;2000;1.11
Mullsjö;män;Antal;2001;1.58
Mullsjö;män;Antal;2002;1.74
Mullsjö;män;Antal;2003;2.03
Mullsjö;män;Antal;2004;1.42
Mullsjö;män;Antal;2005;2.19
Mullsjö;män;Antal;2006;1.73
Mullsjö;män;Antal;2007;2.16
Mullsjö;män;Antal;2008;2.2
Mullsjö;män;Antal;2009;1.69
Mullsjö;män;Antal;2010;2.44
Mullsjö;män;Antal;2011;2.21
Mullsjö;män;Antal;2012;2.04
Mullsjö;män;Antal;2013;1.83
Mullsjö;män;Antal;2014;1.85
Mullsjö;män;Antal;2015;1.98
Mullsjö;män;Antal;2016;2.5
Mullsjö;män;Antal;2017;1.3
Mullsjö;män;Antal;2018;1.81
Mullsjö;män;Antal;2019;1.75
Mullsjö;män;Antal;2020;1.85
Mullsjö;män;Antal;2021;1.59
Mullsjö;män;Antal;2022;1.57
Mullsjö;män;Antal;2023;1.9
Mullsjö;män;Antal;2024;1.48
Mullsjö;män;Antal;2025;1.34
Mullsjö;kvinnor;Antal;2000;1.31
Mullsjö;kvinnor;Antal;2001;1.83
Mullsjö;kvinnor;Antal;2002;2.14
Mullsjö;kvinnor;Antal;2003;2.24
Mullsjö;kvinnor;Antal;2004;1.7
Mullsjö;kvinnor;Antal;2005;2.43
Mullsjö;kvinnor;Antal;2006;2.06
Mullsjö;kvinnor;Antal;2007;2.44
Mullsjö;kvinnor;Antal;2008;2.64
Mullsjö;kvinnor;Antal;2009;1.84
Mullsjö;kvinnor;Antal;2010;2.64
Mullsjö;kvinnor;Antal;2011;2.32
Mullsjö;kvinnor;Antal;2012;2.26
Mullsjö;kvinnor;Antal;2013;2.03
Mullsjö;kvinnor;Antal;2014;2.04
Mullsjö;kvinnor;Antal;2015;2.11
Mullsjö;kvinnor;Antal;2016;2.52
Mullsjö;kvinnor;Antal;2017;1.39
Mullsjö;kvinnor;Antal;2018;1.99
Mullsjö;kvinnor;Antal;2019;1.97
Mullsjö;kvinnor;Antal;2020;2.06
Mullsjö;kvinnor;Antal;2021;1.87
Mullsjö;kvinnor;Antal;2022;1.84
Mullsjö;kvinnor;Antal;2023;2.34
Mullsjö;kvinnor;Antal;2024;1.73
Mullsjö;kvinnor;Antal;2025;1.76
Habo;män;Antal;2000;1.63
Habo;män;Antal;2001;1.51
Habo;män;Antal;2002;2.04
Habo;män;Antal;2003;2.07
Habo;män;Antal;2004;2.24
Habo;män;Antal;2005;1.85
Habo;män;Antal;2006;2.65
Habo;män;Antal;2007;2.3
Habo;män;Antal;2008;2.48
Habo;män;Antal;2009;2.1
Habo;män;Antal;2010;2.62
Habo;män;Antal;2011;2.26
Habo;män;Antal;2012;2.48
Habo;män;Antal;2013;2.46
Habo;män;Antal;2014;2.38
Habo;män;Antal;2015;2.37
Habo;män;Antal;2016;2.45
Habo;män;Antal;2017;2.11
Habo;män;Antal;2018;2.06
Habo;män;Antal;2019;2.19
Habo;män;Antal;2020;2.36
Habo;män;Antal;2021;2.04
Habo;män;Antal;2022;1.64
Habo;män;Antal;2023;1.82
Habo;män;Antal;2024;1.76
Habo;män;Antal;2025;1.72
Habo;kvinnor;Antal;2000;1.76
Habo;kvinnor;Antal;2001;1.73
Habo;kvinnor;Antal;2002;2.08
Habo;kvinnor;Antal;2003;2.42
Habo;kvinnor;Antal;2004;2.6
Habo;kvinnor;Antal;2005;1.94
Habo;kvinnor;Antal;2006;2.82
Habo;kvinnor;Antal;2007;2.48
Habo;kvinnor;Antal;2008;2.64
Habo;kvinnor;Antal;2009;2.1
Habo;kvinnor;Antal;2010;2.86
Habo;kvinnor;Antal;2011;2.34
Habo;kvinnor;Antal;2012;2.61
Habo;kvinnor;Antal;2013;2.49
Habo;kvinnor;Antal;2014;2.49
Habo;kvinnor;Antal;2015;2.44
Habo;kvinnor;Antal;2016;2.49
Habo;kvinnor;Antal;2017;2.5
Habo;kvinnor;Antal;2018;2.14
Habo;kvinnor;Antal;2019;2.23
Habo;kvinnor;Antal;2020;2.33
Habo;kvinnor;Antal;2021;2.13
Habo;kvinnor;Antal;2022;1.66
Habo;kvinnor;Antal;2023;2.08
Habo;kvinnor;Antal;2024;1.87
Habo;kvinnor;Antal;2025;1.92
Gislaved;män;Antal;2000;1.53
Gislaved;män;Antal;2001;1.61
Gislaved;män;Antal;2002;1.57
Gislaved;män;Antal;2003;1.67
Gislaved;män;Antal;2004;1.66
Gislaved;män;Antal;2005;1.67
Gislaved;män;Antal;2006;1.84
Gislaved;män;Antal;2007;1.74
Gislaved;män;Antal;2008;1.81
Gislaved;män;Antal;2009;1.84
Gislaved;män;Antal;2010;1.84
Gislaved;män;Antal;2011;1.76
Gislaved;män;Antal;2012;1.68
Gislaved;män;Antal;2013;1.86
Gislaved;män;Antal;2014;1.82
Gislaved;män;Antal;2015;1.93
Gislaved;män;Antal;2016;1.86
Gislaved;män;Antal;2017;1.69
Gislaved;män;Antal;2018;1.55
Gislaved;män;Antal;2019;1.78
Gislaved;män;Antal;2020;1.58
Gislaved;män;Antal;2021;1.59
Gislaved;män;Antal;2022;1.4
Gislaved;män;Antal;2023;1.22
Gislaved;män;Antal;2024;1.46
Gislaved;män;Antal;2025;1.22
Gislaved;kvinnor;Antal;2000;1.8
Gislaved;kvinnor;Antal;2001;1.9
Gislaved;kvinnor;Antal;2002;1.84
Gislaved;kvinnor;Antal;2003;1.97
Gislaved;kvinnor;Antal;2004;1.96
Gislaved;kvinnor;Antal;2005;2.01
Gislaved;kvinnor;Antal;2006;2.19
Gislaved;kvinnor;Antal;2007;2.1
Gislaved;kvinnor;Antal;2008;2.15
Gislaved;kvinnor;Antal;2009;2.09
Gislaved;kvinnor;Antal;2010;2.13
Gislaved;kvinnor;Antal;2011;1.97
Gislaved;kvinnor;Antal;2012;1.93
Gislaved;kvinnor;Antal;2013;2.14
Gislaved;kvinnor;Antal;2014;2.08
Gislaved;kvinnor;Antal;2015;2.19
Gislaved;kvinnor;Antal;2016;2.07
Gislaved;kvinnor;Antal;2017;2.01
Gislaved;kvinnor;Antal;2018;1.82
Gislaved;kvinnor;Antal;2019;2.15
Gislaved;kvinnor;Antal;2020;1.89
Gislaved;kvinnor;Antal;2021;1.91
Gislaved;kvinnor;Antal;2022;1.72
Gislaved;kvinnor;Antal;2023;1.54
Gislaved;kvinnor;Antal;2024;1.85
Gislaved;kvinnor;Antal;2025;1.53
Vaggeryd;män;Antal;2000;1.47
Vaggeryd;män;Antal;2001;1.81
Vaggeryd;män;Antal;2002;1.73
Vaggeryd;män;Antal;2003;2.04
Vaggeryd;män;Antal;2004;1.88
Vaggeryd;män;Antal;2005;1.67
Vaggeryd;män;Antal;2006;1.73
Vaggeryd;män;Antal;2007;2.19
Vaggeryd;män;Antal;2008;2.02
Vaggeryd;män;Antal;2009;1.89
Vaggeryd;män;Antal;2010;2.15
Vaggeryd;män;Antal;2011;2.21
Vaggeryd;män;Antal;2012;2.08
Vaggeryd;män;Antal;2013;1.94
Vaggeryd;män;Antal;2014;1.84
Vaggeryd;män;Antal;2015;1.94
Vaggeryd;män;Antal;2016;1.99
Vaggeryd;män;Antal;2017;1.78
Vaggeryd;män;Antal;2018;1.99
Vaggeryd;män;Antal;2019;1.66
Vaggeryd;män;Antal;2020;1.91
Vaggeryd;män;Antal;2021;1.92
Vaggeryd;män;Antal;2022;1.81
Vaggeryd;män;Antal;2023;1.56
Vaggeryd;män;Antal;2024;1.44
Vaggeryd;män;Antal;2025;1.34
Vaggeryd;kvinnor;Antal;2000;1.72
Vaggeryd;kvinnor;Antal;2001;2.18
Vaggeryd;kvinnor;Antal;2002;2.05
Vaggeryd;kvinnor;Antal;2003;2.37
Vaggeryd;kvinnor;Antal;2004;2.26
Vaggeryd;kvinnor;Antal;2005;2.04
Vaggeryd;kvinnor;Antal;2006;2.05
Vaggeryd;kvinnor;Antal;2007;2.49
Vaggeryd;kvinnor;Antal;2008;2.32
Vaggeryd;kvinnor;Antal;2009;2.31
Vaggeryd;kvinnor;Antal;2010;2.39
Vaggeryd;kvinnor;Antal;2011;2.49
Vaggeryd;kvinnor;Antal;2012;2.31
Vaggeryd;kvinnor;Antal;2013;2.17
Vaggeryd;kvinnor;Antal;2014;2.07
Vaggeryd;kvinnor;Antal;2015;2.08
Vaggeryd;kvinnor;Antal;2016;2.19
Vaggeryd;kvinnor;Antal;2017;1.95
Vaggeryd;kvinnor;Antal;2018;2.22
Vaggeryd;kvinnor;Antal;2019;1.93
Vaggeryd;kvinnor;Antal;2020;2.12
Vaggeryd;kvinnor;Antal;2021;2.22
Vaggeryd;kvinnor;Antal;2022;2.06
Vaggeryd;kvinnor;Antal;2023;1.77
Vaggeryd;kvinnor;Antal;2024;1.72
Vaggeryd;kvinnor;Antal;2025;1.62
Jönköping;män;Antal;2000;1.49
Jönköping;män;Antal;2001;1.48
Jönköping;män;Antal;2002;1.57
Jönköping;män;Antal;2003;1.6
Jönköping;män;Antal;2004;1.71
Jönköping;män;Antal;2005;1.64
Jönköping;män;Antal;2006;1.75
Jönköping;män;Antal;2007;1.77
Jönköping;män;Antal;2008;1.83
Jönköping;män;Antal;2009;1.87
Jönköping;män;Antal;2010;1.93
Jönköping;män;Antal;2011;1.9
Jönköping;män;Antal;2012;1.86
Jönköping;män;Antal;2013;1.81
Jönköping;män;Antal;2014;1.85
Jönköping;män;Antal;2015;1.79
Jönköping;män;Antal;2016;1.82
Jönköping;män;Antal;2017;1.66
Jönköping;män;Antal;2018;1.68
Jönköping;män;Antal;2019;1.6
Jönköping;män;Antal;2020;1.58
Jönköping;män;Antal;2021;1.56
Jönköping;män;Antal;2022;1.39
Jönköping;män;Antal;2023;1.38
Jönköping;män;Antal;2024;1.33
Jönköping;män;Antal;2025;1.32
Jönköping;kvinnor;Antal;2000;1.59
Jönköping;kvinnor;Antal;2001;1.58
Jönköping;kvinnor;Antal;2002;1.66
Jönköping;kvinnor;Antal;2003;1.69
Jönköping;kvinnor;Antal;2004;1.81
Jönköping;kvinnor;Antal;2005;1.74
Jönköping;kvinnor;Antal;2006;1.86
Jönköping;kvinnor;Antal;2007;1.88
Jönköping;kvinnor;Antal;2008;1.95
Jönköping;kvinnor;Antal;2009;2
Jönköping;kvinnor;Antal;2010;2.03
Jönköping;kvinnor;Antal;2011;1.99
Jönköping;kvinnor;Antal;2012;1.97
Jönköping;kvinnor;Antal;2013;1.89
Jönköping;kvinnor;Antal;2014;1.91
Jönköping;kvinnor;Antal;2015;1.87
Jönköping;kvinnor;Antal;2016;1.9
Jönköping;kvinnor;Antal;2017;1.75
Jönköping;kvinnor;Antal;2018;1.78
Jönköping;kvinnor;Antal;2019;1.69
Jönköping;kvinnor;Antal;2020;1.69
Jönköping;kvinnor;Antal;2021;1.66
Jönköping;kvinnor;Antal;2022;1.51
Jönköping;kvinnor;Antal;2023;1.52
Jönköping;kvinnor;Antal;2024;1.43
Jönköping;kvinnor;Antal;2025;1.44
Nässjö;män;Antal;2000;1.47
Nässjö;män;Antal;2001;1.71
Nässjö;män;Antal;2002;1.65
Nässjö;män;Antal;2003;1.7
Nässjö;män;Antal;2004;1.71
Nässjö;män;Antal;2005;1.84
Nässjö;män;Antal;2006;1.73
Nässjö;män;Antal;2007;1.91
Nässjö;män;Antal;2008;1.8
Nässjö;män;Antal;2009;1.72
Nässjö;män;Antal;2010;1.72
Nässjö;män;Antal;2011;1.93
Nässjö;män;Antal;2012;1.73
Nässjö;män;Antal;2013;1.94
Nässjö;män;Antal;2014;2.02
Nässjö;män;Antal;2015;1.97
Nässjö;män;Antal;2016;1.82
Nässjö;män;Antal;2017;2.07
Nässjö;män;Antal;2018;1.93
Nässjö;män;Antal;2019;1.76
Nässjö;män;Antal;2020;1.83
Nässjö;män;Antal;2021;1.62
Nässjö;män;Antal;2022;1.66
Nässjö;män;Antal;2023;1.41
Nässjö;män;Antal;2024;1.42
Nässjö;män;Antal;2025;1.27
Nässjö;kvinnor;Antal;2000;1.61
Nässjö;kvinnor;Antal;2001;1.88
Nässjö;kvinnor;Antal;2002;1.93
Nässjö;kvinnor;Antal;2003;1.92
Nässjö;kvinnor;Antal;2004;1.93
Nässjö;kvinnor;Antal;2005;2.14
Nässjö;kvinnor;Antal;2006;2.01
Nässjö;kvinnor;Antal;2007;2.15
Nässjö;kvinnor;Antal;2008;2
Nässjö;kvinnor;Antal;2009;1.91
Nässjö;kvinnor;Antal;2010;2.04
Nässjö;kvinnor;Antal;2011;2.2
Nässjö;kvinnor;Antal;2012;1.99
Nässjö;kvinnor;Antal;2013;2.22
Nässjö;kvinnor;Antal;2014;2.26
Nässjö;kvinnor;Antal;2015;2.28
Nässjö;kvinnor;Antal;2016;2.11
Nässjö;kvinnor;Antal;2017;2.36
Nässjö;kvinnor;Antal;2018;2.25
Nässjö;kvinnor;Antal;2019;2.05
Nässjö;kvinnor;Antal;2020;2.14
Nässjö;kvinnor;Antal;2021;1.84
Nässjö;kvinnor;Antal;2022;1.9
Nässjö;kvinnor;Antal;2023;1.62
Nässjö;kvinnor;Antal;2024;1.73
Nässjö;kvinnor;Antal;2025;1.55
Värnamo;män;Antal;2000;1.53
Värnamo;män;Antal;2001;1.58
Värnamo;män;Antal;2002;1.72
Värnamo;män;Antal;2003;1.69
Värnamo;män;Antal;2004;1.91
Värnamo;män;Antal;2005;1.72
Värnamo;män;Antal;2006;1.8
Värnamo;män;Antal;2007;1.76
Värnamo;män;Antal;2008;1.77
Värnamo;män;Antal;2009;1.94
Värnamo;män;Antal;2010;1.96
Värnamo;män;Antal;2011;1.9
Värnamo;män;Antal;2012;1.81
Värnamo;män;Antal;2013;1.87
Värnamo;män;Antal;2014;1.9
Värnamo;män;Antal;2015;1.77
Värnamo;män;Antal;2016;1.65
Värnamo;män;Antal;2017;1.69
Värnamo;män;Antal;2018;1.81
Värnamo;män;Antal;2019;1.55
Värnamo;män;Antal;2020;1.54
Värnamo;män;Antal;2021;1.54
Värnamo;män;Antal;2022;1.55
Värnamo;män;Antal;2023;1.42
Värnamo;män;Antal;2024;1.4
Värnamo;män;Antal;2025;1.44
Värnamo;kvinnor;Antal;2000;1.69
Värnamo;kvinnor;Antal;2001;1.74
Värnamo;kvinnor;Antal;2002;1.98
Värnamo;kvinnor;Antal;2003;1.87
Värnamo;kvinnor;Antal;2004;2.13
Värnamo;kvinnor;Antal;2005;1.92
Värnamo;kvinnor;Antal;2006;2.01
Värnamo;kvinnor;Antal;2007;2
Värnamo;kvinnor;Antal;2008;1.99
Värnamo;kvinnor;Antal;2009;2.19
Värnamo;kvinnor;Antal;2010;2.14
Värnamo;kvinnor;Antal;2011;2.13
Värnamo;kvinnor;Antal;2012;2.04
Värnamo;kvinnor;Antal;2013;2.06
Värnamo;kvinnor;Antal;2014;2.12
Värnamo;kvinnor;Antal;2015;1.98
Värnamo;kvinnor;Antal;2016;1.85
Värnamo;kvinnor;Antal;2017;1.82
Värnamo;kvinnor;Antal;2018;2.02
Värnamo;kvinnor;Antal;2019;1.77
Värnamo;kvinnor;Antal;2020;1.71
Värnamo;kvinnor;Antal;2021;1.76
Värnamo;kvinnor;Antal;2022;1.76
Värnamo;kvinnor;Antal;2023;1.72
Värnamo;kvinnor;Antal;2024;1.72
Värnamo;kvinnor;Antal;2025;1.73
Sävsjö;män;Antal;2000;1.37
Sävsjö;män;Antal;2001;1.34
Sävsjö;män;Antal;2002;1.94
Sävsjö;män;Antal;2003;1.72
Sävsjö;män;Antal;2004;1.96
Sävsjö;män;Antal;2005;1.99
Sävsjö;män;Antal;2006;1.6
Sävsjö;män;Antal;2007;1.79
Sävsjö;män;Antal;2008;1.88
Sävsjö;män;Antal;2009;2.09
Sävsjö;män;Antal;2010;2.14
Sävsjö;män;Antal;2011;1.9
Sävsjö;män;Antal;2012;1.61
Sävsjö;män;Antal;2013;2
Sävsjö;män;Antal;2014;2.02
Sävsjö;män;Antal;2015;1.84
Sävsjö;män;Antal;2016;2.25
Sävsjö;män;Antal;2017;1.98
Sävsjö;män;Antal;2018;2.15
Sävsjö;män;Antal;2019;2.04
Sävsjö;män;Antal;2020;2.04
Sävsjö;män;Antal;2021;1.9
Sävsjö;män;Antal;2022;1.95
Sävsjö;män;Antal;2023;1.94
Sävsjö;män;Antal;2024;1.24
Sävsjö;män;Antal;2025;1.88
Sävsjö;kvinnor;Antal;2000;1.7
Sävsjö;kvinnor;Antal;2001;1.56
Sävsjö;kvinnor;Antal;2002;2.36
Sävsjö;kvinnor;Antal;2003;2.09
Sävsjö;kvinnor;Antal;2004;2.36
Sävsjö;kvinnor;Antal;2005;2.25
Sävsjö;kvinnor;Antal;2006;1.98
Sävsjö;kvinnor;Antal;2007;2.06
Sävsjö;kvinnor;Antal;2008;2.12
Sävsjö;kvinnor;Antal;2009;2.47
Sävsjö;kvinnor;Antal;2010;2.41
Sävsjö;kvinnor;Antal;2011;2.03
Sävsjö;kvinnor;Antal;2012;1.77
Sävsjö;kvinnor;Antal;2013;2.22
Sävsjö;kvinnor;Antal;2014;2.35
Sävsjö;kvinnor;Antal;2015;2.17
Sävsjö;kvinnor;Antal;2016;2.58
Sävsjö;kvinnor;Antal;2017;2.3
Sävsjö;kvinnor;Antal;2018;2.48
Sävsjö;kvinnor;Antal;2019;2.25
Sävsjö;kvinnor;Antal;2020;2.38
Sävsjö;kvinnor;Antal;2021;2.17
Sävsjö;kvinnor;Antal;2022;2.26
Sävsjö;kvinnor;Antal;2023;2.13
Sävsjö;kvinnor;Antal;2024;1.41
Sävsjö;kvinnor;Antal;2025;2.18
Vetlanda;män;Antal;2000;1.34
Vetlanda;män;Antal;2001;1.67
Vetlanda;män;Antal;2002;1.53
Vetlanda;män;Antal;2003;1.5
Vetlanda;män;Antal;2004;1.74
Vetlanda;män;Antal;2005;1.57
Vetlanda;män;Antal;2006;1.67
Vetlanda;män;Antal;2007;1.62
Vetlanda;män;Antal;2008;2.03
Vetlanda;män;Antal;2009;2.04
Vetlanda;män;Antal;2010;2.02
Vetlanda;män;Antal;2011;2.14
Vetlanda;män;Antal;2012;1.81
Vetlanda;män;Antal;2013;1.81
Vetlanda;män;Antal;2014;1.92
Vetlanda;män;Antal;2015;1.89
Vetlanda;män;Antal;2016;1.98
Vetlanda;män;Antal;2017;1.7
Vetlanda;män;Antal;2018;1.84
Vetlanda;män;Antal;2019;1.69
Vetlanda;män;Antal;2020;1.93
Vetlanda;män;Antal;2021;1.75
Vetlanda;män;Antal;2022;1.37
Vetlanda;män;Antal;2023;1.43
Vetlanda;män;Antal;2024;1.57
Vetlanda;män;Antal;2025;1.33
Vetlanda;kvinnor;Antal;2000;1.63
Vetlanda;kvinnor;Antal;2001;2.01
Vetlanda;kvinnor;Antal;2002;1.85
Vetlanda;kvinnor;Antal;2003;1.84
Vetlanda;kvinnor;Antal;2004;2.11
Vetlanda;kvinnor;Antal;2005;1.97
Vetlanda;kvinnor;Antal;2006;2.09
Vetlanda;kvinnor;Antal;2007;1.99
Vetlanda;kvinnor;Antal;2008;2.43
Vetlanda;kvinnor;Antal;2009;2.4
Vetlanda;kvinnor;Antal;2010;2.37
Vetlanda;kvinnor;Antal;2011;2.53
Vetlanda;kvinnor;Antal;2012;2.14
Vetlanda;kvinnor;Antal;2013;2.12
Vetlanda;kvinnor;Antal;2014;2.15
Vetlanda;kvinnor;Antal;2015;2.14
Vetlanda;kvinnor;Antal;2016;2.23
Vetlanda;kvinnor;Antal;2017;1.95
Vetlanda;kvinnor;Antal;2018;2.08
Vetlanda;kvinnor;Antal;2019;1.9
Vetlanda;kvinnor;Antal;2020;2.27
Vetlanda;kvinnor;Antal;2021;2.05
Vetlanda;kvinnor;Antal;2022;1.59
Vetlanda;kvinnor;Antal;2023;1.79
Vetlanda;kvinnor;Antal;2024;2
Vetlanda;kvinnor;Antal;2025;1.65
Eksjö;män;Antal;2000;1.48
Eksjö;män;Antal;2001;1.62
Eksjö;män;Antal;2002;1.78
Eksjö;män;Antal;2003;1.82
Eksjö;män;Antal;2004;1.48
Eksjö;män;Antal;2005;1.96
Eksjö;män;Antal;2006;1.67
Eksjö;män;Antal;2007;1.31
Eksjö;män;Antal;2008;1.69
Eksjö;män;Antal;2009;1.69
Eksjö;män;Antal;2010;1.79
Eksjö;män;Antal;2011;2.03
Eksjö;män;Antal;2012;1.91
Eksjö;män;Antal;2013;1.91
Eksjö;män;Antal;2014;1.97
Eksjö;män;Antal;2015;1.96
Eksjö;män;Antal;2016;1.76
Eksjö;män;Antal;2017;1.86
Eksjö;män;Antal;2018;1.74
Eksjö;män;Antal;2019;1.6
Eksjö;män;Antal;2020;1.72
Eksjö;män;Antal;2021;1.67
Eksjö;män;Antal;2022;1.48
Eksjö;män;Antal;2023;1.35
Eksjö;män;Antal;2024;1.32
Eksjö;män;Antal;2025;1.29
Eksjö;kvinnor;Antal;2000;1.66
Eksjö;kvinnor;Antal;2001;1.89
Eksjö;kvinnor;Antal;2002;2.03
Eksjö;kvinnor;Antal;2003;2.07
Eksjö;kvinnor;Antal;2004;1.72
Eksjö;kvinnor;Antal;2005;2.24
Eksjö;kvinnor;Antal;2006;1.92
Eksjö;kvinnor;Antal;2007;1.55
Eksjö;kvinnor;Antal;2008;1.96
Eksjö;kvinnor;Antal;2009;1.95
Eksjö;kvinnor;Antal;2010;1.94
Eksjö;kvinnor;Antal;2011;2.34
Eksjö;kvinnor;Antal;2012;2.11
Eksjö;kvinnor;Antal;2013;2.23
Eksjö;kvinnor;Antal;2014;2.15
Eksjö;kvinnor;Antal;2015;2.12
Eksjö;kvinnor;Antal;2016;1.93
Eksjö;kvinnor;Antal;2017;2.16
Eksjö;kvinnor;Antal;2018;2.02
Eksjö;kvinnor;Antal;2019;1.85
Eksjö;kvinnor;Antal;2020;2.02
Eksjö;kvinnor;Antal;2021;1.99
Eksjö;kvinnor;Antal;2022;1.76
Eksjö;kvinnor;Antal;2023;1.62
Eksjö;kvinnor;Antal;2024;1.61
Eksjö;kvinnor;Antal;2025;1.48
Tranås;män;Antal;2000;1.47
Tranås;män;Antal;2001;1.51
Tranås;män;Antal;2002;1.55
Tranås;män;Antal;2003;1.69
Tranås;män;Antal;2004;1.82
Tranås;män;Antal;2005;1.65
Tranås;män;Antal;2006;1.91
Tranås;män;Antal;2007;1.8
Tranås;män;Antal;2008;1.55
Tranås;män;Antal;2009;1.77
Tranås;män;Antal;2010;1.76
Tranås;män;Antal;2011;1.91
Tranås;män;Antal;2012;2.04
Tranås;män;Antal;2013;1.46
Tranås;män;Antal;2014;1.94
Tranås;män;Antal;2015;1.59
Tranås;män;Antal;2016;1.76
Tranås;män;Antal;2017;1.7
Tranås;män;Antal;2018;1.71
Tranås;män;Antal;2019;1.65
Tranås;män;Antal;2020;1.79
Tranås;män;Antal;2021;1.65
Tranås;män;Antal;2022;1.75
Tranås;män;Antal;2023;1.22
Tranås;män;Antal;2024;1.2
Tranås;män;Antal;2025;1.31
Tranås;kvinnor;Antal;2000;1.59
Tranås;kvinnor;Antal;2001;1.71
Tranås;kvinnor;Antal;2002;1.75
Tranås;kvinnor;Antal;2003;1.94
Tranås;kvinnor;Antal;2004;2.06
Tranås;kvinnor;Antal;2005;1.88
Tranås;kvinnor;Antal;2006;2.12
Tranås;kvinnor;Antal;2007;2.11
Tranås;kvinnor;Antal;2008;1.83
Tranås;kvinnor;Antal;2009;1.9
Tranås;kvinnor;Antal;2010;1.94
Tranås;kvinnor;Antal;2011;2.11
Tranås;kvinnor;Antal;2012;2.26
Tranås;kvinnor;Antal;2013;1.68
Tranås;kvinnor;Antal;2014;2.12
Tranås;kvinnor;Antal;2015;1.75
Tranås;kvinnor;Antal;2016;2
Tranås;kvinnor;Antal;2017;1.93
Tranås;kvinnor;Antal;2018;1.89
Tranås;kvinnor;Antal;2019;1.96
Tranås;kvinnor;Antal;2020;2.14
Tranås;kvinnor;Antal;2021;1.93
Tranås;kvinnor;Antal;2022;2.04
Tranås;kvinnor;Antal;2023;1.44
Tranås;kvinnor;Antal;2024;1.46
Tranås;kvinnor;Antal;2025;1.62
Uppvidinge;män;Antal;2000;1.33
Uppvidinge;män;Antal;2001;1.58
Uppvidinge;män;Antal;2002;1.68
Uppvidinge;män;Antal;2003;1.64
Uppvidinge;män;Antal;2004;1.47
Uppvidinge;män;Antal;2005;1.34
Uppvidinge;män;Antal;2006;1.82
Uppvidinge;män;Antal;2007;1.58
Uppvidinge;män;Antal;2008;1.54
Uppvidinge;män;Antal;2009;1.65
Uppvidinge;män;Antal;2010;1.71
Uppvidinge;män;Antal;2011;1.75
Uppvidinge;män;Antal;2012;1.28
Uppvidinge;män;Antal;2013;1.68
Uppvidinge;män;Antal;2014;1.66
Uppvidinge;män;Antal;2015;1.45
Uppvidinge;män;Antal;2016;1.9
Uppvidinge;män;Antal;2017;1.67
Uppvidinge;män;Antal;2018;1.88
Uppvidinge;män;Antal;2019;1.71
Uppvidinge;män;Antal;2020;1.46
Uppvidinge;män;Antal;2021;1.56
Uppvidinge;män;Antal;2022;1.73
Uppvidinge;män;Antal;2023;1.49
Uppvidinge;män;Antal;2024;1.53
Uppvidinge;män;Antal;2025;1.43
Uppvidinge;kvinnor;Antal;2000;1.57
Uppvidinge;kvinnor;Antal;2001;1.91
Uppvidinge;kvinnor;Antal;2002;2
Uppvidinge;kvinnor;Antal;2003;1.9
Uppvidinge;kvinnor;Antal;2004;1.78
Uppvidinge;kvinnor;Antal;2005;1.58
Uppvidinge;kvinnor;Antal;2006;2.17
Uppvidinge;kvinnor;Antal;2007;1.98
Uppvidinge;kvinnor;Antal;2008;2
Uppvidinge;kvinnor;Antal;2009;1.99
Uppvidinge;kvinnor;Antal;2010;2.21
Uppvidinge;kvinnor;Antal;2011;2.12
Uppvidinge;kvinnor;Antal;2012;1.72
Uppvidinge;kvinnor;Antal;2013;2.14
Uppvidinge;kvinnor;Antal;2014;2.21
Uppvidinge;kvinnor;Antal;2015;2.02
Uppvidinge;kvinnor;Antal;2016;2.53
Uppvidinge;kvinnor;Antal;2017;2.15
Uppvidinge;kvinnor;Antal;2018;2.5
Uppvidinge;kvinnor;Antal;2019;2.25
Uppvidinge;kvinnor;Antal;2020;1.79
Uppvidinge;kvinnor;Antal;2021;2.1
Uppvidinge;kvinnor;Antal;2022;2.3
Uppvidinge;kvinnor;Antal;2023;1.85
Uppvidinge;kvinnor;Antal;2024;1.85
Uppvidinge;kvinnor;Antal;2025;1.94
Lessebo;män;Antal;2000;1.33
Lessebo;män;Antal;2001;1.8
Lessebo;män;Antal;2002;1.82
Lessebo;män;Antal;2003;1.6
Lessebo;män;Antal;2004;1.97
Lessebo;män;Antal;2005;1.54
Lessebo;män;Antal;2006;2.08
Lessebo;män;Antal;2007;1.77
Lessebo;män;Antal;2008;2.01
Lessebo;män;Antal;2009;1.64
Lessebo;män;Antal;2010;2.17
Lessebo;män;Antal;2011;1.38
Lessebo;män;Antal;2012;1.61
Lessebo;män;Antal;2013;1.88
Lessebo;män;Antal;2014;1.65
Lessebo;män;Antal;2015;1.96
Lessebo;män;Antal;2016;2.45
Lessebo;män;Antal;2017;1.83
Lessebo;män;Antal;2018;1.98
Lessebo;män;Antal;2019;1.92
Lessebo;män;Antal;2020;1.83
Lessebo;män;Antal;2021;1.86
Lessebo;män;Antal;2022;1.76
Lessebo;män;Antal;2023;1.65
Lessebo;män;Antal;2024;1.65
Lessebo;män;Antal;2025;1.63
Lessebo;kvinnor;Antal;2000;1.62
Lessebo;kvinnor;Antal;2001;2.14
Lessebo;kvinnor;Antal;2002;2.08
Lessebo;kvinnor;Antal;2003;1.93
Lessebo;kvinnor;Antal;2004;2.3
Lessebo;kvinnor;Antal;2005;1.91
Lessebo;kvinnor;Antal;2006;2.34
Lessebo;kvinnor;Antal;2007;2.09
Lessebo;kvinnor;Antal;2008;2.32
Lessebo;kvinnor;Antal;2009;2.02
Lessebo;kvinnor;Antal;2010;2.52
Lessebo;kvinnor;Antal;2011;1.74
Lessebo;kvinnor;Antal;2012;1.86
Lessebo;kvinnor;Antal;2013;2.24
Lessebo;kvinnor;Antal;2014;1.92
Lessebo;kvinnor;Antal;2015;2.28
Lessebo;kvinnor;Antal;2016;3.05
Lessebo;kvinnor;Antal;2017;2.4
Lessebo;kvinnor;Antal;2018;2.36
Lessebo;kvinnor;Antal;2019;2.29
Lessebo;kvinnor;Antal;2020;2.23
Lessebo;kvinnor;Antal;2021;2.2
Lessebo;kvinnor;Antal;2022;1.85
Lessebo;kvinnor;Antal;2023;1.8
Lessebo;kvinnor;Antal;2024;1.95
Lessebo;kvinnor;Antal;2025;1.9
Tingsryd;män;Antal;2000;1.56
Tingsryd;män;Antal;2001;1.37
Tingsryd;män;Antal;2002;1.49
Tingsryd;män;Antal;2003;1.61
Tingsryd;män;Antal;2004;1.28
Tingsryd;män;Antal;2005;1.48
Tingsryd;män;Antal;2006;2
Tingsryd;män;Antal;2007;1.32
Tingsryd;män;Antal;2008;1.72
Tingsryd;män;Antal;2009;1.43
Tingsryd;män;Antal;2010;1.87
Tingsryd;män;Antal;2011;1.51
Tingsryd;män;Antal;2012;1.87
Tingsryd;män;Antal;2013;1.62
Tingsryd;män;Antal;2014;1.96
Tingsryd;män;Antal;2015;1.76
Tingsryd;män;Antal;2016;1.86
Tingsryd;män;Antal;2017;1.67
Tingsryd;män;Antal;2018;1.79
Tingsryd;män;Antal;2019;1.65
Tingsryd;män;Antal;2020;1.57
Tingsryd;män;Antal;2021;1.69
Tingsryd;män;Antal;2022;1.33
Tingsryd;män;Antal;2023;1.37
Tingsryd;män;Antal;2024;1.02
Tingsryd;män;Antal;2025;0.92
Tingsryd;kvinnor;Antal;2000;1.79
Tingsryd;kvinnor;Antal;2001;1.64
Tingsryd;kvinnor;Antal;2002;1.78
Tingsryd;kvinnor;Antal;2003;1.99
Tingsryd;kvinnor;Antal;2004;1.52
Tingsryd;kvinnor;Antal;2005;1.82
Tingsryd;kvinnor;Antal;2006;2.46
Tingsryd;kvinnor;Antal;2007;1.66
Tingsryd;kvinnor;Antal;2008;2.08
Tingsryd;kvinnor;Antal;2009;1.64
Tingsryd;kvinnor;Antal;2010;2.3
Tingsryd;kvinnor;Antal;2011;1.71
Tingsryd;kvinnor;Antal;2012;2.21
Tingsryd;kvinnor;Antal;2013;1.84
Tingsryd;kvinnor;Antal;2014;2.2
Tingsryd;kvinnor;Antal;2015;1.94
Tingsryd;kvinnor;Antal;2016;2.2
Tingsryd;kvinnor;Antal;2017;1.98
Tingsryd;kvinnor;Antal;2018;2.17
Tingsryd;kvinnor;Antal;2019;1.99
Tingsryd;kvinnor;Antal;2020;1.99
Tingsryd;kvinnor;Antal;2021;1.97
Tingsryd;kvinnor;Antal;2022;1.82
Tingsryd;kvinnor;Antal;2023;1.82
Tingsryd;kvinnor;Antal;2024;1.41
Tingsryd;kvinnor;Antal;2025;1.23
Alvesta;män;Antal;2000;1.44
Alvesta;män;Antal;2001;1.67
Alvesta;män;Antal;2002;1.82
Alvesta;män;Antal;2003;1.67
Alvesta;män;Antal;2004;2.04
Alvesta;män;Antal;2005;1.61
Alvesta;män;Antal;2006;1.92
Alvesta;män;Antal;2007;1.86
Alvesta;män;Antal;2008;1.84
Alvesta;män;Antal;2009;1.92
Alvesta;män;Antal;2010;1.97
Alvesta;män;Antal;2011;1.82
Alvesta;män;Antal;2012;1.74
Alvesta;män;Antal;2013;1.98
Alvesta;män;Antal;2014;2.03
Alvesta;män;Antal;2015;1.91
Alvesta;män;Antal;2016;2.15
Alvesta;män;Antal;2017;2.06
Alvesta;män;Antal;2018;1.8
Alvesta;män;Antal;2019;1.79
Alvesta;män;Antal;2020;1.85
Alvesta;män;Antal;2021;1.72
Alvesta;män;Antal;2022;1.71
Alvesta;män;Antal;2023;1.29
Alvesta;män;Antal;2024;1.51
Alvesta;män;Antal;2025;1.49
Alvesta;kvinnor;Antal;2000;1.68
Alvesta;kvinnor;Antal;2001;1.88
Alvesta;kvinnor;Antal;2002;2.12
Alvesta;kvinnor;Antal;2003;1.85
Alvesta;kvinnor;Antal;2004;2.31
Alvesta;kvinnor;Antal;2005;1.76
Alvesta;kvinnor;Antal;2006;2.14
Alvesta;kvinnor;Antal;2007;2.13
Alvesta;kvinnor;Antal;2008;2.2
Alvesta;kvinnor;Antal;2009;2.18
Alvesta;kvinnor;Antal;2010;2.23
Alvesta;kvinnor;Antal;2011;2.07
Alvesta;kvinnor;Antal;2012;2.09
Alvesta;kvinnor;Antal;2013;2.25
Alvesta;kvinnor;Antal;2014;2.29
Alvesta;kvinnor;Antal;2015;2.22
Alvesta;kvinnor;Antal;2016;2.56
Alvesta;kvinnor;Antal;2017;2.46
Alvesta;kvinnor;Antal;2018;2.08
Alvesta;kvinnor;Antal;2019;2.08
Alvesta;kvinnor;Antal;2020;2.26
Alvesta;kvinnor;Antal;2021;1.97
Alvesta;kvinnor;Antal;2022;2.05
Alvesta;kvinnor;Antal;2023;1.49
Alvesta;kvinnor;Antal;2024;1.82
Alvesta;kvinnor;Antal;2025;1.83
Älmhult;män;Antal;2000;1.39
Älmhult;män;Antal;2001;1.59
Älmhult;män;Antal;2002;1.46
Älmhult;män;Antal;2003;1.71
Älmhult;män;Antal;2004;1.54
Älmhult;män;Antal;2005;1.65
Älmhult;män;Antal;2006;1.54
Älmhult;män;Antal;2007;1.74
Älmhult;män;Antal;2008;1.71
Älmhult;män;Antal;2009;1.98
Älmhult;män;Antal;2010;1.93
Älmhult;män;Antal;2011;1.67
Älmhult;män;Antal;2012;1.83
Älmhult;män;Antal;2013;1.92
Älmhult;män;Antal;2014;2
Älmhult;män;Antal;2015;1.68
Älmhult;män;Antal;2016;1.62
Älmhult;män;Antal;2017;1.81
Älmhult;män;Antal;2018;1.54
Älmhult;män;Antal;2019;1.77
Älmhult;män;Antal;2020;1.75
Älmhult;män;Antal;2021;1.67
Älmhult;män;Antal;2022;1.41
Älmhult;män;Antal;2023;1.5
Älmhult;män;Antal;2024;1.53
Älmhult;män;Antal;2025;1.3
Älmhult;kvinnor;Antal;2000;1.64
Älmhult;kvinnor;Antal;2001;1.91
Älmhult;kvinnor;Antal;2002;1.72
Älmhult;kvinnor;Antal;2003;2
Älmhult;kvinnor;Antal;2004;1.81
Älmhult;kvinnor;Antal;2005;1.95
Älmhult;kvinnor;Antal;2006;1.75
Älmhult;kvinnor;Antal;2007;1.92
Älmhult;kvinnor;Antal;2008;1.9
Älmhult;kvinnor;Antal;2009;2.16
Älmhult;kvinnor;Antal;2010;2.11
Älmhult;kvinnor;Antal;2011;1.87
Älmhult;kvinnor;Antal;2012;2.03
Älmhult;kvinnor;Antal;2013;2.08
Älmhult;kvinnor;Antal;2014;2.17
Älmhult;kvinnor;Antal;2015;1.98
Älmhult;kvinnor;Antal;2016;1.93
Älmhult;kvinnor;Antal;2017;2.01
Älmhult;kvinnor;Antal;2018;1.73
Älmhult;kvinnor;Antal;2019;2.09
Älmhult;kvinnor;Antal;2020;2.06
Älmhult;kvinnor;Antal;2021;2.04
Älmhult;kvinnor;Antal;2022;1.69
Älmhult;kvinnor;Antal;2023;1.82
Älmhult;kvinnor;Antal;2024;1.74
Älmhult;kvinnor;Antal;2025;1.48
Markaryd;män;Antal;2000;1.38
Markaryd;män;Antal;2001;1.51
Markaryd;män;Antal;2002;1.48
Markaryd;män;Antal;2003;1.44
Markaryd;män;Antal;2004;1.98
Markaryd;män;Antal;2005;1.57
Markaryd;män;Antal;2006;1.6
Markaryd;män;Antal;2007;1.6
Markaryd;män;Antal;2008;2
Markaryd;män;Antal;2009;1.66
Markaryd;män;Antal;2010;1.6
Markaryd;män;Antal;2011;1.64
Markaryd;män;Antal;2012;1.51
Markaryd;män;Antal;2013;1.56
Markaryd;män;Antal;2014;1.7
Markaryd;män;Antal;2015;1.76
Markaryd;män;Antal;2016;1.98
Markaryd;män;Antal;2017;1.75
Markaryd;män;Antal;2018;1.71
Markaryd;män;Antal;2019;1.87
Markaryd;män;Antal;2020;1.86
Markaryd;män;Antal;2021;1.74
Markaryd;män;Antal;2022;1.28
Markaryd;män;Antal;2023;1.34
Markaryd;män;Antal;2024;1.34
Markaryd;män;Antal;2025;1.46
Markaryd;kvinnor;Antal;2000;1.63
Markaryd;kvinnor;Antal;2001;1.72
Markaryd;kvinnor;Antal;2002;1.81
Markaryd;kvinnor;Antal;2003;1.74
Markaryd;kvinnor;Antal;2004;2.26
Markaryd;kvinnor;Antal;2005;1.96
Markaryd;kvinnor;Antal;2006;1.94
Markaryd;kvinnor;Antal;2007;1.87
Markaryd;kvinnor;Antal;2008;2.4
Markaryd;kvinnor;Antal;2009;2.03
Markaryd;kvinnor;Antal;2010;1.99
Markaryd;kvinnor;Antal;2011;1.91
Markaryd;kvinnor;Antal;2012;1.7
Markaryd;kvinnor;Antal;2013;1.81
Markaryd;kvinnor;Antal;2014;1.96
Markaryd;kvinnor;Antal;2015;1.91
Markaryd;kvinnor;Antal;2016;2.25
Markaryd;kvinnor;Antal;2017;2.08
Markaryd;kvinnor;Antal;2018;1.97
Markaryd;kvinnor;Antal;2019;2.22
Markaryd;kvinnor;Antal;2020;2.22
Markaryd;kvinnor;Antal;2021;1.99
Markaryd;kvinnor;Antal;2022;1.59
Markaryd;kvinnor;Antal;2023;1.74
Markaryd;kvinnor;Antal;2024;1.8
Markaryd;kvinnor;Antal;2025;1.85
Växjö;män;Antal;2000;1.31
Växjö;män;Antal;2001;1.37
Växjö;män;Antal;2002;1.5
Växjö;män;Antal;2003;1.56
Växjö;män;Antal;2004;1.54
Växjö;män;Antal;2005;1.66
Växjö;män;Antal;2006;1.77
Växjö;män;Antal;2007;1.73
Växjö;män;Antal;2008;1.73
Växjö;män;Antal;2009;1.82
Växjö;män;Antal;2010;1.81
Växjö;män;Antal;2011;1.73
Växjö;män;Antal;2012;1.88
Växjö;män;Antal;2013;1.82
Växjö;män;Antal;2014;1.78
Växjö;män;Antal;2015;1.71
Växjö;män;Antal;2016;1.72
Växjö;män;Antal;2017;1.6
Växjö;män;Antal;2018;1.65
Växjö;män;Antal;2019;1.61
Växjö;män;Antal;2020;1.69
Växjö;män;Antal;2021;1.65
Växjö;män;Antal;2022;1.45
Växjö;män;Antal;2023;1.39
Växjö;män;Antal;2024;1.28
Växjö;män;Antal;2025;1.36
Växjö;kvinnor;Antal;2000;1.42
Växjö;kvinnor;Antal;2001;1.47
Växjö;kvinnor;Antal;2002;1.61
Växjö;kvinnor;Antal;2003;1.66
Växjö;kvinnor;Antal;2004;1.65
Växjö;kvinnor;Antal;2005;1.76
Växjö;kvinnor;Antal;2006;1.88
Växjö;kvinnor;Antal;2007;1.84
Växjö;kvinnor;Antal;2008;1.85
Växjö;kvinnor;Antal;2009;1.98
Växjö;kvinnor;Antal;2010;1.98
Växjö;kvinnor;Antal;2011;1.89
Växjö;kvinnor;Antal;2012;2.04
Växjö;kvinnor;Antal;2013;1.98
Växjö;kvinnor;Antal;2014;1.91
Växjö;kvinnor;Antal;2015;1.85
Växjö;kvinnor;Antal;2016;1.87
Växjö;kvinnor;Antal;2017;1.72
Växjö;kvinnor;Antal;2018;1.76
Växjö;kvinnor;Antal;2019;1.76
Växjö;kvinnor;Antal;2020;1.85
Växjö;kvinnor;Antal;2021;1.8
Växjö;kvinnor;Antal;2022;1.59
Växjö;kvinnor;Antal;2023;1.55
Växjö;kvinnor;Antal;2024;1.41
Växjö;kvinnor;Antal;2025;1.5
Ljungby;män;Antal;2000;1.29
Ljungby;män;Antal;2001;1.36
Ljungby;män;Antal;2002;1.49
Ljungby;män;Antal;2003;1.61
Ljungby;män;Antal;2004;1.79
Ljungby;män;Antal;2005;1.7
Ljungby;män;Antal;2006;1.6
Ljungby;män;Antal;2007;1.76
Ljungby;män;Antal;2008;1.75
Ljungby;män;Antal;2009;1.53
Ljungby;män;Antal;2010;1.65
Ljungby;män;Antal;2011;1.6
Ljungby;män;Antal;2012;1.42
Ljungby;män;Antal;2013;1.64
Ljungby;män;Antal;2014;1.63
Ljungby;män;Antal;2015;1.65
Ljungby;män;Antal;2016;1.68
Ljungby;män;Antal;2017;1.83
Ljungby;män;Antal;2018;1.58
Ljungby;män;Antal;2019;1.62
Ljungby;män;Antal;2020;1.56
Ljungby;män;Antal;2021;1.47
Ljungby;män;Antal;2022;1.35
Ljungby;män;Antal;2023;1.42
Ljungby;män;Antal;2024;1.39
Ljungby;män;Antal;2025;1.37
Ljungby;kvinnor;Antal;2000;1.46
Ljungby;kvinnor;Antal;2001;1.56
Ljungby;kvinnor;Antal;2002;1.78
Ljungby;kvinnor;Antal;2003;1.91
Ljungby;kvinnor;Antal;2004;2.18
Ljungby;kvinnor;Antal;2005;2.04
Ljungby;kvinnor;Antal;2006;1.97
Ljungby;kvinnor;Antal;2007;2.13
Ljungby;kvinnor;Antal;2008;2.14
Ljungby;kvinnor;Antal;2009;1.93
Ljungby;kvinnor;Antal;2010;1.97
Ljungby;kvinnor;Antal;2011;1.89
Ljungby;kvinnor;Antal;2012;1.73
Ljungby;kvinnor;Antal;2013;1.85
Ljungby;kvinnor;Antal;2014;1.82
Ljungby;kvinnor;Antal;2015;1.87
Ljungby;kvinnor;Antal;2016;1.89
Ljungby;kvinnor;Antal;2017;2.08
Ljungby;kvinnor;Antal;2018;1.83
Ljungby;kvinnor;Antal;2019;1.86
Ljungby;kvinnor;Antal;2020;1.8
Ljungby;kvinnor;Antal;2021;1.77
Ljungby;kvinnor;Antal;2022;1.65
Ljungby;kvinnor;Antal;2023;1.73
Ljungby;kvinnor;Antal;2024;1.72
Ljungby;kvinnor;Antal;2025;1.72
Högsby;män;Antal;2000;1.46
Högsby;män;Antal;2001;1.4
Högsby;män;Antal;2002;1.51
Högsby;män;Antal;2003;1.81
Högsby;män;Antal;2004;1.2
Högsby;män;Antal;2005;1.47
Högsby;män;Antal;2006;1.86
Högsby;män;Antal;2007;1.12
Högsby;män;Antal;2008;1.74
Högsby;män;Antal;2009;1.89
Högsby;män;Antal;2010;1.26
Högsby;män;Antal;2011;1.85
Högsby;män;Antal;2012;2.08
Högsby;män;Antal;2013;1.85
Högsby;män;Antal;2014;1.77
Högsby;män;Antal;2015;1.26
Högsby;män;Antal;2016;1.82
Högsby;män;Antal;2017;1.76
Högsby;män;Antal;2018;1.8
Högsby;män;Antal;2019;1.49
Högsby;män;Antal;2020;1.52
Högsby;män;Antal;2021;1.52
Högsby;män;Antal;2022;1.93
Högsby;män;Antal;2023;1.08
Högsby;män;Antal;2024;1.48
Högsby;män;Antal;2025;1.26
Högsby;kvinnor;Antal;2000;1.75
Högsby;kvinnor;Antal;2001;1.7
Högsby;kvinnor;Antal;2002;2.05
Högsby;kvinnor;Antal;2003;2.19
Högsby;kvinnor;Antal;2004;1.55
Högsby;kvinnor;Antal;2005;2.03
Högsby;kvinnor;Antal;2006;2.23
Högsby;kvinnor;Antal;2007;1.31
Högsby;kvinnor;Antal;2008;2.29
Högsby;kvinnor;Antal;2009;2.32
Högsby;kvinnor;Antal;2010;1.71
Högsby;kvinnor;Antal;2011;2.12
Högsby;kvinnor;Antal;2012;2.74
Högsby;kvinnor;Antal;2013;2.05
Högsby;kvinnor;Antal;2014;1.86
Högsby;kvinnor;Antal;2015;1.49
Högsby;kvinnor;Antal;2016;2.54
Högsby;kvinnor;Antal;2017;2.06
Högsby;kvinnor;Antal;2018;2.12
Högsby;kvinnor;Antal;2019;1.98
Högsby;kvinnor;Antal;2020;1.94
Högsby;kvinnor;Antal;2021;1.79
Högsby;kvinnor;Antal;2022;2.45
Högsby;kvinnor;Antal;2023;1.31
Högsby;kvinnor;Antal;2024;1.93
Högsby;kvinnor;Antal;2025;1.64
Torsås;män;Antal;2000;1.33
Torsås;män;Antal;2001;1.45
Torsås;män;Antal;2002;1.52
Torsås;män;Antal;2003;1.5
Torsås;män;Antal;2004;1.89
Torsås;män;Antal;2005;1.5
Torsås;män;Antal;2006;2
Torsås;män;Antal;2007;1.82
Torsås;män;Antal;2008;1.58
Torsås;män;Antal;2009;1.75
Torsås;män;Antal;2010;1.91
Torsås;män;Antal;2011;1.25
Torsås;män;Antal;2012;1.45
Torsås;män;Antal;2013;1.61
Torsås;män;Antal;2014;1.82
Torsås;män;Antal;2015;1.95
Torsås;män;Antal;2016;1.72
Torsås;män;Antal;2017;1.82
Torsås;män;Antal;2018;1.5
Torsås;män;Antal;2019;1.86
Torsås;män;Antal;2020;1.89
Torsås;män;Antal;2021;1.69
Torsås;män;Antal;2022;1.61
Torsås;män;Antal;2023;1.72
Torsås;män;Antal;2024;1.58
Torsås;män;Antal;2025;1.36
Torsås;kvinnor;Antal;2000;1.66
Torsås;kvinnor;Antal;2001;1.97
Torsås;kvinnor;Antal;2002;1.95
Torsås;kvinnor;Antal;2003;1.87
Torsås;kvinnor;Antal;2004;2.23
Torsås;kvinnor;Antal;2005;1.74
Torsås;kvinnor;Antal;2006;2.46
Torsås;kvinnor;Antal;2007;2.3
Torsås;kvinnor;Antal;2008;1.89
Torsås;kvinnor;Antal;2009;2.12
Torsås;kvinnor;Antal;2010;2.27
Torsås;kvinnor;Antal;2011;1.65
Torsås;kvinnor;Antal;2012;1.88
Torsås;kvinnor;Antal;2013;1.89
Torsås;kvinnor;Antal;2014;2.3
Torsås;kvinnor;Antal;2015;2.18
Torsås;kvinnor;Antal;2016;2.13
Torsås;kvinnor;Antal;2017;2.42
Torsås;kvinnor;Antal;2018;1.95
Torsås;kvinnor;Antal;2019;2.1
Torsås;kvinnor;Antal;2020;2.31
Torsås;kvinnor;Antal;2021;2.22
Torsås;kvinnor;Antal;2022;2.11
Torsås;kvinnor;Antal;2023;2.23
Torsås;kvinnor;Antal;2024;2.06
Torsås;kvinnor;Antal;2025;1.69
Mörbylånga;män;Antal;2000;1.57
Mörbylånga;män;Antal;2001;1.61
Mörbylånga;män;Antal;2002;1.77
Mörbylånga;män;Antal;2003;1.85
Mörbylånga;män;Antal;2004;1.74
Mörbylånga;män;Antal;2005;2.01
Mörbylånga;män;Antal;2006;2.11
Mörbylånga;män;Antal;2007;1.85
Mörbylånga;män;Antal;2008;2.05
Mörbylånga;män;Antal;2009;2.13
Mörbylånga;män;Antal;2010;2.32
Mörbylånga;män;Antal;2011;2.32
Mörbylånga;män;Antal;2012;2.25
Mörbylånga;män;Antal;2013;2.22
Mörbylånga;män;Antal;2014;2.1
Mörbylånga;män;Antal;2015;1.92
Mörbylånga;män;Antal;2016;1.78
Mörbylånga;män;Antal;2017;2.29
Mörbylånga;män;Antal;2018;2.19
Mörbylånga;män;Antal;2019;1.9
Mörbylånga;män;Antal;2020;1.84
Mörbylånga;män;Antal;2021;2.06
Mörbylånga;män;Antal;2022;1.53
Mörbylånga;män;Antal;2023;1.57
Mörbylånga;män;Antal;2024;1.44
Mörbylånga;män;Antal;2025;1.55
Mörbylånga;kvinnor;Antal;2000;1.61
Mörbylånga;kvinnor;Antal;2001;1.74
Mörbylånga;kvinnor;Antal;2002;1.92
Mörbylånga;kvinnor;Antal;2003;1.94
Mörbylånga;kvinnor;Antal;2004;2.01
Mörbylånga;kvinnor;Antal;2005;2.18
Mörbylånga;kvinnor;Antal;2006;2.44
Mörbylånga;kvinnor;Antal;2007;2.02
Mörbylånga;kvinnor;Antal;2008;2.15
Mörbylånga;kvinnor;Antal;2009;2.33
Mörbylånga;kvinnor;Antal;2010;2.57
Mörbylånga;kvinnor;Antal;2011;2.47
Mörbylånga;kvinnor;Antal;2012;2.36
Mörbylånga;kvinnor;Antal;2013;2.23
Mörbylånga;kvinnor;Antal;2014;2.16
Mörbylånga;kvinnor;Antal;2015;2.03
Mörbylånga;kvinnor;Antal;2016;1.93
Mörbylånga;kvinnor;Antal;2017;2.5
Mörbylånga;kvinnor;Antal;2018;2.21
Mörbylånga;kvinnor;Antal;2019;1.92
Mörbylånga;kvinnor;Antal;2020;1.93
Mörbylånga;kvinnor;Antal;2021;2.09
Mörbylånga;kvinnor;Antal;2022;1.65
Mörbylånga;kvinnor;Antal;2023;1.77
Mörbylånga;kvinnor;Antal;2024;1.72
Mörbylånga;kvinnor;Antal;2025;1.7
Hultsfred;män;Antal;2000;1.54
Hultsfred;män;Antal;2001;1.31
Hultsfred;män;Antal;2002;1.66
Hultsfred;män;Antal;2003;1.33
Hultsfred;män;Antal;2004;1.39
Hultsfred;män;Antal;2005;1.34
Hultsfred;män;Antal;2006;1.48
Hultsfred;män;Antal;2007;1.63
Hultsfred;män;Antal;2008;1.64
Hultsfred;män;Antal;2009;1.63
Hultsfred;män;Antal;2010;1.89
Hultsfred;män;Antal;2011;1.35
Hultsfred;män;Antal;2012;1.82
Hultsfred;män;Antal;2013;1.65
Hultsfred;män;Antal;2014;1.64
Hultsfred;män;Antal;2015;1.96
Hultsfred;män;Antal;2016;1.85
Hultsfred;män;Antal;2017;1.93
Hultsfred;män;Antal;2018;2.01
Hultsfred;män;Antal;2019;1.78
Hultsfred;män;Antal;2020;1.98
Hultsfred;män;Antal;2021;1.48
Hultsfred;män;Antal;2022;1.51
Hultsfred;män;Antal;2023;1.37
Hultsfred;män;Antal;2024;1.46
Hultsfred;män;Antal;2025;1.55
Hultsfred;kvinnor;Antal;2000;1.86
Hultsfred;kvinnor;Antal;2001;1.61
Hultsfred;kvinnor;Antal;2002;2.05
Hultsfred;kvinnor;Antal;2003;1.63
Hultsfred;kvinnor;Antal;2004;1.77
Hultsfred;kvinnor;Antal;2005;1.7
Hultsfred;kvinnor;Antal;2006;1.77
Hultsfred;kvinnor;Antal;2007;1.96
Hultsfred;kvinnor;Antal;2008;2.16
Hultsfred;kvinnor;Antal;2009;1.9
Hultsfred;kvinnor;Antal;2010;2.45
Hultsfred;kvinnor;Antal;2011;1.64
Hultsfred;kvinnor;Antal;2012;2.31
Hultsfred;kvinnor;Antal;2013;2.07
Hultsfred;kvinnor;Antal;2014;1.97
Hultsfred;kvinnor;Antal;2015;2.42
Hultsfred;kvinnor;Antal;2016;2.31
Hultsfred;kvinnor;Antal;2017;2.31
Hultsfred;kvinnor;Antal;2018;2.27
Hultsfred;kvinnor;Antal;2019;2.03
Hultsfred;kvinnor;Antal;2020;2.49
Hultsfred;kvinnor;Antal;2021;1.78
Hultsfred;kvinnor;Antal;2022;1.75
Hultsfred;kvinnor;Antal;2023;1.7
Hultsfred;kvinnor;Antal;2024;1.78
Hultsfred;kvinnor;Antal;2025;1.92
Mönsterås;män;Antal;2000;1.72
Mönsterås;män;Antal;2001;1.53
Mönsterås;män;Antal;2002;1.47
Mönsterås;män;Antal;2003;1.46
Mönsterås;män;Antal;2004;1.64
Mönsterås;män;Antal;2005;1.53
Mönsterås;män;Antal;2006;1.75
Mönsterås;män;Antal;2007;1.7
Mönsterås;män;Antal;2008;1.57
Mönsterås;män;Antal;2009;1.52
Mönsterås;män;Antal;2010;1.79
Mönsterås;män;Antal;2011;1.65
Mönsterås;män;Antal;2012;2.01
Mönsterås;män;Antal;2013;1.71
Mönsterås;män;Antal;2014;1.91
Mönsterås;män;Antal;2015;1.93
Mönsterås;män;Antal;2016;1.69
Mönsterås;män;Antal;2017;1.86
Mönsterås;män;Antal;2018;1.82
Mönsterås;män;Antal;2019;1.5
Mönsterås;män;Antal;2020;1.86
Mönsterås;män;Antal;2021;1.91
Mönsterås;män;Antal;2022;1.55
Mönsterås;män;Antal;2023;1.38
Mönsterås;män;Antal;2024;1.15
Mönsterås;män;Antal;2025;1.26
Mönsterås;kvinnor;Antal;2000;1.93
Mönsterås;kvinnor;Antal;2001;1.77
Mönsterås;kvinnor;Antal;2002;1.74
Mönsterås;kvinnor;Antal;2003;1.66
Mönsterås;kvinnor;Antal;2004;1.96
Mönsterås;kvinnor;Antal;2005;1.76
Mönsterås;kvinnor;Antal;2006;2.16
Mönsterås;kvinnor;Antal;2007;1.98
Mönsterås;kvinnor;Antal;2008;1.83
Mönsterås;kvinnor;Antal;2009;1.79
Mönsterås;kvinnor;Antal;2010;2.1
Mönsterås;kvinnor;Antal;2011;1.97
Mönsterås;kvinnor;Antal;2012;2.37
Mönsterås;kvinnor;Antal;2013;2.09
Mönsterås;kvinnor;Antal;2014;2.16
Mönsterås;kvinnor;Antal;2015;2.23
Mönsterås;kvinnor;Antal;2016;1.85
Mönsterås;kvinnor;Antal;2017;2.15
Mönsterås;kvinnor;Antal;2018;2.01
Mönsterås;kvinnor;Antal;2019;1.78
Mönsterås;kvinnor;Antal;2020;2.1
Mönsterås;kvinnor;Antal;2021;2.18
Mönsterås;kvinnor;Antal;2022;1.82
Mönsterås;kvinnor;Antal;2023;1.62
Mönsterås;kvinnor;Antal;2024;1.46
Mönsterås;kvinnor;Antal;2025;1.53
Emmaboda;män;Antal;2000;1.41
Emmaboda;män;Antal;2001;1.23
Emmaboda;män;Antal;2002;1.52
Emmaboda;män;Antal;2003;1.36
Emmaboda;män;Antal;2004;1.54
Emmaboda;män;Antal;2005;1.46
Emmaboda;män;Antal;2006;1.69
Emmaboda;män;Antal;2007;1.68
Emmaboda;män;Antal;2008;1.7
Emmaboda;män;Antal;2009;1.41
Emmaboda;män;Antal;2010;1.36
Emmaboda;män;Antal;2011;1.49
Emmaboda;män;Antal;2012;1.36
Emmaboda;män;Antal;2013;2.37
Emmaboda;män;Antal;2014;1.45
Emmaboda;män;Antal;2015;2.09
Emmaboda;män;Antal;2016;1.62
Emmaboda;män;Antal;2017;1.51
Emmaboda;män;Antal;2018;1.62
Emmaboda;män;Antal;2019;1.57
Emmaboda;män;Antal;2020;1.45
Emmaboda;män;Antal;2021;1.16
Emmaboda;män;Antal;2022;1.48
Emmaboda;män;Antal;2023;1.33
Emmaboda;män;Antal;2024;1.19
Emmaboda;män;Antal;2025;1
Emmaboda;kvinnor;Antal;2000;1.76
Emmaboda;kvinnor;Antal;2001;1.43
Emmaboda;kvinnor;Antal;2002;1.86
Emmaboda;kvinnor;Antal;2003;1.57
Emmaboda;kvinnor;Antal;2004;1.92
Emmaboda;kvinnor;Antal;2005;1.87
Emmaboda;kvinnor;Antal;2006;2.01
Emmaboda;kvinnor;Antal;2007;1.93
Emmaboda;kvinnor;Antal;2008;2.07
Emmaboda;kvinnor;Antal;2009;1.75
Emmaboda;kvinnor;Antal;2010;1.56
Emmaboda;kvinnor;Antal;2011;1.98
Emmaboda;kvinnor;Antal;2012;1.65
Emmaboda;kvinnor;Antal;2013;2.93
Emmaboda;kvinnor;Antal;2014;1.87
Emmaboda;kvinnor;Antal;2015;2.57
Emmaboda;kvinnor;Antal;2016;1.86
Emmaboda;kvinnor;Antal;2017;1.75
Emmaboda;kvinnor;Antal;2018;1.99
Emmaboda;kvinnor;Antal;2019;1.93
Emmaboda;kvinnor;Antal;2020;1.83
Emmaboda;kvinnor;Antal;2021;1.57
Emmaboda;kvinnor;Antal;2022;1.82
Emmaboda;kvinnor;Antal;2023;1.82
Emmaboda;kvinnor;Antal;2024;1.62
Emmaboda;kvinnor;Antal;2025;1.29
Kalmar;män;Antal;2000;1.36
Kalmar;män;Antal;2001;1.31
Kalmar;män;Antal;2002;1.3
Kalmar;män;Antal;2003;1.46
Kalmar;män;Antal;2004;1.44
Kalmar;män;Antal;2005;1.47
Kalmar;män;Antal;2006;1.54
Kalmar;män;Antal;2007;1.6
Kalmar;män;Antal;2008;1.67
Kalmar;män;Antal;2009;1.77
Kalmar;män;Antal;2010;1.72
Kalmar;män;Antal;2011;1.6
Kalmar;män;Antal;2012;1.83
Kalmar;män;Antal;2013;1.67
Kalmar;män;Antal;2014;1.71
Kalmar;män;Antal;2015;1.82
Kalmar;män;Antal;2016;1.72
Kalmar;män;Antal;2017;1.61
Kalmar;män;Antal;2018;1.53
Kalmar;män;Antal;2019;1.61
Kalmar;män;Antal;2020;1.53
Kalmar;män;Antal;2021;1.68
Kalmar;män;Antal;2022;1.4
Kalmar;män;Antal;2023;1.32
Kalmar;män;Antal;2024;1.27
Kalmar;män;Antal;2025;1.34
Kalmar;kvinnor;Antal;2000;1.46
Kalmar;kvinnor;Antal;2001;1.41
Kalmar;kvinnor;Antal;2002;1.39
Kalmar;kvinnor;Antal;2003;1.55
Kalmar;kvinnor;Antal;2004;1.55
Kalmar;kvinnor;Antal;2005;1.59
Kalmar;kvinnor;Antal;2006;1.66
Kalmar;kvinnor;Antal;2007;1.73
Kalmar;kvinnor;Antal;2008;1.8
Kalmar;kvinnor;Antal;2009;1.93
Kalmar;kvinnor;Antal;2010;1.87
Kalmar;kvinnor;Antal;2011;1.72
Kalmar;kvinnor;Antal;2012;1.94
Kalmar;kvinnor;Antal;2013;1.77
Kalmar;kvinnor;Antal;2014;1.81
Kalmar;kvinnor;Antal;2015;1.91
Kalmar;kvinnor;Antal;2016;1.79
Kalmar;kvinnor;Antal;2017;1.69
Kalmar;kvinnor;Antal;2018;1.61
Kalmar;kvinnor;Antal;2019;1.71
Kalmar;kvinnor;Antal;2020;1.63
Kalmar;kvinnor;Antal;2021;1.76
Kalmar;kvinnor;Antal;2022;1.52
Kalmar;kvinnor;Antal;2023;1.42
Kalmar;kvinnor;Antal;2024;1.39
Kalmar;kvinnor;Antal;2025;1.44
Nybro;män;Antal;2000;1.38
Nybro;män;Antal;2001;1.45
Nybro;män;Antal;2002;1.54
Nybro;män;Antal;2003;1.55
Nybro;män;Antal;2004;1.58
Nybro;män;Antal;2005;1.57
Nybro;män;Antal;2006;1.57
Nybro;män;Antal;2007;1.75
Nybro;män;Antal;2008;1.68
Nybro;män;Antal;2009;1.63
Nybro;män;Antal;2010;1.91
Nybro;män;Antal;2011;1.99
Nybro;män;Antal;2012;1.87
Nybro;män;Antal;2013;1.57
Nybro;män;Antal;2014;1.81
Nybro;män;Antal;2015;1.58
Nybro;män;Antal;2016;1.83
Nybro;män;Antal;2017;1.95
Nybro;män;Antal;2018;1.74
Nybro;män;Antal;2019;1.42
Nybro;män;Antal;2020;1.76
Nybro;män;Antal;2021;1.52
Nybro;män;Antal;2022;1.66
Nybro;män;Antal;2023;1.39
Nybro;män;Antal;2024;1.41
Nybro;män;Antal;2025;1.27
Nybro;kvinnor;Antal;2000;1.63
Nybro;kvinnor;Antal;2001;1.74
Nybro;kvinnor;Antal;2002;1.8
Nybro;kvinnor;Antal;2003;1.79
Nybro;kvinnor;Antal;2004;1.83
Nybro;kvinnor;Antal;2005;1.91
Nybro;kvinnor;Antal;2006;1.88
Nybro;kvinnor;Antal;2007;2.02
Nybro;kvinnor;Antal;2008;1.89
Nybro;kvinnor;Antal;2009;1.79
Nybro;kvinnor;Antal;2010;2.14
Nybro;kvinnor;Antal;2011;2.1
Nybro;kvinnor;Antal;2012;2.12
Nybro;kvinnor;Antal;2013;1.71
Nybro;kvinnor;Antal;2014;1.99
Nybro;kvinnor;Antal;2015;1.84
Nybro;kvinnor;Antal;2016;2.04
Nybro;kvinnor;Antal;2017;2.32
Nybro;kvinnor;Antal;2018;2.02
Nybro;kvinnor;Antal;2019;1.66
Nybro;kvinnor;Antal;2020;2.08
Nybro;kvinnor;Antal;2021;1.78
Nybro;kvinnor;Antal;2022;1.96
Nybro;kvinnor;Antal;2023;1.68
Nybro;kvinnor;Antal;2024;1.63
Nybro;kvinnor;Antal;2025;1.56
Oskarshamn;män;Antal;2000;1.28
Oskarshamn;män;Antal;2001;1.49
Oskarshamn;män;Antal;2002;1.73
Oskarshamn;män;Antal;2003;1.59
Oskarshamn;män;Antal;2004;1.43
Oskarshamn;män;Antal;2005;1.66
Oskarshamn;män;Antal;2006;1.69
Oskarshamn;män;Antal;2007;1.72
Oskarshamn;män;Antal;2008;1.63
Oskarshamn;män;Antal;2009;1.58
Oskarshamn;män;Antal;2010;1.76
Oskarshamn;män;Antal;2011;1.82
Oskarshamn;män;Antal;2012;1.8
Oskarshamn;män;Antal;2013;1.85
Oskarshamn;män;Antal;2014;1.77
Oskarshamn;män;Antal;2015;1.66
Oskarshamn;män;Antal;2016;1.73
Oskarshamn;män;Antal;2017;1.61
Oskarshamn;män;Antal;2018;1.71
Oskarshamn;män;Antal;2019;1.7
Oskarshamn;män;Antal;2020;1.57
Oskarshamn;män;Antal;2021;1.48
Oskarshamn;män;Antal;2022;1.19
Oskarshamn;män;Antal;2023;1.45
Oskarshamn;män;Antal;2024;1.23
Oskarshamn;män;Antal;2025;1.18
Oskarshamn;kvinnor;Antal;2000;1.49
Oskarshamn;kvinnor;Antal;2001;1.72
Oskarshamn;kvinnor;Antal;2002;1.94
Oskarshamn;kvinnor;Antal;2003;1.82
Oskarshamn;kvinnor;Antal;2004;1.67
Oskarshamn;kvinnor;Antal;2005;1.98
Oskarshamn;kvinnor;Antal;2006;1.97
Oskarshamn;kvinnor;Antal;2007;1.98
Oskarshamn;kvinnor;Antal;2008;1.87
Oskarshamn;kvinnor;Antal;2009;1.85
Oskarshamn;kvinnor;Antal;2010;2.1
Oskarshamn;kvinnor;Antal;2011;2.06
Oskarshamn;kvinnor;Antal;2012;2.04
Oskarshamn;kvinnor;Antal;2013;2.06
Oskarshamn;kvinnor;Antal;2014;1.97
Oskarshamn;kvinnor;Antal;2015;1.96
Oskarshamn;kvinnor;Antal;2016;2.02
Oskarshamn;kvinnor;Antal;2017;1.89
Oskarshamn;kvinnor;Antal;2018;1.98
Oskarshamn;kvinnor;Antal;2019;2.06
Oskarshamn;kvinnor;Antal;2020;1.86
Oskarshamn;kvinnor;Antal;2021;1.83
Oskarshamn;kvinnor;Antal;2022;1.46
Oskarshamn;kvinnor;Antal;2023;1.72
Oskarshamn;kvinnor;Antal;2024;1.55
Oskarshamn;kvinnor;Antal;2025;1.48
Västervik;män;Antal;2000;1.43
Västervik;män;Antal;2001;1.32
Västervik;män;Antal;2002;1.56
Västervik;män;Antal;2003;1.49
Västervik;män;Antal;2004;1.49
Västervik;män;Antal;2005;1.6
Västervik;män;Antal;2006;1.55
Västervik;män;Antal;2007;1.68
Västervik;män;Antal;2008;1.72
Västervik;män;Antal;2009;1.72
Västervik;män;Antal;2010;1.71
Västervik;män;Antal;2011;1.75
Västervik;män;Antal;2012;1.72
Västervik;män;Antal;2013;1.85
Västervik;män;Antal;2014;1.82
Västervik;män;Antal;2015;1.75
Västervik;män;Antal;2016;1.73
Västervik;män;Antal;2017;1.63
Västervik;män;Antal;2018;1.9
Västervik;män;Antal;2019;1.57
Västervik;män;Antal;2020;1.61
Västervik;män;Antal;2021;1.61
Västervik;män;Antal;2022;1.32
Västervik;män;Antal;2023;1.44
Västervik;män;Antal;2024;1.49
Västervik;män;Antal;2025;1.26
Västervik;kvinnor;Antal;2000;1.66
Västervik;kvinnor;Antal;2001;1.49
Västervik;kvinnor;Antal;2002;1.82
Västervik;kvinnor;Antal;2003;1.74
Västervik;kvinnor;Antal;2004;1.7
Västervik;kvinnor;Antal;2005;1.86
Västervik;kvinnor;Antal;2006;1.8
Västervik;kvinnor;Antal;2007;1.96
Västervik;kvinnor;Antal;2008;1.96
Västervik;kvinnor;Antal;2009;1.98
Västervik;kvinnor;Antal;2010;1.91
Västervik;kvinnor;Antal;2011;1.91
Västervik;kvinnor;Antal;2012;1.93
Västervik;kvinnor;Antal;2013;2.03
Västervik;kvinnor;Antal;2014;2.01
Västervik;kvinnor;Antal;2015;1.92
Västervik;kvinnor;Antal;2016;1.91
Västervik;kvinnor;Antal;2017;1.82
Västervik;kvinnor;Antal;2018;2.17
Västervik;kvinnor;Antal;2019;1.72
Västervik;kvinnor;Antal;2020;1.81
Västervik;kvinnor;Antal;2021;1.9
Västervik;kvinnor;Antal;2022;1.48
Västervik;kvinnor;Antal;2023;1.67
Västervik;kvinnor;Antal;2024;1.73
Västervik;kvinnor;Antal;2025;1.41
Vimmerby;män;Antal;2000;1.39
Vimmerby;män;Antal;2001;1.47
Vimmerby;män;Antal;2002;1.49
Vimmerby;män;Antal;2003;1.65
Vimmerby;män;Antal;2004;1.76
Vimmerby;män;Antal;2005;1.63
Vimmerby;män;Antal;2006;1.61
Vimmerby;män;Antal;2007;1.77
Vimmerby;män;Antal;2008;1.47
Vimmerby;män;Antal;2009;1.79
Vimmerby;män;Antal;2010;1.82
Vimmerby;män;Antal;2011;1.75
Vimmerby;män;Antal;2012;1.94
Vimmerby;män;Antal;2013;1.64
Vimmerby;män;Antal;2014;2.01
Vimmerby;män;Antal;2015;1.79
Vimmerby;män;Antal;2016;2.02
Vimmerby;män;Antal;2017;1.52
Vimmerby;män;Antal;2018;1.67
Vimmerby;män;Antal;2019;1.56
Vimmerby;män;Antal;2020;1.75
Vimmerby;män;Antal;2021;1.59
Vimmerby;män;Antal;2022;1.53
Vimmerby;män;Antal;2023;1.49
Vimmerby;män;Antal;2024;1.48
Vimmerby;män;Antal;2025;1.17
Vimmerby;kvinnor;Antal;2000;1.59
Vimmerby;kvinnor;Antal;2001;1.63
Vimmerby;kvinnor;Antal;2002;1.76
Vimmerby;kvinnor;Antal;2003;1.91
Vimmerby;kvinnor;Antal;2004;2.03
Vimmerby;kvinnor;Antal;2005;1.91
Vimmerby;kvinnor;Antal;2006;1.85
Vimmerby;kvinnor;Antal;2007;2.05
Vimmerby;kvinnor;Antal;2008;1.63
Vimmerby;kvinnor;Antal;2009;2.15
Vimmerby;kvinnor;Antal;2010;2.03
Vimmerby;kvinnor;Antal;2011;1.96
Vimmerby;kvinnor;Antal;2012;2.23
Vimmerby;kvinnor;Antal;2013;1.88
Vimmerby;kvinnor;Antal;2014;2.28
Vimmerby;kvinnor;Antal;2015;2.01
Vimmerby;kvinnor;Antal;2016;2.24
Vimmerby;kvinnor;Antal;2017;1.8
Vimmerby;kvinnor;Antal;2018;1.92
Vimmerby;kvinnor;Antal;2019;1.85
Vimmerby;kvinnor;Antal;2020;2.11
Vimmerby;kvinnor;Antal;2021;1.88
Vimmerby;kvinnor;Antal;2022;1.92
Vimmerby;kvinnor;Antal;2023;1.8
Vimmerby;kvinnor;Antal;2024;1.83
Vimmerby;kvinnor;Antal;2025;1.42
Borgholm;män;Antal;2000;1.41
Borgholm;män;Antal;2001;1.99
Borgholm;män;Antal;2002;1.43
Borgholm;män;Antal;2003;1.41
Borgholm;män;Antal;2004;1.62
Borgholm;män;Antal;2005;1.55
Borgholm;män;Antal;2006;1.53
Borgholm;män;Antal;2007;1.65
Borgholm;män;Antal;2008;1.76
Borgholm;män;Antal;2009;1.53
Borgholm;män;Antal;2010;1.92
Borgholm;män;Antal;2011;1.29
Borgholm;män;Antal;2012;1.65
Borgholm;män;Antal;2013;1.44
Borgholm;män;Antal;2014;1.48
Borgholm;män;Antal;2015;1.37
Borgholm;män;Antal;2016;1.35
Borgholm;män;Antal;2017;1.79
Borgholm;män;Antal;2018;1.49
Borgholm;män;Antal;2019;1.32
Borgholm;män;Antal;2020;1.59
Borgholm;män;Antal;2021;1.58
Borgholm;män;Antal;2022;1.01
Borgholm;män;Antal;2023;1.11
Borgholm;män;Antal;2024;1.07
Borgholm;män;Antal;2025;1.17
Borgholm;kvinnor;Antal;2000;1.56
Borgholm;kvinnor;Antal;2001;2.17
Borgholm;kvinnor;Antal;2002;1.59
Borgholm;kvinnor;Antal;2003;1.63
Borgholm;kvinnor;Antal;2004;1.9
Borgholm;kvinnor;Antal;2005;1.67
Borgholm;kvinnor;Antal;2006;1.78
Borgholm;kvinnor;Antal;2007;1.95
Borgholm;kvinnor;Antal;2008;1.98
Borgholm;kvinnor;Antal;2009;1.76
Borgholm;kvinnor;Antal;2010;2.1
Borgholm;kvinnor;Antal;2011;1.38
Borgholm;kvinnor;Antal;2012;1.86
Borgholm;kvinnor;Antal;2013;1.68
Borgholm;kvinnor;Antal;2014;1.7
Borgholm;kvinnor;Antal;2015;1.6
Borgholm;kvinnor;Antal;2016;1.59
Borgholm;kvinnor;Antal;2017;2.22
Borgholm;kvinnor;Antal;2018;1.85
Borgholm;kvinnor;Antal;2019;1.66
Borgholm;kvinnor;Antal;2020;1.88
Borgholm;kvinnor;Antal;2021;1.91
Borgholm;kvinnor;Antal;2022;1.32
Borgholm;kvinnor;Antal;2023;1.43
Borgholm;kvinnor;Antal;2024;1.42
Borgholm;kvinnor;Antal;2025;1.55
Gotland;män;Antal;2000;1.46
Gotland;män;Antal;2001;1.39
Gotland;män;Antal;2002;1.56
Gotland;män;Antal;2003;1.47
Gotland;män;Antal;2004;1.44
Gotland;män;Antal;2005;1.54
Gotland;män;Antal;2006;1.56
Gotland;män;Antal;2007;1.46
Gotland;män;Antal;2008;1.72
Gotland;män;Antal;2009;1.78
Gotland;män;Antal;2010;1.88
Gotland;män;Antal;2011;1.73
Gotland;män;Antal;2012;1.85
Gotland;män;Antal;2013;1.7
Gotland;män;Antal;2014;1.71
Gotland;män;Antal;2015;1.57
Gotland;män;Antal;2016;1.63
Gotland;män;Antal;2017;1.62
Gotland;män;Antal;2018;1.52
Gotland;män;Antal;2019;1.53
Gotland;män;Antal;2020;1.35
Gotland;män;Antal;2021;1.4
Gotland;män;Antal;2022;1.31
Gotland;män;Antal;2023;1.26
Gotland;män;Antal;2024;1.18
Gotland;män;Antal;2025;1.25
Gotland;kvinnor;Antal;2000;1.6
Gotland;kvinnor;Antal;2001;1.49
Gotland;kvinnor;Antal;2002;1.72
Gotland;kvinnor;Antal;2003;1.59
Gotland;kvinnor;Antal;2004;1.53
Gotland;kvinnor;Antal;2005;1.68
Gotland;kvinnor;Antal;2006;1.72
Gotland;kvinnor;Antal;2007;1.63
Gotland;kvinnor;Antal;2008;1.87
Gotland;kvinnor;Antal;2009;1.96
Gotland;kvinnor;Antal;2010;2.05
Gotland;kvinnor;Antal;2011;1.88
Gotland;kvinnor;Antal;2012;1.95
Gotland;kvinnor;Antal;2013;1.82
Gotland;kvinnor;Antal;2014;1.84
Gotland;kvinnor;Antal;2015;1.69
Gotland;kvinnor;Antal;2016;1.72
Gotland;kvinnor;Antal;2017;1.75
Gotland;kvinnor;Antal;2018;1.63
Gotland;kvinnor;Antal;2019;1.63
Gotland;kvinnor;Antal;2020;1.46
Gotland;kvinnor;Antal;2021;1.59
Gotland;kvinnor;Antal;2022;1.42
Gotland;kvinnor;Antal;2023;1.4
Gotland;kvinnor;Antal;2024;1.32
Gotland;kvinnor;Antal;2025;1.42
Olofström;män;Antal;2000;1.34
Olofström;män;Antal;2001;1.29
Olofström;män;Antal;2002;1.18
Olofström;män;Antal;2003;1.51
Olofström;män;Antal;2004;1.58
Olofström;män;Antal;2005;1.73
Olofström;män;Antal;2006;1.55
Olofström;män;Antal;2007;1.41
Olofström;män;Antal;2008;1.8
Olofström;män;Antal;2009;1.63
Olofström;män;Antal;2010;1.6
Olofström;män;Antal;2011;1.52
Olofström;män;Antal;2012;1.63
Olofström;män;Antal;2013;1.42
Olofström;män;Antal;2014;1.38
Olofström;män;Antal;2015;1.7
Olofström;män;Antal;2016;1.69
Olofström;män;Antal;2017;1.6
Olofström;män;Antal;2018;1.67
Olofström;män;Antal;2019;1.48
Olofström;män;Antal;2020;1.47
Olofström;män;Antal;2021;1.5
Olofström;män;Antal;2022;1.21
Olofström;män;Antal;2023;1.13
Olofström;män;Antal;2024;1.04
Olofström;män;Antal;2025;1.28
Olofström;kvinnor;Antal;2000;1.54
Olofström;kvinnor;Antal;2001;1.59
Olofström;kvinnor;Antal;2002;1.41
Olofström;kvinnor;Antal;2003;1.89
Olofström;kvinnor;Antal;2004;1.9
Olofström;kvinnor;Antal;2005;2.11
Olofström;kvinnor;Antal;2006;1.86
Olofström;kvinnor;Antal;2007;1.66
Olofström;kvinnor;Antal;2008;2
Olofström;kvinnor;Antal;2009;1.92
Olofström;kvinnor;Antal;2010;1.88
Olofström;kvinnor;Antal;2011;1.75
Olofström;kvinnor;Antal;2012;1.91
Olofström;kvinnor;Antal;2013;1.52
Olofström;kvinnor;Antal;2014;1.6
Olofström;kvinnor;Antal;2015;1.95
Olofström;kvinnor;Antal;2016;1.89
Olofström;kvinnor;Antal;2017;1.88
Olofström;kvinnor;Antal;2018;1.95
Olofström;kvinnor;Antal;2019;1.71
Olofström;kvinnor;Antal;2020;1.77
Olofström;kvinnor;Antal;2021;1.8
Olofström;kvinnor;Antal;2022;1.55
Olofström;kvinnor;Antal;2023;1.36
Olofström;kvinnor;Antal;2024;1.29
Olofström;kvinnor;Antal;2025;1.62
Karlskrona;män;Antal;2000;1.46
Karlskrona;män;Antal;2001;1.35
Karlskrona;män;Antal;2002;1.65
Karlskrona;män;Antal;2003;1.62
Karlskrona;män;Antal;2004;1.69
Karlskrona;män;Antal;2005;1.7
Karlskrona;män;Antal;2006;1.75
Karlskrona;män;Antal;2007;1.68
Karlskrona;män;Antal;2008;1.64
Karlskrona;män;Antal;2009;1.58
Karlskrona;män;Antal;2010;1.62
Karlskrona;män;Antal;2011;1.54
Karlskrona;män;Antal;2012;1.56
Karlskrona;män;Antal;2013;1.6
Karlskrona;män;Antal;2014;1.71
Karlskrona;män;Antal;2015;1.54
Karlskrona;män;Antal;2016;1.6
Karlskrona;män;Antal;2017;1.42
Karlskrona;män;Antal;2018;1.51
Karlskrona;män;Antal;2019;1.4
Karlskrona;män;Antal;2020;1.4
Karlskrona;män;Antal;2021;1.37
Karlskrona;män;Antal;2022;1.28
Karlskrona;män;Antal;2023;1.28
Karlskrona;män;Antal;2024;1.12
Karlskrona;män;Antal;2025;1.22
Karlskrona;kvinnor;Antal;2000;1.66
Karlskrona;kvinnor;Antal;2001;1.54
Karlskrona;kvinnor;Antal;2002;1.88
Karlskrona;kvinnor;Antal;2003;1.83
Karlskrona;kvinnor;Antal;2004;1.93
Karlskrona;kvinnor;Antal;2005;1.96
Karlskrona;kvinnor;Antal;2006;2.05
Karlskrona;kvinnor;Antal;2007;2.01
Karlskrona;kvinnor;Antal;2008;1.99
Karlskrona;kvinnor;Antal;2009;1.95
Karlskrona;kvinnor;Antal;2010;2.04
Karlskrona;kvinnor;Antal;2011;1.92
Karlskrona;kvinnor;Antal;2012;1.92
Karlskrona;kvinnor;Antal;2013;1.89
Karlskrona;kvinnor;Antal;2014;2.06
Karlskrona;kvinnor;Antal;2015;1.8
Karlskrona;kvinnor;Antal;2016;1.95
Karlskrona;kvinnor;Antal;2017;1.73
Karlskrona;kvinnor;Antal;2018;1.84
Karlskrona;kvinnor;Antal;2019;1.68
Karlskrona;kvinnor;Antal;2020;1.69
Karlskrona;kvinnor;Antal;2021;1.67
Karlskrona;kvinnor;Antal;2022;1.59
Karlskrona;kvinnor;Antal;2023;1.58
Karlskrona;kvinnor;Antal;2024;1.38
Karlskrona;kvinnor;Antal;2025;1.49
Ronneby;män;Antal;2000;1.3
Ronneby;män;Antal;2001;1.2
Ronneby;män;Antal;2002;1.35
Ronneby;män;Antal;2003;1.25
Ronneby;män;Antal;2004;1.43
Ronneby;män;Antal;2005;1.34
Ronneby;män;Antal;2006;1.63
Ronneby;män;Antal;2007;1.54
Ronneby;män;Antal;2008;1.48
Ronneby;män;Antal;2009;1.63
Ronneby;män;Antal;2010;1.44
Ronneby;män;Antal;2011;1.56
Ronneby;män;Antal;2012;1.56
Ronneby;män;Antal;2013;1.59
Ronneby;män;Antal;2014;1.85
Ronneby;män;Antal;2015;1.72
Ronneby;män;Antal;2016;1.67
Ronneby;män;Antal;2017;1.89
Ronneby;män;Antal;2018;1.83
Ronneby;män;Antal;2019;1.84
Ronneby;män;Antal;2020;1.64
Ronneby;män;Antal;2021;1.8
Ronneby;män;Antal;2022;1.61
Ronneby;män;Antal;2023;1.44
Ronneby;män;Antal;2024;1.31
Ronneby;män;Antal;2025;1.38
Ronneby;kvinnor;Antal;2000;1.59
Ronneby;kvinnor;Antal;2001;1.41
Ronneby;kvinnor;Antal;2002;1.67
Ronneby;kvinnor;Antal;2003;1.51
Ronneby;kvinnor;Antal;2004;1.77
Ronneby;kvinnor;Antal;2005;1.6
Ronneby;kvinnor;Antal;2006;2.03
Ronneby;kvinnor;Antal;2007;1.98
Ronneby;kvinnor;Antal;2008;1.94
Ronneby;kvinnor;Antal;2009;2.16
Ronneby;kvinnor;Antal;2010;1.93
Ronneby;kvinnor;Antal;2011;2.07
Ronneby;kvinnor;Antal;2012;2.01
Ronneby;kvinnor;Antal;2013;1.99
Ronneby;kvinnor;Antal;2014;2.24
Ronneby;kvinnor;Antal;2015;2.16
Ronneby;kvinnor;Antal;2016;2.06
Ronneby;kvinnor;Antal;2017;2.27
Ronneby;kvinnor;Antal;2018;2.25
Ronneby;kvinnor;Antal;2019;2.23
Ronneby;kvinnor;Antal;2020;1.99
Ronneby;kvinnor;Antal;2021;2.12
Ronneby;kvinnor;Antal;2022;1.93
Ronneby;kvinnor;Antal;2023;1.7
Ronneby;kvinnor;Antal;2024;1.56
Ronneby;kvinnor;Antal;2025;1.58
Karlshamn;män;Antal;2000;1.3
Karlshamn;män;Antal;2001;1.2
Karlshamn;män;Antal;2002;1.39
Karlshamn;män;Antal;2003;1.59
Karlshamn;män;Antal;2004;1.51
Karlshamn;män;Antal;2005;1.57
Karlshamn;män;Antal;2006;1.58
Karlshamn;män;Antal;2007;1.59
Karlshamn;män;Antal;2008;1.56
Karlshamn;män;Antal;2009;1.73
Karlshamn;män;Antal;2010;1.73
Karlshamn;män;Antal;2011;1.83
Karlshamn;män;Antal;2012;1.64
Karlshamn;män;Antal;2013;1.75
Karlshamn;män;Antal;2014;1.69
Karlshamn;män;Antal;2015;1.65
Karlshamn;män;Antal;2016;1.62
Karlshamn;män;Antal;2017;1.69
Karlshamn;män;Antal;2018;1.52
Karlshamn;män;Antal;2019;1.58
Karlshamn;män;Antal;2020;1.51
Karlshamn;män;Antal;2021;1.51
Karlshamn;män;Antal;2022;1.42
Karlshamn;män;Antal;2023;1.31
Karlshamn;män;Antal;2024;1.24
Karlshamn;män;Antal;2025;1.26
Karlshamn;kvinnor;Antal;2000;1.49
Karlshamn;kvinnor;Antal;2001;1.38
Karlshamn;kvinnor;Antal;2002;1.67
Karlshamn;kvinnor;Antal;2003;1.87
Karlshamn;kvinnor;Antal;2004;1.8
Karlshamn;kvinnor;Antal;2005;1.86
Karlshamn;kvinnor;Antal;2006;1.9
Karlshamn;kvinnor;Antal;2007;1.87
Karlshamn;kvinnor;Antal;2008;1.84
Karlshamn;kvinnor;Antal;2009;2.03
Karlshamn;kvinnor;Antal;2010;2.03
Karlshamn;kvinnor;Antal;2011;2.13
Karlshamn;kvinnor;Antal;2012;1.93
Karlshamn;kvinnor;Antal;2013;2.02
Karlshamn;kvinnor;Antal;2014;1.99
Karlshamn;kvinnor;Antal;2015;1.91
Karlshamn;kvinnor;Antal;2016;1.82
Karlshamn;kvinnor;Antal;2017;1.87
Karlshamn;kvinnor;Antal;2018;1.73
Karlshamn;kvinnor;Antal;2019;1.78
Karlshamn;kvinnor;Antal;2020;1.66
Karlshamn;kvinnor;Antal;2021;1.64
Karlshamn;kvinnor;Antal;2022;1.65
Karlshamn;kvinnor;Antal;2023;1.48
Karlshamn;kvinnor;Antal;2024;1.41
Karlshamn;kvinnor;Antal;2025;1.49
Sölvesborg;män;Antal;2000;1.51
Sölvesborg;män;Antal;2001;1.41
Sölvesborg;män;Antal;2002;1.61
Sölvesborg;män;Antal;2003;1.59
Sölvesborg;män;Antal;2004;1.73
Sölvesborg;män;Antal;2005;1.87
Sölvesborg;män;Antal;2006;1.64
Sölvesborg;män;Antal;2007;1.7
Sölvesborg;män;Antal;2008;1.67
Sölvesborg;män;Antal;2009;1.91
Sölvesborg;män;Antal;2010;1.57
Sölvesborg;män;Antal;2011;1.74
Sölvesborg;män;Antal;2012;1.74
Sölvesborg;män;Antal;2013;1.82
Sölvesborg;män;Antal;2014;1.51
Sölvesborg;män;Antal;2015;1.81
Sölvesborg;män;Antal;2016;1.63
Sölvesborg;män;Antal;2017;1.42
Sölvesborg;män;Antal;2018;1.54
Sölvesborg;män;Antal;2019;1.44
Sölvesborg;män;Antal;2020;1.32
Sölvesborg;män;Antal;2021;1.43
Sölvesborg;män;Antal;2022;1.39
Sölvesborg;män;Antal;2023;1.43
Sölvesborg;män;Antal;2024;1.3
Sölvesborg;män;Antal;2025;1.19
Sölvesborg;kvinnor;Antal;2000;1.62
Sölvesborg;kvinnor;Antal;2001;1.6
Sölvesborg;kvinnor;Antal;2002;1.72
Sölvesborg;kvinnor;Antal;2003;1.77
Sölvesborg;kvinnor;Antal;2004;1.95
Sölvesborg;kvinnor;Antal;2005;2.12
Sölvesborg;kvinnor;Antal;2006;1.85
Sölvesborg;kvinnor;Antal;2007;1.92
Sölvesborg;kvinnor;Antal;2008;1.84
Sölvesborg;kvinnor;Antal;2009;2.17
Sölvesborg;kvinnor;Antal;2010;1.83
Sölvesborg;kvinnor;Antal;2011;1.97
Sölvesborg;kvinnor;Antal;2012;1.91
Sölvesborg;kvinnor;Antal;2013;2.03
Sölvesborg;kvinnor;Antal;2014;1.71
Sölvesborg;kvinnor;Antal;2015;2.04
Sölvesborg;kvinnor;Antal;2016;1.85
Sölvesborg;kvinnor;Antal;2017;1.59
Sölvesborg;kvinnor;Antal;2018;1.67
Sölvesborg;kvinnor;Antal;2019;1.59
Sölvesborg;kvinnor;Antal;2020;1.58
Sölvesborg;kvinnor;Antal;2021;1.68
Sölvesborg;kvinnor;Antal;2022;1.51
Sölvesborg;kvinnor;Antal;2023;1.59
Sölvesborg;kvinnor;Antal;2024;1.49
Sölvesborg;kvinnor;Antal;2025;1.34
Svalöv;män;Antal;2000;1.69
Svalöv;män;Antal;2001;1.62
Svalöv;män;Antal;2002;1.97
Svalöv;män;Antal;2003;1.77
Svalöv;män;Antal;2004;1.77
Svalöv;män;Antal;2005;1.74
Svalöv;män;Antal;2006;1.64
Svalöv;män;Antal;2007;1.78
Svalöv;män;Antal;2008;2.13
Svalöv;män;Antal;2009;1.97
Svalöv;män;Antal;2010;1.93
Svalöv;män;Antal;2011;1.81
Svalöv;män;Antal;2012;1.81
Svalöv;män;Antal;2013;1.59
Svalöv;män;Antal;2014;2.09
Svalöv;män;Antal;2015;1.78
Svalöv;män;Antal;2016;1.89
Svalöv;män;Antal;2017;1.56
Svalöv;män;Antal;2018;1.77
Svalöv;män;Antal;2019;1.71
Svalöv;män;Antal;2020;1.67
Svalöv;män;Antal;2021;1.84
Svalöv;män;Antal;2022;1.76
Svalöv;män;Antal;2023;1.44
Svalöv;män;Antal;2024;1.32
Svalöv;män;Antal;2025;1.27
Svalöv;kvinnor;Antal;2000;1.88
Svalöv;kvinnor;Antal;2001;1.8
Svalöv;kvinnor;Antal;2002;2.15
Svalöv;kvinnor;Antal;2003;2
Svalöv;kvinnor;Antal;2004;2.11
Svalöv;kvinnor;Antal;2005;2.02
Svalöv;kvinnor;Antal;2006;2.01
Svalöv;kvinnor;Antal;2007;2.15
Svalöv;kvinnor;Antal;2008;2.45
Svalöv;kvinnor;Antal;2009;2.27
Svalöv;kvinnor;Antal;2010;2.3
Svalöv;kvinnor;Antal;2011;2.09
Svalöv;kvinnor;Antal;2012;2.03
Svalöv;kvinnor;Antal;2013;1.87
Svalöv;kvinnor;Antal;2014;2.36
Svalöv;kvinnor;Antal;2015;2.01
Svalöv;kvinnor;Antal;2016;2.1
Svalöv;kvinnor;Antal;2017;1.76
Svalöv;kvinnor;Antal;2018;2.04
Svalöv;kvinnor;Antal;2019;1.96
Svalöv;kvinnor;Antal;2020;1.9
Svalöv;kvinnor;Antal;2021;2
Svalöv;kvinnor;Antal;2022;1.99
Svalöv;kvinnor;Antal;2023;1.59
Svalöv;kvinnor;Antal;2024;1.51
Svalöv;kvinnor;Antal;2025;1.45
Staffanstorp;män;Antal;2000;1.58
Staffanstorp;män;Antal;2001;1.79
Staffanstorp;män;Antal;2002;1.8
Staffanstorp;män;Antal;2003;1.91
Staffanstorp;män;Antal;2004;1.88
Staffanstorp;män;Antal;2005;1.93
Staffanstorp;män;Antal;2006;1.91
Staffanstorp;män;Antal;2007;1.86
Staffanstorp;män;Antal;2008;2.17
Staffanstorp;män;Antal;2009;1.87
Staffanstorp;män;Antal;2010;2.3
Staffanstorp;män;Antal;2011;1.75
Staffanstorp;män;Antal;2012;1.95
Staffanstorp;män;Antal;2013;1.77
Staffanstorp;män;Antal;2014;2.12
Staffanstorp;män;Antal;2015;1.79
Staffanstorp;män;Antal;2016;2.11
Staffanstorp;män;Antal;2017;1.91
Staffanstorp;män;Antal;2018;1.92
Staffanstorp;män;Antal;2019;1.91
Staffanstorp;män;Antal;2020;1.91
Staffanstorp;män;Antal;2021;1.8
Staffanstorp;män;Antal;2022;1.55
Staffanstorp;män;Antal;2023;1.67
Staffanstorp;män;Antal;2024;1.55
Staffanstorp;män;Antal;2025;1.61
Staffanstorp;kvinnor;Antal;2000;1.66
Staffanstorp;kvinnor;Antal;2001;1.94
Staffanstorp;kvinnor;Antal;2002;1.92
Staffanstorp;kvinnor;Antal;2003;1.95
Staffanstorp;kvinnor;Antal;2004;2.05
Staffanstorp;kvinnor;Antal;2005;2.13
Staffanstorp;kvinnor;Antal;2006;2.04
Staffanstorp;kvinnor;Antal;2007;2.04
Staffanstorp;kvinnor;Antal;2008;2.32
Staffanstorp;kvinnor;Antal;2009;2.05
Staffanstorp;kvinnor;Antal;2010;2.49
Staffanstorp;kvinnor;Antal;2011;1.94
Staffanstorp;kvinnor;Antal;2012;2.11
Staffanstorp;kvinnor;Antal;2013;1.89
Staffanstorp;kvinnor;Antal;2014;2.27
Staffanstorp;kvinnor;Antal;2015;1.91
Staffanstorp;kvinnor;Antal;2016;2.1
Staffanstorp;kvinnor;Antal;2017;1.95
Staffanstorp;kvinnor;Antal;2018;2
Staffanstorp;kvinnor;Antal;2019;2.11
Staffanstorp;kvinnor;Antal;2020;2
Staffanstorp;kvinnor;Antal;2021;1.94
Staffanstorp;kvinnor;Antal;2022;1.64
Staffanstorp;kvinnor;Antal;2023;1.69
Staffanstorp;kvinnor;Antal;2024;1.69
Staffanstorp;kvinnor;Antal;2025;1.75
Burlöv;män;Antal;2000;1.55
Burlöv;män;Antal;2001;1.54
Burlöv;män;Antal;2002;1.75
Burlöv;män;Antal;2003;1.87
Burlöv;män;Antal;2004;1.7
Burlöv;män;Antal;2005;1.66
Burlöv;män;Antal;2006;2.09
Burlöv;män;Antal;2007;2.09
Burlöv;män;Antal;2008;1.82
Burlöv;män;Antal;2009;1.96
Burlöv;män;Antal;2010;2.28
Burlöv;män;Antal;2011;2.05
Burlöv;män;Antal;2012;1.72
Burlöv;män;Antal;2013;1.68
Burlöv;män;Antal;2014;2.06
Burlöv;män;Antal;2015;1.91
Burlöv;män;Antal;2016;1.85
Burlöv;män;Antal;2017;1.77
Burlöv;män;Antal;2018;1.62
Burlöv;män;Antal;2019;1.87
Burlöv;män;Antal;2020;1.74
Burlöv;män;Antal;2021;1.77
Burlöv;män;Antal;2022;1.45
Burlöv;män;Antal;2023;1.36
Burlöv;män;Antal;2024;1.65
Burlöv;män;Antal;2025;1.38
Burlöv;kvinnor;Antal;2000;1.6
Burlöv;kvinnor;Antal;2001;1.69
Burlöv;kvinnor;Antal;2002;1.8
Burlöv;kvinnor;Antal;2003;1.95
Burlöv;kvinnor;Antal;2004;1.83
Burlöv;kvinnor;Antal;2005;1.79
Burlöv;kvinnor;Antal;2006;2.23
Burlöv;kvinnor;Antal;2007;2.3
Burlöv;kvinnor;Antal;2008;2
Burlöv;kvinnor;Antal;2009;2.16
Burlöv;kvinnor;Antal;2010;2.46
Burlöv;kvinnor;Antal;2011;2.27
Burlöv;kvinnor;Antal;2012;1.89
Burlöv;kvinnor;Antal;2013;1.82
Burlöv;kvinnor;Antal;2014;2.26
Burlöv;kvinnor;Antal;2015;2.05
Burlöv;kvinnor;Antal;2016;2.07
Burlöv;kvinnor;Antal;2017;1.94
Burlöv;kvinnor;Antal;2018;1.86
Burlöv;kvinnor;Antal;2019;2.11
Burlöv;kvinnor;Antal;2020;1.99
Burlöv;kvinnor;Antal;2021;1.93
Burlöv;kvinnor;Antal;2022;1.67
Burlöv;kvinnor;Antal;2023;1.6
Burlöv;kvinnor;Antal;2024;1.83
Burlöv;kvinnor;Antal;2025;1.68
Vellinge;män;Antal;2000;1.52
Vellinge;män;Antal;2001;1.46
Vellinge;män;Antal;2002;1.84
Vellinge;män;Antal;2003;1.91
Vellinge;män;Antal;2004;1.78
Vellinge;män;Antal;2005;1.96
Vellinge;män;Antal;2006;2.11
Vellinge;män;Antal;2007;1.92
Vellinge;män;Antal;2008;2.03
Vellinge;män;Antal;2009;1.95
Vellinge;män;Antal;2010;1.91
Vellinge;män;Antal;2011;1.75
Vellinge;män;Antal;2012;1.74
Vellinge;män;Antal;2013;2.12
Vellinge;män;Antal;2014;2.16
Vellinge;män;Antal;2015;1.9
Vellinge;män;Antal;2016;2.15
Vellinge;män;Antal;2017;1.71
Vellinge;män;Antal;2018;1.93
Vellinge;män;Antal;2019;1.95
Vellinge;män;Antal;2020;1.69
Vellinge;män;Antal;2021;1.91
Vellinge;män;Antal;2022;1.96
Vellinge;män;Antal;2023;1.62
Vellinge;män;Antal;2024;1.65
Vellinge;män;Antal;2025;1.61
Vellinge;kvinnor;Antal;2000;1.5
Vellinge;kvinnor;Antal;2001;1.48
Vellinge;kvinnor;Antal;2002;1.82
Vellinge;kvinnor;Antal;2003;2.09
Vellinge;kvinnor;Antal;2004;1.96
Vellinge;kvinnor;Antal;2005;2.09
Vellinge;kvinnor;Antal;2006;2.29
Vellinge;kvinnor;Antal;2007;2.01
Vellinge;kvinnor;Antal;2008;2.16
Vellinge;kvinnor;Antal;2009;2.02
Vellinge;kvinnor;Antal;2010;2.08
Vellinge;kvinnor;Antal;2011;1.71
Vellinge;kvinnor;Antal;2012;1.8
Vellinge;kvinnor;Antal;2013;2.29
Vellinge;kvinnor;Antal;2014;2.12
Vellinge;kvinnor;Antal;2015;2.03
Vellinge;kvinnor;Antal;2016;2.26
Vellinge;kvinnor;Antal;2017;1.8
Vellinge;kvinnor;Antal;2018;2.02
Vellinge;kvinnor;Antal;2019;1.91
Vellinge;kvinnor;Antal;2020;1.77
Vellinge;kvinnor;Antal;2021;1.94
Vellinge;kvinnor;Antal;2022;1.99
Vellinge;kvinnor;Antal;2023;1.7
Vellinge;kvinnor;Antal;2024;1.73
Vellinge;kvinnor;Antal;2025;1.63
Östra Göinge;män;Antal;2000;1.61
Östra Göinge;män;Antal;2001;1.28
Östra Göinge;män;Antal;2002;1.59
Östra Göinge;män;Antal;2003;1.81
Östra Göinge;män;Antal;2004;1.89
Östra Göinge;män;Antal;2005;1.75
Östra Göinge;män;Antal;2006;1.64
Östra Göinge;män;Antal;2007;1.79
Östra Göinge;män;Antal;2008;1.86
Östra Göinge;män;Antal;2009;1.68
Östra Göinge;män;Antal;2010;1.73
Östra Göinge;män;Antal;2011;1.87
Östra Göinge;män;Antal;2012;1.78
Östra Göinge;män;Antal;2013;1.62
Östra Göinge;män;Antal;2014;1.74
Östra Göinge;män;Antal;2015;1.94
Östra Göinge;män;Antal;2016;1.53
Östra Göinge;män;Antal;2017;1.69
Östra Göinge;män;Antal;2018;2.25
Östra Göinge;män;Antal;2019;2.05
Östra Göinge;män;Antal;2020;1.74
Östra Göinge;män;Antal;2021;1.8
Östra Göinge;män;Antal;2022;1.38
Östra Göinge;män;Antal;2023;1.45
Östra Göinge;män;Antal;2024;1.1
Östra Göinge;män;Antal;2025;1.22
Östra Göinge;kvinnor;Antal;2000;1.84
Östra Göinge;kvinnor;Antal;2001;1.42
Östra Göinge;kvinnor;Antal;2002;1.83
Östra Göinge;kvinnor;Antal;2003;2.1
Östra Göinge;kvinnor;Antal;2004;2.15
Östra Göinge;kvinnor;Antal;2005;2.13
Östra Göinge;kvinnor;Antal;2006;1.94
Östra Göinge;kvinnor;Antal;2007;2.05
Östra Göinge;kvinnor;Antal;2008;2.2
Östra Göinge;kvinnor;Antal;2009;1.92
Östra Göinge;kvinnor;Antal;2010;2.03
Östra Göinge;kvinnor;Antal;2011;2.11
Östra Göinge;kvinnor;Antal;2012;2.11
Östra Göinge;kvinnor;Antal;2013;1.94
Östra Göinge;kvinnor;Antal;2014;2.07
Östra Göinge;kvinnor;Antal;2015;2.11
Östra Göinge;kvinnor;Antal;2016;1.89
Östra Göinge;kvinnor;Antal;2017;2.06
Östra Göinge;kvinnor;Antal;2018;2.44
Östra Göinge;kvinnor;Antal;2019;2.36
Östra Göinge;kvinnor;Antal;2020;1.93
Östra Göinge;kvinnor;Antal;2021;2.09
Östra Göinge;kvinnor;Antal;2022;1.46
Östra Göinge;kvinnor;Antal;2023;1.68
Östra Göinge;kvinnor;Antal;2024;1.41
Östra Göinge;kvinnor;Antal;2025;1.37
Örkelljunga;män;Antal;2000;1.39
Örkelljunga;män;Antal;2001;1.32
Örkelljunga;män;Antal;2002;1.55
Örkelljunga;män;Antal;2003;1.65
Örkelljunga;män;Antal;2004;1.5
Örkelljunga;män;Antal;2005;1.99
Örkelljunga;män;Antal;2006;1.44
Örkelljunga;män;Antal;2007;1.92
Örkelljunga;män;Antal;2008;2.04
Örkelljunga;män;Antal;2009;1.71
Örkelljunga;män;Antal;2010;1.33
Örkelljunga;män;Antal;2011;2.09
Örkelljunga;män;Antal;2012;1.83
Örkelljunga;män;Antal;2013;1.67
Örkelljunga;män;Antal;2014;1.63
Örkelljunga;män;Antal;2015;1.74
Örkelljunga;män;Antal;2016;1.68
Örkelljunga;män;Antal;2017;1.63
Örkelljunga;män;Antal;2018;1.49
Örkelljunga;män;Antal;2019;1.63
Örkelljunga;män;Antal;2020;1.6
Örkelljunga;män;Antal;2021;1.6
Örkelljunga;män;Antal;2022;1.32
Örkelljunga;män;Antal;2023;1.45
Örkelljunga;män;Antal;2024;1.2
Örkelljunga;män;Antal;2025;1.26
Örkelljunga;kvinnor;Antal;2000;1.63
Örkelljunga;kvinnor;Antal;2001;1.66
Örkelljunga;kvinnor;Antal;2002;1.86
Örkelljunga;kvinnor;Antal;2003;2
Örkelljunga;kvinnor;Antal;2004;1.79
Örkelljunga;kvinnor;Antal;2005;2.36
Örkelljunga;kvinnor;Antal;2006;1.66
Örkelljunga;kvinnor;Antal;2007;2.18
Örkelljunga;kvinnor;Antal;2008;2.33
Örkelljunga;kvinnor;Antal;2009;1.95
Örkelljunga;kvinnor;Antal;2010;1.56
Örkelljunga;kvinnor;Antal;2011;2.37
Örkelljunga;kvinnor;Antal;2012;1.91
Örkelljunga;kvinnor;Antal;2013;1.84
Örkelljunga;kvinnor;Antal;2014;1.74
Örkelljunga;kvinnor;Antal;2015;1.97
Örkelljunga;kvinnor;Antal;2016;1.94
Örkelljunga;kvinnor;Antal;2017;1.98
Örkelljunga;kvinnor;Antal;2018;1.71
Örkelljunga;kvinnor;Antal;2019;1.98
Örkelljunga;kvinnor;Antal;2020;1.97
Örkelljunga;kvinnor;Antal;2021;2
Örkelljunga;kvinnor;Antal;2022;1.75
Örkelljunga;kvinnor;Antal;2023;1.82
Örkelljunga;kvinnor;Antal;2024;1.44
Örkelljunga;kvinnor;Antal;2025;1.5
Bjuv;män;Antal;2000;1.71
Bjuv;män;Antal;2001;1.47
Bjuv;män;Antal;2002;1.66
Bjuv;män;Antal;2003;1.68
Bjuv;män;Antal;2004;1.6
Bjuv;män;Antal;2005;1.64
Bjuv;män;Antal;2006;1.95
Bjuv;män;Antal;2007;1.85
Bjuv;män;Antal;2008;2
Bjuv;män;Antal;2009;2.11
Bjuv;män;Antal;2010;1.77
Bjuv;män;Antal;2011;1.87
Bjuv;män;Antal;2012;1.79
Bjuv;män;Antal;2013;2.01
Bjuv;män;Antal;2014;1.81
Bjuv;män;Antal;2015;1.7
Bjuv;män;Antal;2016;1.95
Bjuv;män;Antal;2017;1.69
Bjuv;män;Antal;2018;1.85
Bjuv;män;Antal;2019;1.84
Bjuv;män;Antal;2020;1.54
Bjuv;män;Antal;2021;1.66
Bjuv;män;Antal;2022;1.55
Bjuv;män;Antal;2023;1.3
Bjuv;män;Antal;2024;1.25
Bjuv;män;Antal;2025;1.43
Bjuv;kvinnor;Antal;2000;1.91
Bjuv;kvinnor;Antal;2001;1.59
Bjuv;kvinnor;Antal;2002;1.9
Bjuv;kvinnor;Antal;2003;1.93
Bjuv;kvinnor;Antal;2004;1.96
Bjuv;kvinnor;Antal;2005;1.91
Bjuv;kvinnor;Antal;2006;2.33
Bjuv;kvinnor;Antal;2007;2.17
Bjuv;kvinnor;Antal;2008;2.28
Bjuv;kvinnor;Antal;2009;2.33
Bjuv;kvinnor;Antal;2010;2.13
Bjuv;kvinnor;Antal;2011;2.14
Bjuv;kvinnor;Antal;2012;1.94
Bjuv;kvinnor;Antal;2013;2.2
Bjuv;kvinnor;Antal;2014;1.93
Bjuv;kvinnor;Antal;2015;1.86
Bjuv;kvinnor;Antal;2016;2.16
Bjuv;kvinnor;Antal;2017;1.88
Bjuv;kvinnor;Antal;2018;2.18
Bjuv;kvinnor;Antal;2019;2.04
Bjuv;kvinnor;Antal;2020;1.83
Bjuv;kvinnor;Antal;2021;1.83
Bjuv;kvinnor;Antal;2022;1.76
Bjuv;kvinnor;Antal;2023;1.54
Bjuv;kvinnor;Antal;2024;1.44
Bjuv;kvinnor;Antal;2025;1.6
Kävlinge;män;Antal;2000;1.7
Kävlinge;män;Antal;2001;1.63
Kävlinge;män;Antal;2002;1.76
Kävlinge;män;Antal;2003;1.99
Kävlinge;män;Antal;2004;1.99
Kävlinge;män;Antal;2005;1.81
Kävlinge;män;Antal;2006;2.03
Kävlinge;män;Antal;2007;1.95
Kävlinge;män;Antal;2008;2.05
Kävlinge;män;Antal;2009;1.91
Kävlinge;män;Antal;2010;2.24
Kävlinge;män;Antal;2011;2.11
Kävlinge;män;Antal;2012;2
Kävlinge;män;Antal;2013;2.13
Kävlinge;män;Antal;2014;2.15
Kävlinge;män;Antal;2015;1.71
Kävlinge;män;Antal;2016;1.97
Kävlinge;män;Antal;2017;1.84
Kävlinge;män;Antal;2018;1.88
Kävlinge;män;Antal;2019;1.81
Kävlinge;män;Antal;2020;1.87
Kävlinge;män;Antal;2021;1.79
Kävlinge;män;Antal;2022;1.67
Kävlinge;män;Antal;2023;1.47
Kävlinge;män;Antal;2024;1.53
Kävlinge;män;Antal;2025;1.54
Kävlinge;kvinnor;Antal;2000;1.83
Kävlinge;kvinnor;Antal;2001;1.75
Kävlinge;kvinnor;Antal;2002;1.89
Kävlinge;kvinnor;Antal;2003;2.04
Kävlinge;kvinnor;Antal;2004;2.07
Kävlinge;kvinnor;Antal;2005;1.95
Kävlinge;kvinnor;Antal;2006;2.18
Kävlinge;kvinnor;Antal;2007;2.09
Kävlinge;kvinnor;Antal;2008;2.26
Kävlinge;kvinnor;Antal;2009;2.02
Kävlinge;kvinnor;Antal;2010;2.39
Kävlinge;kvinnor;Antal;2011;2.27
Kävlinge;kvinnor;Antal;2012;2.17
Kävlinge;kvinnor;Antal;2013;2.23
Kävlinge;kvinnor;Antal;2014;2.22
Kävlinge;kvinnor;Antal;2015;1.76
Kävlinge;kvinnor;Antal;2016;2.04
Kävlinge;kvinnor;Antal;2017;1.94
Kävlinge;kvinnor;Antal;2018;1.94
Kävlinge;kvinnor;Antal;2019;1.89
Kävlinge;kvinnor;Antal;2020;1.98
Kävlinge;kvinnor;Antal;2021;1.8
Kävlinge;kvinnor;Antal;2022;1.8
Kävlinge;kvinnor;Antal;2023;1.59
Kävlinge;kvinnor;Antal;2024;1.64
Kävlinge;kvinnor;Antal;2025;1.66
Lomma;män;Antal;2000;1.44
Lomma;män;Antal;2001;1.61
Lomma;män;Antal;2002;1.62
Lomma;män;Antal;2003;1.88
Lomma;män;Antal;2004;1.94
Lomma;män;Antal;2005;1.81
Lomma;män;Antal;2006;2.22
Lomma;män;Antal;2007;2.06
Lomma;män;Antal;2008;2.31
Lomma;män;Antal;2009;2.04
Lomma;män;Antal;2010;2.08
Lomma;män;Antal;2011;2.08
Lomma;män;Antal;2012;2.22
Lomma;män;Antal;2013;2.14
Lomma;män;Antal;2014;2.35
Lomma;män;Antal;2015;2.17
Lomma;män;Antal;2016;2.08
Lomma;män;Antal;2017;1.68
Lomma;män;Antal;2018;1.94
Lomma;män;Antal;2019;1.9
Lomma;män;Antal;2020;1.69
Lomma;män;Antal;2021;1.62
Lomma;män;Antal;2022;1.79
Lomma;män;Antal;2023;1.55
Lomma;män;Antal;2024;1.48
Lomma;män;Antal;2025;1.56
Lomma;kvinnor;Antal;2000;1.68
Lomma;kvinnor;Antal;2001;1.66
Lomma;kvinnor;Antal;2002;1.8
Lomma;kvinnor;Antal;2003;2.07
Lomma;kvinnor;Antal;2004;2.14
Lomma;kvinnor;Antal;2005;1.98
Lomma;kvinnor;Antal;2006;2.29
Lomma;kvinnor;Antal;2007;2.12
Lomma;kvinnor;Antal;2008;2.41
Lomma;kvinnor;Antal;2009;2.2
Lomma;kvinnor;Antal;2010;2.14
Lomma;kvinnor;Antal;2011;2.17
Lomma;kvinnor;Antal;2012;2.35
Lomma;kvinnor;Antal;2013;2.33
Lomma;kvinnor;Antal;2014;2.42
Lomma;kvinnor;Antal;2015;2.28
Lomma;kvinnor;Antal;2016;2.14
Lomma;kvinnor;Antal;2017;1.78
Lomma;kvinnor;Antal;2018;1.91
Lomma;kvinnor;Antal;2019;1.97
Lomma;kvinnor;Antal;2020;1.81
Lomma;kvinnor;Antal;2021;1.69
Lomma;kvinnor;Antal;2022;1.81
Lomma;kvinnor;Antal;2023;1.67
Lomma;kvinnor;Antal;2024;1.52
Lomma;kvinnor;Antal;2025;1.64
Svedala;män;Antal;2000;1.63
Svedala;män;Antal;2001;1.69
Svedala;män;Antal;2002;1.7
Svedala;män;Antal;2003;1.86
Svedala;män;Antal;2004;1.73
Svedala;män;Antal;2005;1.94
Svedala;män;Antal;2006;2.01
Svedala;män;Antal;2007;2.14
Svedala;män;Antal;2008;1.96
Svedala;män;Antal;2009;1.98
Svedala;män;Antal;2010;2.11
Svedala;män;Antal;2011;1.93
Svedala;män;Antal;2012;2.25
Svedala;män;Antal;2013;2.09
Svedala;män;Antal;2014;1.91
Svedala;män;Antal;2015;2.16
Svedala;män;Antal;2016;1.88
Svedala;män;Antal;2017;1.58
Svedala;män;Antal;2018;1.83
Svedala;män;Antal;2019;1.98
Svedala;män;Antal;2020;1.76
Svedala;män;Antal;2021;1.86
Svedala;män;Antal;2022;1.98
Svedala;män;Antal;2023;1.52
Svedala;män;Antal;2024;1.55
Svedala;män;Antal;2025;1.77
Svedala;kvinnor;Antal;2000;1.74
Svedala;kvinnor;Antal;2001;1.69
Svedala;kvinnor;Antal;2002;1.77
Svedala;kvinnor;Antal;2003;2.1
Svedala;kvinnor;Antal;2004;1.93
Svedala;kvinnor;Antal;2005;2.06
Svedala;kvinnor;Antal;2006;2.17
Svedala;kvinnor;Antal;2007;2.22
Svedala;kvinnor;Antal;2008;2.1
Svedala;kvinnor;Antal;2009;2.04
Svedala;kvinnor;Antal;2010;2.22
Svedala;kvinnor;Antal;2011;1.99
Svedala;kvinnor;Antal;2012;2.32
Svedala;kvinnor;Antal;2013;2.12
Svedala;kvinnor;Antal;2014;2.01
Svedala;kvinnor;Antal;2015;2.24
Svedala;kvinnor;Antal;2016;1.85
Svedala;kvinnor;Antal;2017;1.71
Svedala;kvinnor;Antal;2018;1.98
Svedala;kvinnor;Antal;2019;1.96
Svedala;kvinnor;Antal;2020;1.9
Svedala;kvinnor;Antal;2021;1.93
Svedala;kvinnor;Antal;2022;2.13
Svedala;kvinnor;Antal;2023;1.66
Svedala;kvinnor;Antal;2024;1.81
Svedala;kvinnor;Antal;2025;1.89
Skurup;män;Antal;2000;1.63
Skurup;män;Antal;2001;1.78
Skurup;män;Antal;2002;1.75
Skurup;män;Antal;2003;1.56
Skurup;män;Antal;2004;1.89
Skurup;män;Antal;2005;1.79
Skurup;män;Antal;2006;2.02
Skurup;män;Antal;2007;1.94
Skurup;män;Antal;2008;1.96
Skurup;män;Antal;2009;1.69
Skurup;män;Antal;2010;1.81
Skurup;män;Antal;2011;1.75
Skurup;män;Antal;2012;1.85
Skurup;män;Antal;2013;1.92
Skurup;män;Antal;2014;2.11
Skurup;män;Antal;2015;1.67
Skurup;män;Antal;2016;1.79
Skurup;män;Antal;2017;1.79
Skurup;män;Antal;2018;1.64
Skurup;män;Antal;2019;1.59
Skurup;män;Antal;2020;1.99
Skurup;män;Antal;2021;1.56
Skurup;män;Antal;2022;1.6
Skurup;män;Antal;2023;1.63
Skurup;män;Antal;2024;1.4
Skurup;män;Antal;2025;1.46
Skurup;kvinnor;Antal;2000;1.76
Skurup;kvinnor;Antal;2001;2
Skurup;kvinnor;Antal;2002;2.05
Skurup;kvinnor;Antal;2003;1.64
Skurup;kvinnor;Antal;2004;1.98
Skurup;kvinnor;Antal;2005;2.03
Skurup;kvinnor;Antal;2006;2.25
Skurup;kvinnor;Antal;2007;2.11
Skurup;kvinnor;Antal;2008;2.22
Skurup;kvinnor;Antal;2009;1.86
Skurup;kvinnor;Antal;2010;1.93
Skurup;kvinnor;Antal;2011;1.86
Skurup;kvinnor;Antal;2012;1.95
Skurup;kvinnor;Antal;2013;2.06
Skurup;kvinnor;Antal;2014;2.22
Skurup;kvinnor;Antal;2015;1.77
Skurup;kvinnor;Antal;2016;2
Skurup;kvinnor;Antal;2017;2
Skurup;kvinnor;Antal;2018;1.84
Skurup;kvinnor;Antal;2019;1.69
Skurup;kvinnor;Antal;2020;2.14
Skurup;kvinnor;Antal;2021;1.77
Skurup;kvinnor;Antal;2022;1.75
Skurup;kvinnor;Antal;2023;1.73
Skurup;kvinnor;Antal;2024;1.56
Skurup;kvinnor;Antal;2025;1.63
Sjöbo;män;Antal;2000;1.54
Sjöbo;män;Antal;2001;1.68
Sjöbo;män;Antal;2002;1.61
Sjöbo;män;Antal;2003;1.87
Sjöbo;män;Antal;2004;1.82
Sjöbo;män;Antal;2005;1.65
Sjöbo;män;Antal;2006;1.66
Sjöbo;män;Antal;2007;1.89
Sjöbo;män;Antal;2008;2.04
Sjöbo;män;Antal;2009;1.81
Sjöbo;män;Antal;2010;1.95
Sjöbo;män;Antal;2011;2.11
Sjöbo;män;Antal;2012;2.01
Sjöbo;män;Antal;2013;1.93
Sjöbo;män;Antal;2014;1.74
Sjöbo;män;Antal;2015;1.84
Sjöbo;män;Antal;2016;1.99
Sjöbo;män;Antal;2017;1.73
Sjöbo;män;Antal;2018;1.81
Sjöbo;män;Antal;2019;1.83
Sjöbo;män;Antal;2020;1.7
Sjöbo;män;Antal;2021;1.73
Sjöbo;män;Antal;2022;1.59
Sjöbo;män;Antal;2023;1.38
Sjöbo;män;Antal;2024;1.32
Sjöbo;män;Antal;2025;1.35
Sjöbo;kvinnor;Antal;2000;1.8
Sjöbo;kvinnor;Antal;2001;1.86
Sjöbo;kvinnor;Antal;2002;1.81
Sjöbo;kvinnor;Antal;2003;2.12
Sjöbo;kvinnor;Antal;2004;2.1
Sjöbo;kvinnor;Antal;2005;1.89
Sjöbo;kvinnor;Antal;2006;1.97
Sjöbo;kvinnor;Antal;2007;2.18
Sjöbo;kvinnor;Antal;2008;2.28
Sjöbo;kvinnor;Antal;2009;2.05
Sjöbo;kvinnor;Antal;2010;2.07
Sjöbo;kvinnor;Antal;2011;2.32
Sjöbo;kvinnor;Antal;2012;2.25
Sjöbo;kvinnor;Antal;2013;2.13
Sjöbo;kvinnor;Antal;2014;1.95
Sjöbo;kvinnor;Antal;2015;2.08
Sjöbo;kvinnor;Antal;2016;2.15
Sjöbo;kvinnor;Antal;2017;1.88
Sjöbo;kvinnor;Antal;2018;1.96
Sjöbo;kvinnor;Antal;2019;1.99
Sjöbo;kvinnor;Antal;2020;1.81
Sjöbo;kvinnor;Antal;2021;1.81
Sjöbo;kvinnor;Antal;2022;1.77
Sjöbo;kvinnor;Antal;2023;1.61
Sjöbo;kvinnor;Antal;2024;1.63
Sjöbo;kvinnor;Antal;2025;1.47
Hörby;män;Antal;2000;1.69
Hörby;män;Antal;2001;1.39
Hörby;män;Antal;2002;1.91
Hörby;män;Antal;2003;1.71
Hörby;män;Antal;2004;1.75
Hörby;män;Antal;2005;1.81
Hörby;män;Antal;2006;2.04
Hörby;män;Antal;2007;1.53
Hörby;män;Antal;2008;1.94
Hörby;män;Antal;2009;1.7
Hörby;män;Antal;2010;2
Hörby;män;Antal;2011;1.78
Hörby;män;Antal;2012;1.97
Hörby;män;Antal;2013;1.98
Hörby;män;Antal;2014;1.83
Hörby;män;Antal;2015;1.82
Hörby;män;Antal;2016;1.96
Hörby;män;Antal;2017;2.01
Hörby;män;Antal;2018;1.75
Hörby;män;Antal;2019;1.8
Hörby;män;Antal;2020;1.55
Hörby;män;Antal;2021;1.66
Hörby;män;Antal;2022;1.45
Hörby;män;Antal;2023;1.37
Hörby;män;Antal;2024;1.61
Hörby;män;Antal;2025;1.32
Hörby;kvinnor;Antal;2000;1.91
Hörby;kvinnor;Antal;2001;1.53
Hörby;kvinnor;Antal;2002;2.16
Hörby;kvinnor;Antal;2003;1.87
Hörby;kvinnor;Antal;2004;2
Hörby;kvinnor;Antal;2005;2.11
Hörby;kvinnor;Antal;2006;2.19
Hörby;kvinnor;Antal;2007;1.69
Hörby;kvinnor;Antal;2008;2.17
Hörby;kvinnor;Antal;2009;1.85
Hörby;kvinnor;Antal;2010;2.14
Hörby;kvinnor;Antal;2011;1.92
Hörby;kvinnor;Antal;2012;2.04
Hörby;kvinnor;Antal;2013;2.17
Hörby;kvinnor;Antal;2014;1.9
Hörby;kvinnor;Antal;2015;2.05
Hörby;kvinnor;Antal;2016;2.1
Hörby;kvinnor;Antal;2017;2.15
Hörby;kvinnor;Antal;2018;1.9
Hörby;kvinnor;Antal;2019;1.99
Hörby;kvinnor;Antal;2020;1.77
Hörby;kvinnor;Antal;2021;1.93
Hörby;kvinnor;Antal;2022;1.62
Hörby;kvinnor;Antal;2023;1.55
Hörby;kvinnor;Antal;2024;1.81
Hörby;kvinnor;Antal;2025;1.59
Höör;män;Antal;2000;1.59
Höör;män;Antal;2001;1.65
Höör;män;Antal;2002;1.92
Höör;män;Antal;2003;1.93
Höör;män;Antal;2004;1.87
Höör;män;Antal;2005;1.81
Höör;män;Antal;2006;1.87
Höör;män;Antal;2007;1.91
Höör;män;Antal;2008;1.75
Höör;män;Antal;2009;2.01
Höör;män;Antal;2010;2.3
Höör;män;Antal;2011;1.67
Höör;män;Antal;2012;1.8
Höör;män;Antal;2013;2.03
Höör;män;Antal;2014;1.77
Höör;män;Antal;2015;1.99
Höör;män;Antal;2016;2.02
Höör;män;Antal;2017;1.97
Höör;män;Antal;2018;1.8
Höör;män;Antal;2019;1.6
Höör;män;Antal;2020;1.81
Höör;män;Antal;2021;1.87
Höör;män;Antal;2022;1.6
Höör;män;Antal;2023;1.55
Höör;män;Antal;2024;1.66
Höör;män;Antal;2025;1.58
Höör;kvinnor;Antal;2000;1.68
Höör;kvinnor;Antal;2001;1.79
Höör;kvinnor;Antal;2002;2.05
Höör;kvinnor;Antal;2003;2.1
Höör;kvinnor;Antal;2004;1.99
Höör;kvinnor;Antal;2005;1.89
Höör;kvinnor;Antal;2006;2.03
Höör;kvinnor;Antal;2007;2.09
Höör;kvinnor;Antal;2008;1.88
Höör;kvinnor;Antal;2009;2.13
Höör;kvinnor;Antal;2010;2.47
Höör;kvinnor;Antal;2011;1.79
Höör;kvinnor;Antal;2012;1.99
Höör;kvinnor;Antal;2013;2.19
Höör;kvinnor;Antal;2014;1.79
Höör;kvinnor;Antal;2015;2.08
Höör;kvinnor;Antal;2016;2.12
Höör;kvinnor;Antal;2017;2.06
Höör;kvinnor;Antal;2018;1.93
Höör;kvinnor;Antal;2019;1.68
Höör;kvinnor;Antal;2020;1.91
Höör;kvinnor;Antal;2021;2
Höör;kvinnor;Antal;2022;1.72
Höör;kvinnor;Antal;2023;1.75
Höör;kvinnor;Antal;2024;1.82
Höör;kvinnor;Antal;2025;1.68
Tomelilla;män;Antal;2000;1.62
Tomelilla;män;Antal;2001;1.56
Tomelilla;män;Antal;2002;1.56
Tomelilla;män;Antal;2003;1.51
Tomelilla;män;Antal;2004;2.03
Tomelilla;män;Antal;2005;1.88
Tomelilla;män;Antal;2006;1.89
Tomelilla;män;Antal;2007;2.22
Tomelilla;män;Antal;2008;1.94
Tomelilla;män;Antal;2009;2.04
Tomelilla;män;Antal;2010;2.1
Tomelilla;män;Antal;2011;1.87
Tomelilla;män;Antal;2012;1.75
Tomelilla;män;Antal;2013;2.1
Tomelilla;män;Antal;2014;1.81
Tomelilla;män;Antal;2015;1.76
Tomelilla;män;Antal;2016;1.57
Tomelilla;män;Antal;2017;1.83
Tomelilla;män;Antal;2018;1.73
Tomelilla;män;Antal;2019;1.56
Tomelilla;män;Antal;2020;1.79
Tomelilla;män;Antal;2021;1.69
Tomelilla;män;Antal;2022;1.42
Tomelilla;män;Antal;2023;1.37
Tomelilla;män;Antal;2024;1.29
Tomelilla;män;Antal;2025;1.56
Tomelilla;kvinnor;Antal;2000;1.78
Tomelilla;kvinnor;Antal;2001;1.65
Tomelilla;kvinnor;Antal;2002;1.74
Tomelilla;kvinnor;Antal;2003;1.62
Tomelilla;kvinnor;Antal;2004;2.19
Tomelilla;kvinnor;Antal;2005;2
Tomelilla;kvinnor;Antal;2006;1.98
Tomelilla;kvinnor;Antal;2007;2.19
Tomelilla;kvinnor;Antal;2008;2.04
Tomelilla;kvinnor;Antal;2009;2.12
Tomelilla;kvinnor;Antal;2010;2.25
Tomelilla;kvinnor;Antal;2011;2.02
Tomelilla;kvinnor;Antal;2012;1.86
Tomelilla;kvinnor;Antal;2013;2.21
Tomelilla;kvinnor;Antal;2014;1.88
Tomelilla;kvinnor;Antal;2015;1.96
Tomelilla;kvinnor;Antal;2016;1.73
Tomelilla;kvinnor;Antal;2017;2.01
Tomelilla;kvinnor;Antal;2018;1.86
Tomelilla;kvinnor;Antal;2019;1.69
Tomelilla;kvinnor;Antal;2020;2
Tomelilla;kvinnor;Antal;2021;1.87
Tomelilla;kvinnor;Antal;2022;1.57
Tomelilla;kvinnor;Antal;2023;1.59
Tomelilla;kvinnor;Antal;2024;1.37
Tomelilla;kvinnor;Antal;2025;1.76
Bromölla;män;Antal;2000;1.52
Bromölla;män;Antal;2001;1.43
Bromölla;män;Antal;2002;1.57
Bromölla;män;Antal;2003;1.44
Bromölla;män;Antal;2004;1.88
Bromölla;män;Antal;2005;1.95
Bromölla;män;Antal;2006;2.18
Bromölla;män;Antal;2007;1.86
Bromölla;män;Antal;2008;1.85
Bromölla;män;Antal;2009;2.01
Bromölla;män;Antal;2010;2.05
Bromölla;män;Antal;2011;1.75
Bromölla;män;Antal;2012;1.63
Bromölla;män;Antal;2013;1.88
Bromölla;män;Antal;2014;1.71
Bromölla;män;Antal;2015;1.95
Bromölla;män;Antal;2016;2.07
Bromölla;män;Antal;2017;1.77
Bromölla;män;Antal;2018;1.53
Bromölla;män;Antal;2019;1.5
Bromölla;män;Antal;2020;1.71
Bromölla;män;Antal;2021;1.58
Bromölla;män;Antal;2022;1.72
Bromölla;män;Antal;2023;1.32
Bromölla;män;Antal;2024;1.16
Bromölla;män;Antal;2025;1.76
Bromölla;kvinnor;Antal;2000;1.72
Bromölla;kvinnor;Antal;2001;1.56
Bromölla;kvinnor;Antal;2002;1.77
Bromölla;kvinnor;Antal;2003;1.55
Bromölla;kvinnor;Antal;2004;2.09
Bromölla;kvinnor;Antal;2005;2.3
Bromölla;kvinnor;Antal;2006;2.36
Bromölla;kvinnor;Antal;2007;2.08
Bromölla;kvinnor;Antal;2008;2.14
Bromölla;kvinnor;Antal;2009;2.32
Bromölla;kvinnor;Antal;2010;2.21
Bromölla;kvinnor;Antal;2011;1.97
Bromölla;kvinnor;Antal;2012;1.81
Bromölla;kvinnor;Antal;2013;2.03
Bromölla;kvinnor;Antal;2014;1.9
Bromölla;kvinnor;Antal;2015;2.06
Bromölla;kvinnor;Antal;2016;2.21
Bromölla;kvinnor;Antal;2017;2.02
Bromölla;kvinnor;Antal;2018;1.67
Bromölla;kvinnor;Antal;2019;1.73
Bromölla;kvinnor;Antal;2020;1.84
Bromölla;kvinnor;Antal;2021;1.84
Bromölla;kvinnor;Antal;2022;1.98
Bromölla;kvinnor;Antal;2023;1.61
Bromölla;kvinnor;Antal;2024;1.34
Bromölla;kvinnor;Antal;2025;2
Osby;män;Antal;2000;1.3
Osby;män;Antal;2001;1.35
Osby;män;Antal;2002;1.51
Osby;män;Antal;2003;1.88
Osby;män;Antal;2004;1.65
Osby;män;Antal;2005;1.62
Osby;män;Antal;2006;1.72
Osby;män;Antal;2007;1.79
Osby;män;Antal;2008;1.49
Osby;män;Antal;2009;1.86
Osby;män;Antal;2010;2.02
Osby;män;Antal;2011;1.99
Osby;män;Antal;2012;1.79
Osby;män;Antal;2013;1.77
Osby;män;Antal;2014;1.69
Osby;män;Antal;2015;1.63
Osby;män;Antal;2016;1.72
Osby;män;Antal;2017;1.82
Osby;män;Antal;2018;1.58
Osby;män;Antal;2019;1.85
Osby;män;Antal;2020;1.31
Osby;män;Antal;2021;1.6
Osby;män;Antal;2022;1.41
Osby;män;Antal;2023;1.5
Osby;män;Antal;2024;1.42
Osby;män;Antal;2025;1.36
Osby;kvinnor;Antal;2000;1.55
Osby;kvinnor;Antal;2001;1.42
Osby;kvinnor;Antal;2002;1.64
Osby;kvinnor;Antal;2003;2.18
Osby;kvinnor;Antal;2004;1.87
Osby;kvinnor;Antal;2005;1.8
Osby;kvinnor;Antal;2006;1.96
Osby;kvinnor;Antal;2007;2.1
Osby;kvinnor;Antal;2008;1.69
Osby;kvinnor;Antal;2009;2.08
Osby;kvinnor;Antal;2010;2.33
Osby;kvinnor;Antal;2011;2.23
Osby;kvinnor;Antal;2012;2.06
Osby;kvinnor;Antal;2013;2
Osby;kvinnor;Antal;2014;1.97
Osby;kvinnor;Antal;2015;1.86
Osby;kvinnor;Antal;2016;1.9
Osby;kvinnor;Antal;2017;2.05
Osby;kvinnor;Antal;2018;1.79
Osby;kvinnor;Antal;2019;2.06
Osby;kvinnor;Antal;2020;1.55
Osby;kvinnor;Antal;2021;1.88
Osby;kvinnor;Antal;2022;1.63
Osby;kvinnor;Antal;2023;1.71
Osby;kvinnor;Antal;2024;1.52
Osby;kvinnor;Antal;2025;1.55
Perstorp;män;Antal;2000;1.81
Perstorp;män;Antal;2001;1.34
Perstorp;män;Antal;2002;1.88
Perstorp;män;Antal;2003;1.52
Perstorp;män;Antal;2004;1.67
Perstorp;män;Antal;2005;1.46
Perstorp;män;Antal;2006;1.97
Perstorp;män;Antal;2007;1.98
Perstorp;män;Antal;2008;2.18
Perstorp;män;Antal;2009;1.83
Perstorp;män;Antal;2010;1.51
Perstorp;män;Antal;2011;1.67
Perstorp;män;Antal;2012;1.85
Perstorp;män;Antal;2013;1.47
Perstorp;män;Antal;2014;1.65
Perstorp;män;Antal;2015;1.84
Perstorp;män;Antal;2016;1.66
Perstorp;män;Antal;2017;1.65
Perstorp;män;Antal;2018;1.85
Perstorp;män;Antal;2019;1.67
Perstorp;män;Antal;2020;1.69
Perstorp;män;Antal;2021;1.61
Perstorp;män;Antal;2022;1.52
Perstorp;män;Antal;2023;1.83
Perstorp;män;Antal;2024;1.4
Perstorp;män;Antal;2025;1.29
Perstorp;kvinnor;Antal;2000;2.16
Perstorp;kvinnor;Antal;2001;1.56
Perstorp;kvinnor;Antal;2002;2.09
Perstorp;kvinnor;Antal;2003;1.81
Perstorp;kvinnor;Antal;2004;1.81
Perstorp;kvinnor;Antal;2005;1.75
Perstorp;kvinnor;Antal;2006;2.22
Perstorp;kvinnor;Antal;2007;2.15
Perstorp;kvinnor;Antal;2008;2.55
Perstorp;kvinnor;Antal;2009;2.01
Perstorp;kvinnor;Antal;2010;1.6
Perstorp;kvinnor;Antal;2011;2.13
Perstorp;kvinnor;Antal;2012;2.28
Perstorp;kvinnor;Antal;2013;2.06
Perstorp;kvinnor;Antal;2014;2.01
Perstorp;kvinnor;Antal;2015;2.08
Perstorp;kvinnor;Antal;2016;1.91
Perstorp;kvinnor;Antal;2017;2.02
Perstorp;kvinnor;Antal;2018;2.14
Perstorp;kvinnor;Antal;2019;1.73
Perstorp;kvinnor;Antal;2020;1.94
Perstorp;kvinnor;Antal;2021;2.09
Perstorp;kvinnor;Antal;2022;1.82
Perstorp;kvinnor;Antal;2023;2.04
Perstorp;kvinnor;Antal;2024;1.98
Perstorp;kvinnor;Antal;2025;1.71
Klippan;män;Antal;2000;1.77
Klippan;män;Antal;2001;1.52
Klippan;män;Antal;2002;1.28
Klippan;män;Antal;2003;1.57
Klippan;män;Antal;2004;1.72
Klippan;män;Antal;2005;1.59
Klippan;män;Antal;2006;1.75
Klippan;män;Antal;2007;1.75
Klippan;män;Antal;2008;1.68
Klippan;män;Antal;2009;1.65
Klippan;män;Antal;2010;1.8
Klippan;män;Antal;2011;1.79
Klippan;män;Antal;2012;1.84
Klippan;män;Antal;2013;1.62
Klippan;män;Antal;2014;1.98
Klippan;män;Antal;2015;1.47
Klippan;män;Antal;2016;1.61
Klippan;män;Antal;2017;1.5
Klippan;män;Antal;2018;1.74
Klippan;män;Antal;2019;1.91
Klippan;män;Antal;2020;1.53
Klippan;män;Antal;2021;1.65
Klippan;män;Antal;2022;1.46
Klippan;män;Antal;2023;1.29
Klippan;män;Antal;2024;1.24
Klippan;män;Antal;2025;1.23
Klippan;kvinnor;Antal;2000;2.04
Klippan;kvinnor;Antal;2001;1.74
Klippan;kvinnor;Antal;2002;1.67
Klippan;kvinnor;Antal;2003;1.81
Klippan;kvinnor;Antal;2004;2.04
Klippan;kvinnor;Antal;2005;1.76
Klippan;kvinnor;Antal;2006;2.09
Klippan;kvinnor;Antal;2007;1.91
Klippan;kvinnor;Antal;2008;1.8
Klippan;kvinnor;Antal;2009;1.94
Klippan;kvinnor;Antal;2010;2.18
Klippan;kvinnor;Antal;2011;2.01
Klippan;kvinnor;Antal;2012;2.17
Klippan;kvinnor;Antal;2013;1.7
Klippan;kvinnor;Antal;2014;2.2
Klippan;kvinnor;Antal;2015;1.69
Klippan;kvinnor;Antal;2016;1.83
Klippan;kvinnor;Antal;2017;1.73
Klippan;kvinnor;Antal;2018;1.86
Klippan;kvinnor;Antal;2019;2.11
Klippan;kvinnor;Antal;2020;1.68
Klippan;kvinnor;Antal;2021;1.89
Klippan;kvinnor;Antal;2022;1.67
Klippan;kvinnor;Antal;2023;1.48
Klippan;kvinnor;Antal;2024;1.43
Klippan;kvinnor;Antal;2025;1.47
Åstorp;män;Antal;2000;1.77
Åstorp;män;Antal;2001;1.66
Åstorp;män;Antal;2002;1.62
Åstorp;män;Antal;2003;1.69
Åstorp;män;Antal;2004;1.94
Åstorp;män;Antal;2005;1.93
Åstorp;män;Antal;2006;1.91
Åstorp;män;Antal;2007;1.98
Åstorp;män;Antal;2008;1.81
Åstorp;män;Antal;2009;2.08
Åstorp;män;Antal;2010;1.64
Åstorp;män;Antal;2011;2.15
Åstorp;män;Antal;2012;1.94
Åstorp;män;Antal;2013;1.97
Åstorp;män;Antal;2014;1.8
Åstorp;män;Antal;2015;1.92
Åstorp;män;Antal;2016;1.72
Åstorp;män;Antal;2017;1.69
Åstorp;män;Antal;2018;1.82
Åstorp;män;Antal;2019;1.61
Åstorp;män;Antal;2020;1.71
Åstorp;män;Antal;2021;1.84
Åstorp;män;Antal;2022;1.71
Åstorp;män;Antal;2023;1.54
Åstorp;män;Antal;2024;1.6
Åstorp;män;Antal;2025;1.59
Åstorp;kvinnor;Antal;2000;1.85
Åstorp;kvinnor;Antal;2001;1.82
Åstorp;kvinnor;Antal;2002;1.81
Åstorp;kvinnor;Antal;2003;1.98
Åstorp;kvinnor;Antal;2004;2.02
Åstorp;kvinnor;Antal;2005;2.21
Åstorp;kvinnor;Antal;2006;2.21
Åstorp;kvinnor;Antal;2007;2.27
Åstorp;kvinnor;Antal;2008;2.11
Åstorp;kvinnor;Antal;2009;2.3
Åstorp;kvinnor;Antal;2010;1.87
Åstorp;kvinnor;Antal;2011;2.31
Åstorp;kvinnor;Antal;2012;2.16
Åstorp;kvinnor;Antal;2013;2.11
Åstorp;kvinnor;Antal;2014;2.14
Åstorp;kvinnor;Antal;2015;2.16
Åstorp;kvinnor;Antal;2016;2.06
Åstorp;kvinnor;Antal;2017;1.83
Åstorp;kvinnor;Antal;2018;2.1
Åstorp;kvinnor;Antal;2019;2.01
Åstorp;kvinnor;Antal;2020;2.02
Åstorp;kvinnor;Antal;2021;2.1
Åstorp;kvinnor;Antal;2022;1.95
Åstorp;kvinnor;Antal;2023;1.78
Åstorp;kvinnor;Antal;2024;1.81
Åstorp;kvinnor;Antal;2025;1.8
Båstad;män;Antal;2000;1.47
Båstad;män;Antal;2001;1.37
Båstad;män;Antal;2002;1.19
Båstad;män;Antal;2003;1.37
Båstad;män;Antal;2004;1.47
Båstad;män;Antal;2005;1.46
Båstad;män;Antal;2006;1.73
Båstad;män;Antal;2007;1.57
Båstad;män;Antal;2008;1.56
Båstad;män;Antal;2009;1.84
Båstad;män;Antal;2010;1.76
Båstad;män;Antal;2011;1.79
Båstad;män;Antal;2012;1.65
Båstad;män;Antal;2013;1.85
Båstad;män;Antal;2014;1.6
Båstad;män;Antal;2015;1.7
Båstad;män;Antal;2016;1.74
Båstad;män;Antal;2017;1.55
Båstad;män;Antal;2018;1.77
Båstad;män;Antal;2019;1.67
Båstad;män;Antal;2020;1.82
Båstad;män;Antal;2021;1.76
Båstad;män;Antal;2022;1.37
Båstad;män;Antal;2023;1.68
Båstad;män;Antal;2024;1.48
Båstad;män;Antal;2025;1.8
Båstad;kvinnor;Antal;2000;1.59
Båstad;kvinnor;Antal;2001;1.42
Båstad;kvinnor;Antal;2002;1.38
Båstad;kvinnor;Antal;2003;1.56
Båstad;kvinnor;Antal;2004;1.63
Båstad;kvinnor;Antal;2005;1.64
Båstad;kvinnor;Antal;2006;2.09
Båstad;kvinnor;Antal;2007;1.79
Båstad;kvinnor;Antal;2008;1.67
Båstad;kvinnor;Antal;2009;1.99
Båstad;kvinnor;Antal;2010;1.91
Båstad;kvinnor;Antal;2011;1.9
Båstad;kvinnor;Antal;2012;1.95
Båstad;kvinnor;Antal;2013;2.13
Båstad;kvinnor;Antal;2014;1.68
Båstad;kvinnor;Antal;2015;1.7
Båstad;kvinnor;Antal;2016;1.99
Båstad;kvinnor;Antal;2017;1.66
Båstad;kvinnor;Antal;2018;1.81
Båstad;kvinnor;Antal;2019;1.84
Båstad;kvinnor;Antal;2020;1.98
Båstad;kvinnor;Antal;2021;2.02
Båstad;kvinnor;Antal;2022;1.52
Båstad;kvinnor;Antal;2023;1.93
Båstad;kvinnor;Antal;2024;1.67
Båstad;kvinnor;Antal;2025;2.03
Malmö;män;Antal;2000;1.41
Malmö;män;Antal;2001;1.43
Malmö;män;Antal;2002;1.52
Malmö;män;Antal;2003;1.52
Malmö;män;Antal;2004;1.54
Malmö;män;Antal;2005;1.58
Malmö;män;Antal;2006;1.66
Malmö;män;Antal;2007;1.68
Malmö;män;Antal;2008;1.77
Malmö;män;Antal;2009;1.79
Malmö;män;Antal;2010;1.89
Malmö;män;Antal;2011;1.82
Malmö;män;Antal;2012;1.9
Malmö;män;Antal;2013;1.85
Malmö;män;Antal;2014;1.86
Malmö;män;Antal;2015;1.81
Malmö;män;Antal;2016;1.75
Malmö;män;Antal;2017;1.7
Malmö;män;Antal;2018;1.65
Malmö;män;Antal;2019;1.63
Malmö;män;Antal;2020;1.57
Malmö;män;Antal;2021;1.56
Malmö;män;Antal;2022;1.46
Malmö;män;Antal;2023;1.37
Malmö;män;Antal;2024;1.36
Malmö;män;Antal;2025;1.35
Malmö;kvinnor;Antal;2000;1.47
Malmö;kvinnor;Antal;2001;1.51
Malmö;kvinnor;Antal;2002;1.58
Malmö;kvinnor;Antal;2003;1.58
Malmö;kvinnor;Antal;2004;1.61
Malmö;kvinnor;Antal;2005;1.68
Malmö;kvinnor;Antal;2006;1.75
Malmö;kvinnor;Antal;2007;1.81
Malmö;kvinnor;Antal;2008;1.91
Malmö;kvinnor;Antal;2009;1.93
Malmö;kvinnor;Antal;2010;2.01
Malmö;kvinnor;Antal;2011;1.93
Malmö;kvinnor;Antal;2012;1.96
Malmö;kvinnor;Antal;2013;1.92
Malmö;kvinnor;Antal;2014;1.91
Malmö;kvinnor;Antal;2015;1.84
Malmö;kvinnor;Antal;2016;1.81
Malmö;kvinnor;Antal;2017;1.77
Malmö;kvinnor;Antal;2018;1.71
Malmö;kvinnor;Antal;2019;1.69
Malmö;kvinnor;Antal;2020;1.62
Malmö;kvinnor;Antal;2021;1.61
Malmö;kvinnor;Antal;2022;1.49
Malmö;kvinnor;Antal;2023;1.42
Malmö;kvinnor;Antal;2024;1.4
Malmö;kvinnor;Antal;2025;1.39
Lund;män;Antal;2000;1.24
Lund;män;Antal;2001;1.33
Lund;män;Antal;2002;1.44
Lund;män;Antal;2003;1.44
Lund;män;Antal;2004;1.43
Lund;män;Antal;2005;1.44
Lund;män;Antal;2006;1.57
Lund;män;Antal;2007;1.54
Lund;män;Antal;2008;1.57
Lund;män;Antal;2009;1.59
Lund;män;Antal;2010;1.6
Lund;män;Antal;2011;1.48
Lund;män;Antal;2012;1.58
Lund;män;Antal;2013;1.42
Lund;män;Antal;2014;1.45
Lund;män;Antal;2015;1.45
Lund;män;Antal;2016;1.46
Lund;män;Antal;2017;1.26
Lund;män;Antal;2018;1.35
Lund;män;Antal;2019;1.28
Lund;män;Antal;2020;1.26
Lund;män;Antal;2021;1.27
Lund;män;Antal;2022;1.08
Lund;män;Antal;2023;1.1
Lund;män;Antal;2024;1.06
Lund;män;Antal;2025;1.06
Lund;kvinnor;Antal;2000;1.29
Lund;kvinnor;Antal;2001;1.4
Lund;kvinnor;Antal;2002;1.52
Lund;kvinnor;Antal;2003;1.5
Lund;kvinnor;Antal;2004;1.5
Lund;kvinnor;Antal;2005;1.51
Lund;kvinnor;Antal;2006;1.64
Lund;kvinnor;Antal;2007;1.63
Lund;kvinnor;Antal;2008;1.66
Lund;kvinnor;Antal;2009;1.71
Lund;kvinnor;Antal;2010;1.69
Lund;kvinnor;Antal;2011;1.57
Lund;kvinnor;Antal;2012;1.66
Lund;kvinnor;Antal;2013;1.51
Lund;kvinnor;Antal;2014;1.5
Lund;kvinnor;Antal;2015;1.53
Lund;kvinnor;Antal;2016;1.57
Lund;kvinnor;Antal;2017;1.34
Lund;kvinnor;Antal;2018;1.43
Lund;kvinnor;Antal;2019;1.34
Lund;kvinnor;Antal;2020;1.3
Lund;kvinnor;Antal;2021;1.31
Lund;kvinnor;Antal;2022;1.12
Lund;kvinnor;Antal;2023;1.17
Lund;kvinnor;Antal;2024;1.12
Lund;kvinnor;Antal;2025;1.12
Landskrona;män;Antal;2000;1.44
Landskrona;män;Antal;2001;1.51
Landskrona;män;Antal;2002;1.52
Landskrona;män;Antal;2003;1.63
Landskrona;män;Antal;2004;1.67
Landskrona;män;Antal;2005;1.55
Landskrona;män;Antal;2006;1.7
Landskrona;män;Antal;2007;1.79
Landskrona;män;Antal;2008;1.73
Landskrona;män;Antal;2009;1.99
Landskrona;män;Antal;2010;1.91
Landskrona;män;Antal;2011;1.92
Landskrona;män;Antal;2012;1.91
Landskrona;män;Antal;2013;1.91
Landskrona;män;Antal;2014;1.84
Landskrona;män;Antal;2015;1.92
Landskrona;män;Antal;2016;1.85
Landskrona;män;Antal;2017;1.97
Landskrona;män;Antal;2018;1.75
Landskrona;män;Antal;2019;1.77
Landskrona;män;Antal;2020;1.71
Landskrona;män;Antal;2021;1.69
Landskrona;män;Antal;2022;1.44
Landskrona;män;Antal;2023;1.42
Landskrona;män;Antal;2024;1.5
Landskrona;män;Antal;2025;1.5
Landskrona;kvinnor;Antal;2000;1.62
Landskrona;kvinnor;Antal;2001;1.65
Landskrona;kvinnor;Antal;2002;1.71
Landskrona;kvinnor;Antal;2003;1.81
Landskrona;kvinnor;Antal;2004;1.86
Landskrona;kvinnor;Antal;2005;1.71
Landskrona;kvinnor;Antal;2006;1.88
Landskrona;kvinnor;Antal;2007;2.01
Landskrona;kvinnor;Antal;2008;1.91
Landskrona;kvinnor;Antal;2009;2.22
Landskrona;kvinnor;Antal;2010;2.05
Landskrona;kvinnor;Antal;2011;2.15
Landskrona;kvinnor;Antal;2012;2.11
Landskrona;kvinnor;Antal;2013;2.04
Landskrona;kvinnor;Antal;2014;1.99
Landskrona;kvinnor;Antal;2015;2.05
Landskrona;kvinnor;Antal;2016;1.97
Landskrona;kvinnor;Antal;2017;2.1
Landskrona;kvinnor;Antal;2018;1.88
Landskrona;kvinnor;Antal;2019;1.93
Landskrona;kvinnor;Antal;2020;1.85
Landskrona;kvinnor;Antal;2021;1.85
Landskrona;kvinnor;Antal;2022;1.6
Landskrona;kvinnor;Antal;2023;1.62
Landskrona;kvinnor;Antal;2024;1.7
Landskrona;kvinnor;Antal;2025;1.66
Helsingborg;män;Antal;2000;1.42
Helsingborg;män;Antal;2001;1.48
Helsingborg;män;Antal;2002;1.44
Helsingborg;män;Antal;2003;1.51
Helsingborg;män;Antal;2004;1.61
Helsingborg;män;Antal;2005;1.6
Helsingborg;män;Antal;2006;1.69
Helsingborg;män;Antal;2007;1.66
Helsingborg;män;Antal;2008;1.78
Helsingborg;män;Antal;2009;1.83
Helsingborg;män;Antal;2010;1.8
Helsingborg;män;Antal;2011;1.83
Helsingborg;män;Antal;2012;1.78
Helsingborg;män;Antal;2013;1.75
Helsingborg;män;Antal;2014;1.78
Helsingborg;män;Antal;2015;1.73
Helsingborg;män;Antal;2016;1.71
Helsingborg;män;Antal;2017;1.69
Helsingborg;män;Antal;2018;1.67
Helsingborg;män;Antal;2019;1.65
Helsingborg;män;Antal;2020;1.59
Helsingborg;män;Antal;2021;1.6
Helsingborg;män;Antal;2022;1.43
Helsingborg;män;Antal;2023;1.41
Helsingborg;män;Antal;2024;1.37
Helsingborg;män;Antal;2025;1.4
Helsingborg;kvinnor;Antal;2000;1.5
Helsingborg;kvinnor;Antal;2001;1.58
Helsingborg;kvinnor;Antal;2002;1.51
Helsingborg;kvinnor;Antal;2003;1.6
Helsingborg;kvinnor;Antal;2004;1.68
Helsingborg;kvinnor;Antal;2005;1.67
Helsingborg;kvinnor;Antal;2006;1.77
Helsingborg;kvinnor;Antal;2007;1.75
Helsingborg;kvinnor;Antal;2008;1.9
Helsingborg;kvinnor;Antal;2009;1.95
Helsingborg;kvinnor;Antal;2010;1.89
Helsingborg;kvinnor;Antal;2011;1.9
Helsingborg;kvinnor;Antal;2012;1.87
Helsingborg;kvinnor;Antal;2013;1.88
Helsingborg;kvinnor;Antal;2014;1.87
Helsingborg;kvinnor;Antal;2015;1.82
Helsingborg;kvinnor;Antal;2016;1.8
Helsingborg;kvinnor;Antal;2017;1.81
Helsingborg;kvinnor;Antal;2018;1.74
Helsingborg;kvinnor;Antal;2019;1.73
Helsingborg;kvinnor;Antal;2020;1.67
Helsingborg;kvinnor;Antal;2021;1.69
Helsingborg;kvinnor;Antal;2022;1.53
Helsingborg;kvinnor;Antal;2023;1.52
Helsingborg;kvinnor;Antal;2024;1.5
Helsingborg;kvinnor;Antal;2025;1.53
Höganäs;män;Antal;2000;1.62
Höganäs;män;Antal;2001;1.63
Höganäs;män;Antal;2002;1.56
Höganäs;män;Antal;2003;2.03
Höganäs;män;Antal;2004;1.62
Höganäs;män;Antal;2005;1.89
Höganäs;män;Antal;2006;1.95
Höganäs;män;Antal;2007;1.93
Höganäs;män;Antal;2008;2.01
Höganäs;män;Antal;2009;1.83
Höganäs;män;Antal;2010;1.94
Höganäs;män;Antal;2011;2
Höganäs;män;Antal;2012;1.88
Höganäs;män;Antal;2013;1.93
Höganäs;män;Antal;2014;1.92
Höganäs;män;Antal;2015;1.82
Höganäs;män;Antal;2016;1.96
Höganäs;män;Antal;2017;1.63
Höganäs;män;Antal;2018;1.58
Höganäs;män;Antal;2019;1.78
Höganäs;män;Antal;2020;1.54
Höganäs;män;Antal;2021;1.42
Höganäs;män;Antal;2022;1.69
Höganäs;män;Antal;2023;1.49
Höganäs;män;Antal;2024;1.53
Höganäs;män;Antal;2025;1.52
Höganäs;kvinnor;Antal;2000;1.7
Höganäs;kvinnor;Antal;2001;1.79
Höganäs;kvinnor;Antal;2002;1.7
Höganäs;kvinnor;Antal;2003;2.19
Höganäs;kvinnor;Antal;2004;1.75
Höganäs;kvinnor;Antal;2005;2.09
Höganäs;kvinnor;Antal;2006;2.06
Höganäs;kvinnor;Antal;2007;1.99
Höganäs;kvinnor;Antal;2008;2.19
Höganäs;kvinnor;Antal;2009;1.91
Höganäs;kvinnor;Antal;2010;2.17
Höganäs;kvinnor;Antal;2011;2.3
Höganäs;kvinnor;Antal;2012;2.07
Höganäs;kvinnor;Antal;2013;2.11
Höganäs;kvinnor;Antal;2014;2.08
Höganäs;kvinnor;Antal;2015;2.04
Höganäs;kvinnor;Antal;2016;2.11
Höganäs;kvinnor;Antal;2017;1.85
Höganäs;kvinnor;Antal;2018;1.86
Höganäs;kvinnor;Antal;2019;2.05
Höganäs;kvinnor;Antal;2020;1.88
Höganäs;kvinnor;Antal;2021;1.6
Höganäs;kvinnor;Antal;2022;1.91
Höganäs;kvinnor;Antal;2023;1.76
Höganäs;kvinnor;Antal;2024;1.81
Höganäs;kvinnor;Antal;2025;1.77
Eslöv;män;Antal;2000;1.57
Eslöv;män;Antal;2001;1.62
Eslöv;män;Antal;2002;1.62
Eslöv;män;Antal;2003;1.75
Eslöv;män;Antal;2004;1.64
Eslöv;män;Antal;2005;1.86
Eslöv;män;Antal;2006;1.88
Eslöv;män;Antal;2007;1.9
Eslöv;män;Antal;2008;1.96
Eslöv;män;Antal;2009;1.93
Eslöv;män;Antal;2010;1.91
Eslöv;män;Antal;2011;2.02
Eslöv;män;Antal;2012;1.79
Eslöv;män;Antal;2013;2.02
Eslöv;män;Antal;2014;1.77
Eslöv;män;Antal;2015;1.96
Eslöv;män;Antal;2016;1.83
Eslöv;män;Antal;2017;1.69
Eslöv;män;Antal;2018;1.76
Eslöv;män;Antal;2019;1.69
Eslöv;män;Antal;2020;1.56
Eslöv;män;Antal;2021;1.69
Eslöv;män;Antal;2022;1.48
Eslöv;män;Antal;2023;1.43
Eslöv;män;Antal;2024;1.56
Eslöv;män;Antal;2025;1.53
Eslöv;kvinnor;Antal;2000;1.76
Eslöv;kvinnor;Antal;2001;1.78
Eslöv;kvinnor;Antal;2002;1.81
Eslöv;kvinnor;Antal;2003;1.91
Eslöv;kvinnor;Antal;2004;1.85
Eslöv;kvinnor;Antal;2005;2.05
Eslöv;kvinnor;Antal;2006;2.06
Eslöv;kvinnor;Antal;2007;2.02
Eslöv;kvinnor;Antal;2008;2.13
Eslöv;kvinnor;Antal;2009;2.08
Eslöv;kvinnor;Antal;2010;2.08
Eslöv;kvinnor;Antal;2011;2.1
Eslöv;kvinnor;Antal;2012;1.89
Eslöv;kvinnor;Antal;2013;2.19
Eslöv;kvinnor;Antal;2014;1.9
Eslöv;kvinnor;Antal;2015;2.08
Eslöv;kvinnor;Antal;2016;2.05
Eslöv;kvinnor;Antal;2017;1.93
Eslöv;kvinnor;Antal;2018;1.99
Eslöv;kvinnor;Antal;2019;1.91
Eslöv;kvinnor;Antal;2020;1.76
Eslöv;kvinnor;Antal;2021;1.94
Eslöv;kvinnor;Antal;2022;1.74
Eslöv;kvinnor;Antal;2023;1.6
Eslöv;kvinnor;Antal;2024;1.81
Eslöv;kvinnor;Antal;2025;1.73
Ystad;män;Antal;2000;1.51
Ystad;män;Antal;2001;1.37
Ystad;män;Antal;2002;1.53
Ystad;män;Antal;2003;1.59
Ystad;män;Antal;2004;1.51
Ystad;män;Antal;2005;1.56
Ystad;män;Antal;2006;1.85
Ystad;män;Antal;2007;1.8
Ystad;män;Antal;2008;1.63
Ystad;män;Antal;2009;1.78
Ystad;män;Antal;2010;1.75
Ystad;män;Antal;2011;1.74
Ystad;män;Antal;2012;1.75
Ystad;män;Antal;2013;1.82
Ystad;män;Antal;2014;1.64
Ystad;män;Antal;2015;1.78
Ystad;män;Antal;2016;1.73
Ystad;män;Antal;2017;1.64
Ystad;män;Antal;2018;1.51
Ystad;män;Antal;2019;1.52
Ystad;män;Antal;2020;1.57
Ystad;män;Antal;2021;1.72
Ystad;män;Antal;2022;1.4
Ystad;män;Antal;2023;1.37
Ystad;män;Antal;2024;1.28
Ystad;män;Antal;2025;1.32
Ystad;kvinnor;Antal;2000;1.6
Ystad;kvinnor;Antal;2001;1.43
Ystad;kvinnor;Antal;2002;1.56
Ystad;kvinnor;Antal;2003;1.63
Ystad;kvinnor;Antal;2004;1.61
Ystad;kvinnor;Antal;2005;1.6
Ystad;kvinnor;Antal;2006;1.96
Ystad;kvinnor;Antal;2007;2.01
Ystad;kvinnor;Antal;2008;1.84
Ystad;kvinnor;Antal;2009;1.93
Ystad;kvinnor;Antal;2010;1.91
Ystad;kvinnor;Antal;2011;1.94
Ystad;kvinnor;Antal;2012;1.9
Ystad;kvinnor;Antal;2013;1.94
Ystad;kvinnor;Antal;2014;1.72
Ystad;kvinnor;Antal;2015;1.84
Ystad;kvinnor;Antal;2016;1.84
Ystad;kvinnor;Antal;2017;1.73
Ystad;kvinnor;Antal;2018;1.61
Ystad;kvinnor;Antal;2019;1.64
Ystad;kvinnor;Antal;2020;1.68
Ystad;kvinnor;Antal;2021;1.76
Ystad;kvinnor;Antal;2022;1.52
Ystad;kvinnor;Antal;2023;1.5
Ystad;kvinnor;Antal;2024;1.44
Ystad;kvinnor;Antal;2025;1.48
Trelleborg;män;Antal;2000;1.38
Trelleborg;män;Antal;2001;1.49
Trelleborg;män;Antal;2002;1.49
Trelleborg;män;Antal;2003;1.71
Trelleborg;män;Antal;2004;1.68
Trelleborg;män;Antal;2005;1.77
Trelleborg;män;Antal;2006;1.84
Trelleborg;män;Antal;2007;1.84
Trelleborg;män;Antal;2008;1.92
Trelleborg;män;Antal;2009;1.86
Trelleborg;män;Antal;2010;2.02
Trelleborg;män;Antal;2011;1.9
Trelleborg;män;Antal;2012;1.78
Trelleborg;män;Antal;2013;1.88
Trelleborg;män;Antal;2014;1.84
Trelleborg;män;Antal;2015;1.58
Trelleborg;män;Antal;2016;1.84
Trelleborg;män;Antal;2017;1.8
Trelleborg;män;Antal;2018;1.73
Trelleborg;män;Antal;2019;1.62
Trelleborg;män;Antal;2020;1.72
Trelleborg;män;Antal;2021;1.79
Trelleborg;män;Antal;2022;1.51
Trelleborg;män;Antal;2023;1.45
Trelleborg;män;Antal;2024;1.48
Trelleborg;män;Antal;2025;1.5
Trelleborg;kvinnor;Antal;2000;1.51
Trelleborg;kvinnor;Antal;2001;1.58
Trelleborg;kvinnor;Antal;2002;1.62
Trelleborg;kvinnor;Antal;2003;1.83
Trelleborg;kvinnor;Antal;2004;1.8
Trelleborg;kvinnor;Antal;2005;1.91
Trelleborg;kvinnor;Antal;2006;2.03
Trelleborg;kvinnor;Antal;2007;2.02
Trelleborg;kvinnor;Antal;2008;2.1
Trelleborg;kvinnor;Antal;2009;1.96
Trelleborg;kvinnor;Antal;2010;2.17
Trelleborg;kvinnor;Antal;2011;2.04
Trelleborg;kvinnor;Antal;2012;1.9
Trelleborg;kvinnor;Antal;2013;2
Trelleborg;kvinnor;Antal;2014;1.96
Trelleborg;kvinnor;Antal;2015;1.71
Trelleborg;kvinnor;Antal;2016;2.03
Trelleborg;kvinnor;Antal;2017;1.91
Trelleborg;kvinnor;Antal;2018;1.88
Trelleborg;kvinnor;Antal;2019;1.76
Trelleborg;kvinnor;Antal;2020;1.89
Trelleborg;kvinnor;Antal;2021;1.94
Trelleborg;kvinnor;Antal;2022;1.67
Trelleborg;kvinnor;Antal;2023;1.6
Trelleborg;kvinnor;Antal;2024;1.7
Trelleborg;kvinnor;Antal;2025;1.69
Kristianstad;män;Antal;2000;1.57
Kristianstad;män;Antal;2001;1.58
Kristianstad;män;Antal;2002;1.54
Kristianstad;män;Antal;2003;1.57
Kristianstad;män;Antal;2004;1.56
Kristianstad;män;Antal;2005;1.59
Kristianstad;män;Antal;2006;1.76
Kristianstad;män;Antal;2007;1.75
Kristianstad;män;Antal;2008;1.77
Kristianstad;män;Antal;2009;1.87
Kristianstad;män;Antal;2010;1.93
Kristianstad;män;Antal;2011;1.8
Kristianstad;män;Antal;2012;1.85
Kristianstad;män;Antal;2013;1.75
Kristianstad;män;Antal;2014;1.8
Kristianstad;män;Antal;2015;1.78
Kristianstad;män;Antal;2016;1.75
Kristianstad;män;Antal;2017;1.75
Kristianstad;män;Antal;2018;1.66
Kristianstad;män;Antal;2019;1.58
Kristianstad;män;Antal;2020;1.64
Kristianstad;män;Antal;2021;1.66
Kristianstad;män;Antal;2022;1.44
Kristianstad;män;Antal;2023;1.5
Kristianstad;män;Antal;2024;1.38
Kristianstad;män;Antal;2025;1.29
Kristianstad;kvinnor;Antal;2000;1.66
Kristianstad;kvinnor;Antal;2001;1.66
Kristianstad;kvinnor;Antal;2002;1.61
Kristianstad;kvinnor;Antal;2003;1.67
Kristianstad;kvinnor;Antal;2004;1.66
Kristianstad;kvinnor;Antal;2005;1.69
Kristianstad;kvinnor;Antal;2006;1.86
Kristianstad;kvinnor;Antal;2007;1.87
Kristianstad;kvinnor;Antal;2008;1.9
Kristianstad;kvinnor;Antal;2009;1.99
Kristianstad;kvinnor;Antal;2010;2.02
Kristianstad;kvinnor;Antal;2011;1.9
Kristianstad;kvinnor;Antal;2012;1.94
Kristianstad;kvinnor;Antal;2013;1.86
Kristianstad;kvinnor;Antal;2014;1.88
Kristianstad;kvinnor;Antal;2015;1.89
Kristianstad;kvinnor;Antal;2016;1.87
Kristianstad;kvinnor;Antal;2017;1.85
Kristianstad;kvinnor;Antal;2018;1.78
Kristianstad;kvinnor;Antal;2019;1.67
Kristianstad;kvinnor;Antal;2020;1.74
Kristianstad;kvinnor;Antal;2021;1.82
Kristianstad;kvinnor;Antal;2022;1.56
Kristianstad;kvinnor;Antal;2023;1.66
Kristianstad;kvinnor;Antal;2024;1.5
Kristianstad;kvinnor;Antal;2025;1.44
Simrishamn;män;Antal;2000;1.37
Simrishamn;män;Antal;2001;1.32
Simrishamn;män;Antal;2002;1.49
Simrishamn;män;Antal;2003;1.4
Simrishamn;män;Antal;2004;1.57
Simrishamn;män;Antal;2005;1.51
Simrishamn;män;Antal;2006;1.68
Simrishamn;män;Antal;2007;1.73
Simrishamn;män;Antal;2008;1.86
Simrishamn;män;Antal;2009;1.67
Simrishamn;män;Antal;2010;1.54
Simrishamn;män;Antal;2011;1.48
Simrishamn;män;Antal;2012;1.61
Simrishamn;män;Antal;2013;1.58
Simrishamn;män;Antal;2014;1.56
Simrishamn;män;Antal;2015;1.55
Simrishamn;män;Antal;2016;1.42
Simrishamn;män;Antal;2017;1.89
Simrishamn;män;Antal;2018;1.6
Simrishamn;män;Antal;2019;1.45
Simrishamn;män;Antal;2020;1.41
Simrishamn;män;Antal;2021;1.44
Simrishamn;män;Antal;2022;1.26
Simrishamn;män;Antal;2023;1.57
Simrishamn;män;Antal;2024;1.24
Simrishamn;män;Antal;2025;1.34
Simrishamn;kvinnor;Antal;2000;1.64
Simrishamn;kvinnor;Antal;2001;1.58
Simrishamn;kvinnor;Antal;2002;1.71
Simrishamn;kvinnor;Antal;2003;1.74
Simrishamn;kvinnor;Antal;2004;1.78
Simrishamn;kvinnor;Antal;2005;1.72
Simrishamn;kvinnor;Antal;2006;2
Simrishamn;kvinnor;Antal;2007;1.95
Simrishamn;kvinnor;Antal;2008;2.1
Simrishamn;kvinnor;Antal;2009;2
Simrishamn;kvinnor;Antal;2010;1.78
Simrishamn;kvinnor;Antal;2011;1.71
Simrishamn;kvinnor;Antal;2012;1.8
Simrishamn;kvinnor;Antal;2013;1.78
Simrishamn;kvinnor;Antal;2014;1.78
Simrishamn;kvinnor;Antal;2015;1.75
Simrishamn;kvinnor;Antal;2016;1.65
Simrishamn;kvinnor;Antal;2017;2.09
Simrishamn;kvinnor;Antal;2018;1.9
Simrishamn;kvinnor;Antal;2019;1.65
Simrishamn;kvinnor;Antal;2020;1.65
Simrishamn;kvinnor;Antal;2021;1.65
Simrishamn;kvinnor;Antal;2022;1.5
Simrishamn;kvinnor;Antal;2023;1.83
Simrishamn;kvinnor;Antal;2024;1.56
Simrishamn;kvinnor;Antal;2025;1.66
Ängelholm;män;Antal;2000;1.46
Ängelholm;män;Antal;2001;1.29
Ängelholm;män;Antal;2002;1.45
Ängelholm;män;Antal;2003;1.53
Ängelholm;män;Antal;2004;1.48
Ängelholm;män;Antal;2005;1.61
Ängelholm;män;Antal;2006;1.54
Ängelholm;män;Antal;2007;1.71
Ängelholm;män;Antal;2008;1.73
Ängelholm;män;Antal;2009;1.75
Ängelholm;män;Antal;2010;1.83
Ängelholm;män;Antal;2011;1.69
Ängelholm;män;Antal;2012;1.79
Ängelholm;män;Antal;2013;1.78
Ängelholm;män;Antal;2014;1.84
Ängelholm;män;Antal;2015;1.64
Ängelholm;män;Antal;2016;1.81
Ängelholm;män;Antal;2017;1.78
Ängelholm;män;Antal;2018;1.78
Ängelholm;män;Antal;2019;1.56
Ängelholm;män;Antal;2020;1.62
Ängelholm;män;Antal;2021;1.42
Ängelholm;män;Antal;2022;1.6
Ängelholm;män;Antal;2023;1.41
Ängelholm;män;Antal;2024;1.38
Ängelholm;män;Antal;2025;1.27
Ängelholm;kvinnor;Antal;2000;1.61
Ängelholm;kvinnor;Antal;2001;1.4
Ängelholm;kvinnor;Antal;2002;1.58
Ängelholm;kvinnor;Antal;2003;1.66
Ängelholm;kvinnor;Antal;2004;1.61
Ängelholm;kvinnor;Antal;2005;1.76
Ängelholm;kvinnor;Antal;2006;1.67
Ängelholm;kvinnor;Antal;2007;1.91
Ängelholm;kvinnor;Antal;2008;1.88
Ängelholm;kvinnor;Antal;2009;1.88
Ängelholm;kvinnor;Antal;2010;2.01
Ängelholm;kvinnor;Antal;2011;1.83
Ängelholm;kvinnor;Antal;2012;1.88
Ängelholm;kvinnor;Antal;2013;1.85
Ängelholm;kvinnor;Antal;2014;1.95
Ängelholm;kvinnor;Antal;2015;1.76
Ängelholm;kvinnor;Antal;2016;1.94
Ängelholm;kvinnor;Antal;2017;1.92
Ängelholm;kvinnor;Antal;2018;1.96
Ängelholm;kvinnor;Antal;2019;1.69
Ängelholm;kvinnor;Antal;2020;1.8
Ängelholm;kvinnor;Antal;2021;1.57
Ängelholm;kvinnor;Antal;2022;1.74
Ängelholm;kvinnor;Antal;2023;1.57
Ängelholm;kvinnor;Antal;2024;1.55
Ängelholm;kvinnor;Antal;2025;1.45
Hässleholm;män;Antal;2000;1.4
Hässleholm;män;Antal;2001;1.38
Hässleholm;män;Antal;2002;1.48
Hässleholm;män;Antal;2003;1.51
Hässleholm;män;Antal;2004;1.5
Hässleholm;män;Antal;2005;1.58
Hässleholm;män;Antal;2006;1.6
Hässleholm;män;Antal;2007;1.67
Hässleholm;män;Antal;2008;1.71
Hässleholm;män;Antal;2009;1.8
Hässleholm;män;Antal;2010;1.77
Hässleholm;män;Antal;2011;1.78
Hässleholm;män;Antal;2012;1.82
Hässleholm;män;Antal;2013;1.68
Hässleholm;män;Antal;2014;1.68
Hässleholm;män;Antal;2015;1.76
Hässleholm;män;Antal;2016;1.73
Hässleholm;män;Antal;2017;1.65
Hässleholm;män;Antal;2018;1.64
Hässleholm;män;Antal;2019;1.67
Hässleholm;män;Antal;2020;1.72
Hässleholm;män;Antal;2021;1.67
Hässleholm;män;Antal;2022;1.48
Hässleholm;män;Antal;2023;1.37
Hässleholm;män;Antal;2024;1.29
Hässleholm;män;Antal;2025;1.31
Hässleholm;kvinnor;Antal;2000;1.59
Hässleholm;kvinnor;Antal;2001;1.57
Hässleholm;kvinnor;Antal;2002;1.63
Hässleholm;kvinnor;Antal;2003;1.72
Hässleholm;kvinnor;Antal;2004;1.7
Hässleholm;kvinnor;Antal;2005;1.79
Hässleholm;kvinnor;Antal;2006;1.8
Hässleholm;kvinnor;Antal;2007;1.86
Hässleholm;kvinnor;Antal;2008;2.01
Hässleholm;kvinnor;Antal;2009;1.99
Hässleholm;kvinnor;Antal;2010;1.96
Hässleholm;kvinnor;Antal;2011;1.89
Hässleholm;kvinnor;Antal;2012;1.9
Hässleholm;kvinnor;Antal;2013;1.8
Hässleholm;kvinnor;Antal;2014;1.83
Hässleholm;kvinnor;Antal;2015;1.92
Hässleholm;kvinnor;Antal;2016;1.87
Hässleholm;kvinnor;Antal;2017;1.8
Hässleholm;kvinnor;Antal;2018;1.8
Hässleholm;kvinnor;Antal;2019;1.82
Hässleholm;kvinnor;Antal;2020;1.86
Hässleholm;kvinnor;Antal;2021;1.82
Hässleholm;kvinnor;Antal;2022;1.63
Hässleholm;kvinnor;Antal;2023;1.53
Hässleholm;kvinnor;Antal;2024;1.45
Hässleholm;kvinnor;Antal;2025;1.46
Hylte;män;Antal;2000;1.38
Hylte;män;Antal;2001;1.7
Hylte;män;Antal;2002;1.63
Hylte;män;Antal;2003;1.56
Hylte;män;Antal;2004;1.57
Hylte;män;Antal;2005;1.94
Hylte;män;Antal;2006;2.23
Hylte;män;Antal;2007;2.25
Hylte;män;Antal;2008;1.64
Hylte;män;Antal;2009;2.01
Hylte;män;Antal;2010;1.98
Hylte;män;Antal;2011;1.76
Hylte;män;Antal;2012;2.16
Hylte;män;Antal;2013;1.76
Hylte;män;Antal;2014;2.14
Hylte;män;Antal;2015;1.93
Hylte;män;Antal;2016;2.1
Hylte;män;Antal;2017;1.82
Hylte;män;Antal;2018;1.98
Hylte;män;Antal;2019;1.91
Hylte;män;Antal;2020;1.89
Hylte;män;Antal;2021;1.67
Hylte;män;Antal;2022;1.5
Hylte;män;Antal;2023;1.39
Hylte;män;Antal;2024;1.46
Hylte;män;Antal;2025;1.62
Hylte;kvinnor;Antal;2000;1.71
Hylte;kvinnor;Antal;2001;2.01
Hylte;kvinnor;Antal;2002;2.08
Hylte;kvinnor;Antal;2003;1.88
Hylte;kvinnor;Antal;2004;2.14
Hylte;kvinnor;Antal;2005;2.21
Hylte;kvinnor;Antal;2006;2.54
Hylte;kvinnor;Antal;2007;2.64
Hylte;kvinnor;Antal;2008;1.85
Hylte;kvinnor;Antal;2009;2.23
Hylte;kvinnor;Antal;2010;2.17
Hylte;kvinnor;Antal;2011;2.04
Hylte;kvinnor;Antal;2012;2.44
Hylte;kvinnor;Antal;2013;1.94
Hylte;kvinnor;Antal;2014;2.46
Hylte;kvinnor;Antal;2015;2.31
Hylte;kvinnor;Antal;2016;2.37
Hylte;kvinnor;Antal;2017;2.21
Hylte;kvinnor;Antal;2018;2.38
Hylte;kvinnor;Antal;2019;2.23
Hylte;kvinnor;Antal;2020;2.33
Hylte;kvinnor;Antal;2021;2.04
Hylte;kvinnor;Antal;2022;1.79
Hylte;kvinnor;Antal;2023;1.68
Hylte;kvinnor;Antal;2024;1.92
Hylte;kvinnor;Antal;2025;1.91
Halmstad;män;Antal;2000;1.38
Halmstad;män;Antal;2001;1.33
Halmstad;män;Antal;2002;1.47
Halmstad;män;Antal;2003;1.54
Halmstad;män;Antal;2004;1.61
Halmstad;män;Antal;2005;1.66
Halmstad;män;Antal;2006;1.68
Halmstad;män;Antal;2007;1.74
Halmstad;män;Antal;2008;1.65
Halmstad;män;Antal;2009;1.67
Halmstad;män;Antal;2010;1.91
Halmstad;män;Antal;2011;1.7
Halmstad;män;Antal;2012;1.76
Halmstad;män;Antal;2013;1.73
Halmstad;män;Antal;2014;1.74
Halmstad;män;Antal;2015;1.68
Halmstad;män;Antal;2016;1.71
Halmstad;män;Antal;2017;1.64
Halmstad;män;Antal;2018;1.58
Halmstad;män;Antal;2019;1.57
Halmstad;män;Antal;2020;1.52
Halmstad;män;Antal;2021;1.54
Halmstad;män;Antal;2022;1.37
Halmstad;män;Antal;2023;1.3
Halmstad;män;Antal;2024;1.4
Halmstad;män;Antal;2025;1.36
Halmstad;kvinnor;Antal;2000;1.5
Halmstad;kvinnor;Antal;2001;1.44
Halmstad;kvinnor;Antal;2002;1.57
Halmstad;kvinnor;Antal;2003;1.67
Halmstad;kvinnor;Antal;2004;1.75
Halmstad;kvinnor;Antal;2005;1.79
Halmstad;kvinnor;Antal;2006;1.82
Halmstad;kvinnor;Antal;2007;1.86
Halmstad;kvinnor;Antal;2008;1.77
Halmstad;kvinnor;Antal;2009;1.81
Halmstad;kvinnor;Antal;2010;2.04
Halmstad;kvinnor;Antal;2011;1.82
Halmstad;kvinnor;Antal;2012;1.88
Halmstad;kvinnor;Antal;2013;1.81
Halmstad;kvinnor;Antal;2014;1.85
Halmstad;kvinnor;Antal;2015;1.76
Halmstad;kvinnor;Antal;2016;1.81
Halmstad;kvinnor;Antal;2017;1.75
Halmstad;kvinnor;Antal;2018;1.7
Halmstad;kvinnor;Antal;2019;1.69
Halmstad;kvinnor;Antal;2020;1.65
Halmstad;kvinnor;Antal;2021;1.68
Halmstad;kvinnor;Antal;2022;1.51
Halmstad;kvinnor;Antal;2023;1.44
Halmstad;kvinnor;Antal;2024;1.55
Halmstad;kvinnor;Antal;2025;1.51
Laholm;män;Antal;2000;1.52
Laholm;män;Antal;2001;1.6
Laholm;män;Antal;2002;1.79
Laholm;män;Antal;2003;1.59
Laholm;män;Antal;2004;1.74
Laholm;män;Antal;2005;1.74
Laholm;män;Antal;2006;1.88
Laholm;män;Antal;2007;1.76
Laholm;män;Antal;2008;1.66
Laholm;män;Antal;2009;1.78
Laholm;män;Antal;2010;1.91
Laholm;män;Antal;2011;1.66
Laholm;män;Antal;2012;1.77
Laholm;män;Antal;2013;2.11
Laholm;män;Antal;2014;1.83
Laholm;män;Antal;2015;1.81
Laholm;män;Antal;2016;2.19
Laholm;män;Antal;2017;1.86
Laholm;män;Antal;2018;1.89
Laholm;män;Antal;2019;1.9
Laholm;män;Antal;2020;1.83
Laholm;män;Antal;2021;1.83
Laholm;män;Antal;2022;1.51
Laholm;män;Antal;2023;1.52
Laholm;män;Antal;2024;1.53
Laholm;män;Antal;2025;1.58
Laholm;kvinnor;Antal;2000;1.77
Laholm;kvinnor;Antal;2001;1.82
Laholm;kvinnor;Antal;2002;2.03
Laholm;kvinnor;Antal;2003;1.81
Laholm;kvinnor;Antal;2004;1.98
Laholm;kvinnor;Antal;2005;1.97
Laholm;kvinnor;Antal;2006;2.16
Laholm;kvinnor;Antal;2007;1.95
Laholm;kvinnor;Antal;2008;1.87
Laholm;kvinnor;Antal;2009;2.03
Laholm;kvinnor;Antal;2010;2.14
Laholm;kvinnor;Antal;2011;1.88
Laholm;kvinnor;Antal;2012;1.99
Laholm;kvinnor;Antal;2013;2.25
Laholm;kvinnor;Antal;2014;1.95
Laholm;kvinnor;Antal;2015;1.95
Laholm;kvinnor;Antal;2016;2.35
Laholm;kvinnor;Antal;2017;2.03
Laholm;kvinnor;Antal;2018;2.03
Laholm;kvinnor;Antal;2019;2.13
Laholm;kvinnor;Antal;2020;2.02
Laholm;kvinnor;Antal;2021;2.03
Laholm;kvinnor;Antal;2022;1.72
Laholm;kvinnor;Antal;2023;1.74
Laholm;kvinnor;Antal;2024;1.72
Laholm;kvinnor;Antal;2025;1.81
Falkenberg;män;Antal;2000;1.63
Falkenberg;män;Antal;2001;1.61
Falkenberg;män;Antal;2002;1.68
Falkenberg;män;Antal;2003;1.72
Falkenberg;män;Antal;2004;1.65
Falkenberg;män;Antal;2005;1.67
Falkenberg;män;Antal;2006;1.72
Falkenberg;män;Antal;2007;1.71
Falkenberg;män;Antal;2008;1.92
Falkenberg;män;Antal;2009;1.98
Falkenberg;män;Antal;2010;1.92
Falkenberg;män;Antal;2011;2.08
Falkenberg;män;Antal;2012;1.66
Falkenberg;män;Antal;2013;1.8
Falkenberg;män;Antal;2014;1.96
Falkenberg;män;Antal;2015;1.83
Falkenberg;män;Antal;2016;1.84
Falkenberg;män;Antal;2017;1.71
Falkenberg;män;Antal;2018;1.73
Falkenberg;män;Antal;2019;1.72
Falkenberg;män;Antal;2020;1.75
Falkenberg;män;Antal;2021;1.76
Falkenberg;män;Antal;2022;1.67
Falkenberg;män;Antal;2023;1.56
Falkenberg;män;Antal;2024;1.5
Falkenberg;män;Antal;2025;1.43
Falkenberg;kvinnor;Antal;2000;1.82
Falkenberg;kvinnor;Antal;2001;1.84
Falkenberg;kvinnor;Antal;2002;1.88
Falkenberg;kvinnor;Antal;2003;2.01
Falkenberg;kvinnor;Antal;2004;1.87
Falkenberg;kvinnor;Antal;2005;1.85
Falkenberg;kvinnor;Antal;2006;1.94
Falkenberg;kvinnor;Antal;2007;1.94
Falkenberg;kvinnor;Antal;2008;2.15
Falkenberg;kvinnor;Antal;2009;2.18
Falkenberg;kvinnor;Antal;2010;2.15
Falkenberg;kvinnor;Antal;2011;2.35
Falkenberg;kvinnor;Antal;2012;1.8
Falkenberg;kvinnor;Antal;2013;1.94
Falkenberg;kvinnor;Antal;2014;2.12
Falkenberg;kvinnor;Antal;2015;1.98
Falkenberg;kvinnor;Antal;2016;2
Falkenberg;kvinnor;Antal;2017;1.91
Falkenberg;kvinnor;Antal;2018;1.9
Falkenberg;kvinnor;Antal;2019;1.87
Falkenberg;kvinnor;Antal;2020;1.93
Falkenberg;kvinnor;Antal;2021;1.92
Falkenberg;kvinnor;Antal;2022;1.86
Falkenberg;kvinnor;Antal;2023;1.74
Falkenberg;kvinnor;Antal;2024;1.66
Falkenberg;kvinnor;Antal;2025;1.62
Varberg;män;Antal;2000;1.48
Varberg;män;Antal;2001;1.62
Varberg;män;Antal;2002;1.72
Varberg;män;Antal;2003;1.85
Varberg;män;Antal;2004;1.73
Varberg;män;Antal;2005;1.77
Varberg;män;Antal;2006;1.96
Varberg;män;Antal;2007;1.89
Varberg;män;Antal;2008;1.96
Varberg;män;Antal;2009;1.99
Varberg;män;Antal;2010;2.08
Varberg;män;Antal;2011;1.97
Varberg;män;Antal;2012;1.84
Varberg;män;Antal;2013;1.94
Varberg;män;Antal;2014;1.83
Varberg;män;Antal;2015;1.73
Varberg;män;Antal;2016;1.77
Varberg;män;Antal;2017;1.77
Varberg;män;Antal;2018;1.69
Varberg;män;Antal;2019;1.68
Varberg;män;Antal;2020;1.58
Varberg;män;Antal;2021;1.7
Varberg;män;Antal;2022;1.64
Varberg;män;Antal;2023;1.41
Varberg;män;Antal;2024;1.49
Varberg;män;Antal;2025;1.53
Varberg;kvinnor;Antal;2000;1.63
Varberg;kvinnor;Antal;2001;1.75
Varberg;kvinnor;Antal;2002;1.87
Varberg;kvinnor;Antal;2003;2.01
Varberg;kvinnor;Antal;2004;1.91
Varberg;kvinnor;Antal;2005;1.94
Varberg;kvinnor;Antal;2006;2.1
Varberg;kvinnor;Antal;2007;2.04
Varberg;kvinnor;Antal;2008;2.15
Varberg;kvinnor;Antal;2009;2.17
Varberg;kvinnor;Antal;2010;2.28
Varberg;kvinnor;Antal;2011;2.12
Varberg;kvinnor;Antal;2012;1.94
Varberg;kvinnor;Antal;2013;2.07
Varberg;kvinnor;Antal;2014;1.92
Varberg;kvinnor;Antal;2015;1.86
Varberg;kvinnor;Antal;2016;1.89
Varberg;kvinnor;Antal;2017;1.92
Varberg;kvinnor;Antal;2018;1.82
Varberg;kvinnor;Antal;2019;1.8
Varberg;kvinnor;Antal;2020;1.74
Varberg;kvinnor;Antal;2021;1.86
Varberg;kvinnor;Antal;2022;1.82
Varberg;kvinnor;Antal;2023;1.56
Varberg;kvinnor;Antal;2024;1.64
Varberg;kvinnor;Antal;2025;1.73
Kungsbacka;män;Antal;2000;1.83
Kungsbacka;män;Antal;2001;1.85
Kungsbacka;män;Antal;2002;2.04
Kungsbacka;män;Antal;2003;1.97
Kungsbacka;män;Antal;2004;1.98
Kungsbacka;män;Antal;2005;2.06
Kungsbacka;män;Antal;2006;2.06
Kungsbacka;män;Antal;2007;2.09
Kungsbacka;män;Antal;2008;2.06
Kungsbacka;män;Antal;2009;2.27
Kungsbacka;män;Antal;2010;2.24
Kungsbacka;män;Antal;2011;2.03
Kungsbacka;män;Antal;2012;2.06
Kungsbacka;män;Antal;2013;1.99
Kungsbacka;män;Antal;2014;2.07
Kungsbacka;män;Antal;2015;1.95
Kungsbacka;män;Antal;2016;1.97
Kungsbacka;män;Antal;2017;1.77
Kungsbacka;män;Antal;2018;1.91
Kungsbacka;män;Antal;2019;1.82
Kungsbacka;män;Antal;2020;1.72
Kungsbacka;män;Antal;2021;1.75
Kungsbacka;män;Antal;2022;1.62
Kungsbacka;män;Antal;2023;1.53
Kungsbacka;män;Antal;2024;1.55
Kungsbacka;män;Antal;2025;1.5
Kungsbacka;kvinnor;Antal;2000;1.86
Kungsbacka;kvinnor;Antal;2001;1.91
Kungsbacka;kvinnor;Antal;2002;2.14
Kungsbacka;kvinnor;Antal;2003;2.11
Kungsbacka;kvinnor;Antal;2004;2.08
Kungsbacka;kvinnor;Antal;2005;2.22
Kungsbacka;kvinnor;Antal;2006;2.18
Kungsbacka;kvinnor;Antal;2007;2.17
Kungsbacka;kvinnor;Antal;2008;2.14
Kungsbacka;kvinnor;Antal;2009;2.34
Kungsbacka;kvinnor;Antal;2010;2.37
Kungsbacka;kvinnor;Antal;2011;2.1
Kungsbacka;kvinnor;Antal;2012;2.21
Kungsbacka;kvinnor;Antal;2013;2.12
Kungsbacka;kvinnor;Antal;2014;2.17
Kungsbacka;kvinnor;Antal;2015;2.02
Kungsbacka;kvinnor;Antal;2016;2.04
Kungsbacka;kvinnor;Antal;2017;1.83
Kungsbacka;kvinnor;Antal;2018;1.99
Kungsbacka;kvinnor;Antal;2019;1.9
Kungsbacka;kvinnor;Antal;2020;1.77
Kungsbacka;kvinnor;Antal;2021;1.82
Kungsbacka;kvinnor;Antal;2022;1.71
Kungsbacka;kvinnor;Antal;2023;1.68
Kungsbacka;kvinnor;Antal;2024;1.68
Kungsbacka;kvinnor;Antal;2025;1.58
Härryda;män;Antal;2000;1.7
Härryda;män;Antal;2001;1.61
Härryda;män;Antal;2002;1.8
Härryda;män;Antal;2003;1.76
Härryda;män;Antal;2004;1.72
Härryda;män;Antal;2005;2.08
Härryda;män;Antal;2006;2.09
Härryda;män;Antal;2007;2.1
Härryda;män;Antal;2008;2.36
Härryda;män;Antal;2009;2.08
Härryda;män;Antal;2010;2.53
Härryda;män;Antal;2011;1.97
Härryda;män;Antal;2012;2.31
Härryda;män;Antal;2013;2.14
Härryda;män;Antal;2014;2.09
Härryda;män;Antal;2015;1.93
Härryda;män;Antal;2016;2.02
Härryda;män;Antal;2017;1.74
Härryda;män;Antal;2018;1.59
Härryda;män;Antal;2019;1.77
Härryda;män;Antal;2020;1.54
Härryda;män;Antal;2021;1.72
Härryda;män;Antal;2022;1.56
Härryda;män;Antal;2023;1.49
Härryda;män;Antal;2024;1.45
Härryda;män;Antal;2025;1.36
Härryda;kvinnor;Antal;2000;1.84
Härryda;kvinnor;Antal;2001;1.8
Härryda;kvinnor;Antal;2002;1.95
Härryda;kvinnor;Antal;2003;1.97
Härryda;kvinnor;Antal;2004;1.86
Härryda;kvinnor;Antal;2005;2.14
Härryda;kvinnor;Antal;2006;2.27
Härryda;kvinnor;Antal;2007;2.3
Härryda;kvinnor;Antal;2008;2.49
Härryda;kvinnor;Antal;2009;2.24
Härryda;kvinnor;Antal;2010;2.71
Härryda;kvinnor;Antal;2011;2.08
Härryda;kvinnor;Antal;2012;2.43
Härryda;kvinnor;Antal;2013;2.21
Härryda;kvinnor;Antal;2014;2.17
Härryda;kvinnor;Antal;2015;2.04
Härryda;kvinnor;Antal;2016;2.15
Härryda;kvinnor;Antal;2017;1.87
Härryda;kvinnor;Antal;2018;1.73
Härryda;kvinnor;Antal;2019;1.84
Härryda;kvinnor;Antal;2020;1.72
Härryda;kvinnor;Antal;2021;1.85
Härryda;kvinnor;Antal;2022;1.74
Härryda;kvinnor;Antal;2023;1.66
Härryda;kvinnor;Antal;2024;1.6
Härryda;kvinnor;Antal;2025;1.55
Partille;män;Antal;2000;1.76
Partille;män;Antal;2001;1.74
Partille;män;Antal;2002;1.68
Partille;män;Antal;2003;1.83
Partille;män;Antal;2004;1.89
Partille;män;Antal;2005;1.67
Partille;män;Antal;2006;1.79
Partille;män;Antal;2007;1.86
Partille;män;Antal;2008;1.81
Partille;män;Antal;2009;1.88
Partille;män;Antal;2010;2.05
Partille;män;Antal;2011;1.99
Partille;män;Antal;2012;2.14
Partille;män;Antal;2013;1.98
Partille;män;Antal;2014;1.79
Partille;män;Antal;2015;1.83
Partille;män;Antal;2016;1.91
Partille;män;Antal;2017;1.7
Partille;män;Antal;2018;1.55
Partille;män;Antal;2019;1.69
Partille;män;Antal;2020;1.67
Partille;män;Antal;2021;1.62
Partille;män;Antal;2022;1.51
Partille;män;Antal;2023;1.48
Partille;män;Antal;2024;1.26
Partille;män;Antal;2025;1.55
Partille;kvinnor;Antal;2000;1.8
Partille;kvinnor;Antal;2001;1.86
Partille;kvinnor;Antal;2002;1.8
Partille;kvinnor;Antal;2003;1.95
Partille;kvinnor;Antal;2004;2.09
Partille;kvinnor;Antal;2005;1.88
Partille;kvinnor;Antal;2006;1.95
Partille;kvinnor;Antal;2007;1.99
Partille;kvinnor;Antal;2008;1.95
Partille;kvinnor;Antal;2009;2.07
Partille;kvinnor;Antal;2010;2.2
Partille;kvinnor;Antal;2011;2.08
Partille;kvinnor;Antal;2012;2.22
Partille;kvinnor;Antal;2013;2.09
Partille;kvinnor;Antal;2014;1.83
Partille;kvinnor;Antal;2015;1.93
Partille;kvinnor;Antal;2016;2.01
Partille;kvinnor;Antal;2017;1.79
Partille;kvinnor;Antal;2018;1.67
Partille;kvinnor;Antal;2019;1.83
Partille;kvinnor;Antal;2020;1.81
Partille;kvinnor;Antal;2021;1.8
Partille;kvinnor;Antal;2022;1.67
Partille;kvinnor;Antal;2023;1.74
Partille;kvinnor;Antal;2024;1.49
Partille;kvinnor;Antal;2025;1.84
Öckerö;män;Antal;2000;1.41
Öckerö;män;Antal;2001;1.93
Öckerö;män;Antal;2002;1.94
Öckerö;män;Antal;2003;1.81
Öckerö;män;Antal;2004;1.7
Öckerö;män;Antal;2005;1.92
Öckerö;män;Antal;2006;2.06
Öckerö;män;Antal;2007;2.09
Öckerö;män;Antal;2008;2.12
Öckerö;män;Antal;2009;1.82
Öckerö;män;Antal;2010;2.18
Öckerö;män;Antal;2011;1.72
Öckerö;män;Antal;2012;1.79
Öckerö;män;Antal;2013;1.93
Öckerö;män;Antal;2014;1.89
Öckerö;män;Antal;2015;2.02
Öckerö;män;Antal;2016;1.91
Öckerö;män;Antal;2017;1.67
Öckerö;män;Antal;2018;1.71
Öckerö;män;Antal;2019;1.74
Öckerö;män;Antal;2020;1.55
Öckerö;män;Antal;2021;1.51
Öckerö;män;Antal;2022;1.25
Öckerö;män;Antal;2023;1.33
Öckerö;män;Antal;2024;1.45
Öckerö;män;Antal;2025;1.58
Öckerö;kvinnor;Antal;2000;1.67
Öckerö;kvinnor;Antal;2001;2.09
Öckerö;kvinnor;Antal;2002;2.26
Öckerö;kvinnor;Antal;2003;2.01
Öckerö;kvinnor;Antal;2004;2
Öckerö;kvinnor;Antal;2005;2.23
Öckerö;kvinnor;Antal;2006;2.29
Öckerö;kvinnor;Antal;2007;2.35
Öckerö;kvinnor;Antal;2008;2.22
Öckerö;kvinnor;Antal;2009;1.97
Öckerö;kvinnor;Antal;2010;2.5
Öckerö;kvinnor;Antal;2011;1.92
Öckerö;kvinnor;Antal;2012;2.04
Öckerö;kvinnor;Antal;2013;2.03
Öckerö;kvinnor;Antal;2014;2.05
Öckerö;kvinnor;Antal;2015;2.02
Öckerö;kvinnor;Antal;2016;1.97
Öckerö;kvinnor;Antal;2017;1.77
Öckerö;kvinnor;Antal;2018;1.8
Öckerö;kvinnor;Antal;2019;1.97
Öckerö;kvinnor;Antal;2020;1.72
Öckerö;kvinnor;Antal;2021;1.68
Öckerö;kvinnor;Antal;2022;1.43
Öckerö;kvinnor;Antal;2023;1.59
Öckerö;kvinnor;Antal;2024;1.72
Öckerö;kvinnor;Antal;2025;1.87
Stenungsund;män;Antal;2000;1.56
Stenungsund;män;Antal;2001;1.55
Stenungsund;män;Antal;2002;1.77
Stenungsund;män;Antal;2003;1.74
Stenungsund;män;Antal;2004;1.81
Stenungsund;män;Antal;2005;2.07
Stenungsund;män;Antal;2006;2.05
Stenungsund;män;Antal;2007;1.96
Stenungsund;män;Antal;2008;1.81
Stenungsund;män;Antal;2009;2.14
Stenungsund;män;Antal;2010;2.02
Stenungsund;män;Antal;2011;1.93
Stenungsund;män;Antal;2012;1.99
Stenungsund;män;Antal;2013;1.91
Stenungsund;män;Antal;2014;2.02
Stenungsund;män;Antal;2015;1.79
Stenungsund;män;Antal;2016;1.74
Stenungsund;män;Antal;2017;1.66
Stenungsund;män;Antal;2018;1.73
Stenungsund;män;Antal;2019;1.72
Stenungsund;män;Antal;2020;1.72
Stenungsund;män;Antal;2021;1.68
Stenungsund;män;Antal;2022;1.65
Stenungsund;män;Antal;2023;1.49
Stenungsund;män;Antal;2024;1.41
Stenungsund;män;Antal;2025;1.32
Stenungsund;kvinnor;Antal;2000;1.74
Stenungsund;kvinnor;Antal;2001;1.73
Stenungsund;kvinnor;Antal;2002;1.92
Stenungsund;kvinnor;Antal;2003;1.94
Stenungsund;kvinnor;Antal;2004;1.91
Stenungsund;kvinnor;Antal;2005;2.25
Stenungsund;kvinnor;Antal;2006;2.15
Stenungsund;kvinnor;Antal;2007;2.18
Stenungsund;kvinnor;Antal;2008;1.99
Stenungsund;kvinnor;Antal;2009;2.28
Stenungsund;kvinnor;Antal;2010;2.16
Stenungsund;kvinnor;Antal;2011;2.09
Stenungsund;kvinnor;Antal;2012;2.12
Stenungsund;kvinnor;Antal;2013;2.03
Stenungsund;kvinnor;Antal;2014;2.18
Stenungsund;kvinnor;Antal;2015;1.93
Stenungsund;kvinnor;Antal;2016;1.95
Stenungsund;kvinnor;Antal;2017;1.85
Stenungsund;kvinnor;Antal;2018;1.97
Stenungsund;kvinnor;Antal;2019;1.9
Stenungsund;kvinnor;Antal;2020;1.91
Stenungsund;kvinnor;Antal;2021;1.84
Stenungsund;kvinnor;Antal;2022;1.82
Stenungsund;kvinnor;Antal;2023;1.63
Stenungsund;kvinnor;Antal;2024;1.59
Stenungsund;kvinnor;Antal;2025;1.56
Tjörn;män;Antal;2000;1.55
Tjörn;män;Antal;2001;1.56
Tjörn;män;Antal;2002;1.47
Tjörn;män;Antal;2003;1.6
Tjörn;män;Antal;2004;1.61
Tjörn;män;Antal;2005;1.9
Tjörn;män;Antal;2006;1.96
Tjörn;män;Antal;2007;2.07
Tjörn;män;Antal;2008;1.85
Tjörn;män;Antal;2009;2.08
Tjörn;män;Antal;2010;2.1
Tjörn;män;Antal;2011;1.77
Tjörn;män;Antal;2012;1.54
Tjörn;män;Antal;2013;2.06
Tjörn;män;Antal;2014;1.93
Tjörn;män;Antal;2015;1.8
Tjörn;män;Antal;2016;2.14
Tjörn;män;Antal;2017;2.04
Tjörn;män;Antal;2018;1.74
Tjörn;män;Antal;2019;1.8
Tjörn;män;Antal;2020;1.74
Tjörn;män;Antal;2021;1.48
Tjörn;män;Antal;2022;1.46
Tjörn;män;Antal;2023;1.47
Tjörn;män;Antal;2024;1.44
Tjörn;män;Antal;2025;1.57
Tjörn;kvinnor;Antal;2000;1.81
Tjörn;kvinnor;Antal;2001;1.8
Tjörn;kvinnor;Antal;2002;1.69
Tjörn;kvinnor;Antal;2003;1.89
Tjörn;kvinnor;Antal;2004;1.81
Tjörn;kvinnor;Antal;2005;2.17
Tjörn;kvinnor;Antal;2006;2.27
Tjörn;kvinnor;Antal;2007;2.43
Tjörn;kvinnor;Antal;2008;2.08
Tjörn;kvinnor;Antal;2009;2.27
Tjörn;kvinnor;Antal;2010;2.31
Tjörn;kvinnor;Antal;2011;1.89
Tjörn;kvinnor;Antal;2012;1.76
Tjörn;kvinnor;Antal;2013;2.15
Tjörn;kvinnor;Antal;2014;2.17
Tjörn;kvinnor;Antal;2015;2.03
Tjörn;kvinnor;Antal;2016;2.32
Tjörn;kvinnor;Antal;2017;2.17
Tjörn;kvinnor;Antal;2018;1.88
Tjörn;kvinnor;Antal;2019;2.09
Tjörn;kvinnor;Antal;2020;2
Tjörn;kvinnor;Antal;2021;1.68
Tjörn;kvinnor;Antal;2022;1.64
Tjörn;kvinnor;Antal;2023;1.63
Tjörn;kvinnor;Antal;2024;1.69
Tjörn;kvinnor;Antal;2025;1.78
Orust;män;Antal;2000;1.39
Orust;män;Antal;2001;1.54
Orust;män;Antal;2002;1.46
Orust;män;Antal;2003;1.46
Orust;män;Antal;2004;1.44
Orust;män;Antal;2005;1.47
Orust;män;Antal;2006;1.69
Orust;män;Antal;2007;1.63
Orust;män;Antal;2008;1.6
Orust;män;Antal;2009;1.95
Orust;män;Antal;2010;1.77
Orust;män;Antal;2011;1.54
Orust;män;Antal;2012;1.96
Orust;män;Antal;2013;1.5
Orust;män;Antal;2014;1.75
Orust;män;Antal;2015;1.67
Orust;män;Antal;2016;1.61
Orust;män;Antal;2017;1.6
Orust;män;Antal;2018;1.59
Orust;män;Antal;2019;1.69
Orust;män;Antal;2020;1.53
Orust;män;Antal;2021;1.93
Orust;män;Antal;2022;1.53
Orust;män;Antal;2023;1.44
Orust;män;Antal;2024;1.39
Orust;män;Antal;2025;1.58
Orust;kvinnor;Antal;2000;1.65
Orust;kvinnor;Antal;2001;1.79
Orust;kvinnor;Antal;2002;1.55
Orust;kvinnor;Antal;2003;1.64
Orust;kvinnor;Antal;2004;1.71
Orust;kvinnor;Antal;2005;1.69
Orust;kvinnor;Antal;2006;1.99
Orust;kvinnor;Antal;2007;1.93
Orust;kvinnor;Antal;2008;1.99
Orust;kvinnor;Antal;2009;2.12
Orust;kvinnor;Antal;2010;1.98
Orust;kvinnor;Antal;2011;1.82
Orust;kvinnor;Antal;2012;2.25
Orust;kvinnor;Antal;2013;1.85
Orust;kvinnor;Antal;2014;1.98
Orust;kvinnor;Antal;2015;1.92
Orust;kvinnor;Antal;2016;1.83
Orust;kvinnor;Antal;2017;1.73
Orust;kvinnor;Antal;2018;1.66
Orust;kvinnor;Antal;2019;1.91
Orust;kvinnor;Antal;2020;1.77
Orust;kvinnor;Antal;2021;2.16
Orust;kvinnor;Antal;2022;1.76
Orust;kvinnor;Antal;2023;1.59
Orust;kvinnor;Antal;2024;1.67
Orust;kvinnor;Antal;2025;1.72
Sotenäs;män;Antal;2000;1.69
Sotenäs;män;Antal;2001;1.31
Sotenäs;män;Antal;2002;1.29
Sotenäs;män;Antal;2003;1.41
Sotenäs;män;Antal;2004;1.53
Sotenäs;män;Antal;2005;1.24
Sotenäs;män;Antal;2006;1.18
Sotenäs;män;Antal;2007;1.77
Sotenäs;män;Antal;2008;1.63
Sotenäs;män;Antal;2009;1.5
Sotenäs;män;Antal;2010;1.63
Sotenäs;män;Antal;2011;1.55
Sotenäs;män;Antal;2012;1.39
Sotenäs;män;Antal;2013;1.21
Sotenäs;män;Antal;2014;1.43
Sotenäs;män;Antal;2015;1.44
Sotenäs;män;Antal;2016;1.26
Sotenäs;män;Antal;2017;1.75
Sotenäs;män;Antal;2018;1.33
Sotenäs;män;Antal;2019;1.64
Sotenäs;män;Antal;2020;1.15
Sotenäs;män;Antal;2021;1.3
Sotenäs;män;Antal;2022;1.1
Sotenäs;män;Antal;2023;1.19
Sotenäs;män;Antal;2024;1.22
Sotenäs;män;Antal;2025;1.25
Sotenäs;kvinnor;Antal;2000;1.92
Sotenäs;kvinnor;Antal;2001;1.45
Sotenäs;kvinnor;Antal;2002;1.57
Sotenäs;kvinnor;Antal;2003;1.63
Sotenäs;kvinnor;Antal;2004;1.93
Sotenäs;kvinnor;Antal;2005;1.41
Sotenäs;kvinnor;Antal;2006;1.55
Sotenäs;kvinnor;Antal;2007;2.19
Sotenäs;kvinnor;Antal;2008;1.69
Sotenäs;kvinnor;Antal;2009;1.91
Sotenäs;kvinnor;Antal;2010;1.9
Sotenäs;kvinnor;Antal;2011;1.72
Sotenäs;kvinnor;Antal;2012;1.77
Sotenäs;kvinnor;Antal;2013;1.3
Sotenäs;kvinnor;Antal;2014;1.81
Sotenäs;kvinnor;Antal;2015;2
Sotenäs;kvinnor;Antal;2016;1.46
Sotenäs;kvinnor;Antal;2017;2.04
Sotenäs;kvinnor;Antal;2018;1.64
Sotenäs;kvinnor;Antal;2019;2.1
Sotenäs;kvinnor;Antal;2020;1.41
Sotenäs;kvinnor;Antal;2021;1.65
Sotenäs;kvinnor;Antal;2022;1.41
Sotenäs;kvinnor;Antal;2023;1.51
Sotenäs;kvinnor;Antal;2024;1.59
Sotenäs;kvinnor;Antal;2025;1.65
Munkedal;män;Antal;2000;1.54
Munkedal;män;Antal;2001;1.54
Munkedal;män;Antal;2002;1.36
Munkedal;män;Antal;2003;1.59
Munkedal;män;Antal;2004;1.74
Munkedal;män;Antal;2005;1.64
Munkedal;män;Antal;2006;1.72
Munkedal;män;Antal;2007;1.96
Munkedal;män;Antal;2008;2
Munkedal;män;Antal;2009;2.14
Munkedal;män;Antal;2010;1.69
Munkedal;män;Antal;2011;1.83
Munkedal;män;Antal;2012;2.17
Munkedal;män;Antal;2013;1.76
Munkedal;män;Antal;2014;1.97
Munkedal;män;Antal;2015;1.82
Munkedal;män;Antal;2016;1.78
Munkedal;män;Antal;2017;1.92
Munkedal;män;Antal;2018;1.78
Munkedal;män;Antal;2019;1.76
Munkedal;män;Antal;2020;1.45
Munkedal;män;Antal;2021;1.59
Munkedal;män;Antal;2022;1.57
Munkedal;män;Antal;2023;1.32
Munkedal;män;Antal;2024;1.25
Munkedal;män;Antal;2025;1.29
Munkedal;kvinnor;Antal;2000;1.78
Munkedal;kvinnor;Antal;2001;1.82
Munkedal;kvinnor;Antal;2002;1.46
Munkedal;kvinnor;Antal;2003;1.83
Munkedal;kvinnor;Antal;2004;2.01
Munkedal;kvinnor;Antal;2005;1.92
Munkedal;kvinnor;Antal;2006;1.96
Munkedal;kvinnor;Antal;2007;2.1
Munkedal;kvinnor;Antal;2008;2.09
Munkedal;kvinnor;Antal;2009;2.31
Munkedal;kvinnor;Antal;2010;1.87
Munkedal;kvinnor;Antal;2011;2.07
Munkedal;kvinnor;Antal;2012;2.45
Munkedal;kvinnor;Antal;2013;1.99
Munkedal;kvinnor;Antal;2014;2.27
Munkedal;kvinnor;Antal;2015;2.07
Munkedal;kvinnor;Antal;2016;1.95
Munkedal;kvinnor;Antal;2017;2.13
Munkedal;kvinnor;Antal;2018;2.07
Munkedal;kvinnor;Antal;2019;1.76
Munkedal;kvinnor;Antal;2020;1.66
Munkedal;kvinnor;Antal;2021;1.75
Munkedal;kvinnor;Antal;2022;1.76
Munkedal;kvinnor;Antal;2023;1.47
Munkedal;kvinnor;Antal;2024;1.49
Munkedal;kvinnor;Antal;2025;1.56
Tanum;män;Antal;2000;1.36
Tanum;män;Antal;2001;1.21
Tanum;män;Antal;2002;1.62
Tanum;män;Antal;2003;1.4
Tanum;män;Antal;2004;1.84
Tanum;män;Antal;2005;1.51
Tanum;män;Antal;2006;1.83
Tanum;män;Antal;2007;1.46
Tanum;män;Antal;2008;1.64
Tanum;män;Antal;2009;1.94
Tanum;män;Antal;2010;1.97
Tanum;män;Antal;2011;1.68
Tanum;män;Antal;2012;1.54
Tanum;män;Antal;2013;1.88
Tanum;män;Antal;2014;2.1
Tanum;män;Antal;2015;1.73
Tanum;män;Antal;2016;1.89
Tanum;män;Antal;2017;2.03
Tanum;män;Antal;2018;1.54
Tanum;män;Antal;2019;1.67
Tanum;män;Antal;2020;1.41
Tanum;män;Antal;2021;1.38
Tanum;män;Antal;2022;1.58
Tanum;män;Antal;2023;1.04
Tanum;män;Antal;2024;1.03
Tanum;män;Antal;2025;1.07
Tanum;kvinnor;Antal;2000;1.59
Tanum;kvinnor;Antal;2001;1.45
Tanum;kvinnor;Antal;2002;1.82
Tanum;kvinnor;Antal;2003;1.69
Tanum;kvinnor;Antal;2004;2.07
Tanum;kvinnor;Antal;2005;1.89
Tanum;kvinnor;Antal;2006;2
Tanum;kvinnor;Antal;2007;1.73
Tanum;kvinnor;Antal;2008;1.96
Tanum;kvinnor;Antal;2009;2.15
Tanum;kvinnor;Antal;2010;2.28
Tanum;kvinnor;Antal;2011;1.94
Tanum;kvinnor;Antal;2012;1.75
Tanum;kvinnor;Antal;2013;2.08
Tanum;kvinnor;Antal;2014;2.08
Tanum;kvinnor;Antal;2015;1.92
Tanum;kvinnor;Antal;2016;2.13
Tanum;kvinnor;Antal;2017;2.12
Tanum;kvinnor;Antal;2018;1.75
Tanum;kvinnor;Antal;2019;1.87
Tanum;kvinnor;Antal;2020;1.67
Tanum;kvinnor;Antal;2021;1.54
Tanum;kvinnor;Antal;2022;1.86
Tanum;kvinnor;Antal;2023;1.24
Tanum;kvinnor;Antal;2024;1.21
Tanum;kvinnor;Antal;2025;1.18
Dals-Ed;män;Antal;2000;1.8
Dals-Ed;män;Antal;2001;1.44
Dals-Ed;män;Antal;2002;1.61
Dals-Ed;män;Antal;2003;1.81
Dals-Ed;män;Antal;2004;1.4
Dals-Ed;män;Antal;2005;2.05
Dals-Ed;män;Antal;2006;1.71
Dals-Ed;män;Antal;2007;1.75
Dals-Ed;män;Antal;2008;1.34
Dals-Ed;män;Antal;2009;1.65
Dals-Ed;män;Antal;2010;1.65
Dals-Ed;män;Antal;2011;1.47
Dals-Ed;män;Antal;2012;1.45
Dals-Ed;män;Antal;2013;1.91
Dals-Ed;män;Antal;2014;1.23
Dals-Ed;män;Antal;2015;1.43
Dals-Ed;män;Antal;2016;1.53
Dals-Ed;män;Antal;2017;1.28
Dals-Ed;män;Antal;2018;1.54
Dals-Ed;män;Antal;2019;1.47
Dals-Ed;män;Antal;2020;1.32
Dals-Ed;män;Antal;2021;1.32
Dals-Ed;män;Antal;2022;1.14
Dals-Ed;män;Antal;2023;
Dals-Ed;män;Antal;2024;1.26
Dals-Ed;män;Antal;2025;1.31
Dals-Ed;kvinnor;Antal;2000;2.22
Dals-Ed;kvinnor;Antal;2001;1.89
Dals-Ed;kvinnor;Antal;2002;2.09
Dals-Ed;kvinnor;Antal;2003;2.2
Dals-Ed;kvinnor;Antal;2004;1.86
Dals-Ed;kvinnor;Antal;2005;2.5
Dals-Ed;kvinnor;Antal;2006;2.23
Dals-Ed;kvinnor;Antal;2007;2.18
Dals-Ed;kvinnor;Antal;2008;1.62
Dals-Ed;kvinnor;Antal;2009;1.95
Dals-Ed;kvinnor;Antal;2010;2.21
Dals-Ed;kvinnor;Antal;2011;1.67
Dals-Ed;kvinnor;Antal;2012;1.88
Dals-Ed;kvinnor;Antal;2013;2.23
Dals-Ed;kvinnor;Antal;2014;1.64
Dals-Ed;kvinnor;Antal;2015;1.73
Dals-Ed;kvinnor;Antal;2016;1.87
Dals-Ed;kvinnor;Antal;2017;1.51
Dals-Ed;kvinnor;Antal;2018;1.95
Dals-Ed;kvinnor;Antal;2019;1.93
Dals-Ed;kvinnor;Antal;2020;1.65
Dals-Ed;kvinnor;Antal;2021;1.73
Dals-Ed;kvinnor;Antal;2022;1.55
Dals-Ed;kvinnor;Antal;2023;
Dals-Ed;kvinnor;Antal;2024;1.82
Dals-Ed;kvinnor;Antal;2025;1.96
Färgelanda;män;Antal;2000;1.64
Färgelanda;män;Antal;2001;1.53
Färgelanda;män;Antal;2002;1.42
Färgelanda;män;Antal;2003;1.4
Färgelanda;män;Antal;2004;1.52
Färgelanda;män;Antal;2005;1.63
Färgelanda;män;Antal;2006;1.64
Färgelanda;män;Antal;2007;1.82
Färgelanda;män;Antal;2008;1.55
Färgelanda;män;Antal;2009;1.9
Färgelanda;män;Antal;2010;1.91
Färgelanda;män;Antal;2011;1.82
Färgelanda;män;Antal;2012;1.67
Färgelanda;män;Antal;2013;1.72
Färgelanda;män;Antal;2014;1.98
Färgelanda;män;Antal;2015;1.97
Färgelanda;män;Antal;2016;1.96
Färgelanda;män;Antal;2017;1.73
Färgelanda;män;Antal;2018;1.7
Färgelanda;män;Antal;2019;1.7
Färgelanda;män;Antal;2020;1.41
Färgelanda;män;Antal;2021;1.12
Färgelanda;män;Antal;2022;1.64
Färgelanda;män;Antal;2023;1.3
Färgelanda;män;Antal;2024;1.4
Färgelanda;män;Antal;2025;1.13
Färgelanda;kvinnor;Antal;2000;2.11
Färgelanda;kvinnor;Antal;2001;1.97
Färgelanda;kvinnor;Antal;2002;1.76
Färgelanda;kvinnor;Antal;2003;1.68
Färgelanda;kvinnor;Antal;2004;1.88
Färgelanda;kvinnor;Antal;2005;1.98
Färgelanda;kvinnor;Antal;2006;1.89
Färgelanda;kvinnor;Antal;2007;2.36
Färgelanda;kvinnor;Antal;2008;1.97
Färgelanda;kvinnor;Antal;2009;2.43
Färgelanda;kvinnor;Antal;2010;2.25
Färgelanda;kvinnor;Antal;2011;2.1
Färgelanda;kvinnor;Antal;2012;1.8
Färgelanda;kvinnor;Antal;2013;1.9
Färgelanda;kvinnor;Antal;2014;2.32
Färgelanda;kvinnor;Antal;2015;1.98
Färgelanda;kvinnor;Antal;2016;2.18
Färgelanda;kvinnor;Antal;2017;1.95
Färgelanda;kvinnor;Antal;2018;1.96
Färgelanda;kvinnor;Antal;2019;2.03
Färgelanda;kvinnor;Antal;2020;1.86
Färgelanda;kvinnor;Antal;2021;1.34
Färgelanda;kvinnor;Antal;2022;2.12
Färgelanda;kvinnor;Antal;2023;1.47
Färgelanda;kvinnor;Antal;2024;1.66
Färgelanda;kvinnor;Antal;2025;1.32
Ale;män;Antal;2000;1.53
Ale;män;Antal;2001;1.48
Ale;män;Antal;2002;1.64
Ale;män;Antal;2003;1.53
Ale;män;Antal;2004;1.79
Ale;män;Antal;2005;1.71
Ale;män;Antal;2006;1.98
Ale;män;Antal;2007;1.92
Ale;män;Antal;2008;1.69
Ale;män;Antal;2009;1.87
Ale;män;Antal;2010;1.77
Ale;män;Antal;2011;1.83
Ale;män;Antal;2012;1.9
Ale;män;Antal;2013;1.88
Ale;män;Antal;2014;1.71
Ale;män;Antal;2015;1.74
Ale;män;Antal;2016;1.71
Ale;män;Antal;2017;1.85
Ale;män;Antal;2018;1.9
Ale;män;Antal;2019;1.68
Ale;män;Antal;2020;1.7
Ale;män;Antal;2021;1.77
Ale;män;Antal;2022;1.44
Ale;män;Antal;2023;1.44
Ale;män;Antal;2024;1.59
Ale;män;Antal;2025;1.3
Ale;kvinnor;Antal;2000;1.73
Ale;kvinnor;Antal;2001;1.76
Ale;kvinnor;Antal;2002;1.86
Ale;kvinnor;Antal;2003;1.7
Ale;kvinnor;Antal;2004;2.04
Ale;kvinnor;Antal;2005;1.98
Ale;kvinnor;Antal;2006;2.18
Ale;kvinnor;Antal;2007;2.15
Ale;kvinnor;Antal;2008;1.86
Ale;kvinnor;Antal;2009;2.14
Ale;kvinnor;Antal;2010;1.96
Ale;kvinnor;Antal;2011;1.97
Ale;kvinnor;Antal;2012;2.08
Ale;kvinnor;Antal;2013;2.01
Ale;kvinnor;Antal;2014;1.89
Ale;kvinnor;Antal;2015;1.87
Ale;kvinnor;Antal;2016;1.82
Ale;kvinnor;Antal;2017;1.98
Ale;kvinnor;Antal;2018;2.13
Ale;kvinnor;Antal;2019;1.84
Ale;kvinnor;Antal;2020;1.87
Ale;kvinnor;Antal;2021;1.97
Ale;kvinnor;Antal;2022;1.64
Ale;kvinnor;Antal;2023;1.57
Ale;kvinnor;Antal;2024;1.83
Ale;kvinnor;Antal;2025;1.47
Lerum;män;Antal;2000;1.52
Lerum;män;Antal;2001;1.75
Lerum;män;Antal;2002;1.82
Lerum;män;Antal;2003;1.77
Lerum;män;Antal;2004;2.15
Lerum;män;Antal;2005;1.85
Lerum;män;Antal;2006;1.9
Lerum;män;Antal;2007;2.2
Lerum;män;Antal;2008;2.29
Lerum;män;Antal;2009;2.16
Lerum;män;Antal;2010;2.13
Lerum;män;Antal;2011;2.06
Lerum;män;Antal;2012;1.98
Lerum;män;Antal;2013;2
Lerum;män;Antal;2014;2.12
Lerum;män;Antal;2015;1.89
Lerum;män;Antal;2016;1.88
Lerum;män;Antal;2017;1.78
Lerum;män;Antal;2018;1.93
Lerum;män;Antal;2019;1.77
Lerum;män;Antal;2020;1.9
Lerum;män;Antal;2021;1.94
Lerum;män;Antal;2022;1.42
Lerum;män;Antal;2023;1.58
Lerum;män;Antal;2024;1.44
Lerum;män;Antal;2025;1.68
Lerum;kvinnor;Antal;2000;1.59
Lerum;kvinnor;Antal;2001;1.88
Lerum;kvinnor;Antal;2002;1.99
Lerum;kvinnor;Antal;2003;1.84
Lerum;kvinnor;Antal;2004;2.25
Lerum;kvinnor;Antal;2005;1.94
Lerum;kvinnor;Antal;2006;2.02
Lerum;kvinnor;Antal;2007;2.31
Lerum;kvinnor;Antal;2008;2.44
Lerum;kvinnor;Antal;2009;2.24
Lerum;kvinnor;Antal;2010;2.19
Lerum;kvinnor;Antal;2011;2.2
Lerum;kvinnor;Antal;2012;2.03
Lerum;kvinnor;Antal;2013;2.15
Lerum;kvinnor;Antal;2014;2.28
Lerum;kvinnor;Antal;2015;2.03
Lerum;kvinnor;Antal;2016;2
Lerum;kvinnor;Antal;2017;1.91
Lerum;kvinnor;Antal;2018;2.12
Lerum;kvinnor;Antal;2019;1.87
Lerum;kvinnor;Antal;2020;2.11
Lerum;kvinnor;Antal;2021;2.1
Lerum;kvinnor;Antal;2022;1.57
Lerum;kvinnor;Antal;2023;1.81
Lerum;kvinnor;Antal;2024;1.63
Lerum;kvinnor;Antal;2025;1.95
Vårgårda;män;Antal;2000;1.69
Vårgårda;män;Antal;2001;1.37
Vårgårda;män;Antal;2002;1.54
Vårgårda;män;Antal;2003;1.56
Vårgårda;män;Antal;2004;1.63
Vårgårda;män;Antal;2005;2.06
Vårgårda;män;Antal;2006;2.16
Vårgårda;män;Antal;2007;2.14
Vårgårda;män;Antal;2008;1.78
Vårgårda;män;Antal;2009;2.33
Vårgårda;män;Antal;2010;1.87
Vårgårda;män;Antal;2011;1.97
Vårgårda;män;Antal;2012;1.82
Vårgårda;män;Antal;2013;1.95
Vårgårda;män;Antal;2014;2.13
Vårgårda;män;Antal;2015;2.08
Vårgårda;män;Antal;2016;2.3
Vårgårda;män;Antal;2017;1.94
Vårgårda;män;Antal;2018;1.76
Vårgårda;män;Antal;2019;1.83
Vårgårda;män;Antal;2020;1.62
Vårgårda;män;Antal;2021;1.48
Vårgårda;män;Antal;2022;1.42
Vårgårda;män;Antal;2023;1.4
Vårgårda;män;Antal;2024;1.39
Vårgårda;män;Antal;2025;1.26
Vårgårda;kvinnor;Antal;2000;1.9
Vårgårda;kvinnor;Antal;2001;1.49
Vårgårda;kvinnor;Antal;2002;1.66
Vårgårda;kvinnor;Antal;2003;1.76
Vårgårda;kvinnor;Antal;2004;1.83
Vårgårda;kvinnor;Antal;2005;2.27
Vårgårda;kvinnor;Antal;2006;2.33
Vårgårda;kvinnor;Antal;2007;2.34
Vårgårda;kvinnor;Antal;2008;2.02
Vårgårda;kvinnor;Antal;2009;2.48
Vårgårda;kvinnor;Antal;2010;2.08
Vårgårda;kvinnor;Antal;2011;2.14
Vårgårda;kvinnor;Antal;2012;2
Vårgårda;kvinnor;Antal;2013;2.07
Vårgårda;kvinnor;Antal;2014;2.36
Vårgårda;kvinnor;Antal;2015;2.09
Vårgårda;kvinnor;Antal;2016;2.46
Vårgårda;kvinnor;Antal;2017;2.19
Vårgårda;kvinnor;Antal;2018;1.97
Vårgårda;kvinnor;Antal;2019;1.9
Vårgårda;kvinnor;Antal;2020;1.87
Vårgårda;kvinnor;Antal;2021;1.79
Vårgårda;kvinnor;Antal;2022;1.69
Vårgårda;kvinnor;Antal;2023;1.8
Vårgårda;kvinnor;Antal;2024;1.63
Vårgårda;kvinnor;Antal;2025;1.44
Bollebygd;män;Antal;2000;1.53
Bollebygd;män;Antal;2001;1.8
Bollebygd;män;Antal;2002;1.14
Bollebygd;män;Antal;2003;1.9
Bollebygd;män;Antal;2004;2
Bollebygd;män;Antal;2005;1.85
Bollebygd;män;Antal;2006;1.83
Bollebygd;män;Antal;2007;1.97
Bollebygd;män;Antal;2008;2.15
Bollebygd;män;Antal;2009;2.03
Bollebygd;män;Antal;2010;2.1
Bollebygd;män;Antal;2011;2.1
Bollebygd;män;Antal;2012;1.95
Bollebygd;män;Antal;2013;2.29
Bollebygd;män;Antal;2014;1.81
Bollebygd;män;Antal;2015;1.98
Bollebygd;män;Antal;2016;1.91
Bollebygd;män;Antal;2017;1.72
Bollebygd;män;Antal;2018;1.63
Bollebygd;män;Antal;2019;1.68
Bollebygd;män;Antal;2020;1.64
Bollebygd;män;Antal;2021;1.96
Bollebygd;män;Antal;2022;1.42
Bollebygd;män;Antal;2023;1.55
Bollebygd;män;Antal;2024;1.35
Bollebygd;män;Antal;2025;1.55
Bollebygd;kvinnor;Antal;2000;1.56
Bollebygd;kvinnor;Antal;2001;1.84
Bollebygd;kvinnor;Antal;2002;1.33
Bollebygd;kvinnor;Antal;2003;2.14
Bollebygd;kvinnor;Antal;2004;2.19
Bollebygd;kvinnor;Antal;2005;2.17
Bollebygd;kvinnor;Antal;2006;2.22
Bollebygd;kvinnor;Antal;2007;2.22
Bollebygd;kvinnor;Antal;2008;2.33
Bollebygd;kvinnor;Antal;2009;2.36
Bollebygd;kvinnor;Antal;2010;2.22
Bollebygd;kvinnor;Antal;2011;2.41
Bollebygd;kvinnor;Antal;2012;2.2
Bollebygd;kvinnor;Antal;2013;2.43
Bollebygd;kvinnor;Antal;2014;2.01
Bollebygd;kvinnor;Antal;2015;1.99
Bollebygd;kvinnor;Antal;2016;2.02
Bollebygd;kvinnor;Antal;2017;1.79
Bollebygd;kvinnor;Antal;2018;1.72
Bollebygd;kvinnor;Antal;2019;1.87
Bollebygd;kvinnor;Antal;2020;1.78
Bollebygd;kvinnor;Antal;2021;2.03
Bollebygd;kvinnor;Antal;2022;1.57
Bollebygd;kvinnor;Antal;2023;1.74
Bollebygd;kvinnor;Antal;2024;1.57
Bollebygd;kvinnor;Antal;2025;1.74
Grästorp;män;Antal;2000;1.24
Grästorp;män;Antal;2001;1.85
Grästorp;män;Antal;2002;1.3
Grästorp;män;Antal;2003;1.8
Grästorp;män;Antal;2004;1.48
Grästorp;män;Antal;2005;1.76
Grästorp;män;Antal;2006;2
Grästorp;män;Antal;2007;1.96
Grästorp;män;Antal;2008;1.99
Grästorp;män;Antal;2009;1.76
Grästorp;män;Antal;2010;1.72
Grästorp;män;Antal;2011;1.82
Grästorp;män;Antal;2012;1.46
Grästorp;män;Antal;2013;1.47
Grästorp;män;Antal;2014;1.71
Grästorp;män;Antal;2015;1.38
Grästorp;män;Antal;2016;1.89
Grästorp;män;Antal;2017;1.83
Grästorp;män;Antal;2018;1.31
Grästorp;män;Antal;2019;1.37
Grästorp;män;Antal;2020;1.56
Grästorp;män;Antal;2021;1.56
Grästorp;män;Antal;2022;1.42
Grästorp;män;Antal;2023;1.24
Grästorp;män;Antal;2024;1.1
Grästorp;män;Antal;2025;1.48
Grästorp;kvinnor;Antal;2000;1.58
Grästorp;kvinnor;Antal;2001;2.22
Grästorp;kvinnor;Antal;2002;1.61
Grästorp;kvinnor;Antal;2003;2.31
Grästorp;kvinnor;Antal;2004;1.77
Grästorp;kvinnor;Antal;2005;2.18
Grästorp;kvinnor;Antal;2006;2.62
Grästorp;kvinnor;Antal;2007;2.63
Grästorp;kvinnor;Antal;2008;2.42
Grästorp;kvinnor;Antal;2009;2.13
Grästorp;kvinnor;Antal;2010;2.13
Grästorp;kvinnor;Antal;2011;2.38
Grästorp;kvinnor;Antal;2012;1.89
Grästorp;kvinnor;Antal;2013;2.05
Grästorp;kvinnor;Antal;2014;2.2
Grästorp;kvinnor;Antal;2015;1.84
Grästorp;kvinnor;Antal;2016;2.22
Grästorp;kvinnor;Antal;2017;2.05
Grästorp;kvinnor;Antal;2018;1.54
Grästorp;kvinnor;Antal;2019;1.62
Grästorp;kvinnor;Antal;2020;1.9
Grästorp;kvinnor;Antal;2021;1.75
Grästorp;kvinnor;Antal;2022;1.7
Grästorp;kvinnor;Antal;2023;1.27
Grästorp;kvinnor;Antal;2024;1.36
Grästorp;kvinnor;Antal;2025;1.74
Essunga;män;Antal;2000;1.5
Essunga;män;Antal;2001;1.39
Essunga;män;Antal;2002;1.51
Essunga;män;Antal;2003;1.92
Essunga;män;Antal;2004;1.46
Essunga;män;Antal;2005;1.6
Essunga;män;Antal;2006;1.23
Essunga;män;Antal;2007;2.02
Essunga;män;Antal;2008;1.82
Essunga;män;Antal;2009;1.64
Essunga;män;Antal;2010;1.93
Essunga;män;Antal;2011;1.72
Essunga;män;Antal;2012;1.48
Essunga;män;Antal;2013;1.71
Essunga;män;Antal;2014;1.95
Essunga;män;Antal;2015;1.8
Essunga;män;Antal;2016;2.04
Essunga;män;Antal;2017;1.92
Essunga;män;Antal;2018;1.63
Essunga;män;Antal;2019;1.69
Essunga;män;Antal;2020;1.56
Essunga;män;Antal;2021;1.41
Essunga;män;Antal;2022;1.86
Essunga;män;Antal;2023;1.08
Essunga;män;Antal;2024;1.69
Essunga;män;Antal;2025;1.68
Essunga;kvinnor;Antal;2000;1.7
Essunga;kvinnor;Antal;2001;1.72
Essunga;kvinnor;Antal;2002;1.96
Essunga;kvinnor;Antal;2003;2.27
Essunga;kvinnor;Antal;2004;1.67
Essunga;kvinnor;Antal;2005;1.9
Essunga;kvinnor;Antal;2006;1.64
Essunga;kvinnor;Antal;2007;2.51
Essunga;kvinnor;Antal;2008;2.25
Essunga;kvinnor;Antal;2009;2.04
Essunga;kvinnor;Antal;2010;2.38
Essunga;kvinnor;Antal;2011;2.06
Essunga;kvinnor;Antal;2012;1.69
Essunga;kvinnor;Antal;2013;2.02
Essunga;kvinnor;Antal;2014;2.19
Essunga;kvinnor;Antal;2015;1.77
Essunga;kvinnor;Antal;2016;2.23
Essunga;kvinnor;Antal;2017;1.9
Essunga;kvinnor;Antal;2018;1.77
Essunga;kvinnor;Antal;2019;1.92
Essunga;kvinnor;Antal;2020;1.55
Essunga;kvinnor;Antal;2021;1.63
Essunga;kvinnor;Antal;2022;2.12
Essunga;kvinnor;Antal;2023;1.05
Essunga;kvinnor;Antal;2024;2.07
Essunga;kvinnor;Antal;2025;1.76
Karlsborg;män;Antal;2000;1.16
Karlsborg;män;Antal;2001;1.37
Karlsborg;män;Antal;2002;1.39
Karlsborg;män;Antal;2003;1.45
Karlsborg;män;Antal;2004;1.8
Karlsborg;män;Antal;2005;1.8
Karlsborg;män;Antal;2006;1.7
Karlsborg;män;Antal;2007;1.53
Karlsborg;män;Antal;2008;1.53
Karlsborg;män;Antal;2009;1.4
Karlsborg;män;Antal;2010;1.58
Karlsborg;män;Antal;2011;1.29
Karlsborg;män;Antal;2012;1.22
Karlsborg;män;Antal;2013;1.84
Karlsborg;män;Antal;2014;1.61
Karlsborg;män;Antal;2015;1.51
Karlsborg;män;Antal;2016;1.5
Karlsborg;män;Antal;2017;1.72
Karlsborg;män;Antal;2018;1.64
Karlsborg;män;Antal;2019;1.81
Karlsborg;män;Antal;2020;1.51
Karlsborg;män;Antal;2021;1.42
Karlsborg;män;Antal;2022;1.32
Karlsborg;män;Antal;2023;1.27
Karlsborg;män;Antal;2024;1.35
Karlsborg;män;Antal;2025;1.08
Karlsborg;kvinnor;Antal;2000;1.53
Karlsborg;kvinnor;Antal;2001;1.77
Karlsborg;kvinnor;Antal;2002;1.71
Karlsborg;kvinnor;Antal;2003;1.77
Karlsborg;kvinnor;Antal;2004;2.05
Karlsborg;kvinnor;Antal;2005;2.12
Karlsborg;kvinnor;Antal;2006;1.99
Karlsborg;kvinnor;Antal;2007;1.71
Karlsborg;kvinnor;Antal;2008;1.83
Karlsborg;kvinnor;Antal;2009;1.73
Karlsborg;kvinnor;Antal;2010;1.97
Karlsborg;kvinnor;Antal;2011;1.59
Karlsborg;kvinnor;Antal;2012;1.52
Karlsborg;kvinnor;Antal;2013;2.2
Karlsborg;kvinnor;Antal;2014;1.91
Karlsborg;kvinnor;Antal;2015;1.74
Karlsborg;kvinnor;Antal;2016;1.91
Karlsborg;kvinnor;Antal;2017;2.25
Karlsborg;kvinnor;Antal;2018;1.83
Karlsborg;kvinnor;Antal;2019;2.16
Karlsborg;kvinnor;Antal;2020;2.04
Karlsborg;kvinnor;Antal;2021;1.72
Karlsborg;kvinnor;Antal;2022;1.61
Karlsborg;kvinnor;Antal;2023;1.43
Karlsborg;kvinnor;Antal;2024;1.56
Karlsborg;kvinnor;Antal;2025;1.27
Gullspång;män;Antal;2000;1.25
Gullspång;män;Antal;2001;1.86
Gullspång;män;Antal;2002;1.53
Gullspång;män;Antal;2003;1.45
Gullspång;män;Antal;2004;1.93
Gullspång;män;Antal;2005;1.36
Gullspång;män;Antal;2006;1.28
Gullspång;män;Antal;2007;1.65
Gullspång;män;Antal;2008;
Gullspång;män;Antal;2009;1.34
Gullspång;män;Antal;2010;1.38
Gullspång;män;Antal;2011;2.07
Gullspång;män;Antal;2012;1.37
Gullspång;män;Antal;2013;1.55
Gullspång;män;Antal;2014;1.61
Gullspång;män;Antal;2015;1.29
Gullspång;män;Antal;2016;1.82
Gullspång;män;Antal;2017;1.58
Gullspång;män;Antal;2018;2.06
Gullspång;män;Antal;2019;2.3
Gullspång;män;Antal;2020;1.55
Gullspång;män;Antal;2021;1.64
Gullspång;män;Antal;2022;1.72
Gullspång;män;Antal;2023;1.39
Gullspång;män;Antal;2024;
Gullspång;män;Antal;2025;
Gullspång;kvinnor;Antal;2000;1.65
Gullspång;kvinnor;Antal;2001;2.35
Gullspång;kvinnor;Antal;2002;1.7
Gullspång;kvinnor;Antal;2003;1.73
Gullspång;kvinnor;Antal;2004;2.45
Gullspång;kvinnor;Antal;2005;1.69
Gullspång;kvinnor;Antal;2006;1.48
Gullspång;kvinnor;Antal;2007;1.92
Gullspång;kvinnor;Antal;2008;1.95
Gullspång;kvinnor;Antal;2009;1.66
Gullspång;kvinnor;Antal;2010;1.59
Gullspång;kvinnor;Antal;2011;2.19
Gullspång;kvinnor;Antal;2012;1.66
Gullspång;kvinnor;Antal;2013;1.86
Gullspång;kvinnor;Antal;2014;2.15
Gullspång;kvinnor;Antal;2015;
Gullspång;kvinnor;Antal;2016;2.31
Gullspång;kvinnor;Antal;2017;2.01
Gullspång;kvinnor;Antal;2018;2.32
Gullspång;kvinnor;Antal;2019;2.42
Gullspång;kvinnor;Antal;2020;1.8
Gullspång;kvinnor;Antal;2021;1.89
Gullspång;kvinnor;Antal;2022;1.79
Gullspång;kvinnor;Antal;2023;1.89
Gullspång;kvinnor;Antal;2024;
Gullspång;kvinnor;Antal;2025;
Tranemo;män;Antal;2000;1.62
Tranemo;män;Antal;2001;1.36
Tranemo;män;Antal;2002;1.72
Tranemo;män;Antal;2003;1.41
Tranemo;män;Antal;2004;1.52
Tranemo;män;Antal;2005;1.56
Tranemo;män;Antal;2006;1.56
Tranemo;män;Antal;2007;1.73
Tranemo;män;Antal;2008;1.82
Tranemo;män;Antal;2009;1.81
Tranemo;män;Antal;2010;2.06
Tranemo;män;Antal;2011;1.7
Tranemo;män;Antal;2012;2.08
Tranemo;män;Antal;2013;1.84
Tranemo;män;Antal;2014;1.81
Tranemo;män;Antal;2015;1.63
Tranemo;män;Antal;2016;1.66
Tranemo;män;Antal;2017;1.55
Tranemo;män;Antal;2018;1.81
Tranemo;män;Antal;2019;1.79
Tranemo;män;Antal;2020;1.6
Tranemo;män;Antal;2021;1.88
Tranemo;män;Antal;2022;1.54
Tranemo;män;Antal;2023;1.42
Tranemo;män;Antal;2024;1.23
Tranemo;män;Antal;2025;1.55
Tranemo;kvinnor;Antal;2000;1.95
Tranemo;kvinnor;Antal;2001;1.73
Tranemo;kvinnor;Antal;2002;2.08
Tranemo;kvinnor;Antal;2003;1.66
Tranemo;kvinnor;Antal;2004;1.89
Tranemo;kvinnor;Antal;2005;1.97
Tranemo;kvinnor;Antal;2006;1.84
Tranemo;kvinnor;Antal;2007;2.14
Tranemo;kvinnor;Antal;2008;2.24
Tranemo;kvinnor;Antal;2009;2.17
Tranemo;kvinnor;Antal;2010;2.37
Tranemo;kvinnor;Antal;2011;1.85
Tranemo;kvinnor;Antal;2012;2.36
Tranemo;kvinnor;Antal;2013;2.09
Tranemo;kvinnor;Antal;2014;2.01
Tranemo;kvinnor;Antal;2015;1.87
Tranemo;kvinnor;Antal;2016;1.86
Tranemo;kvinnor;Antal;2017;1.76
Tranemo;kvinnor;Antal;2018;2.05
Tranemo;kvinnor;Antal;2019;2.03
Tranemo;kvinnor;Antal;2020;1.92
Tranemo;kvinnor;Antal;2021;2.18
Tranemo;kvinnor;Antal;2022;1.8
Tranemo;kvinnor;Antal;2023;1.62
Tranemo;kvinnor;Antal;2024;1.66
Tranemo;kvinnor;Antal;2025;2.01
Bengtsfors;män;Antal;2000;1.55
Bengtsfors;män;Antal;2001;1.05
Bengtsfors;män;Antal;2002;1.36
Bengtsfors;män;Antal;2003;1.48
Bengtsfors;män;Antal;2004;1.56
Bengtsfors;män;Antal;2005;1.54
Bengtsfors;män;Antal;2006;1.56
Bengtsfors;män;Antal;2007;1.06
Bengtsfors;män;Antal;2008;1.67
Bengtsfors;män;Antal;2009;1.68
Bengtsfors;män;Antal;2010;1.51
Bengtsfors;män;Antal;2011;1.73
Bengtsfors;män;Antal;2012;1.68
Bengtsfors;män;Antal;2013;1.39
Bengtsfors;män;Antal;2014;1.44
Bengtsfors;män;Antal;2015;1.66
Bengtsfors;män;Antal;2016;1.62
Bengtsfors;män;Antal;2017;1.47
Bengtsfors;män;Antal;2018;1.51
Bengtsfors;män;Antal;2019;1.48
Bengtsfors;män;Antal;2020;1.51
Bengtsfors;män;Antal;2021;1.24
Bengtsfors;män;Antal;2022;1.37
Bengtsfors;män;Antal;2023;1.07
Bengtsfors;män;Antal;2024;1.29
Bengtsfors;män;Antal;2025;1.35
Bengtsfors;kvinnor;Antal;2000;1.75
Bengtsfors;kvinnor;Antal;2001;1.3
Bengtsfors;kvinnor;Antal;2002;1.66
Bengtsfors;kvinnor;Antal;2003;1.75
Bengtsfors;kvinnor;Antal;2004;1.85
Bengtsfors;kvinnor;Antal;2005;1.91
Bengtsfors;kvinnor;Antal;2006;1.96
Bengtsfors;kvinnor;Antal;2007;1.41
Bengtsfors;kvinnor;Antal;2008;2.06
Bengtsfors;kvinnor;Antal;2009;2.04
Bengtsfors;kvinnor;Antal;2010;2.03
Bengtsfors;kvinnor;Antal;2011;2.01
Bengtsfors;kvinnor;Antal;2012;1.91
Bengtsfors;kvinnor;Antal;2013;1.71
Bengtsfors;kvinnor;Antal;2014;1.68
Bengtsfors;kvinnor;Antal;2015;1.91
Bengtsfors;kvinnor;Antal;2016;2.03
Bengtsfors;kvinnor;Antal;2017;1.77
Bengtsfors;kvinnor;Antal;2018;1.95
Bengtsfors;kvinnor;Antal;2019;1.91
Bengtsfors;kvinnor;Antal;2020;1.83
Bengtsfors;kvinnor;Antal;2021;1.56
Bengtsfors;kvinnor;Antal;2022;1.59
Bengtsfors;kvinnor;Antal;2023;1.4
Bengtsfors;kvinnor;Antal;2024;1.63
Bengtsfors;kvinnor;Antal;2025;1.75
Mellerud;män;Antal;2000;1.38
Mellerud;män;Antal;2001;1.64
Mellerud;män;Antal;2002;1.79
Mellerud;män;Antal;2003;1.67
Mellerud;män;Antal;2004;1.48
Mellerud;män;Antal;2005;1.36
Mellerud;män;Antal;2006;1.28
Mellerud;män;Antal;2007;2.01
Mellerud;män;Antal;2008;2.06
Mellerud;män;Antal;2009;1.72
Mellerud;män;Antal;2010;1.83
Mellerud;män;Antal;2011;2.05
Mellerud;män;Antal;2012;1.68
Mellerud;män;Antal;2013;1.82
Mellerud;män;Antal;2014;1.91
Mellerud;män;Antal;2015;1.7
Mellerud;män;Antal;2016;1.87
Mellerud;män;Antal;2017;2.39
Mellerud;män;Antal;2018;1.89
Mellerud;män;Antal;2019;1.48
Mellerud;män;Antal;2020;1.69
Mellerud;män;Antal;2021;1.58
Mellerud;män;Antal;2022;1.72
Mellerud;män;Antal;2023;1.54
Mellerud;män;Antal;2024;1.26
Mellerud;män;Antal;2025;1.54
Mellerud;kvinnor;Antal;2000;1.7
Mellerud;kvinnor;Antal;2001;1.91
Mellerud;kvinnor;Antal;2002;2.11
Mellerud;kvinnor;Antal;2003;1.95
Mellerud;kvinnor;Antal;2004;1.88
Mellerud;kvinnor;Antal;2005;1.72
Mellerud;kvinnor;Antal;2006;1.7
Mellerud;kvinnor;Antal;2007;2.31
Mellerud;kvinnor;Antal;2008;2.42
Mellerud;kvinnor;Antal;2009;2.03
Mellerud;kvinnor;Antal;2010;2.12
Mellerud;kvinnor;Antal;2011;2.24
Mellerud;kvinnor;Antal;2012;1.93
Mellerud;kvinnor;Antal;2013;2.09
Mellerud;kvinnor;Antal;2014;2.08
Mellerud;kvinnor;Antal;2015;2.13
Mellerud;kvinnor;Antal;2016;2.17
Mellerud;kvinnor;Antal;2017;2.43
Mellerud;kvinnor;Antal;2018;2.14
Mellerud;kvinnor;Antal;2019;1.62
Mellerud;kvinnor;Antal;2020;1.98
Mellerud;kvinnor;Antal;2021;1.85
Mellerud;kvinnor;Antal;2022;1.9
Mellerud;kvinnor;Antal;2023;1.87
Mellerud;kvinnor;Antal;2024;1.48
Mellerud;kvinnor;Antal;2025;2.08
Lilla Edet;män;Antal;2000;1.51
Lilla Edet;män;Antal;2001;1.51
Lilla Edet;män;Antal;2002;1.59
Lilla Edet;män;Antal;2003;1.64
Lilla Edet;män;Antal;2004;1.7
Lilla Edet;män;Antal;2005;1.49
Lilla Edet;män;Antal;2006;1.82
Lilla Edet;män;Antal;2007;1.73
Lilla Edet;män;Antal;2008;2.06
Lilla Edet;män;Antal;2009;1.82
Lilla Edet;män;Antal;2010;1.75
Lilla Edet;män;Antal;2011;1.95
Lilla Edet;män;Antal;2012;1.82
Lilla Edet;män;Antal;2013;1.69
Lilla Edet;män;Antal;2014;2.07
Lilla Edet;män;Antal;2015;2.11
Lilla Edet;män;Antal;2016;1.98
Lilla Edet;män;Antal;2017;1.81
Lilla Edet;män;Antal;2018;1.73
Lilla Edet;män;Antal;2019;1.46
Lilla Edet;män;Antal;2020;1.78
Lilla Edet;män;Antal;2021;1.6
Lilla Edet;män;Antal;2022;1.66
Lilla Edet;män;Antal;2023;1.56
Lilla Edet;män;Antal;2024;1.36
Lilla Edet;män;Antal;2025;1.35
Lilla Edet;kvinnor;Antal;2000;1.7
Lilla Edet;kvinnor;Antal;2001;1.78
Lilla Edet;kvinnor;Antal;2002;1.94
Lilla Edet;kvinnor;Antal;2003;1.94
Lilla Edet;kvinnor;Antal;2004;2.15
Lilla Edet;kvinnor;Antal;2005;1.75
Lilla Edet;kvinnor;Antal;2006;2.22
Lilla Edet;kvinnor;Antal;2007;2.07
Lilla Edet;kvinnor;Antal;2008;2.41
Lilla Edet;kvinnor;Antal;2009;2.13
Lilla Edet;kvinnor;Antal;2010;1.98
Lilla Edet;kvinnor;Antal;2011;2.19
Lilla Edet;kvinnor;Antal;2012;2.02
Lilla Edet;kvinnor;Antal;2013;1.83
Lilla Edet;kvinnor;Antal;2014;2.31
Lilla Edet;kvinnor;Antal;2015;2.29
Lilla Edet;kvinnor;Antal;2016;2.19
Lilla Edet;kvinnor;Antal;2017;2.09
Lilla Edet;kvinnor;Antal;2018;2.03
Lilla Edet;kvinnor;Antal;2019;1.63
Lilla Edet;kvinnor;Antal;2020;2.07
Lilla Edet;kvinnor;Antal;2021;1.87
Lilla Edet;kvinnor;Antal;2022;2
Lilla Edet;kvinnor;Antal;2023;1.82
Lilla Edet;kvinnor;Antal;2024;1.66
Lilla Edet;kvinnor;Antal;2025;1.58
Mark;män;Antal;2000;1.6
Mark;män;Antal;2001;1.66
Mark;män;Antal;2002;1.62
Mark;män;Antal;2003;1.8
Mark;män;Antal;2004;1.78
Mark;män;Antal;2005;1.81
Mark;män;Antal;2006;1.79
Mark;män;Antal;2007;2.07
Mark;män;Antal;2008;2.02
Mark;män;Antal;2009;2.02
Mark;män;Antal;2010;2.06
Mark;män;Antal;2011;1.87
Mark;män;Antal;2012;1.74
Mark;män;Antal;2013;1.75
Mark;män;Antal;2014;1.86
Mark;män;Antal;2015;1.83
Mark;män;Antal;2016;1.74
Mark;män;Antal;2017;1.73
Mark;män;Antal;2018;1.65
Mark;män;Antal;2019;1.62
Mark;män;Antal;2020;1.57
Mark;män;Antal;2021;1.66
Mark;män;Antal;2022;1.6
Mark;män;Antal;2023;1.4
Mark;män;Antal;2024;1.6
Mark;män;Antal;2025;1.48
Mark;kvinnor;Antal;2000;1.86
Mark;kvinnor;Antal;2001;1.9
Mark;kvinnor;Antal;2002;1.85
Mark;kvinnor;Antal;2003;2.05
Mark;kvinnor;Antal;2004;2.01
Mark;kvinnor;Antal;2005;2.03
Mark;kvinnor;Antal;2006;2.02
Mark;kvinnor;Antal;2007;2.32
Mark;kvinnor;Antal;2008;2.31
Mark;kvinnor;Antal;2009;2.27
Mark;kvinnor;Antal;2010;2.27
Mark;kvinnor;Antal;2011;2.05
Mark;kvinnor;Antal;2012;1.96
Mark;kvinnor;Antal;2013;1.91
Mark;kvinnor;Antal;2014;1.95
Mark;kvinnor;Antal;2015;1.98
Mark;kvinnor;Antal;2016;1.88
Mark;kvinnor;Antal;2017;1.9
Mark;kvinnor;Antal;2018;1.87
Mark;kvinnor;Antal;2019;1.81
Mark;kvinnor;Antal;2020;1.77
Mark;kvinnor;Antal;2021;1.94
Mark;kvinnor;Antal;2022;1.78
Mark;kvinnor;Antal;2023;1.55
Mark;kvinnor;Antal;2024;1.78
Mark;kvinnor;Antal;2025;1.71
Svenljunga;män;Antal;2000;1.71
Svenljunga;män;Antal;2001;1.74
Svenljunga;män;Antal;2002;1.72
Svenljunga;män;Antal;2003;1.53
Svenljunga;män;Antal;2004;1.53
Svenljunga;män;Antal;2005;1.55
Svenljunga;män;Antal;2006;1.76
Svenljunga;män;Antal;2007;2.1
Svenljunga;män;Antal;2008;1.8
Svenljunga;män;Antal;2009;2.32
Svenljunga;män;Antal;2010;2.03
Svenljunga;män;Antal;2011;1.8
Svenljunga;män;Antal;2012;1.97
Svenljunga;män;Antal;2013;1.93
Svenljunga;män;Antal;2014;1.91
Svenljunga;män;Antal;2015;2.04
Svenljunga;män;Antal;2016;1.53
Svenljunga;män;Antal;2017;1.9
Svenljunga;män;Antal;2018;1.97
Svenljunga;män;Antal;2019;1.75
Svenljunga;män;Antal;2020;1.72
Svenljunga;män;Antal;2021;1.64
Svenljunga;män;Antal;2022;1.78
Svenljunga;män;Antal;2023;1.96
Svenljunga;män;Antal;2024;1.34
Svenljunga;män;Antal;2025;1.4
Svenljunga;kvinnor;Antal;2000;2.04
Svenljunga;kvinnor;Antal;2001;2.21
Svenljunga;kvinnor;Antal;2002;2.01
Svenljunga;kvinnor;Antal;2003;1.87
Svenljunga;kvinnor;Antal;2004;1.84
Svenljunga;kvinnor;Antal;2005;1.82
Svenljunga;kvinnor;Antal;2006;2.19
Svenljunga;kvinnor;Antal;2007;2.25
Svenljunga;kvinnor;Antal;2008;2.03
Svenljunga;kvinnor;Antal;2009;2.61
Svenljunga;kvinnor;Antal;2010;2.3
Svenljunga;kvinnor;Antal;2011;2.1
Svenljunga;kvinnor;Antal;2012;2.21
Svenljunga;kvinnor;Antal;2013;2.13
Svenljunga;kvinnor;Antal;2014;2.1
Svenljunga;kvinnor;Antal;2015;2.2
Svenljunga;kvinnor;Antal;2016;1.81
Svenljunga;kvinnor;Antal;2017;2.25
Svenljunga;kvinnor;Antal;2018;2.1
Svenljunga;kvinnor;Antal;2019;1.87
Svenljunga;kvinnor;Antal;2020;1.82
Svenljunga;kvinnor;Antal;2021;1.98
Svenljunga;kvinnor;Antal;2022;1.94
Svenljunga;kvinnor;Antal;2023;2.13
Svenljunga;kvinnor;Antal;2024;1.62
Svenljunga;kvinnor;Antal;2025;1.73
Herrljunga;män;Antal;2000;1.27
Herrljunga;män;Antal;2001;1.47
Herrljunga;män;Antal;2002;1.61
Herrljunga;män;Antal;2003;1.53
Herrljunga;män;Antal;2004;1.5
Herrljunga;män;Antal;2005;1.34
Herrljunga;män;Antal;2006;1.57
Herrljunga;män;Antal;2007;2.08
Herrljunga;män;Antal;2008;1.43
Herrljunga;män;Antal;2009;1.65
Herrljunga;män;Antal;2010;1.89
Herrljunga;män;Antal;2011;1.8
Herrljunga;män;Antal;2012;1.86
Herrljunga;män;Antal;2013;1.79
Herrljunga;män;Antal;2014;1.94
Herrljunga;män;Antal;2015;1.64
Herrljunga;män;Antal;2016;1.88
Herrljunga;män;Antal;2017;1.71
Herrljunga;män;Antal;2018;1.45
Herrljunga;män;Antal;2019;1.55
Herrljunga;män;Antal;2020;1.46
Herrljunga;män;Antal;2021;1.64
Herrljunga;män;Antal;2022;1.38
Herrljunga;män;Antal;2023;1.44
Herrljunga;män;Antal;2024;1.51
Herrljunga;män;Antal;2025;1.13
Herrljunga;kvinnor;Antal;2000;1.51
Herrljunga;kvinnor;Antal;2001;1.76
Herrljunga;kvinnor;Antal;2002;2.04
Herrljunga;kvinnor;Antal;2003;1.91
Herrljunga;kvinnor;Antal;2004;1.84
Herrljunga;kvinnor;Antal;2005;1.73
Herrljunga;kvinnor;Antal;2006;1.9
Herrljunga;kvinnor;Antal;2007;2.55
Herrljunga;kvinnor;Antal;2008;1.66
Herrljunga;kvinnor;Antal;2009;2.03
Herrljunga;kvinnor;Antal;2010;2.13
Herrljunga;kvinnor;Antal;2011;2.05
Herrljunga;kvinnor;Antal;2012;2.12
Herrljunga;kvinnor;Antal;2013;2.08
Herrljunga;kvinnor;Antal;2014;2.07
Herrljunga;kvinnor;Antal;2015;1.86
Herrljunga;kvinnor;Antal;2016;2.18
Herrljunga;kvinnor;Antal;2017;1.88
Herrljunga;kvinnor;Antal;2018;1.65
Herrljunga;kvinnor;Antal;2019;1.74
Herrljunga;kvinnor;Antal;2020;1.66
Herrljunga;kvinnor;Antal;2021;2.09
Herrljunga;kvinnor;Antal;2022;1.7
Herrljunga;kvinnor;Antal;2023;1.74
Herrljunga;kvinnor;Antal;2024;1.96
Herrljunga;kvinnor;Antal;2025;1.52
Vara;män;Antal;2000;1.22
Vara;män;Antal;2001;1.68
Vara;män;Antal;2002;1.43
Vara;män;Antal;2003;1.51
Vara;män;Antal;2004;1.79
Vara;män;Antal;2005;1.26
Vara;män;Antal;2006;1.86
Vara;män;Antal;2007;1.78
Vara;män;Antal;2008;1.64
Vara;män;Antal;2009;1.94
Vara;män;Antal;2010;1.91
Vara;män;Antal;2011;1.62
Vara;män;Antal;2012;2.02
Vara;män;Antal;2013;1.87
Vara;män;Antal;2014;1.67
Vara;män;Antal;2015;1.82
Vara;män;Antal;2016;1.77
Vara;män;Antal;2017;1.88
Vara;män;Antal;2018;1.52
Vara;män;Antal;2019;1.59
Vara;män;Antal;2020;1.41
Vara;män;Antal;2021;1.78
Vara;män;Antal;2022;1.39
Vara;män;Antal;2023;1.43
Vara;män;Antal;2024;1.31
Vara;män;Antal;2025;1.29
Vara;kvinnor;Antal;2000;1.46
Vara;kvinnor;Antal;2001;2.02
Vara;kvinnor;Antal;2002;1.76
Vara;kvinnor;Antal;2003;1.81
Vara;kvinnor;Antal;2004;2.16
Vara;kvinnor;Antal;2005;1.56
Vara;kvinnor;Antal;2006;2.1
Vara;kvinnor;Antal;2007;2.1
Vara;kvinnor;Antal;2008;1.88
Vara;kvinnor;Antal;2009;2.22
Vara;kvinnor;Antal;2010;2.18
Vara;kvinnor;Antal;2011;1.93
Vara;kvinnor;Antal;2012;2.3
Vara;kvinnor;Antal;2013;2.13
Vara;kvinnor;Antal;2014;1.92
Vara;kvinnor;Antal;2015;2.04
Vara;kvinnor;Antal;2016;1.92
Vara;kvinnor;Antal;2017;2.08
Vara;kvinnor;Antal;2018;1.73
Vara;kvinnor;Antal;2019;1.91
Vara;kvinnor;Antal;2020;1.59
Vara;kvinnor;Antal;2021;2.11
Vara;kvinnor;Antal;2022;1.62
Vara;kvinnor;Antal;2023;1.71
Vara;kvinnor;Antal;2024;1.55
Vara;kvinnor;Antal;2025;1.51
Götene;män;Antal;2000;1.45
Götene;män;Antal;2001;1.57
Götene;män;Antal;2002;1.75
Götene;män;Antal;2003;1.68
Götene;män;Antal;2004;1.64
Götene;män;Antal;2005;1.61
Götene;män;Antal;2006;1.7
Götene;män;Antal;2007;2.02
Götene;män;Antal;2008;2.13
Götene;män;Antal;2009;2.28
Götene;män;Antal;2010;2.13
Götene;män;Antal;2011;1.94
Götene;män;Antal;2012;1.86
Götene;män;Antal;2013;2.19
Götene;män;Antal;2014;2.13
Götene;män;Antal;2015;1.85
Götene;män;Antal;2016;1.74
Götene;män;Antal;2017;1.66
Götene;män;Antal;2018;1.73
Götene;män;Antal;2019;1.85
Götene;män;Antal;2020;1.44
Götene;män;Antal;2021;1.49
Götene;män;Antal;2022;1.63
Götene;män;Antal;2023;1.4
Götene;män;Antal;2024;1.28
Götene;män;Antal;2025;1.61
Götene;kvinnor;Antal;2000;1.56
Götene;kvinnor;Antal;2001;1.83
Götene;kvinnor;Antal;2002;1.99
Götene;kvinnor;Antal;2003;1.99
Götene;kvinnor;Antal;2004;1.83
Götene;kvinnor;Antal;2005;1.97
Götene;kvinnor;Antal;2006;2.03
Götene;kvinnor;Antal;2007;2.26
Götene;kvinnor;Antal;2008;2.32
Götene;kvinnor;Antal;2009;2.43
Götene;kvinnor;Antal;2010;2.43
Götene;kvinnor;Antal;2011;1.97
Götene;kvinnor;Antal;2012;2.04
Götene;kvinnor;Antal;2013;2.31
Götene;kvinnor;Antal;2014;2.21
Götene;kvinnor;Antal;2015;1.99
Götene;kvinnor;Antal;2016;1.9
Götene;kvinnor;Antal;2017;1.95
Götene;kvinnor;Antal;2018;1.91
Götene;kvinnor;Antal;2019;2.15
Götene;kvinnor;Antal;2020;1.66
Götene;kvinnor;Antal;2021;1.67
Götene;kvinnor;Antal;2022;1.89
Götene;kvinnor;Antal;2023;1.68
Götene;kvinnor;Antal;2024;1.66
Götene;kvinnor;Antal;2025;1.95
Tibro;män;Antal;2000;1.53
Tibro;män;Antal;2001;1.37
Tibro;män;Antal;2002;1.51
Tibro;män;Antal;2003;1.54
Tibro;män;Antal;2004;1.52
Tibro;män;Antal;2005;1.61
Tibro;män;Antal;2006;1.97
Tibro;män;Antal;2007;1.52
Tibro;män;Antal;2008;1.95
Tibro;män;Antal;2009;2.05
Tibro;män;Antal;2010;2.11
Tibro;män;Antal;2011;1.94
Tibro;män;Antal;2012;1.51
Tibro;män;Antal;2013;1.91
Tibro;män;Antal;2014;2.02
Tibro;män;Antal;2015;1.63
Tibro;män;Antal;2016;1.38
Tibro;män;Antal;2017;1.92
Tibro;män;Antal;2018;1.5
Tibro;män;Antal;2019;1.76
Tibro;män;Antal;2020;1.83
Tibro;män;Antal;2021;1.52
Tibro;män;Antal;2022;1.72
Tibro;män;Antal;2023;1.4
Tibro;män;Antal;2024;1.48
Tibro;män;Antal;2025;1.51
Tibro;kvinnor;Antal;2000;1.77
Tibro;kvinnor;Antal;2001;1.55
Tibro;kvinnor;Antal;2002;1.81
Tibro;kvinnor;Antal;2003;1.81
Tibro;kvinnor;Antal;2004;1.9
Tibro;kvinnor;Antal;2005;1.97
Tibro;kvinnor;Antal;2006;2.39
Tibro;kvinnor;Antal;2007;1.91
Tibro;kvinnor;Antal;2008;2.32
Tibro;kvinnor;Antal;2009;2.24
Tibro;kvinnor;Antal;2010;2.29
Tibro;kvinnor;Antal;2011;2.4
Tibro;kvinnor;Antal;2012;1.8
Tibro;kvinnor;Antal;2013;2.38
Tibro;kvinnor;Antal;2014;2.3
Tibro;kvinnor;Antal;2015;1.86
Tibro;kvinnor;Antal;2016;1.73
Tibro;kvinnor;Antal;2017;2.07
Tibro;kvinnor;Antal;2018;1.67
Tibro;kvinnor;Antal;2019;1.97
Tibro;kvinnor;Antal;2020;2.04
Tibro;kvinnor;Antal;2021;1.73
Tibro;kvinnor;Antal;2022;1.95
Tibro;kvinnor;Antal;2023;1.64
Tibro;kvinnor;Antal;2024;1.6
Tibro;kvinnor;Antal;2025;1.72
Töreboda;män;Antal;2000;1.68
Töreboda;män;Antal;2001;1.33
Töreboda;män;Antal;2002;1.55
Töreboda;män;Antal;2003;1.49
Töreboda;män;Antal;2004;1.9
Töreboda;män;Antal;2005;1.61
Töreboda;män;Antal;2006;1.85
Töreboda;män;Antal;2007;2.07
Töreboda;män;Antal;2008;1.58
Töreboda;män;Antal;2009;1.87
Töreboda;män;Antal;2010;1.98
Töreboda;män;Antal;2011;1.66
Töreboda;män;Antal;2012;1.62
Töreboda;män;Antal;2013;1.77
Töreboda;män;Antal;2014;1.91
Töreboda;män;Antal;2015;1.77
Töreboda;män;Antal;2016;2.14
Töreboda;män;Antal;2017;1.73
Töreboda;män;Antal;2018;1.58
Töreboda;män;Antal;2019;1.43
Töreboda;män;Antal;2020;1.65
Töreboda;män;Antal;2021;1.71
Töreboda;män;Antal;2022;1.39
Töreboda;män;Antal;2023;1.5
Töreboda;män;Antal;2024;1.3
Töreboda;män;Antal;2025;1.26
Töreboda;kvinnor;Antal;2000;1.89
Töreboda;kvinnor;Antal;2001;1.51
Töreboda;kvinnor;Antal;2002;1.82
Töreboda;kvinnor;Antal;2003;1.67
Töreboda;kvinnor;Antal;2004;2.19
Töreboda;kvinnor;Antal;2005;1.82
Töreboda;kvinnor;Antal;2006;2.05
Töreboda;kvinnor;Antal;2007;2.28
Töreboda;kvinnor;Antal;2008;1.73
Töreboda;kvinnor;Antal;2009;2.12
Töreboda;kvinnor;Antal;2010;2.07
Töreboda;kvinnor;Antal;2011;1.86
Töreboda;kvinnor;Antal;2012;1.94
Töreboda;kvinnor;Antal;2013;2.03
Töreboda;kvinnor;Antal;2014;2.17
Töreboda;kvinnor;Antal;2015;1.94
Töreboda;kvinnor;Antal;2016;2.36
Töreboda;kvinnor;Antal;2017;2
Töreboda;kvinnor;Antal;2018;1.66
Töreboda;kvinnor;Antal;2019;1.81
Töreboda;kvinnor;Antal;2020;2.01
Töreboda;kvinnor;Antal;2021;1.98
Töreboda;kvinnor;Antal;2022;1.7
Töreboda;kvinnor;Antal;2023;1.88
Töreboda;kvinnor;Antal;2024;1.46
Töreboda;kvinnor;Antal;2025;1.48
Göteborg;män;Antal;2000;1.37
Göteborg;män;Antal;2001;1.39
Göteborg;män;Antal;2002;1.43
Göteborg;män;Antal;2003;1.49
Göteborg;män;Antal;2004;1.55
Göteborg;män;Antal;2005;1.52
Göteborg;män;Antal;2006;1.62
Göteborg;män;Antal;2007;1.65
Göteborg;män;Antal;2008;1.65
Göteborg;män;Antal;2009;1.72
Göteborg;män;Antal;2010;1.76
Göteborg;män;Antal;2011;1.67
Göteborg;män;Antal;2012;1.66
Göteborg;män;Antal;2013;1.65
Göteborg;män;Antal;2014;1.63
Göteborg;män;Antal;2015;1.62
Göteborg;män;Antal;2016;1.62
Göteborg;män;Antal;2017;1.52
Göteborg;män;Antal;2018;1.48
Göteborg;män;Antal;2019;1.46
Göteborg;män;Antal;2020;1.43
Göteborg;män;Antal;2021;1.46
Göteborg;män;Antal;2022;1.29
Göteborg;män;Antal;2023;1.24
Göteborg;män;Antal;2024;1.22
Göteborg;män;Antal;2025;1.26
Göteborg;kvinnor;Antal;2000;1.42
Göteborg;kvinnor;Antal;2001;1.46
Göteborg;kvinnor;Antal;2002;1.49
Göteborg;kvinnor;Antal;2003;1.55
Göteborg;kvinnor;Antal;2004;1.61
Göteborg;kvinnor;Antal;2005;1.6
Göteborg;kvinnor;Antal;2006;1.71
Göteborg;kvinnor;Antal;2007;1.73
Göteborg;kvinnor;Antal;2008;1.76
Göteborg;kvinnor;Antal;2009;1.83
Göteborg;kvinnor;Antal;2010;1.88
Göteborg;kvinnor;Antal;2011;1.78
Göteborg;kvinnor;Antal;2012;1.77
Göteborg;kvinnor;Antal;2013;1.75
Göteborg;kvinnor;Antal;2014;1.72
Göteborg;kvinnor;Antal;2015;1.69
Göteborg;kvinnor;Antal;2016;1.7
Göteborg;kvinnor;Antal;2017;1.61
Göteborg;kvinnor;Antal;2018;1.59
Göteborg;kvinnor;Antal;2019;1.56
Göteborg;kvinnor;Antal;2020;1.52
Göteborg;kvinnor;Antal;2021;1.56
Göteborg;kvinnor;Antal;2022;1.39
Göteborg;kvinnor;Antal;2023;1.34
Göteborg;kvinnor;Antal;2024;1.33
Göteborg;kvinnor;Antal;2025;1.34
Mölndal;män;Antal;2000;1.66
Mölndal;män;Antal;2001;1.53
Mölndal;män;Antal;2002;1.6
Mölndal;män;Antal;2003;1.57
Mölndal;män;Antal;2004;1.63
Mölndal;män;Antal;2005;1.71
Mölndal;män;Antal;2006;1.71
Mölndal;män;Antal;2007;1.79
Mölndal;män;Antal;2008;1.71
Mölndal;män;Antal;2009;1.97
Mölndal;män;Antal;2010;1.99
Mölndal;män;Antal;2011;1.7
Mölndal;män;Antal;2012;1.88
Mölndal;män;Antal;2013;1.66
Mölndal;män;Antal;2014;1.71
Mölndal;män;Antal;2015;1.67
Mölndal;män;Antal;2016;1.78
Mölndal;män;Antal;2017;1.44
Mölndal;män;Antal;2018;1.61
Mölndal;män;Antal;2019;1.6
Mölndal;män;Antal;2020;1.61
Mölndal;män;Antal;2021;1.56
Mölndal;män;Antal;2022;1.39
Mölndal;män;Antal;2023;1.4
Mölndal;män;Antal;2024;1.36
Mölndal;män;Antal;2025;1.38
Mölndal;kvinnor;Antal;2000;1.76
Mölndal;kvinnor;Antal;2001;1.65
Mölndal;kvinnor;Antal;2002;1.73
Mölndal;kvinnor;Antal;2003;1.66
Mölndal;kvinnor;Antal;2004;1.78
Mölndal;kvinnor;Antal;2005;1.82
Mölndal;kvinnor;Antal;2006;1.85
Mölndal;kvinnor;Antal;2007;1.96
Mölndal;kvinnor;Antal;2008;1.88
Mölndal;kvinnor;Antal;2009;2.13
Mölndal;kvinnor;Antal;2010;2.2
Mölndal;kvinnor;Antal;2011;1.83
Mölndal;kvinnor;Antal;2012;2.01
Mölndal;kvinnor;Antal;2013;1.8
Mölndal;kvinnor;Antal;2014;1.82
Mölndal;kvinnor;Antal;2015;1.74
Mölndal;kvinnor;Antal;2016;1.94
Mölndal;kvinnor;Antal;2017;1.59
Mölndal;kvinnor;Antal;2018;1.75
Mölndal;kvinnor;Antal;2019;1.72
Mölndal;kvinnor;Antal;2020;1.74
Mölndal;kvinnor;Antal;2021;1.69
Mölndal;kvinnor;Antal;2022;1.5
Mölndal;kvinnor;Antal;2023;1.53
Mölndal;kvinnor;Antal;2024;1.45
Mölndal;kvinnor;Antal;2025;1.52
Kungälv;män;Antal;2000;1.35
Kungälv;män;Antal;2001;1.59
Kungälv;män;Antal;2002;1.58
Kungälv;män;Antal;2003;1.81
Kungälv;män;Antal;2004;1.85
Kungälv;män;Antal;2005;1.88
Kungälv;män;Antal;2006;1.98
Kungälv;män;Antal;2007;1.92
Kungälv;män;Antal;2008;2.07
Kungälv;män;Antal;2009;2.17
Kungälv;män;Antal;2010;2.15
Kungälv;män;Antal;2011;1.94
Kungälv;män;Antal;2012;1.95
Kungälv;män;Antal;2013;1.98
Kungälv;män;Antal;2014;1.88
Kungälv;män;Antal;2015;1.95
Kungälv;män;Antal;2016;1.88
Kungälv;män;Antal;2017;1.74
Kungälv;män;Antal;2018;1.73
Kungälv;män;Antal;2019;1.64
Kungälv;män;Antal;2020;1.75
Kungälv;män;Antal;2021;1.63
Kungälv;män;Antal;2022;1.62
Kungälv;män;Antal;2023;1.43
Kungälv;män;Antal;2024;1.58
Kungälv;män;Antal;2025;1.57
Kungälv;kvinnor;Antal;2000;1.55
Kungälv;kvinnor;Antal;2001;1.69
Kungälv;kvinnor;Antal;2002;1.73
Kungälv;kvinnor;Antal;2003;1.98
Kungälv;kvinnor;Antal;2004;1.99
Kungälv;kvinnor;Antal;2005;2.03
Kungälv;kvinnor;Antal;2006;2.14
Kungälv;kvinnor;Antal;2007;2.04
Kungälv;kvinnor;Antal;2008;2.18
Kungälv;kvinnor;Antal;2009;2.35
Kungälv;kvinnor;Antal;2010;2.29
Kungälv;kvinnor;Antal;2011;2.09
Kungälv;kvinnor;Antal;2012;2.16
Kungälv;kvinnor;Antal;2013;2.1
Kungälv;kvinnor;Antal;2014;2
Kungälv;kvinnor;Antal;2015;2.08
Kungälv;kvinnor;Antal;2016;2.04
Kungälv;kvinnor;Antal;2017;1.88
Kungälv;kvinnor;Antal;2018;1.88
Kungälv;kvinnor;Antal;2019;1.77
Kungälv;kvinnor;Antal;2020;1.9
Kungälv;kvinnor;Antal;2021;1.79
Kungälv;kvinnor;Antal;2022;1.78
Kungälv;kvinnor;Antal;2023;1.52
Kungälv;kvinnor;Antal;2024;1.72
Kungälv;kvinnor;Antal;2025;1.76
Lysekil;män;Antal;2000;1.25
Lysekil;män;Antal;2001;1.54
Lysekil;män;Antal;2002;1.5
Lysekil;män;Antal;2003;1.23
Lysekil;män;Antal;2004;1.62
Lysekil;män;Antal;2005;1.57
Lysekil;män;Antal;2006;1.52
Lysekil;män;Antal;2007;1.7
Lysekil;män;Antal;2008;1.91
Lysekil;män;Antal;2009;1.65
Lysekil;män;Antal;2010;1.81
Lysekil;män;Antal;2011;1.8
Lysekil;män;Antal;2012;1.97
Lysekil;män;Antal;2013;1.57
Lysekil;män;Antal;2014;1.76
Lysekil;män;Antal;2015;1.57
Lysekil;män;Antal;2016;1.66
Lysekil;män;Antal;2017;1.6
Lysekil;män;Antal;2018;1.44
Lysekil;män;Antal;2019;1.52
Lysekil;män;Antal;2020;1.49
Lysekil;män;Antal;2021;1.47
Lysekil;män;Antal;2022;1.04
Lysekil;män;Antal;2023;1.28
Lysekil;män;Antal;2024;1.06
Lysekil;män;Antal;2025;1.35
Lysekil;kvinnor;Antal;2000;1.48
Lysekil;kvinnor;Antal;2001;1.87
Lysekil;kvinnor;Antal;2002;1.76
Lysekil;kvinnor;Antal;2003;1.47
Lysekil;kvinnor;Antal;2004;1.9
Lysekil;kvinnor;Antal;2005;1.84
Lysekil;kvinnor;Antal;2006;1.83
Lysekil;kvinnor;Antal;2007;2.07
Lysekil;kvinnor;Antal;2008;2.2
Lysekil;kvinnor;Antal;2009;1.97
Lysekil;kvinnor;Antal;2010;2.09
Lysekil;kvinnor;Antal;2011;2.07
Lysekil;kvinnor;Antal;2012;2.28
Lysekil;kvinnor;Antal;2013;1.86
Lysekil;kvinnor;Antal;2014;1.98
Lysekil;kvinnor;Antal;2015;1.72
Lysekil;kvinnor;Antal;2016;2
Lysekil;kvinnor;Antal;2017;1.95
Lysekil;kvinnor;Antal;2018;1.69
Lysekil;kvinnor;Antal;2019;1.92
Lysekil;kvinnor;Antal;2020;1.83
Lysekil;kvinnor;Antal;2021;1.81
Lysekil;kvinnor;Antal;2022;1.37
Lysekil;kvinnor;Antal;2023;1.61
Lysekil;kvinnor;Antal;2024;1.44
Lysekil;kvinnor;Antal;2025;1.74
Uddevalla;män;Antal;2000;1.54
Uddevalla;män;Antal;2001;1.46
Uddevalla;män;Antal;2002;1.51
Uddevalla;män;Antal;2003;1.53
Uddevalla;män;Antal;2004;1.74
Uddevalla;män;Antal;2005;1.64
Uddevalla;män;Antal;2006;1.73
Uddevalla;män;Antal;2007;1.81
Uddevalla;män;Antal;2008;1.81
Uddevalla;män;Antal;2009;1.77
Uddevalla;män;Antal;2010;2.04
Uddevalla;män;Antal;2011;1.94
Uddevalla;män;Antal;2012;1.86
Uddevalla;män;Antal;2013;1.94
Uddevalla;män;Antal;2014;1.81
Uddevalla;män;Antal;2015;1.78
Uddevalla;män;Antal;2016;1.82
Uddevalla;män;Antal;2017;1.82
Uddevalla;män;Antal;2018;1.66
Uddevalla;män;Antal;2019;1.73
Uddevalla;män;Antal;2020;1.63
Uddevalla;män;Antal;2021;1.61
Uddevalla;män;Antal;2022;1.51
Uddevalla;män;Antal;2023;1.43
Uddevalla;män;Antal;2024;1.32
Uddevalla;män;Antal;2025;1.39
Uddevalla;kvinnor;Antal;2000;1.68
Uddevalla;kvinnor;Antal;2001;1.62
Uddevalla;kvinnor;Antal;2002;1.64
Uddevalla;kvinnor;Antal;2003;1.7
Uddevalla;kvinnor;Antal;2004;1.88
Uddevalla;kvinnor;Antal;2005;1.81
Uddevalla;kvinnor;Antal;2006;1.9
Uddevalla;kvinnor;Antal;2007;2.03
Uddevalla;kvinnor;Antal;2008;1.98
Uddevalla;kvinnor;Antal;2009;1.98
Uddevalla;kvinnor;Antal;2010;2.22
Uddevalla;kvinnor;Antal;2011;2.09
Uddevalla;kvinnor;Antal;2012;2.06
Uddevalla;kvinnor;Antal;2013;2.07
Uddevalla;kvinnor;Antal;2014;2
Uddevalla;kvinnor;Antal;2015;1.95
Uddevalla;kvinnor;Antal;2016;1.95
Uddevalla;kvinnor;Antal;2017;1.99
Uddevalla;kvinnor;Antal;2018;1.82
Uddevalla;kvinnor;Antal;2019;1.91
Uddevalla;kvinnor;Antal;2020;1.81
Uddevalla;kvinnor;Antal;2021;1.84
Uddevalla;kvinnor;Antal;2022;1.72
Uddevalla;kvinnor;Antal;2023;1.65
Uddevalla;kvinnor;Antal;2024;1.51
Uddevalla;kvinnor;Antal;2025;1.6
Strömstad;män;Antal;2000;1.65
Strömstad;män;Antal;2001;1.46
Strömstad;män;Antal;2002;1.28
Strömstad;män;Antal;2003;1.71
Strömstad;män;Antal;2004;1.43
Strömstad;män;Antal;2005;1.4
Strömstad;män;Antal;2006;1.46
Strömstad;män;Antal;2007;1.49
Strömstad;män;Antal;2008;1.54
Strömstad;män;Antal;2009;1.69
Strömstad;män;Antal;2010;2
Strömstad;män;Antal;2011;1.67
Strömstad;män;Antal;2012;2.04
Strömstad;män;Antal;2013;1.78
Strömstad;män;Antal;2014;1.71
Strömstad;män;Antal;2015;1.77
Strömstad;män;Antal;2016;1.85
Strömstad;män;Antal;2017;1.77
Strömstad;män;Antal;2018;1.53
Strömstad;män;Antal;2019;1.25
Strömstad;män;Antal;2020;1.39
Strömstad;män;Antal;2021;1.65
Strömstad;män;Antal;2022;1.31
Strömstad;män;Antal;2023;1.4
Strömstad;män;Antal;2024;1.51
Strömstad;män;Antal;2025;1.21
Strömstad;kvinnor;Antal;2000;1.93
Strömstad;kvinnor;Antal;2001;1.78
Strömstad;kvinnor;Antal;2002;1.57
Strömstad;kvinnor;Antal;2003;2.08
Strömstad;kvinnor;Antal;2004;1.7
Strömstad;kvinnor;Antal;2005;1.62
Strömstad;kvinnor;Antal;2006;1.7
Strömstad;kvinnor;Antal;2007;1.78
Strömstad;kvinnor;Antal;2008;1.74
Strömstad;kvinnor;Antal;2009;1.99
Strömstad;kvinnor;Antal;2010;2.24
Strömstad;kvinnor;Antal;2011;1.9
Strömstad;kvinnor;Antal;2012;2.31
Strömstad;kvinnor;Antal;2013;1.99
Strömstad;kvinnor;Antal;2014;1.92
Strömstad;kvinnor;Antal;2015;2.1
Strömstad;kvinnor;Antal;2016;2.01
Strömstad;kvinnor;Antal;2017;2
Strömstad;kvinnor;Antal;2018;1.82
Strömstad;kvinnor;Antal;2019;1.57
Strömstad;kvinnor;Antal;2020;1.66
Strömstad;kvinnor;Antal;2021;1.93
Strömstad;kvinnor;Antal;2022;1.59
Strömstad;kvinnor;Antal;2023;1.7
Strömstad;kvinnor;Antal;2024;1.87
Strömstad;kvinnor;Antal;2025;1.62
Vänersborg;män;Antal;2000;1.42
Vänersborg;män;Antal;2001;1.54
Vänersborg;män;Antal;2002;1.57
Vänersborg;män;Antal;2003;1.61
Vänersborg;män;Antal;2004;1.54
Vänersborg;män;Antal;2005;1.66
Vänersborg;män;Antal;2006;1.86
Vänersborg;män;Antal;2007;1.8
Vänersborg;män;Antal;2008;1.81
Vänersborg;män;Antal;2009;1.84
Vänersborg;män;Antal;2010;2.06
Vänersborg;män;Antal;2011;2.04
Vänersborg;män;Antal;2012;1.75
Vänersborg;män;Antal;2013;1.83
Vänersborg;män;Antal;2014;1.99
Vänersborg;män;Antal;2015;1.76
Vänersborg;män;Antal;2016;1.66
Vänersborg;män;Antal;2017;1.75
Vänersborg;män;Antal;2018;1.83
Vänersborg;män;Antal;2019;1.63
Vänersborg;män;Antal;2020;1.76
Vänersborg;män;Antal;2021;1.64
Vänersborg;män;Antal;2022;1.57
Vänersborg;män;Antal;2023;1.5
Vänersborg;män;Antal;2024;1.37
Vänersborg;män;Antal;2025;1.31
Vänersborg;kvinnor;Antal;2000;1.6
Vänersborg;kvinnor;Antal;2001;1.74
Vänersborg;kvinnor;Antal;2002;1.79
Vänersborg;kvinnor;Antal;2003;1.83
Vänersborg;kvinnor;Antal;2004;1.75
Vänersborg;kvinnor;Antal;2005;1.89
Vänersborg;kvinnor;Antal;2006;2.03
Vänersborg;kvinnor;Antal;2007;1.98
Vänersborg;kvinnor;Antal;2008;2.05
Vänersborg;kvinnor;Antal;2009;2.05
Vänersborg;kvinnor;Antal;2010;2.3
Vänersborg;kvinnor;Antal;2011;2.17
Vänersborg;kvinnor;Antal;2012;1.95
Vänersborg;kvinnor;Antal;2013;2.03
Vänersborg;kvinnor;Antal;2014;2.23
Vänersborg;kvinnor;Antal;2015;2
Vänersborg;kvinnor;Antal;2016;1.89
Vänersborg;kvinnor;Antal;2017;1.95
Vänersborg;kvinnor;Antal;2018;2.05
Vänersborg;kvinnor;Antal;2019;1.82
Vänersborg;kvinnor;Antal;2020;1.94
Vänersborg;kvinnor;Antal;2021;1.87
Vänersborg;kvinnor;Antal;2022;1.8
Vänersborg;kvinnor;Antal;2023;1.75
Vänersborg;kvinnor;Antal;2024;1.63
Vänersborg;kvinnor;Antal;2025;1.52
Trollhättan;män;Antal;2000;1.3
Trollhättan;män;Antal;2001;1.36
Trollhättan;män;Antal;2002;1.44
Trollhättan;män;Antal;2003;1.49
Trollhättan;män;Antal;2004;1.54
Trollhättan;män;Antal;2005;1.63
Trollhättan;män;Antal;2006;1.53
Trollhättan;män;Antal;2007;1.79
Trollhättan;män;Antal;2008;1.64
Trollhättan;män;Antal;2009;1.68
Trollhättan;män;Antal;2010;1.73
Trollhättan;män;Antal;2011;1.74
Trollhättan;män;Antal;2012;1.73
Trollhättan;män;Antal;2013;1.78
Trollhättan;män;Antal;2014;1.68
Trollhättan;män;Antal;2015;1.68
Trollhättan;män;Antal;2016;1.69
Trollhättan;män;Antal;2017;1.61
Trollhättan;män;Antal;2018;1.6
Trollhättan;män;Antal;2019;1.43
Trollhättan;män;Antal;2020;1.4
Trollhättan;män;Antal;2021;1.48
Trollhättan;män;Antal;2022;1.53
Trollhättan;män;Antal;2023;1.3
Trollhättan;män;Antal;2024;1.22
Trollhättan;män;Antal;2025;1.37
Trollhättan;kvinnor;Antal;2000;1.55
Trollhättan;kvinnor;Antal;2001;1.59
Trollhättan;kvinnor;Antal;2002;1.7
Trollhättan;kvinnor;Antal;2003;1.72
Trollhättan;kvinnor;Antal;2004;1.75
Trollhättan;kvinnor;Antal;2005;1.87
Trollhättan;kvinnor;Antal;2006;1.73
Trollhättan;kvinnor;Antal;2007;2.05
Trollhättan;kvinnor;Antal;2008;1.85
Trollhättan;kvinnor;Antal;2009;1.89
Trollhättan;kvinnor;Antal;2010;1.96
Trollhättan;kvinnor;Antal;2011;2.02
Trollhättan;kvinnor;Antal;2012;1.96
Trollhättan;kvinnor;Antal;2013;2.01
Trollhättan;kvinnor;Antal;2014;1.88
Trollhättan;kvinnor;Antal;2015;1.89
Trollhättan;kvinnor;Antal;2016;1.93
Trollhättan;kvinnor;Antal;2017;1.83
Trollhättan;kvinnor;Antal;2018;1.79
Trollhättan;kvinnor;Antal;2019;1.62
Trollhättan;kvinnor;Antal;2020;1.6
Trollhättan;kvinnor;Antal;2021;1.61
Trollhättan;kvinnor;Antal;2022;1.73
Trollhättan;kvinnor;Antal;2023;1.45
Trollhättan;kvinnor;Antal;2024;1.32
Trollhättan;kvinnor;Antal;2025;1.5
Alingsås;män;Antal;2000;1.58
Alingsås;män;Antal;2001;1.5
Alingsås;män;Antal;2002;1.54
Alingsås;män;Antal;2003;1.69
Alingsås;män;Antal;2004;1.65
Alingsås;män;Antal;2005;1.86
Alingsås;män;Antal;2006;1.98
Alingsås;män;Antal;2007;1.82
Alingsås;män;Antal;2008;2.09
Alingsås;män;Antal;2009;1.93
Alingsås;män;Antal;2010;1.98
Alingsås;män;Antal;2011;1.94
Alingsås;män;Antal;2012;1.89
Alingsås;män;Antal;2013;1.76
Alingsås;män;Antal;2014;1.98
Alingsås;män;Antal;2015;1.76
Alingsås;män;Antal;2016;1.87
Alingsås;män;Antal;2017;1.74
Alingsås;män;Antal;2018;1.71
Alingsås;män;Antal;2019;1.71
Alingsås;män;Antal;2020;1.67
Alingsås;män;Antal;2021;1.58
Alingsås;män;Antal;2022;1.49
Alingsås;män;Antal;2023;1.42
Alingsås;män;Antal;2024;1.42
Alingsås;män;Antal;2025;1.31
Alingsås;kvinnor;Antal;2000;1.72
Alingsås;kvinnor;Antal;2001;1.64
Alingsås;kvinnor;Antal;2002;1.6
Alingsås;kvinnor;Antal;2003;1.86
Alingsås;kvinnor;Antal;2004;1.76
Alingsås;kvinnor;Antal;2005;2.02
Alingsås;kvinnor;Antal;2006;2.16
Alingsås;kvinnor;Antal;2007;1.99
Alingsås;kvinnor;Antal;2008;2.27
Alingsås;kvinnor;Antal;2009;2.07
Alingsås;kvinnor;Antal;2010;2.11
Alingsås;kvinnor;Antal;2011;2.06
Alingsås;kvinnor;Antal;2012;1.98
Alingsås;kvinnor;Antal;2013;1.88
Alingsås;kvinnor;Antal;2014;2.02
Alingsås;kvinnor;Antal;2015;1.89
Alingsås;kvinnor;Antal;2016;1.96
Alingsås;kvinnor;Antal;2017;1.84
Alingsås;kvinnor;Antal;2018;1.81
Alingsås;kvinnor;Antal;2019;1.8
Alingsås;kvinnor;Antal;2020;1.81
Alingsås;kvinnor;Antal;2021;1.66
Alingsås;kvinnor;Antal;2022;1.61
Alingsås;kvinnor;Antal;2023;1.53
Alingsås;kvinnor;Antal;2024;1.59
Alingsås;kvinnor;Antal;2025;1.45
Borås;män;Antal;2000;1.44
Borås;män;Antal;2001;1.4
Borås;män;Antal;2002;1.51
Borås;män;Antal;2003;1.54
Borås;män;Antal;2004;1.51
Borås;män;Antal;2005;1.58
Borås;män;Antal;2006;1.66
Borås;män;Antal;2007;1.68
Borås;män;Antal;2008;1.74
Borås;män;Antal;2009;1.69
Borås;män;Antal;2010;1.79
Borås;män;Antal;2011;1.79
Borås;män;Antal;2012;1.81
Borås;män;Antal;2013;1.74
Borås;män;Antal;2014;1.76
Borås;män;Antal;2015;1.7
Borås;män;Antal;2016;1.73
Borås;män;Antal;2017;1.54
Borås;män;Antal;2018;1.61
Borås;män;Antal;2019;1.56
Borås;män;Antal;2020;1.44
Borås;män;Antal;2021;1.54
Borås;män;Antal;2022;1.32
Borås;män;Antal;2023;1.32
Borås;män;Antal;2024;1.36
Borås;män;Antal;2025;1.22
Borås;kvinnor;Antal;2000;1.54
Borås;kvinnor;Antal;2001;1.51
Borås;kvinnor;Antal;2002;1.6
Borås;kvinnor;Antal;2003;1.63
Borås;kvinnor;Antal;2004;1.61
Borås;kvinnor;Antal;2005;1.69
Borås;kvinnor;Antal;2006;1.81
Borås;kvinnor;Antal;2007;1.82
Borås;kvinnor;Antal;2008;1.89
Borås;kvinnor;Antal;2009;1.86
Borås;kvinnor;Antal;2010;1.93
Borås;kvinnor;Antal;2011;1.93
Borås;kvinnor;Antal;2012;1.94
Borås;kvinnor;Antal;2013;1.88
Borås;kvinnor;Antal;2014;1.88
Borås;kvinnor;Antal;2015;1.81
Borås;kvinnor;Antal;2016;1.82
Borås;kvinnor;Antal;2017;1.68
Borås;kvinnor;Antal;2018;1.73
Borås;kvinnor;Antal;2019;1.64
Borås;kvinnor;Antal;2020;1.57
Borås;kvinnor;Antal;2021;1.68
Borås;kvinnor;Antal;2022;1.48
Borås;kvinnor;Antal;2023;1.47
Borås;kvinnor;Antal;2024;1.49
Borås;kvinnor;Antal;2025;1.35
Ulricehamn;män;Antal;2000;1.62
Ulricehamn;män;Antal;2001;1.47
Ulricehamn;män;Antal;2002;1.71
Ulricehamn;män;Antal;2003;1.75
Ulricehamn;män;Antal;2004;1.73
Ulricehamn;män;Antal;2005;1.67
Ulricehamn;män;Antal;2006;1.72
Ulricehamn;män;Antal;2007;2.04
Ulricehamn;män;Antal;2008;1.6
Ulricehamn;män;Antal;2009;1.89
Ulricehamn;män;Antal;2010;1.83
Ulricehamn;män;Antal;2011;1.99
Ulricehamn;män;Antal;2012;1.69
Ulricehamn;män;Antal;2013;1.79
Ulricehamn;män;Antal;2014;1.87
Ulricehamn;män;Antal;2015;1.65
Ulricehamn;män;Antal;2016;2
Ulricehamn;män;Antal;2017;1.67
Ulricehamn;män;Antal;2018;1.67
Ulricehamn;män;Antal;2019;1.72
Ulricehamn;män;Antal;2020;1.68
Ulricehamn;män;Antal;2021;1.63
Ulricehamn;män;Antal;2022;1.77
Ulricehamn;män;Antal;2023;1.34
Ulricehamn;män;Antal;2024;1.21
Ulricehamn;män;Antal;2025;1.39
Ulricehamn;kvinnor;Antal;2000;1.93
Ulricehamn;kvinnor;Antal;2001;1.73
Ulricehamn;kvinnor;Antal;2002;1.95
Ulricehamn;kvinnor;Antal;2003;2.07
Ulricehamn;kvinnor;Antal;2004;2.01
Ulricehamn;kvinnor;Antal;2005;1.95
Ulricehamn;kvinnor;Antal;2006;1.96
Ulricehamn;kvinnor;Antal;2007;2.35
Ulricehamn;kvinnor;Antal;2008;1.86
Ulricehamn;kvinnor;Antal;2009;2.12
Ulricehamn;kvinnor;Antal;2010;2.11
Ulricehamn;kvinnor;Antal;2011;2.22
Ulricehamn;kvinnor;Antal;2012;1.85
Ulricehamn;kvinnor;Antal;2013;2.02
Ulricehamn;kvinnor;Antal;2014;2.12
Ulricehamn;kvinnor;Antal;2015;1.88
Ulricehamn;kvinnor;Antal;2016;2.28
Ulricehamn;kvinnor;Antal;2017;1.9
Ulricehamn;kvinnor;Antal;2018;1.88
Ulricehamn;kvinnor;Antal;2019;1.93
Ulricehamn;kvinnor;Antal;2020;1.85
Ulricehamn;kvinnor;Antal;2021;1.83
Ulricehamn;kvinnor;Antal;2022;1.98
Ulricehamn;kvinnor;Antal;2023;1.55
Ulricehamn;kvinnor;Antal;2024;1.45
Ulricehamn;kvinnor;Antal;2025;1.58
Åmål;män;Antal;2000;1.68
Åmål;män;Antal;2001;1.68
Åmål;män;Antal;2002;1.48
Åmål;män;Antal;2003;1.65
Åmål;män;Antal;2004;1.74
Åmål;män;Antal;2005;1.63
Åmål;män;Antal;2006;1.35
Åmål;män;Antal;2007;1.71
Åmål;män;Antal;2008;1.67
Åmål;män;Antal;2009;1.59
Åmål;män;Antal;2010;1.94
Åmål;män;Antal;2011;1.63
Åmål;män;Antal;2012;1.75
Åmål;män;Antal;2013;1.48
Åmål;män;Antal;2014;1.72
Åmål;män;Antal;2015;1.74
Åmål;män;Antal;2016;1.92
Åmål;män;Antal;2017;1.5
Åmål;män;Antal;2018;1.74
Åmål;män;Antal;2019;1.62
Åmål;män;Antal;2020;1.77
Åmål;män;Antal;2021;1.27
Åmål;män;Antal;2022;1.63
Åmål;män;Antal;2023;1.2
Åmål;män;Antal;2024;1.28
Åmål;män;Antal;2025;1.19
Åmål;kvinnor;Antal;2000;1.94
Åmål;kvinnor;Antal;2001;2.05
Åmål;kvinnor;Antal;2002;1.91
Åmål;kvinnor;Antal;2003;2.12
Åmål;kvinnor;Antal;2004;2.12
Åmål;kvinnor;Antal;2005;1.94
Åmål;kvinnor;Antal;2006;1.61
Åmål;kvinnor;Antal;2007;2.04
Åmål;kvinnor;Antal;2008;1.82
Åmål;kvinnor;Antal;2009;1.95
Åmål;kvinnor;Antal;2010;2.15
Åmål;kvinnor;Antal;2011;1.84
Åmål;kvinnor;Antal;2012;1.91
Åmål;kvinnor;Antal;2013;1.55
Åmål;kvinnor;Antal;2014;1.89
Åmål;kvinnor;Antal;2015;2.07
Åmål;kvinnor;Antal;2016;2.11
Åmål;kvinnor;Antal;2017;1.64
Åmål;kvinnor;Antal;2018;1.93
Åmål;kvinnor;Antal;2019;1.72
Åmål;kvinnor;Antal;2020;1.93
Åmål;kvinnor;Antal;2021;1.49
Åmål;kvinnor;Antal;2022;1.78
Åmål;kvinnor;Antal;2023;1.4
Åmål;kvinnor;Antal;2024;1.44
Åmål;kvinnor;Antal;2025;1.38
Mariestad;män;Antal;2000;1.28
Mariestad;män;Antal;2001;1.45
Mariestad;män;Antal;2002;1.66
Mariestad;män;Antal;2003;1.72
Mariestad;män;Antal;2004;1.65
Mariestad;män;Antal;2005;1.82
Mariestad;män;Antal;2006;1.61
Mariestad;män;Antal;2007;1.56
Mariestad;män;Antal;2008;1.52
Mariestad;män;Antal;2009;1.84
Mariestad;män;Antal;2010;1.9
Mariestad;män;Antal;2011;1.8
Mariestad;män;Antal;2012;1.67
Mariestad;män;Antal;2013;1.72
Mariestad;män;Antal;2014;1.74
Mariestad;män;Antal;2015;1.9
Mariestad;män;Antal;2016;1.73
Mariestad;män;Antal;2017;1.67
Mariestad;män;Antal;2018;1.63
Mariestad;män;Antal;2019;1.6
Mariestad;män;Antal;2020;1.46
Mariestad;män;Antal;2021;1.4
Mariestad;män;Antal;2022;1.35
Mariestad;män;Antal;2023;1.22
Mariestad;män;Antal;2024;1.3
Mariestad;män;Antal;2025;1.25
Mariestad;kvinnor;Antal;2000;1.51
Mariestad;kvinnor;Antal;2001;1.73
Mariestad;kvinnor;Antal;2002;2
Mariestad;kvinnor;Antal;2003;1.97
Mariestad;kvinnor;Antal;2004;1.91
Mariestad;kvinnor;Antal;2005;2.09
Mariestad;kvinnor;Antal;2006;1.87
Mariestad;kvinnor;Antal;2007;1.8
Mariestad;kvinnor;Antal;2008;1.82
Mariestad;kvinnor;Antal;2009;2.11
Mariestad;kvinnor;Antal;2010;2.12
Mariestad;kvinnor;Antal;2011;2.02
Mariestad;kvinnor;Antal;2012;1.78
Mariestad;kvinnor;Antal;2013;1.94
Mariestad;kvinnor;Antal;2014;1.93
Mariestad;kvinnor;Antal;2015;2.08
Mariestad;kvinnor;Antal;2016;1.87
Mariestad;kvinnor;Antal;2017;1.76
Mariestad;kvinnor;Antal;2018;1.83
Mariestad;kvinnor;Antal;2019;1.84
Mariestad;kvinnor;Antal;2020;1.63
Mariestad;kvinnor;Antal;2021;1.68
Mariestad;kvinnor;Antal;2022;1.56
Mariestad;kvinnor;Antal;2023;1.43
Mariestad;kvinnor;Antal;2024;1.54
Mariestad;kvinnor;Antal;2025;1.47
Lidköping;män;Antal;2000;1.53
Lidköping;män;Antal;2001;1.53
Lidköping;män;Antal;2002;1.44
Lidköping;män;Antal;2003;1.75
Lidköping;män;Antal;2004;1.54
Lidköping;män;Antal;2005;1.57
Lidköping;män;Antal;2006;1.78
Lidköping;män;Antal;2007;1.93
Lidköping;män;Antal;2008;1.67
Lidköping;män;Antal;2009;1.93
Lidköping;män;Antal;2010;1.83
Lidköping;män;Antal;2011;1.74
Lidköping;män;Antal;2012;1.73
Lidköping;män;Antal;2013;1.8
Lidköping;män;Antal;2014;1.77
Lidköping;män;Antal;2015;1.8
Lidköping;män;Antal;2016;1.66
Lidköping;män;Antal;2017;1.71
Lidköping;män;Antal;2018;1.59
Lidköping;män;Antal;2019;1.57
Lidköping;män;Antal;2020;1.64
Lidköping;män;Antal;2021;1.53
Lidköping;män;Antal;2022;1.38
Lidköping;män;Antal;2023;1.37
Lidköping;män;Antal;2024;1.23
Lidköping;män;Antal;2025;1.28
Lidköping;kvinnor;Antal;2000;1.66
Lidköping;kvinnor;Antal;2001;1.7
Lidköping;kvinnor;Antal;2002;1.61
Lidköping;kvinnor;Antal;2003;1.97
Lidköping;kvinnor;Antal;2004;1.77
Lidköping;kvinnor;Antal;2005;1.78
Lidköping;kvinnor;Antal;2006;1.98
Lidköping;kvinnor;Antal;2007;2.19
Lidköping;kvinnor;Antal;2008;1.91
Lidköping;kvinnor;Antal;2009;2.14
Lidköping;kvinnor;Antal;2010;2.01
Lidköping;kvinnor;Antal;2011;1.93
Lidköping;kvinnor;Antal;2012;1.87
Lidköping;kvinnor;Antal;2013;2
Lidköping;kvinnor;Antal;2014;1.95
Lidköping;kvinnor;Antal;2015;1.92
Lidköping;kvinnor;Antal;2016;1.78
Lidköping;kvinnor;Antal;2017;1.87
Lidköping;kvinnor;Antal;2018;1.73
Lidköping;kvinnor;Antal;2019;1.73
Lidköping;kvinnor;Antal;2020;1.83
Lidköping;kvinnor;Antal;2021;1.72
Lidköping;kvinnor;Antal;2022;1.59
Lidköping;kvinnor;Antal;2023;1.61
Lidköping;kvinnor;Antal;2024;1.43
Lidköping;kvinnor;Antal;2025;1.48
Skara;män;Antal;2000;1.4
Skara;män;Antal;2001;1.62
Skara;män;Antal;2002;1.48
Skara;män;Antal;2003;1.51
Skara;män;Antal;2004;1.7
Skara;män;Antal;2005;1.75
Skara;män;Antal;2006;1.72
Skara;män;Antal;2007;1.54
Skara;män;Antal;2008;1.63
Skara;män;Antal;2009;1.78
Skara;män;Antal;2010;1.83
Skara;män;Antal;2011;1.48
Skara;män;Antal;2012;1.93
Skara;män;Antal;2013;1.72
Skara;män;Antal;2014;2
Skara;män;Antal;2015;1.68
Skara;män;Antal;2016;1.78
Skara;män;Antal;2017;1.64
Skara;män;Antal;2018;1.6
Skara;män;Antal;2019;1.6
Skara;män;Antal;2020;1.54
Skara;män;Antal;2021;1.55
Skara;män;Antal;2022;1.31
Skara;män;Antal;2023;1.54
Skara;män;Antal;2024;1.44
Skara;män;Antal;2025;1.23
Skara;kvinnor;Antal;2000;1.46
Skara;kvinnor;Antal;2001;1.72
Skara;kvinnor;Antal;2002;1.52
Skara;kvinnor;Antal;2003;1.65
Skara;kvinnor;Antal;2004;1.81
Skara;kvinnor;Antal;2005;1.93
Skara;kvinnor;Antal;2006;1.85
Skara;kvinnor;Antal;2007;1.75
Skara;kvinnor;Antal;2008;1.73
Skara;kvinnor;Antal;2009;1.8
Skara;kvinnor;Antal;2010;1.94
Skara;kvinnor;Antal;2011;1.52
Skara;kvinnor;Antal;2012;2.03
Skara;kvinnor;Antal;2013;1.91
Skara;kvinnor;Antal;2014;2.13
Skara;kvinnor;Antal;2015;1.87
Skara;kvinnor;Antal;2016;1.97
Skara;kvinnor;Antal;2017;1.9
Skara;kvinnor;Antal;2018;1.82
Skara;kvinnor;Antal;2019;1.88
Skara;kvinnor;Antal;2020;1.71
Skara;kvinnor;Antal;2021;1.91
Skara;kvinnor;Antal;2022;1.54
Skara;kvinnor;Antal;2023;1.8
Skara;kvinnor;Antal;2024;1.7
Skara;kvinnor;Antal;2025;1.49
Skövde;män;Antal;2000;1.42
Skövde;män;Antal;2001;1.28
Skövde;män;Antal;2002;1.45
Skövde;män;Antal;2003;1.45
Skövde;män;Antal;2004;1.47
Skövde;män;Antal;2005;1.49
Skövde;män;Antal;2006;1.64
Skövde;män;Antal;2007;1.58
Skövde;män;Antal;2008;1.58
Skövde;män;Antal;2009;1.76
Skövde;män;Antal;2010;1.7
Skövde;män;Antal;2011;1.57
Skövde;män;Antal;2012;1.71
Skövde;män;Antal;2013;1.71
Skövde;män;Antal;2014;1.69
Skövde;män;Antal;2015;1.69
Skövde;män;Antal;2016;1.69
Skövde;män;Antal;2017;1.64
Skövde;män;Antal;2018;1.62
Skövde;män;Antal;2019;1.52
Skövde;män;Antal;2020;1.47
Skövde;män;Antal;2021;1.36
Skövde;män;Antal;2022;1.39
Skövde;män;Antal;2023;1.23
Skövde;män;Antal;2024;1.22
Skövde;män;Antal;2025;1.14
Skövde;kvinnor;Antal;2000;1.57
Skövde;kvinnor;Antal;2001;1.37
Skövde;kvinnor;Antal;2002;1.56
Skövde;kvinnor;Antal;2003;1.59
Skövde;kvinnor;Antal;2004;1.64
Skövde;kvinnor;Antal;2005;1.67
Skövde;kvinnor;Antal;2006;1.84
Skövde;kvinnor;Antal;2007;1.78
Skövde;kvinnor;Antal;2008;1.77
Skövde;kvinnor;Antal;2009;1.99
Skövde;kvinnor;Antal;2010;1.91
Skövde;kvinnor;Antal;2011;1.75
Skövde;kvinnor;Antal;2012;1.86
Skövde;kvinnor;Antal;2013;1.91
Skövde;kvinnor;Antal;2014;1.83
Skövde;kvinnor;Antal;2015;1.86
Skövde;kvinnor;Antal;2016;1.84
Skövde;kvinnor;Antal;2017;1.83
Skövde;kvinnor;Antal;2018;1.83
Skövde;kvinnor;Antal;2019;1.71
Skövde;kvinnor;Antal;2020;1.69
Skövde;kvinnor;Antal;2021;1.56
Skövde;kvinnor;Antal;2022;1.61
Skövde;kvinnor;Antal;2023;1.42
Skövde;kvinnor;Antal;2024;1.42
Skövde;kvinnor;Antal;2025;1.34
Hjo;män;Antal;2000;1.5
Hjo;män;Antal;2001;1.53
Hjo;män;Antal;2002;1.77
Hjo;män;Antal;2003;1.67
Hjo;män;Antal;2004;1.86
Hjo;män;Antal;2005;1.6
Hjo;män;Antal;2006;1.67
Hjo;män;Antal;2007;1.63
Hjo;män;Antal;2008;1.77
Hjo;män;Antal;2009;2.09
Hjo;män;Antal;2010;1.84
Hjo;män;Antal;2011;2.03
Hjo;män;Antal;2012;1.81
Hjo;män;Antal;2013;2
Hjo;män;Antal;2014;2
Hjo;män;Antal;2015;1.76
Hjo;män;Antal;2016;1.44
Hjo;män;Antal;2017;1.74
Hjo;män;Antal;2018;1.94
Hjo;män;Antal;2019;1.9
Hjo;män;Antal;2020;1.7
Hjo;män;Antal;2021;1.75
Hjo;män;Antal;2022;1.75
Hjo;män;Antal;2023;1.67
Hjo;män;Antal;2024;1.54
Hjo;män;Antal;2025;1.15
Hjo;kvinnor;Antal;2000;1.64
Hjo;kvinnor;Antal;2001;1.67
Hjo;kvinnor;Antal;2002;2
Hjo;kvinnor;Antal;2003;1.79
Hjo;kvinnor;Antal;2004;2.02
Hjo;kvinnor;Antal;2005;1.71
Hjo;kvinnor;Antal;2006;1.79
Hjo;kvinnor;Antal;2007;1.82
Hjo;kvinnor;Antal;2008;2.08
Hjo;kvinnor;Antal;2009;2.32
Hjo;kvinnor;Antal;2010;2.05
Hjo;kvinnor;Antal;2011;2.29
Hjo;kvinnor;Antal;2012;1.95
Hjo;kvinnor;Antal;2013;2.06
Hjo;kvinnor;Antal;2014;2.21
Hjo;kvinnor;Antal;2015;1.9
Hjo;kvinnor;Antal;2016;1.65
Hjo;kvinnor;Antal;2017;1.81
Hjo;kvinnor;Antal;2018;2.24
Hjo;kvinnor;Antal;2019;2.19
Hjo;kvinnor;Antal;2020;1.84
Hjo;kvinnor;Antal;2021;1.86
Hjo;kvinnor;Antal;2022;1.76
Hjo;kvinnor;Antal;2023;1.69
Hjo;kvinnor;Antal;2024;1.69
Hjo;kvinnor;Antal;2025;1.23
Tidaholm;män;Antal;2000;1.5
Tidaholm;män;Antal;2001;1.58
Tidaholm;män;Antal;2002;1.54
Tidaholm;män;Antal;2003;1.71
Tidaholm;män;Antal;2004;1.24
Tidaholm;män;Antal;2005;1.84
Tidaholm;män;Antal;2006;1.58
Tidaholm;män;Antal;2007;1.46
Tidaholm;män;Antal;2008;1.8
Tidaholm;män;Antal;2009;1.65
Tidaholm;män;Antal;2010;1.98
Tidaholm;män;Antal;2011;1.64
Tidaholm;män;Antal;2012;2.32
Tidaholm;män;Antal;2013;1.98
Tidaholm;män;Antal;2014;1.9
Tidaholm;män;Antal;2015;2.1
Tidaholm;män;Antal;2016;1.63
Tidaholm;män;Antal;2017;1.76
Tidaholm;män;Antal;2018;1.6
Tidaholm;män;Antal;2019;1.59
Tidaholm;män;Antal;2020;1.61
Tidaholm;män;Antal;2021;1.68
Tidaholm;män;Antal;2022;1.54
Tidaholm;män;Antal;2023;1.43
Tidaholm;män;Antal;2024;1.49
Tidaholm;män;Antal;2025;1.62
Tidaholm;kvinnor;Antal;2000;1.7
Tidaholm;kvinnor;Antal;2001;1.82
Tidaholm;kvinnor;Antal;2002;1.87
Tidaholm;kvinnor;Antal;2003;2
Tidaholm;kvinnor;Antal;2004;1.49
Tidaholm;kvinnor;Antal;2005;2.22
Tidaholm;kvinnor;Antal;2006;1.9
Tidaholm;kvinnor;Antal;2007;1.66
Tidaholm;kvinnor;Antal;2008;2.02
Tidaholm;kvinnor;Antal;2009;1.95
Tidaholm;kvinnor;Antal;2010;2.34
Tidaholm;kvinnor;Antal;2011;1.97
Tidaholm;kvinnor;Antal;2012;2.57
Tidaholm;kvinnor;Antal;2013;2.05
Tidaholm;kvinnor;Antal;2014;1.91
Tidaholm;kvinnor;Antal;2015;2.3
Tidaholm;kvinnor;Antal;2016;1.93
Tidaholm;kvinnor;Antal;2017;1.94
Tidaholm;kvinnor;Antal;2018;1.83
Tidaholm;kvinnor;Antal;2019;1.71
Tidaholm;kvinnor;Antal;2020;1.85
Tidaholm;kvinnor;Antal;2021;1.84
Tidaholm;kvinnor;Antal;2022;1.73
Tidaholm;kvinnor;Antal;2023;1.74
Tidaholm;kvinnor;Antal;2024;1.75
Tidaholm;kvinnor;Antal;2025;1.85
Falköping;män;Antal;2000;1.51
Falköping;män;Antal;2001;1.6
Falköping;män;Antal;2002;1.79
Falköping;män;Antal;2003;1.92
Falköping;män;Antal;2004;1.7
Falköping;män;Antal;2005;1.67
Falköping;män;Antal;2006;1.98
Falköping;män;Antal;2007;1.98
Falköping;män;Antal;2008;1.72
Falköping;män;Antal;2009;1.8
Falköping;män;Antal;2010;1.98
Falköping;män;Antal;2011;1.91
Falköping;män;Antal;2012;1.9
Falköping;män;Antal;2013;1.91
Falköping;män;Antal;2014;1.99
Falköping;män;Antal;2015;1.88
Falköping;män;Antal;2016;1.86
Falköping;män;Antal;2017;1.77
Falköping;män;Antal;2018;1.9
Falköping;män;Antal;2019;1.83
Falköping;män;Antal;2020;1.65
Falköping;män;Antal;2021;1.54
Falköping;män;Antal;2022;1.54
Falköping;män;Antal;2023;1.58
Falköping;män;Antal;2024;1.42
Falköping;män;Antal;2025;1.47
Falköping;kvinnor;Antal;2000;1.73
Falköping;kvinnor;Antal;2001;1.86
Falköping;kvinnor;Antal;2002;2
Falköping;kvinnor;Antal;2003;2.14
Falköping;kvinnor;Antal;2004;1.97
Falköping;kvinnor;Antal;2005;1.88
Falköping;kvinnor;Antal;2006;2.22
Falköping;kvinnor;Antal;2007;2.19
Falköping;kvinnor;Antal;2008;1.9
Falköping;kvinnor;Antal;2009;2.01
Falköping;kvinnor;Antal;2010;2.14
Falköping;kvinnor;Antal;2011;2.1
Falköping;kvinnor;Antal;2012;2.12
Falköping;kvinnor;Antal;2013;2.09
Falköping;kvinnor;Antal;2014;2.2
Falköping;kvinnor;Antal;2015;2.1
Falköping;kvinnor;Antal;2016;2.17
Falköping;kvinnor;Antal;2017;2.01
Falköping;kvinnor;Antal;2018;2.08
Falköping;kvinnor;Antal;2019;2.09
Falköping;kvinnor;Antal;2020;1.93
Falköping;kvinnor;Antal;2021;1.77
Falköping;kvinnor;Antal;2022;1.82
Falköping;kvinnor;Antal;2023;1.83
Falköping;kvinnor;Antal;2024;1.64
Falköping;kvinnor;Antal;2025;1.67
Kil;män;Antal;2000;1.44
Kil;män;Antal;2001;1.55
Kil;män;Antal;2002;1.13
Kil;män;Antal;2003;1.73
Kil;män;Antal;2004;1.71
Kil;män;Antal;2005;1.91
Kil;män;Antal;2006;1.79
Kil;män;Antal;2007;1.78
Kil;män;Antal;2008;1.87
Kil;män;Antal;2009;1.98
Kil;män;Antal;2010;2.01
Kil;män;Antal;2011;2.13
Kil;män;Antal;2012;2.13
Kil;män;Antal;2013;2.01
Kil;män;Antal;2014;2.22
Kil;män;Antal;2015;2.01
Kil;män;Antal;2016;1.9
Kil;män;Antal;2017;1.88
Kil;män;Antal;2018;2.02
Kil;män;Antal;2019;1.55
Kil;män;Antal;2020;1.68
Kil;män;Antal;2021;2.1
Kil;män;Antal;2022;1.61
Kil;män;Antal;2023;1.57
Kil;män;Antal;2024;1.25
Kil;män;Antal;2025;1.27
Kil;kvinnor;Antal;2000;1.79
Kil;kvinnor;Antal;2001;1.81
Kil;kvinnor;Antal;2002;1.31
Kil;kvinnor;Antal;2003;1.77
Kil;kvinnor;Antal;2004;1.96
Kil;kvinnor;Antal;2005;1.98
Kil;kvinnor;Antal;2006;1.97
Kil;kvinnor;Antal;2007;2.04
Kil;kvinnor;Antal;2008;1.98
Kil;kvinnor;Antal;2009;2.18
Kil;kvinnor;Antal;2010;2.12
Kil;kvinnor;Antal;2011;2.22
Kil;kvinnor;Antal;2012;2.16
Kil;kvinnor;Antal;2013;2.06
Kil;kvinnor;Antal;2014;2.24
Kil;kvinnor;Antal;2015;2.12
Kil;kvinnor;Antal;2016;1.97
Kil;kvinnor;Antal;2017;1.98
Kil;kvinnor;Antal;2018;2.23
Kil;kvinnor;Antal;2019;1.65
Kil;kvinnor;Antal;2020;1.84
Kil;kvinnor;Antal;2021;2.19
Kil;kvinnor;Antal;2022;1.73
Kil;kvinnor;Antal;2023;1.7
Kil;kvinnor;Antal;2024;1.32
Kil;kvinnor;Antal;2025;1.5
Eda;män;Antal;2000;1.35
Eda;män;Antal;2001;1.39
Eda;män;Antal;2002;1.41
Eda;män;Antal;2003;1.23
Eda;män;Antal;2004;1.3
Eda;män;Antal;2005;1.38
Eda;män;Antal;2006;1.45
Eda;män;Antal;2007;1.25
Eda;män;Antal;2008;1.95
Eda;män;Antal;2009;1.56
Eda;män;Antal;2010;1.64
Eda;män;Antal;2011;1.71
Eda;män;Antal;2012;2.07
Eda;män;Antal;2013;1.75
Eda;män;Antal;2014;1.82
Eda;män;Antal;2015;1.82
Eda;män;Antal;2016;1.63
Eda;män;Antal;2017;1.53
Eda;män;Antal;2018;1.74
Eda;män;Antal;2019;1.44
Eda;män;Antal;2020;1.39
Eda;män;Antal;2021;1.52
Eda;män;Antal;2022;1.52
Eda;män;Antal;2023;1.12
Eda;män;Antal;2024;1.46
Eda;män;Antal;2025;1.17
Eda;kvinnor;Antal;2000;1.78
Eda;kvinnor;Antal;2001;1.76
Eda;kvinnor;Antal;2002;1.92
Eda;kvinnor;Antal;2003;1.65
Eda;kvinnor;Antal;2004;1.95
Eda;kvinnor;Antal;2005;1.65
Eda;kvinnor;Antal;2006;1.9
Eda;kvinnor;Antal;2007;1.65
Eda;kvinnor;Antal;2008;2.36
Eda;kvinnor;Antal;2009;1.96
Eda;kvinnor;Antal;2010;1.92
Eda;kvinnor;Antal;2011;2.2
Eda;kvinnor;Antal;2012;2.43
Eda;kvinnor;Antal;2013;2.25
Eda;kvinnor;Antal;2014;2.22
Eda;kvinnor;Antal;2015;2.18
Eda;kvinnor;Antal;2016;1.71
Eda;kvinnor;Antal;2017;1.94
Eda;kvinnor;Antal;2018;2
Eda;kvinnor;Antal;2019;1.75
Eda;kvinnor;Antal;2020;1.72
Eda;kvinnor;Antal;2021;1.78
Eda;kvinnor;Antal;2022;1.77
Eda;kvinnor;Antal;2023;1.38
Eda;kvinnor;Antal;2024;1.71
Eda;kvinnor;Antal;2025;1.37
Torsby;män;Antal;2000;1.67
Torsby;män;Antal;2001;1.35
Torsby;män;Antal;2002;1.28
Torsby;män;Antal;2003;1.38
Torsby;män;Antal;2004;1.03
Torsby;män;Antal;2005;1.68
Torsby;män;Antal;2006;1.19
Torsby;män;Antal;2007;1.46
Torsby;män;Antal;2008;1.43
Torsby;män;Antal;2009;1.35
Torsby;män;Antal;2010;1.71
Torsby;män;Antal;2011;1.81
Torsby;män;Antal;2012;1.76
Torsby;män;Antal;2013;1.38
Torsby;män;Antal;2014;1.64
Torsby;män;Antal;2015;1.44
Torsby;män;Antal;2016;1.71
Torsby;män;Antal;2017;1.58
Torsby;män;Antal;2018;1.45
Torsby;män;Antal;2019;1.65
Torsby;män;Antal;2020;1.3
Torsby;män;Antal;2021;1.53
Torsby;män;Antal;2022;1.85
Torsby;män;Antal;2023;1.16
Torsby;män;Antal;2024;1.38
Torsby;män;Antal;2025;1.18
Torsby;kvinnor;Antal;2000;2.02
Torsby;kvinnor;Antal;2001;1.73
Torsby;kvinnor;Antal;2002;1.6
Torsby;kvinnor;Antal;2003;1.74
Torsby;kvinnor;Antal;2004;1.24
Torsby;kvinnor;Antal;2005;2.09
Torsby;kvinnor;Antal;2006;1.51
Torsby;kvinnor;Antal;2007;1.8
Torsby;kvinnor;Antal;2008;1.8
Torsby;kvinnor;Antal;2009;1.64
Torsby;kvinnor;Antal;2010;2.1
Torsby;kvinnor;Antal;2011;2.13
Torsby;kvinnor;Antal;2012;2.15
Torsby;kvinnor;Antal;2013;1.58
Torsby;kvinnor;Antal;2014;1.97
Torsby;kvinnor;Antal;2015;1.64
Torsby;kvinnor;Antal;2016;2.04
Torsby;kvinnor;Antal;2017;1.86
Torsby;kvinnor;Antal;2018;1.73
Torsby;kvinnor;Antal;2019;1.95
Torsby;kvinnor;Antal;2020;1.59
Torsby;kvinnor;Antal;2021;1.85
Torsby;kvinnor;Antal;2022;2.22
Torsby;kvinnor;Antal;2023;1.49
Torsby;kvinnor;Antal;2024;1.63
Torsby;kvinnor;Antal;2025;1.5
Storfors;män;Antal;2000;1.14
Storfors;män;Antal;2001;1.27
Storfors;män;Antal;2002;1.83
Storfors;män;Antal;2003;1.55
Storfors;män;Antal;2004;1.97
Storfors;män;Antal;2005;1.43
Storfors;män;Antal;2006;1.61
Storfors;män;Antal;2007;1.51
Storfors;män;Antal;2008;1.68
Storfors;män;Antal;2009;1.8
Storfors;män;Antal;2010;1.87
Storfors;män;Antal;2011;
Storfors;män;Antal;2012;2.22
Storfors;män;Antal;2013;1.94
Storfors;män;Antal;2014;2.14
Storfors;män;Antal;2015;
Storfors;män;Antal;2016;
Storfors;män;Antal;2017;1.77
Storfors;män;Antal;2018;1.55
Storfors;män;Antal;2019;1.53
Storfors;män;Antal;2020;
Storfors;män;Antal;2021;1.71
Storfors;män;Antal;2022;
Storfors;män;Antal;2023;1.97
Storfors;män;Antal;2024;
Storfors;män;Antal;2025;
Storfors;kvinnor;Antal;2000;1.46
Storfors;kvinnor;Antal;2001;1.94
Storfors;kvinnor;Antal;2002;2.14
Storfors;kvinnor;Antal;2003;2
Storfors;kvinnor;Antal;2004;2.73
Storfors;kvinnor;Antal;2005;1.9
Storfors;kvinnor;Antal;2006;1.98
Storfors;kvinnor;Antal;2007;2.1
Storfors;kvinnor;Antal;2008;1.98
Storfors;kvinnor;Antal;2009;2.31
Storfors;kvinnor;Antal;2010;2.55
Storfors;kvinnor;Antal;2011;
Storfors;kvinnor;Antal;2012;2.52
Storfors;kvinnor;Antal;2013;2.34
Storfors;kvinnor;Antal;2014;2.47
Storfors;kvinnor;Antal;2015;
Storfors;kvinnor;Antal;2016;1.84
Storfors;kvinnor;Antal;2017;2.11
Storfors;kvinnor;Antal;2018;1.9
Storfors;kvinnor;Antal;2019;1.88
Storfors;kvinnor;Antal;2020;1.77
Storfors;kvinnor;Antal;2021;1.98
Storfors;kvinnor;Antal;2022;
Storfors;kvinnor;Antal;2023;1.85
Storfors;kvinnor;Antal;2024;
Storfors;kvinnor;Antal;2025;
Hammarö;män;Antal;2000;1.77
Hammarö;män;Antal;2001;1.6
Hammarö;män;Antal;2002;1.7
Hammarö;män;Antal;2003;1.49
Hammarö;män;Antal;2004;1.64
Hammarö;män;Antal;2005;1.84
Hammarö;män;Antal;2006;1.71
Hammarö;män;Antal;2007;1.86
Hammarö;män;Antal;2008;1.91
Hammarö;män;Antal;2009;2.09
Hammarö;män;Antal;2010;2.22
Hammarö;män;Antal;2011;1.86
Hammarö;män;Antal;2012;2.12
Hammarö;män;Antal;2013;1.75
Hammarö;män;Antal;2014;2.33
Hammarö;män;Antal;2015;2.08
Hammarö;män;Antal;2016;1.97
Hammarö;män;Antal;2017;2.08
Hammarö;män;Antal;2018;1.99
Hammarö;män;Antal;2019;2.09
Hammarö;män;Antal;2020;1.75
Hammarö;män;Antal;2021;1.67
Hammarö;män;Antal;2022;1.82
Hammarö;män;Antal;2023;1.43
Hammarö;män;Antal;2024;1.46
Hammarö;män;Antal;2025;1.42
Hammarö;kvinnor;Antal;2000;2.04
Hammarö;kvinnor;Antal;2001;1.89
Hammarö;kvinnor;Antal;2002;2
Hammarö;kvinnor;Antal;2003;1.75
Hammarö;kvinnor;Antal;2004;1.87
Hammarö;kvinnor;Antal;2005;2.11
Hammarö;kvinnor;Antal;2006;1.96
Hammarö;kvinnor;Antal;2007;2.15
Hammarö;kvinnor;Antal;2008;2.09
Hammarö;kvinnor;Antal;2009;2.31
Hammarö;kvinnor;Antal;2010;2.47
Hammarö;kvinnor;Antal;2011;2.16
Hammarö;kvinnor;Antal;2012;2.41
Hammarö;kvinnor;Antal;2013;2.01
Hammarö;kvinnor;Antal;2014;2.41
Hammarö;kvinnor;Antal;2015;2.04
Hammarö;kvinnor;Antal;2016;2.09
Hammarö;kvinnor;Antal;2017;2.22
Hammarö;kvinnor;Antal;2018;2.11
Hammarö;kvinnor;Antal;2019;2.28
Hammarö;kvinnor;Antal;2020;1.94
Hammarö;kvinnor;Antal;2021;1.74
Hammarö;kvinnor;Antal;2022;1.87
Hammarö;kvinnor;Antal;2023;1.54
Hammarö;kvinnor;Antal;2024;1.65
Hammarö;kvinnor;Antal;2025;1.5
Munkfors;män;Antal;2000;1.45
Munkfors;män;Antal;2001;1.52
Munkfors;män;Antal;2002;
Munkfors;män;Antal;2003;1.67
Munkfors;män;Antal;2004;1.66
Munkfors;män;Antal;2005;1.56
Munkfors;män;Antal;2006;1.61
Munkfors;män;Antal;2007;
Munkfors;män;Antal;2008;
Munkfors;män;Antal;2009;1.84
Munkfors;män;Antal;2010;1.76
Munkfors;män;Antal;2011;
Munkfors;män;Antal;2012;
Munkfors;män;Antal;2013;
Munkfors;män;Antal;2014;
Munkfors;män;Antal;2015;
Munkfors;män;Antal;2016;
Munkfors;män;Antal;2017;1.75
Munkfors;män;Antal;2018;
Munkfors;män;Antal;2019;1.5
Munkfors;män;Antal;2020;
Munkfors;män;Antal;2021;1.48
Munkfors;män;Antal;2022;
Munkfors;män;Antal;2023;
Munkfors;män;Antal;2024;
Munkfors;män;Antal;2025;1.48
Munkfors;kvinnor;Antal;2000;1.51
Munkfors;kvinnor;Antal;2001;1.7
Munkfors;kvinnor;Antal;2002;
Munkfors;kvinnor;Antal;2003;1.96
Munkfors;kvinnor;Antal;2004;1.9
Munkfors;kvinnor;Antal;2005;1.77
Munkfors;kvinnor;Antal;2006;1.79
Munkfors;kvinnor;Antal;2007;
Munkfors;kvinnor;Antal;2008;
Munkfors;kvinnor;Antal;2009;2.55
Munkfors;kvinnor;Antal;2010;2.05
Munkfors;kvinnor;Antal;2011;
Munkfors;kvinnor;Antal;2012;
Munkfors;kvinnor;Antal;2013;
Munkfors;kvinnor;Antal;2014;1.89
Munkfors;kvinnor;Antal;2015;
Munkfors;kvinnor;Antal;2016;
Munkfors;kvinnor;Antal;2017;2.33
Munkfors;kvinnor;Antal;2018;
Munkfors;kvinnor;Antal;2019;1.93
Munkfors;kvinnor;Antal;2020;
Munkfors;kvinnor;Antal;2021;1.92
Munkfors;kvinnor;Antal;2022;
Munkfors;kvinnor;Antal;2023;
Munkfors;kvinnor;Antal;2024;
Munkfors;kvinnor;Antal;2025;2.05
Forshaga;män;Antal;2000;1.78
Forshaga;män;Antal;2001;1.16
Forshaga;män;Antal;2002;1.61
Forshaga;män;Antal;2003;1.69
Forshaga;män;Antal;2004;1.68
Forshaga;män;Antal;2005;1.67
Forshaga;män;Antal;2006;1.99
Forshaga;män;Antal;2007;1.98
Forshaga;män;Antal;2008;1.76
Forshaga;män;Antal;2009;2.06
Forshaga;män;Antal;2010;1.54
Forshaga;män;Antal;2011;1.94
Forshaga;män;Antal;2012;1.94
Forshaga;män;Antal;2013;1.86
Forshaga;män;Antal;2014;1.84
Forshaga;män;Antal;2015;1.41
Forshaga;män;Antal;2016;2.26
Forshaga;män;Antal;2017;1.75
Forshaga;män;Antal;2018;2.01
Forshaga;män;Antal;2019;1.83
Forshaga;män;Antal;2020;1.61
Forshaga;män;Antal;2021;1.44
Forshaga;män;Antal;2022;1.39
Forshaga;män;Antal;2023;1.42
Forshaga;män;Antal;2024;1.52
Forshaga;män;Antal;2025;1.48
Forshaga;kvinnor;Antal;2000;1.92
Forshaga;kvinnor;Antal;2001;1.48
Forshaga;kvinnor;Antal;2002;1.87
Forshaga;kvinnor;Antal;2003;2.06
Forshaga;kvinnor;Antal;2004;1.98
Forshaga;kvinnor;Antal;2005;1.99
Forshaga;kvinnor;Antal;2006;2.2
Forshaga;kvinnor;Antal;2007;2.27
Forshaga;kvinnor;Antal;2008;1.98
Forshaga;kvinnor;Antal;2009;2.23
Forshaga;kvinnor;Antal;2010;1.81
Forshaga;kvinnor;Antal;2011;2.16
Forshaga;kvinnor;Antal;2012;2.23
Forshaga;kvinnor;Antal;2013;1.99
Forshaga;kvinnor;Antal;2014;2.02
Forshaga;kvinnor;Antal;2015;1.72
Forshaga;kvinnor;Antal;2016;2.61
Forshaga;kvinnor;Antal;2017;2.07
Forshaga;kvinnor;Antal;2018;2.36
Forshaga;kvinnor;Antal;2019;2.08
Forshaga;kvinnor;Antal;2020;1.81
Forshaga;kvinnor;Antal;2021;1.74
Forshaga;kvinnor;Antal;2022;1.52
Forshaga;kvinnor;Antal;2023;1.59
Forshaga;kvinnor;Antal;2024;1.83
Forshaga;kvinnor;Antal;2025;1.68
Grums;män;Antal;2000;1.26
Grums;män;Antal;2001;1.24
Grums;män;Antal;2002;1.42
Grums;män;Antal;2003;1.35
Grums;män;Antal;2004;1.75
Grums;män;Antal;2005;1.35
Grums;män;Antal;2006;1.65
Grums;män;Antal;2007;1.89
Grums;män;Antal;2008;1.7
Grums;män;Antal;2009;1.95
Grums;män;Antal;2010;1.57
Grums;män;Antal;2011;1.77
Grums;män;Antal;2012;1.69
Grums;män;Antal;2013;1.74
Grums;män;Antal;2014;1.96
Grums;män;Antal;2015;1.79
Grums;män;Antal;2016;1.67
Grums;män;Antal;2017;1.61
Grums;män;Antal;2018;1.98
Grums;män;Antal;2019;1.53
Grums;män;Antal;2020;1.61
Grums;män;Antal;2021;1.72
Grums;män;Antal;2022;1.34
Grums;män;Antal;2023;1.22
Grums;män;Antal;2024;1.26
Grums;män;Antal;2025;1.2
Grums;kvinnor;Antal;2000;1.47
Grums;kvinnor;Antal;2001;1.44
Grums;kvinnor;Antal;2002;1.55
Grums;kvinnor;Antal;2003;1.79
Grums;kvinnor;Antal;2004;2.13
Grums;kvinnor;Antal;2005;1.8
Grums;kvinnor;Antal;2006;1.92
Grums;kvinnor;Antal;2007;2.34
Grums;kvinnor;Antal;2008;1.93
Grums;kvinnor;Antal;2009;2.28
Grums;kvinnor;Antal;2010;1.92
Grums;kvinnor;Antal;2011;2.08
Grums;kvinnor;Antal;2012;1.91
Grums;kvinnor;Antal;2013;2.21
Grums;kvinnor;Antal;2014;2.03
Grums;kvinnor;Antal;2015;1.88
Grums;kvinnor;Antal;2016;1.9
Grums;kvinnor;Antal;2017;1.81
Grums;kvinnor;Antal;2018;2.11
Grums;kvinnor;Antal;2019;1.69
Grums;kvinnor;Antal;2020;1.67
Grums;kvinnor;Antal;2021;2.04
Grums;kvinnor;Antal;2022;1.58
Grums;kvinnor;Antal;2023;1.47
Grums;kvinnor;Antal;2024;1.55
Grums;kvinnor;Antal;2025;1.45
Årjäng;män;Antal;2000;1.49
Årjäng;män;Antal;2001;1.57
Årjäng;män;Antal;2002;1.45
Årjäng;män;Antal;2003;1.49
Årjäng;män;Antal;2004;1.61
Årjäng;män;Antal;2005;1.53
Årjäng;män;Antal;2006;1.27
Årjäng;män;Antal;2007;1.66
Årjäng;män;Antal;2008;1.66
Årjäng;män;Antal;2009;1.78
Årjäng;män;Antal;2010;1.84
Årjäng;män;Antal;2011;1.66
Årjäng;män;Antal;2012;1.42
Årjäng;män;Antal;2013;1.49
Årjäng;män;Antal;2014;1.48
Årjäng;män;Antal;2015;1.66
Årjäng;män;Antal;2016;1.76
Årjäng;män;Antal;2017;1.59
Årjäng;män;Antal;2018;1.63
Årjäng;män;Antal;2019;1.74
Årjäng;män;Antal;2020;1.26
Årjäng;män;Antal;2021;1.38
Årjäng;män;Antal;2022;1.34
Årjäng;män;Antal;2023;1.55
Årjäng;män;Antal;2024;1.43
Årjäng;män;Antal;2025;1.28
Årjäng;kvinnor;Antal;2000;1.66
Årjäng;kvinnor;Antal;2001;1.96
Årjäng;kvinnor;Antal;2002;1.87
Årjäng;kvinnor;Antal;2003;1.94
Årjäng;kvinnor;Antal;2004;2.21
Årjäng;kvinnor;Antal;2005;1.98
Årjäng;kvinnor;Antal;2006;1.55
Årjäng;kvinnor;Antal;2007;2.01
Årjäng;kvinnor;Antal;2008;1.98
Årjäng;kvinnor;Antal;2009;2.15
Årjäng;kvinnor;Antal;2010;2.22
Årjäng;kvinnor;Antal;2011;1.91
Årjäng;kvinnor;Antal;2012;1.71
Årjäng;kvinnor;Antal;2013;1.69
Årjäng;kvinnor;Antal;2014;1.6
Årjäng;kvinnor;Antal;2015;1.89
Årjäng;kvinnor;Antal;2016;2.02
Årjäng;kvinnor;Antal;2017;1.8
Årjäng;kvinnor;Antal;2018;1.78
Årjäng;kvinnor;Antal;2019;2.02
Årjäng;kvinnor;Antal;2020;1.52
Årjäng;kvinnor;Antal;2021;1.61
Årjäng;kvinnor;Antal;2022;1.6
Årjäng;kvinnor;Antal;2023;1.75
Årjäng;kvinnor;Antal;2024;1.73
Årjäng;kvinnor;Antal;2025;1.65
Sunne;män;Antal;2000;1.48
Sunne;män;Antal;2001;1.43
Sunne;män;Antal;2002;1.37
Sunne;män;Antal;2003;1.57
Sunne;män;Antal;2004;1.53
Sunne;män;Antal;2005;1.46
Sunne;män;Antal;2006;1.51
Sunne;män;Antal;2007;1.7
Sunne;män;Antal;2008;1.58
Sunne;män;Antal;2009;1.84
Sunne;män;Antal;2010;1.72
Sunne;män;Antal;2011;1.55
Sunne;män;Antal;2012;1.9
Sunne;män;Antal;2013;1.44
Sunne;män;Antal;2014;1.64
Sunne;män;Antal;2015;1.71
Sunne;män;Antal;2016;1.78
Sunne;män;Antal;2017;1.81
Sunne;män;Antal;2018;2.02
Sunne;män;Antal;2019;1.89
Sunne;män;Antal;2020;1.62
Sunne;män;Antal;2021;1.45
Sunne;män;Antal;2022;1.48
Sunne;män;Antal;2023;1.43
Sunne;män;Antal;2024;1.23
Sunne;män;Antal;2025;1.43
Sunne;kvinnor;Antal;2000;1.84
Sunne;kvinnor;Antal;2001;1.61
Sunne;kvinnor;Antal;2002;1.52
Sunne;kvinnor;Antal;2003;1.91
Sunne;kvinnor;Antal;2004;1.85
Sunne;kvinnor;Antal;2005;1.73
Sunne;kvinnor;Antal;2006;1.83
Sunne;kvinnor;Antal;2007;2
Sunne;kvinnor;Antal;2008;1.72
Sunne;kvinnor;Antal;2009;2.15
Sunne;kvinnor;Antal;2010;2.06
Sunne;kvinnor;Antal;2011;1.81
Sunne;kvinnor;Antal;2012;2.1
Sunne;kvinnor;Antal;2013;1.74
Sunne;kvinnor;Antal;2014;1.98
Sunne;kvinnor;Antal;2015;2.03
Sunne;kvinnor;Antal;2016;2.09
Sunne;kvinnor;Antal;2017;2.05
Sunne;kvinnor;Antal;2018;2.32
Sunne;kvinnor;Antal;2019;2.14
Sunne;kvinnor;Antal;2020;1.8
Sunne;kvinnor;Antal;2021;1.59
Sunne;kvinnor;Antal;2022;1.67
Sunne;kvinnor;Antal;2023;1.58
Sunne;kvinnor;Antal;2024;1.34
Sunne;kvinnor;Antal;2025;1.68
Karlstad;män;Antal;2000;1.31
Karlstad;män;Antal;2001;1.38
Karlstad;män;Antal;2002;1.32
Karlstad;män;Antal;2003;1.46
Karlstad;män;Antal;2004;1.43
Karlstad;män;Antal;2005;1.53
Karlstad;män;Antal;2006;1.59
Karlstad;män;Antal;2007;1.65
Karlstad;män;Antal;2008;1.58
Karlstad;män;Antal;2009;1.67
Karlstad;män;Antal;2010;1.7
Karlstad;män;Antal;2011;1.67
Karlstad;män;Antal;2012;1.67
Karlstad;män;Antal;2013;1.6
Karlstad;män;Antal;2014;1.67
Karlstad;män;Antal;2015;1.62
Karlstad;män;Antal;2016;1.65
Karlstad;män;Antal;2017;1.68
Karlstad;män;Antal;2018;1.56
Karlstad;män;Antal;2019;1.43
Karlstad;män;Antal;2020;1.43
Karlstad;män;Antal;2021;1.38
Karlstad;män;Antal;2022;1.27
Karlstad;män;Antal;2023;1.17
Karlstad;män;Antal;2024;1.21
Karlstad;män;Antal;2025;1.19
Karlstad;kvinnor;Antal;2000;1.36
Karlstad;kvinnor;Antal;2001;1.45
Karlstad;kvinnor;Antal;2002;1.4
Karlstad;kvinnor;Antal;2003;1.58
Karlstad;kvinnor;Antal;2004;1.53
Karlstad;kvinnor;Antal;2005;1.63
Karlstad;kvinnor;Antal;2006;1.71
Karlstad;kvinnor;Antal;2007;1.79
Karlstad;kvinnor;Antal;2008;1.71
Karlstad;kvinnor;Antal;2009;1.81
Karlstad;kvinnor;Antal;2010;1.81
Karlstad;kvinnor;Antal;2011;1.8
Karlstad;kvinnor;Antal;2012;1.82
Karlstad;kvinnor;Antal;2013;1.72
Karlstad;kvinnor;Antal;2014;1.78
Karlstad;kvinnor;Antal;2015;1.73
Karlstad;kvinnor;Antal;2016;1.71
Karlstad;kvinnor;Antal;2017;1.76
Karlstad;kvinnor;Antal;2018;1.65
Karlstad;kvinnor;Antal;2019;1.5
Karlstad;kvinnor;Antal;2020;1.53
Karlstad;kvinnor;Antal;2021;1.46
Karlstad;kvinnor;Antal;2022;1.36
Karlstad;kvinnor;Antal;2023;1.26
Karlstad;kvinnor;Antal;2024;1.3
Karlstad;kvinnor;Antal;2025;1.29
Kristinehamn;män;Antal;2000;1.25
Kristinehamn;män;Antal;2001;1.21
Kristinehamn;män;Antal;2002;1.52
Kristinehamn;män;Antal;2003;1.41
Kristinehamn;män;Antal;2004;1.45
Kristinehamn;män;Antal;2005;1.32
Kristinehamn;män;Antal;2006;1.68
Kristinehamn;män;Antal;2007;1.48
Kristinehamn;män;Antal;2008;1.61
Kristinehamn;män;Antal;2009;1.64
Kristinehamn;män;Antal;2010;1.72
Kristinehamn;män;Antal;2011;1.75
Kristinehamn;män;Antal;2012;1.75
Kristinehamn;män;Antal;2013;1.74
Kristinehamn;män;Antal;2014;1.68
Kristinehamn;män;Antal;2015;1.74
Kristinehamn;män;Antal;2016;1.49
Kristinehamn;män;Antal;2017;1.7
Kristinehamn;män;Antal;2018;1.18
Kristinehamn;män;Antal;2019;1.64
Kristinehamn;män;Antal;2020;1.4
Kristinehamn;män;Antal;2021;1.36
Kristinehamn;män;Antal;2022;1.38
Kristinehamn;män;Antal;2023;1.18
Kristinehamn;män;Antal;2024;1.2
Kristinehamn;män;Antal;2025;1.17
Kristinehamn;kvinnor;Antal;2000;1.47
Kristinehamn;kvinnor;Antal;2001;1.44
Kristinehamn;kvinnor;Antal;2002;1.8
Kristinehamn;kvinnor;Antal;2003;1.75
Kristinehamn;kvinnor;Antal;2004;1.77
Kristinehamn;kvinnor;Antal;2005;1.62
Kristinehamn;kvinnor;Antal;2006;1.93
Kristinehamn;kvinnor;Antal;2007;1.89
Kristinehamn;kvinnor;Antal;2008;1.92
Kristinehamn;kvinnor;Antal;2009;1.89
Kristinehamn;kvinnor;Antal;2010;2.01
Kristinehamn;kvinnor;Antal;2011;1.97
Kristinehamn;kvinnor;Antal;2012;1.98
Kristinehamn;kvinnor;Antal;2013;2.01
Kristinehamn;kvinnor;Antal;2014;1.86
Kristinehamn;kvinnor;Antal;2015;2
Kristinehamn;kvinnor;Antal;2016;1.73
Kristinehamn;kvinnor;Antal;2017;1.93
Kristinehamn;kvinnor;Antal;2018;1.38
Kristinehamn;kvinnor;Antal;2019;1.83
Kristinehamn;kvinnor;Antal;2020;1.72
Kristinehamn;kvinnor;Antal;2021;1.57
Kristinehamn;kvinnor;Antal;2022;1.59
Kristinehamn;kvinnor;Antal;2023;1.49
Kristinehamn;kvinnor;Antal;2024;1.41
Kristinehamn;kvinnor;Antal;2025;1.47
Filipstad;män;Antal;2000;1.44
Filipstad;män;Antal;2001;1.53
Filipstad;män;Antal;2002;1.5
Filipstad;män;Antal;2003;1.85
Filipstad;män;Antal;2004;1.37
Filipstad;män;Antal;2005;1.24
Filipstad;män;Antal;2006;1.79
Filipstad;män;Antal;2007;1.63
Filipstad;män;Antal;2008;1.52
Filipstad;män;Antal;2009;1.55
Filipstad;män;Antal;2010;1.63
Filipstad;män;Antal;2011;1.86
Filipstad;män;Antal;2012;1.58
Filipstad;män;Antal;2013;1.37
Filipstad;män;Antal;2014;1.66
Filipstad;män;Antal;2015;1.89
Filipstad;män;Antal;2016;1.94
Filipstad;män;Antal;2017;1.8
Filipstad;män;Antal;2018;1.8
Filipstad;män;Antal;2019;1.46
Filipstad;män;Antal;2020;1.65
Filipstad;män;Antal;2021;1.56
Filipstad;män;Antal;2022;1.54
Filipstad;män;Antal;2023;1.04
Filipstad;män;Antal;2024;1.29
Filipstad;män;Antal;2025;1.06
Filipstad;kvinnor;Antal;2000;1.73
Filipstad;kvinnor;Antal;2001;1.85
Filipstad;kvinnor;Antal;2002;1.88
Filipstad;kvinnor;Antal;2003;2.36
Filipstad;kvinnor;Antal;2004;1.82
Filipstad;kvinnor;Antal;2005;1.5
Filipstad;kvinnor;Antal;2006;2.29
Filipstad;kvinnor;Antal;2007;2.03
Filipstad;kvinnor;Antal;2008;1.94
Filipstad;kvinnor;Antal;2009;1.81
Filipstad;kvinnor;Antal;2010;1.96
Filipstad;kvinnor;Antal;2011;2.08
Filipstad;kvinnor;Antal;2012;1.88
Filipstad;kvinnor;Antal;2013;1.78
Filipstad;kvinnor;Antal;2014;1.89
Filipstad;kvinnor;Antal;2015;2.21
Filipstad;kvinnor;Antal;2016;2.32
Filipstad;kvinnor;Antal;2017;2.34
Filipstad;kvinnor;Antal;2018;2.18
Filipstad;kvinnor;Antal;2019;1.76
Filipstad;kvinnor;Antal;2020;2.07
Filipstad;kvinnor;Antal;2021;1.82
Filipstad;kvinnor;Antal;2022;1.96
Filipstad;kvinnor;Antal;2023;1.31
Filipstad;kvinnor;Antal;2024;1.62
Filipstad;kvinnor;Antal;2025;1.2
Hagfors;män;Antal;2000;1.04
Hagfors;män;Antal;2001;1.18
Hagfors;män;Antal;2002;1.43
Hagfors;män;Antal;2003;1.47
Hagfors;män;Antal;2004;1.52
Hagfors;män;Antal;2005;1.56
Hagfors;män;Antal;2006;1.25
Hagfors;män;Antal;2007;1.35
Hagfors;män;Antal;2008;1.31
Hagfors;män;Antal;2009;1.67
Hagfors;män;Antal;2010;1.61
Hagfors;män;Antal;2011;1.65
Hagfors;män;Antal;2012;1.53
Hagfors;män;Antal;2013;1.38
Hagfors;män;Antal;2014;1.32
Hagfors;män;Antal;2015;1.33
Hagfors;män;Antal;2016;1.56
Hagfors;män;Antal;2017;1.2
Hagfors;män;Antal;2018;1.34
Hagfors;män;Antal;2019;1.69
Hagfors;män;Antal;2020;1.47
Hagfors;män;Antal;2021;1.38
Hagfors;män;Antal;2022;1.21
Hagfors;män;Antal;2023;1.53
Hagfors;män;Antal;2024;1.33
Hagfors;män;Antal;2025;0.99
Hagfors;kvinnor;Antal;2000;1.39
Hagfors;kvinnor;Antal;2001;1.62
Hagfors;kvinnor;Antal;2002;1.78
Hagfors;kvinnor;Antal;2003;1.83
Hagfors;kvinnor;Antal;2004;1.74
Hagfors;kvinnor;Antal;2005;1.9
Hagfors;kvinnor;Antal;2006;1.56
Hagfors;kvinnor;Antal;2007;1.74
Hagfors;kvinnor;Antal;2008;1.65
Hagfors;kvinnor;Antal;2009;1.94
Hagfors;kvinnor;Antal;2010;2.08
Hagfors;kvinnor;Antal;2011;2.13
Hagfors;kvinnor;Antal;2012;1.86
Hagfors;kvinnor;Antal;2013;1.75
Hagfors;kvinnor;Antal;2014;1.64
Hagfors;kvinnor;Antal;2015;1.91
Hagfors;kvinnor;Antal;2016;2.07
Hagfors;kvinnor;Antal;2017;1.75
Hagfors;kvinnor;Antal;2018;1.7
Hagfors;kvinnor;Antal;2019;2.18
Hagfors;kvinnor;Antal;2020;1.89
Hagfors;kvinnor;Antal;2021;1.8
Hagfors;kvinnor;Antal;2022;1.61
Hagfors;kvinnor;Antal;2023;1.95
Hagfors;kvinnor;Antal;2024;1.79
Hagfors;kvinnor;Antal;2025;1.32
Arvika;män;Antal;2000;1.45
Arvika;män;Antal;2001;1.34
Arvika;män;Antal;2002;1.48
Arvika;män;Antal;2003;1.51
Arvika;män;Antal;2004;1.49
Arvika;män;Antal;2005;1.52
Arvika;män;Antal;2006;1.73
Arvika;män;Antal;2007;1.59
Arvika;män;Antal;2008;1.58
Arvika;män;Antal;2009;1.69
Arvika;män;Antal;2010;1.76
Arvika;män;Antal;2011;1.6
Arvika;män;Antal;2012;1.79
Arvika;män;Antal;2013;1.88
Arvika;män;Antal;2014;1.75
Arvika;män;Antal;2015;1.76
Arvika;män;Antal;2016;1.89
Arvika;män;Antal;2017;1.68
Arvika;män;Antal;2018;1.72
Arvika;män;Antal;2019;1.55
Arvika;män;Antal;2020;1.55
Arvika;män;Antal;2021;1.36
Arvika;män;Antal;2022;1.44
Arvika;män;Antal;2023;1.05
Arvika;män;Antal;2024;1.22
Arvika;män;Antal;2025;1.1
Arvika;kvinnor;Antal;2000;1.66
Arvika;kvinnor;Antal;2001;1.53
Arvika;kvinnor;Antal;2002;1.63
Arvika;kvinnor;Antal;2003;1.7
Arvika;kvinnor;Antal;2004;1.69
Arvika;kvinnor;Antal;2005;1.77
Arvika;kvinnor;Antal;2006;2.01
Arvika;kvinnor;Antal;2007;1.86
Arvika;kvinnor;Antal;2008;1.79
Arvika;kvinnor;Antal;2009;1.89
Arvika;kvinnor;Antal;2010;1.92
Arvika;kvinnor;Antal;2011;1.76
Arvika;kvinnor;Antal;2012;1.98
Arvika;kvinnor;Antal;2013;2.03
Arvika;kvinnor;Antal;2014;1.97
Arvika;kvinnor;Antal;2015;1.94
Arvika;kvinnor;Antal;2016;2.09
Arvika;kvinnor;Antal;2017;1.86
Arvika;kvinnor;Antal;2018;1.94
Arvika;kvinnor;Antal;2019;1.84
Arvika;kvinnor;Antal;2020;1.76
Arvika;kvinnor;Antal;2021;1.59
Arvika;kvinnor;Antal;2022;1.73
Arvika;kvinnor;Antal;2023;1.27
Arvika;kvinnor;Antal;2024;1.44
Arvika;kvinnor;Antal;2025;1.3
Säffle;män;Antal;2000;1.14
Säffle;män;Antal;2001;1.6
Säffle;män;Antal;2002;1.51
Säffle;män;Antal;2003;1.42
Säffle;män;Antal;2004;1.45
Säffle;män;Antal;2005;1.91
Säffle;män;Antal;2006;1.81
Säffle;män;Antal;2007;1.8
Säffle;män;Antal;2008;1.69
Säffle;män;Antal;2009;1.69
Säffle;män;Antal;2010;1.83
Säffle;män;Antal;2011;1.43
Säffle;män;Antal;2012;1.69
Säffle;män;Antal;2013;1.68
Säffle;män;Antal;2014;1.5
Säffle;män;Antal;2015;1.66
Säffle;män;Antal;2016;1.78
Säffle;män;Antal;2017;1.69
Säffle;män;Antal;2018;1.69
Säffle;män;Antal;2019;1.5
Säffle;män;Antal;2020;1.95
Säffle;män;Antal;2021;1.61
Säffle;män;Antal;2022;1.3
Säffle;män;Antal;2023;1.41
Säffle;män;Antal;2024;1.38
Säffle;män;Antal;2025;1.18
Säffle;kvinnor;Antal;2000;1.4
Säffle;kvinnor;Antal;2001;1.87
Säffle;kvinnor;Antal;2002;1.88
Säffle;kvinnor;Antal;2003;1.63
Säffle;kvinnor;Antal;2004;1.69
Säffle;kvinnor;Antal;2005;2.33
Säffle;kvinnor;Antal;2006;2.01
Säffle;kvinnor;Antal;2007;2.03
Säffle;kvinnor;Antal;2008;2.12
Säffle;kvinnor;Antal;2009;1.94
Säffle;kvinnor;Antal;2010;2.27
Säffle;kvinnor;Antal;2011;1.71
Säffle;kvinnor;Antal;2012;1.81
Säffle;kvinnor;Antal;2013;1.98
Säffle;kvinnor;Antal;2014;1.78
Säffle;kvinnor;Antal;2015;2.04
Säffle;kvinnor;Antal;2016;2.13
Säffle;kvinnor;Antal;2017;1.94
Säffle;kvinnor;Antal;2018;1.97
Säffle;kvinnor;Antal;2019;1.73
Säffle;kvinnor;Antal;2020;2.23
Säffle;kvinnor;Antal;2021;1.86
Säffle;kvinnor;Antal;2022;1.61
Säffle;kvinnor;Antal;2023;1.67
Säffle;kvinnor;Antal;2024;1.6
Säffle;kvinnor;Antal;2025;1.43
Lekeberg;män;Antal;2000;1.43
Lekeberg;män;Antal;2001;1.67
Lekeberg;män;Antal;2002;1.65
Lekeberg;män;Antal;2003;2.25
Lekeberg;män;Antal;2004;1.95
Lekeberg;män;Antal;2005;2.08
Lekeberg;män;Antal;2006;2.09
Lekeberg;män;Antal;2007;2.15
Lekeberg;män;Antal;2008;2.52
Lekeberg;män;Antal;2009;1.92
Lekeberg;män;Antal;2010;2.83
Lekeberg;män;Antal;2011;2.53
Lekeberg;män;Antal;2012;1.78
Lekeberg;män;Antal;2013;1.89
Lekeberg;män;Antal;2014;2.21
Lekeberg;män;Antal;2015;2.18
Lekeberg;män;Antal;2016;1.97
Lekeberg;män;Antal;2017;1.87
Lekeberg;män;Antal;2018;2.26
Lekeberg;män;Antal;2019;1.84
Lekeberg;män;Antal;2020;2.14
Lekeberg;män;Antal;2021;1.71
Lekeberg;män;Antal;2022;1.91
Lekeberg;män;Antal;2023;1.41
Lekeberg;män;Antal;2024;1.3
Lekeberg;män;Antal;2025;1.62
Lekeberg;kvinnor;Antal;2000;1.83
Lekeberg;kvinnor;Antal;2001;2.08
Lekeberg;kvinnor;Antal;2002;1.85
Lekeberg;kvinnor;Antal;2003;2.58
Lekeberg;kvinnor;Antal;2004;2.18
Lekeberg;kvinnor;Antal;2005;2.37
Lekeberg;kvinnor;Antal;2006;2.43
Lekeberg;kvinnor;Antal;2007;2.36
Lekeberg;kvinnor;Antal;2008;2.99
Lekeberg;kvinnor;Antal;2009;2.31
Lekeberg;kvinnor;Antal;2010;3.1
Lekeberg;kvinnor;Antal;2011;2.87
Lekeberg;kvinnor;Antal;2012;2.02
Lekeberg;kvinnor;Antal;2013;2.26
Lekeberg;kvinnor;Antal;2014;2.44
Lekeberg;kvinnor;Antal;2015;2.34
Lekeberg;kvinnor;Antal;2016;2.1
Lekeberg;kvinnor;Antal;2017;2.26
Lekeberg;kvinnor;Antal;2018;2.46
Lekeberg;kvinnor;Antal;2019;2.13
Lekeberg;kvinnor;Antal;2020;2.32
Lekeberg;kvinnor;Antal;2021;1.86
Lekeberg;kvinnor;Antal;2022;1.95
Lekeberg;kvinnor;Antal;2023;1.57
Lekeberg;kvinnor;Antal;2024;1.59
Lekeberg;kvinnor;Antal;2025;1.88
Laxå;män;Antal;2000;1.19
Laxå;män;Antal;2001;1.35
Laxå;män;Antal;2002;1.76
Laxå;män;Antal;2003;1.63
Laxå;män;Antal;2004;1.58
Laxå;män;Antal;2005;1.62
Laxå;män;Antal;2006;1.43
Laxå;män;Antal;2007;1.46
Laxå;män;Antal;2008;1.6
Laxå;män;Antal;2009;1.59
Laxå;män;Antal;2010;1.28
Laxå;män;Antal;2011;1.68
Laxå;män;Antal;2012;1.71
Laxå;män;Antal;2013;1.49
Laxå;män;Antal;2014;1.24
Laxå;män;Antal;2015;1.89
Laxå;män;Antal;2016;1.87
Laxå;män;Antal;2017;1.36
Laxå;män;Antal;2018;1.48
Laxå;män;Antal;2019;1.77
Laxå;män;Antal;2020;1.36
Laxå;män;Antal;2021;1.4
Laxå;män;Antal;2022;1.47
Laxå;män;Antal;2023;
Laxå;män;Antal;2024;1.29
Laxå;män;Antal;2025;1.06
Laxå;kvinnor;Antal;2000;1.43
Laxå;kvinnor;Antal;2001;1.52
Laxå;kvinnor;Antal;2002;2.15
Laxå;kvinnor;Antal;2003;1.95
Laxå;kvinnor;Antal;2004;2.02
Laxå;kvinnor;Antal;2005;2.32
Laxå;kvinnor;Antal;2006;1.93
Laxå;kvinnor;Antal;2007;1.85
Laxå;kvinnor;Antal;2008;2.19
Laxå;kvinnor;Antal;2009;2.33
Laxå;kvinnor;Antal;2010;1.75
Laxå;kvinnor;Antal;2011;2.2
Laxå;kvinnor;Antal;2012;2.28
Laxå;kvinnor;Antal;2013;1.95
Laxå;kvinnor;Antal;2014;1.51
Laxå;kvinnor;Antal;2015;2.38
Laxå;kvinnor;Antal;2016;2.18
Laxå;kvinnor;Antal;2017;1.68
Laxå;kvinnor;Antal;2018;1.86
Laxå;kvinnor;Antal;2019;2.4
Laxå;kvinnor;Antal;2020;1.79
Laxå;kvinnor;Antal;2021;1.75
Laxå;kvinnor;Antal;2022;1.78
Laxå;kvinnor;Antal;2023;
Laxå;kvinnor;Antal;2024;1.78
Laxå;kvinnor;Antal;2025;
Hallsberg;män;Antal;2000;1.51
Hallsberg;män;Antal;2001;1.32
Hallsberg;män;Antal;2002;1.64
Hallsberg;män;Antal;2003;1.52
Hallsberg;män;Antal;2004;1.53
Hallsberg;män;Antal;2005;1.65
Hallsberg;män;Antal;2006;1.9
Hallsberg;män;Antal;2007;1.74
Hallsberg;män;Antal;2008;1.91
Hallsberg;män;Antal;2009;1.81
Hallsberg;män;Antal;2010;1.83
Hallsberg;män;Antal;2011;1.84
Hallsberg;män;Antal;2012;1.6
Hallsberg;män;Antal;2013;1.79
Hallsberg;män;Antal;2014;1.67
Hallsberg;män;Antal;2015;1.76
Hallsberg;män;Antal;2016;1.69
Hallsberg;män;Antal;2017;1.61
Hallsberg;män;Antal;2018;1.69
Hallsberg;män;Antal;2019;1.83
Hallsberg;män;Antal;2020;1.59
Hallsberg;män;Antal;2021;1.86
Hallsberg;män;Antal;2022;1.54
Hallsberg;män;Antal;2023;1.34
Hallsberg;män;Antal;2024;1.5
Hallsberg;män;Antal;2025;1.37
Hallsberg;kvinnor;Antal;2000;1.73
Hallsberg;kvinnor;Antal;2001;1.51
Hallsberg;kvinnor;Antal;2002;1.84
Hallsberg;kvinnor;Antal;2003;1.71
Hallsberg;kvinnor;Antal;2004;1.81
Hallsberg;kvinnor;Antal;2005;1.88
Hallsberg;kvinnor;Antal;2006;2.14
Hallsberg;kvinnor;Antal;2007;1.96
Hallsberg;kvinnor;Antal;2008;2.14
Hallsberg;kvinnor;Antal;2009;2.04
Hallsberg;kvinnor;Antal;2010;2.14
Hallsberg;kvinnor;Antal;2011;2.05
Hallsberg;kvinnor;Antal;2012;1.85
Hallsberg;kvinnor;Antal;2013;2.03
Hallsberg;kvinnor;Antal;2014;1.91
Hallsberg;kvinnor;Antal;2015;2.07
Hallsberg;kvinnor;Antal;2016;1.93
Hallsberg;kvinnor;Antal;2017;1.91
Hallsberg;kvinnor;Antal;2018;1.92
Hallsberg;kvinnor;Antal;2019;2.11
Hallsberg;kvinnor;Antal;2020;1.97
Hallsberg;kvinnor;Antal;2021;2.24
Hallsberg;kvinnor;Antal;2022;1.79
Hallsberg;kvinnor;Antal;2023;1.58
Hallsberg;kvinnor;Antal;2024;1.88
Hallsberg;kvinnor;Antal;2025;1.68
Degerfors;män;Antal;2000;1.18
Degerfors;män;Antal;2001;1.51
Degerfors;män;Antal;2002;1.35
Degerfors;män;Antal;2003;1.69
Degerfors;män;Antal;2004;1.43
Degerfors;män;Antal;2005;1.49
Degerfors;män;Antal;2006;1.4
Degerfors;män;Antal;2007;1.59
Degerfors;män;Antal;2008;2.19
Degerfors;män;Antal;2009;1.38
Degerfors;män;Antal;2010;1.76
Degerfors;män;Antal;2011;1.94
Degerfors;män;Antal;2012;1.47
Degerfors;män;Antal;2013;1.95
Degerfors;män;Antal;2014;1.51
Degerfors;män;Antal;2015;1.31
Degerfors;män;Antal;2016;1.45
Degerfors;män;Antal;2017;1.58
Degerfors;män;Antal;2018;1.71
Degerfors;män;Antal;2019;1.54
Degerfors;män;Antal;2020;1.54
Degerfors;män;Antal;2021;1.31
Degerfors;män;Antal;2022;1.6
Degerfors;män;Antal;2023;1.25
Degerfors;män;Antal;2024;1.52
Degerfors;män;Antal;2025;1.09
Degerfors;kvinnor;Antal;2000;1.62
Degerfors;kvinnor;Antal;2001;1.88
Degerfors;kvinnor;Antal;2002;1.83
Degerfors;kvinnor;Antal;2003;2.29
Degerfors;kvinnor;Antal;2004;1.86
Degerfors;kvinnor;Antal;2005;1.98
Degerfors;kvinnor;Antal;2006;1.68
Degerfors;kvinnor;Antal;2007;1.88
Degerfors;kvinnor;Antal;2008;2.34
Degerfors;kvinnor;Antal;2009;1.58
Degerfors;kvinnor;Antal;2010;1.98
Degerfors;kvinnor;Antal;2011;2.13
Degerfors;kvinnor;Antal;2012;1.77
Degerfors;kvinnor;Antal;2013;2.23
Degerfors;kvinnor;Antal;2014;1.76
Degerfors;kvinnor;Antal;2015;1.56
Degerfors;kvinnor;Antal;2016;1.75
Degerfors;kvinnor;Antal;2017;2.05
Degerfors;kvinnor;Antal;2018;2.23
Degerfors;kvinnor;Antal;2019;1.96
Degerfors;kvinnor;Antal;2020;1.86
Degerfors;kvinnor;Antal;2021;1.44
Degerfors;kvinnor;Antal;2022;2.11
Degerfors;kvinnor;Antal;2023;1.46
Degerfors;kvinnor;Antal;2024;1.77
Degerfors;kvinnor;Antal;2025;1.32
Hällefors;män;Antal;2000;1.18
Hällefors;män;Antal;2001;1.22
Hällefors;män;Antal;2002;1.36
Hällefors;män;Antal;2003;1.35
Hällefors;män;Antal;2004;1.69
Hällefors;män;Antal;2005;1.39
Hällefors;män;Antal;2006;1.51
Hällefors;män;Antal;2007;1.8
Hällefors;män;Antal;2008;1.75
Hällefors;män;Antal;2009;2.11
Hällefors;män;Antal;2010;1.67
Hällefors;män;Antal;2011;1.72
Hällefors;män;Antal;2012;1.62
Hällefors;män;Antal;2013;1.79
Hällefors;män;Antal;2014;1.6
Hällefors;män;Antal;2015;1.79
Hällefors;män;Antal;2016;1.93
Hällefors;män;Antal;2017;1.97
Hällefors;män;Antal;2018;1.52
Hällefors;män;Antal;2019;1.85
Hällefors;män;Antal;2020;1.43
Hällefors;män;Antal;2021;1.62
Hällefors;män;Antal;2022;1.33
Hällefors;män;Antal;2023;0.94
Hällefors;män;Antal;2024;1.29
Hällefors;män;Antal;2025;0.94
Hällefors;kvinnor;Antal;2000;1.45
Hällefors;kvinnor;Antal;2001;1.54
Hällefors;kvinnor;Antal;2002;1.49
Hällefors;kvinnor;Antal;2003;1.61
Hällefors;kvinnor;Antal;2004;1.89
Hällefors;kvinnor;Antal;2005;1.67
Hällefors;kvinnor;Antal;2006;1.74
Hällefors;kvinnor;Antal;2007;2.12
Hällefors;kvinnor;Antal;2008;1.93
Hällefors;kvinnor;Antal;2009;2.49
Hällefors;kvinnor;Antal;2010;2.03
Hällefors;kvinnor;Antal;2011;1.95
Hällefors;kvinnor;Antal;2012;2.03
Hällefors;kvinnor;Antal;2013;2.13
Hällefors;kvinnor;Antal;2014;1.88
Hällefors;kvinnor;Antal;2015;1.83
Hällefors;kvinnor;Antal;2016;2.42
Hällefors;kvinnor;Antal;2017;2.22
Hällefors;kvinnor;Antal;2018;1.68
Hällefors;kvinnor;Antal;2019;2.25
Hällefors;kvinnor;Antal;2020;1.52
Hällefors;kvinnor;Antal;2021;2.2
Hällefors;kvinnor;Antal;2022;1.72
Hällefors;kvinnor;Antal;2023;1.1
Hällefors;kvinnor;Antal;2024;1.78
Hällefors;kvinnor;Antal;2025;1.37
Ljusnarsberg;män;Antal;2000;1.4
Ljusnarsberg;män;Antal;2001;1.15
Ljusnarsberg;män;Antal;2002;1.19
Ljusnarsberg;män;Antal;2003;1.57
Ljusnarsberg;män;Antal;2004;1.51
Ljusnarsberg;män;Antal;2005;1.47
Ljusnarsberg;män;Antal;2006;1.49
Ljusnarsberg;män;Antal;2007;1.53
Ljusnarsberg;män;Antal;2008;1.43
Ljusnarsberg;män;Antal;2009;
Ljusnarsberg;män;Antal;2010;1.6
Ljusnarsberg;män;Antal;2011;1.82
Ljusnarsberg;män;Antal;2012;
Ljusnarsberg;män;Antal;2013;1.56
Ljusnarsberg;män;Antal;2014;1.51
Ljusnarsberg;män;Antal;2015;1.39
Ljusnarsberg;män;Antal;2016;1.69
Ljusnarsberg;män;Antal;2017;1.27
Ljusnarsberg;män;Antal;2018;1.59
Ljusnarsberg;män;Antal;2019;1.54
Ljusnarsberg;män;Antal;2020;1.69
Ljusnarsberg;män;Antal;2021;1.81
Ljusnarsberg;män;Antal;2022;1.36
Ljusnarsberg;män;Antal;2023;1.33
Ljusnarsberg;män;Antal;2024;
Ljusnarsberg;män;Antal;2025;
Ljusnarsberg;kvinnor;Antal;2000;1.97
Ljusnarsberg;kvinnor;Antal;2001;1.64
Ljusnarsberg;kvinnor;Antal;2002;1.68
Ljusnarsberg;kvinnor;Antal;2003;2
Ljusnarsberg;kvinnor;Antal;2004;1.77
Ljusnarsberg;kvinnor;Antal;2005;1.86
Ljusnarsberg;kvinnor;Antal;2006;1.98
Ljusnarsberg;kvinnor;Antal;2007;1.76
Ljusnarsberg;kvinnor;Antal;2008;
Ljusnarsberg;kvinnor;Antal;2009;
Ljusnarsberg;kvinnor;Antal;2010;1.8
Ljusnarsberg;kvinnor;Antal;2011;2.19
Ljusnarsberg;kvinnor;Antal;2012;
Ljusnarsberg;kvinnor;Antal;2013;2.12
Ljusnarsberg;kvinnor;Antal;2014;2.09
Ljusnarsberg;kvinnor;Antal;2015;2.12
Ljusnarsberg;kvinnor;Antal;2016;2.19
Ljusnarsberg;kvinnor;Antal;2017;1.73
Ljusnarsberg;kvinnor;Antal;2018;2.01
Ljusnarsberg;kvinnor;Antal;2019;2.16
Ljusnarsberg;kvinnor;Antal;2020;2.31
Ljusnarsberg;kvinnor;Antal;2021;2.05
Ljusnarsberg;kvinnor;Antal;2022;1.79
Ljusnarsberg;kvinnor;Antal;2023;1.79
Ljusnarsberg;kvinnor;Antal;2024;
Ljusnarsberg;kvinnor;Antal;2025;
Örebro;män;Antal;2000;1.56
Örebro;män;Antal;2001;1.45
Örebro;män;Antal;2002;1.49
Örebro;män;Antal;2003;1.57
Örebro;män;Antal;2004;1.6
Örebro;män;Antal;2005;1.58
Örebro;män;Antal;2006;1.66
Örebro;män;Antal;2007;1.78
Örebro;män;Antal;2008;1.88
Örebro;män;Antal;2009;1.84
Örebro;män;Antal;2010;1.86
Örebro;män;Antal;2011;1.9
Örebro;män;Antal;2012;1.87
Örebro;män;Antal;2013;1.8
Örebro;män;Antal;2014;1.85
Örebro;män;Antal;2015;1.77
Örebro;män;Antal;2016;1.68
Örebro;män;Antal;2017;1.68
Örebro;män;Antal;2018;1.69
Örebro;män;Antal;2019;1.58
Örebro;män;Antal;2020;1.56
Örebro;män;Antal;2021;1.56
Örebro;män;Antal;2022;1.34
Örebro;män;Antal;2023;1.32
Örebro;män;Antal;2024;1.33
Örebro;män;Antal;2025;1.27
Örebro;kvinnor;Antal;2000;1.57
Örebro;kvinnor;Antal;2001;1.48
Örebro;kvinnor;Antal;2002;1.53
Örebro;kvinnor;Antal;2003;1.6
Örebro;kvinnor;Antal;2004;1.64
Örebro;kvinnor;Antal;2005;1.64
Örebro;kvinnor;Antal;2006;1.71
Örebro;kvinnor;Antal;2007;1.84
Örebro;kvinnor;Antal;2008;1.94
Örebro;kvinnor;Antal;2009;1.9
Örebro;kvinnor;Antal;2010;1.91
Örebro;kvinnor;Antal;2011;1.97
Örebro;kvinnor;Antal;2012;1.92
Örebro;kvinnor;Antal;2013;1.87
Örebro;kvinnor;Antal;2014;1.93
Örebro;kvinnor;Antal;2015;1.83
Örebro;kvinnor;Antal;2016;1.75
Örebro;kvinnor;Antal;2017;1.73
Örebro;kvinnor;Antal;2018;1.76
Örebro;kvinnor;Antal;2019;1.66
Örebro;kvinnor;Antal;2020;1.63
Örebro;kvinnor;Antal;2021;1.64
Örebro;kvinnor;Antal;2022;1.44
Örebro;kvinnor;Antal;2023;1.41
Örebro;kvinnor;Antal;2024;1.42
Örebro;kvinnor;Antal;2025;1.36
Kumla;män;Antal;2000;1.72
Kumla;män;Antal;2001;1.53
Kumla;män;Antal;2002;1.74
Kumla;män;Antal;2003;1.67
Kumla;män;Antal;2004;1.66
Kumla;män;Antal;2005;1.75
Kumla;män;Antal;2006;1.44
Kumla;män;Antal;2007;2.04
Kumla;män;Antal;2008;1.79
Kumla;män;Antal;2009;2.04
Kumla;män;Antal;2010;2.29
Kumla;män;Antal;2011;1.85
Kumla;män;Antal;2012;1.96
Kumla;män;Antal;2013;2.04
Kumla;män;Antal;2014;2.15
Kumla;män;Antal;2015;1.72
Kumla;män;Antal;2016;1.74
Kumla;män;Antal;2017;1.83
Kumla;män;Antal;2018;1.78
Kumla;män;Antal;2019;1.6
Kumla;män;Antal;2020;1.76
Kumla;män;Antal;2021;1.42
Kumla;män;Antal;2022;1.81
Kumla;män;Antal;2023;1.49
Kumla;män;Antal;2024;1.33
Kumla;män;Antal;2025;1.43
Kumla;kvinnor;Antal;2000;1.91
Kumla;kvinnor;Antal;2001;1.8
Kumla;kvinnor;Antal;2002;1.97
Kumla;kvinnor;Antal;2003;1.91
Kumla;kvinnor;Antal;2004;1.9
Kumla;kvinnor;Antal;2005;1.98
Kumla;kvinnor;Antal;2006;1.69
Kumla;kvinnor;Antal;2007;2.22
Kumla;kvinnor;Antal;2008;2.06
Kumla;kvinnor;Antal;2009;2.25
Kumla;kvinnor;Antal;2010;2.52
Kumla;kvinnor;Antal;2011;2.12
Kumla;kvinnor;Antal;2012;2.14
Kumla;kvinnor;Antal;2013;2.26
Kumla;kvinnor;Antal;2014;2.27
Kumla;kvinnor;Antal;2015;1.85
Kumla;kvinnor;Antal;2016;1.82
Kumla;kvinnor;Antal;2017;1.95
Kumla;kvinnor;Antal;2018;1.89
Kumla;kvinnor;Antal;2019;1.69
Kumla;kvinnor;Antal;2020;1.9
Kumla;kvinnor;Antal;2021;1.59
Kumla;kvinnor;Antal;2022;1.98
Kumla;kvinnor;Antal;2023;1.64
Kumla;kvinnor;Antal;2024;1.54
Kumla;kvinnor;Antal;2025;1.61
Askersund;män;Antal;2000;1.75
Askersund;män;Antal;2001;1.7
Askersund;män;Antal;2002;1.4
Askersund;män;Antal;2003;1.7
Askersund;män;Antal;2004;1.55
Askersund;män;Antal;2005;2.05
Askersund;män;Antal;2006;1.78
Askersund;män;Antal;2007;1.61
Askersund;män;Antal;2008;1.75
Askersund;män;Antal;2009;1.82
Askersund;män;Antal;2010;1.88
Askersund;män;Antal;2011;1.54
Askersund;män;Antal;2012;2.05
Askersund;män;Antal;2013;1.73
Askersund;män;Antal;2014;1.72
Askersund;män;Antal;2015;1.75
Askersund;män;Antal;2016;1.73
Askersund;män;Antal;2017;1.63
Askersund;män;Antal;2018;1.94
Askersund;män;Antal;2019;2.05
Askersund;män;Antal;2020;1.86
Askersund;män;Antal;2021;1.56
Askersund;män;Antal;2022;1.4
Askersund;män;Antal;2023;1.68
Askersund;män;Antal;2024;1.59
Askersund;män;Antal;2025;1.29
Askersund;kvinnor;Antal;2000;1.98
Askersund;kvinnor;Antal;2001;1.91
Askersund;kvinnor;Antal;2002;1.63
Askersund;kvinnor;Antal;2003;1.87
Askersund;kvinnor;Antal;2004;1.86
Askersund;kvinnor;Antal;2005;2.33
Askersund;kvinnor;Antal;2006;2.1
Askersund;kvinnor;Antal;2007;1.79
Askersund;kvinnor;Antal;2008;1.94
Askersund;kvinnor;Antal;2009;2.12
Askersund;kvinnor;Antal;2010;2.16
Askersund;kvinnor;Antal;2011;1.78
Askersund;kvinnor;Antal;2012;2.39
Askersund;kvinnor;Antal;2013;1.83
Askersund;kvinnor;Antal;2014;1.91
Askersund;kvinnor;Antal;2015;1.85
Askersund;kvinnor;Antal;2016;2.05
Askersund;kvinnor;Antal;2017;1.85
Askersund;kvinnor;Antal;2018;2.25
Askersund;kvinnor;Antal;2019;2.38
Askersund;kvinnor;Antal;2020;2.2
Askersund;kvinnor;Antal;2021;1.78
Askersund;kvinnor;Antal;2022;1.79
Askersund;kvinnor;Antal;2023;2.03
Askersund;kvinnor;Antal;2024;1.94
Askersund;kvinnor;Antal;2025;1.69
Karlskoga;män;Antal;2000;1.5
Karlskoga;män;Antal;2001;1.47
Karlskoga;män;Antal;2002;1.54
Karlskoga;män;Antal;2003;1.59
Karlskoga;män;Antal;2004;1.37
Karlskoga;män;Antal;2005;1.37
Karlskoga;män;Antal;2006;1.65
Karlskoga;män;Antal;2007;1.66
Karlskoga;män;Antal;2008;1.73
Karlskoga;män;Antal;2009;1.68
Karlskoga;män;Antal;2010;1.74
Karlskoga;män;Antal;2011;1.65
Karlskoga;män;Antal;2012;1.7
Karlskoga;män;Antal;2013;1.66
Karlskoga;män;Antal;2014;1.67
Karlskoga;män;Antal;2015;1.71
Karlskoga;män;Antal;2016;1.59
Karlskoga;män;Antal;2017;1.68
Karlskoga;män;Antal;2018;1.5
Karlskoga;män;Antal;2019;1.5
Karlskoga;män;Antal;2020;1.51
Karlskoga;män;Antal;2021;1.73
Karlskoga;män;Antal;2022;1.48
Karlskoga;män;Antal;2023;1.35
Karlskoga;män;Antal;2024;1.27
Karlskoga;män;Antal;2025;1.3
Karlskoga;kvinnor;Antal;2000;1.68
Karlskoga;kvinnor;Antal;2001;1.7
Karlskoga;kvinnor;Antal;2002;1.76
Karlskoga;kvinnor;Antal;2003;1.82
Karlskoga;kvinnor;Antal;2004;1.6
Karlskoga;kvinnor;Antal;2005;1.7
Karlskoga;kvinnor;Antal;2006;2.03
Karlskoga;kvinnor;Antal;2007;2.02
Karlskoga;kvinnor;Antal;2008;2.08
Karlskoga;kvinnor;Antal;2009;1.99
Karlskoga;kvinnor;Antal;2010;2.03
Karlskoga;kvinnor;Antal;2011;1.89
Karlskoga;kvinnor;Antal;2012;1.95
Karlskoga;kvinnor;Antal;2013;1.88
Karlskoga;kvinnor;Antal;2014;1.9
Karlskoga;kvinnor;Antal;2015;2.03
Karlskoga;kvinnor;Antal;2016;1.8
Karlskoga;kvinnor;Antal;2017;1.82
Karlskoga;kvinnor;Antal;2018;1.77
Karlskoga;kvinnor;Antal;2019;1.72
Karlskoga;kvinnor;Antal;2020;1.73
Karlskoga;kvinnor;Antal;2021;1.95
Karlskoga;kvinnor;Antal;2022;1.73
Karlskoga;kvinnor;Antal;2023;1.58
Karlskoga;kvinnor;Antal;2024;1.49
Karlskoga;kvinnor;Antal;2025;1.53
Nora;män;Antal;2000;1.63
Nora;män;Antal;2001;1.55
Nora;män;Antal;2002;1.57
Nora;män;Antal;2003;1.43
Nora;män;Antal;2004;1.38
Nora;män;Antal;2005;1.78
Nora;män;Antal;2006;1.9
Nora;män;Antal;2007;1.86
Nora;män;Antal;2008;2.08
Nora;män;Antal;2009;1.95
Nora;män;Antal;2010;2.22
Nora;män;Antal;2011;1.7
Nora;män;Antal;2012;1.91
Nora;män;Antal;2013;1.81
Nora;män;Antal;2014;1.6
Nora;män;Antal;2015;1.58
Nora;män;Antal;2016;1.69
Nora;män;Antal;2017;1.83
Nora;män;Antal;2018;1.68
Nora;män;Antal;2019;1.9
Nora;män;Antal;2020;1.34
Nora;män;Antal;2021;1.55
Nora;män;Antal;2022;1.61
Nora;män;Antal;2023;1.53
Nora;män;Antal;2024;1.49
Nora;män;Antal;2025;1.41
Nora;kvinnor;Antal;2000;1.85
Nora;kvinnor;Antal;2001;1.94
Nora;kvinnor;Antal;2002;1.76
Nora;kvinnor;Antal;2003;1.59
Nora;kvinnor;Antal;2004;1.5
Nora;kvinnor;Antal;2005;1.92
Nora;kvinnor;Antal;2006;2.01
Nora;kvinnor;Antal;2007;1.92
Nora;kvinnor;Antal;2008;2.21
Nora;kvinnor;Antal;2009;1.94
Nora;kvinnor;Antal;2010;2.17
Nora;kvinnor;Antal;2011;1.88
Nora;kvinnor;Antal;2012;1.99
Nora;kvinnor;Antal;2013;2.04
Nora;kvinnor;Antal;2014;1.73
Nora;kvinnor;Antal;2015;1.71
Nora;kvinnor;Antal;2016;1.85
Nora;kvinnor;Antal;2017;2.05
Nora;kvinnor;Antal;2018;1.91
Nora;kvinnor;Antal;2019;2.01
Nora;kvinnor;Antal;2020;1.47
Nora;kvinnor;Antal;2021;1.72
Nora;kvinnor;Antal;2022;1.77
Nora;kvinnor;Antal;2023;1.73
Nora;kvinnor;Antal;2024;1.57
Nora;kvinnor;Antal;2025;1.54
Lindesberg;män;Antal;2000;1.5
Lindesberg;män;Antal;2001;1.59
Lindesberg;män;Antal;2002;1.47
Lindesberg;män;Antal;2003;1.61
Lindesberg;män;Antal;2004;1.48
Lindesberg;män;Antal;2005;1.48
Lindesberg;män;Antal;2006;1.49
Lindesberg;män;Antal;2007;1.79
Lindesberg;män;Antal;2008;1.6
Lindesberg;män;Antal;2009;1.73
Lindesberg;män;Antal;2010;1.69
Lindesberg;män;Antal;2011;1.91
Lindesberg;män;Antal;2012;1.51
Lindesberg;män;Antal;2013;1.7
Lindesberg;män;Antal;2014;1.74
Lindesberg;män;Antal;2015;1.67
Lindesberg;män;Antal;2016;1.79
Lindesberg;män;Antal;2017;1.67
Lindesberg;män;Antal;2018;1.86
Lindesberg;män;Antal;2019;1.46
Lindesberg;män;Antal;2020;1.51
Lindesberg;män;Antal;2021;1.68
Lindesberg;män;Antal;2022;1.42
Lindesberg;män;Antal;2023;1.37
Lindesberg;män;Antal;2024;1.28
Lindesberg;män;Antal;2025;1.3
Lindesberg;kvinnor;Antal;2000;1.65
Lindesberg;kvinnor;Antal;2001;1.83
Lindesberg;kvinnor;Antal;2002;1.68
Lindesberg;kvinnor;Antal;2003;1.84
Lindesberg;kvinnor;Antal;2004;1.67
Lindesberg;kvinnor;Antal;2005;1.74
Lindesberg;kvinnor;Antal;2006;1.74
Lindesberg;kvinnor;Antal;2007;2.13
Lindesberg;kvinnor;Antal;2008;1.94
Lindesberg;kvinnor;Antal;2009;2.12
Lindesberg;kvinnor;Antal;2010;2.02
Lindesberg;kvinnor;Antal;2011;2.3
Lindesberg;kvinnor;Antal;2012;1.94
Lindesberg;kvinnor;Antal;2013;2.09
Lindesberg;kvinnor;Antal;2014;2.04
Lindesberg;kvinnor;Antal;2015;1.97
Lindesberg;kvinnor;Antal;2016;2.1
Lindesberg;kvinnor;Antal;2017;2.01
Lindesberg;kvinnor;Antal;2018;2.19
Lindesberg;kvinnor;Antal;2019;1.82
Lindesberg;kvinnor;Antal;2020;1.79
Lindesberg;kvinnor;Antal;2021;1.94
Lindesberg;kvinnor;Antal;2022;1.68
Lindesberg;kvinnor;Antal;2023;1.7
Lindesberg;kvinnor;Antal;2024;1.6
Lindesberg;kvinnor;Antal;2025;1.64
Skinnskatteberg;män;Antal;2000;1.5
Skinnskatteberg;män;Antal;2001;1.57
Skinnskatteberg;män;Antal;2002;1.68
Skinnskatteberg;män;Antal;2003;2.65
Skinnskatteberg;män;Antal;2004;1.58
Skinnskatteberg;män;Antal;2005;1.86
Skinnskatteberg;män;Antal;2006;1.48
Skinnskatteberg;män;Antal;2007;1.46
Skinnskatteberg;män;Antal;2008;1.58
Skinnskatteberg;män;Antal;2009;1.48
Skinnskatteberg;män;Antal;2010;1.71
Skinnskatteberg;män;Antal;2011;
Skinnskatteberg;män;Antal;2012;2.02
Skinnskatteberg;män;Antal;2013;2.16
Skinnskatteberg;män;Antal;2014;1.98
Skinnskatteberg;män;Antal;2015;2.07
Skinnskatteberg;män;Antal;2016;1.86
Skinnskatteberg;män;Antal;2017;1.89
Skinnskatteberg;män;Antal;2018;1.51
Skinnskatteberg;män;Antal;2019;1.61
Skinnskatteberg;män;Antal;2020;1.62
Skinnskatteberg;män;Antal;2021;1.44
Skinnskatteberg;män;Antal;2022;1.37
Skinnskatteberg;män;Antal;2023;
Skinnskatteberg;män;Antal;2024;
Skinnskatteberg;män;Antal;2025;
Skinnskatteberg;kvinnor;Antal;2000;1.76
Skinnskatteberg;kvinnor;Antal;2001;1.84
Skinnskatteberg;kvinnor;Antal;2002;2.06
Skinnskatteberg;kvinnor;Antal;2003;2.92
Skinnskatteberg;kvinnor;Antal;2004;1.82
Skinnskatteberg;kvinnor;Antal;2005;2.24
Skinnskatteberg;kvinnor;Antal;2006;1.75
Skinnskatteberg;kvinnor;Antal;2007;1.68
Skinnskatteberg;kvinnor;Antal;2008;1.76
Skinnskatteberg;kvinnor;Antal;2009;1.76
Skinnskatteberg;kvinnor;Antal;2010;2.13
Skinnskatteberg;kvinnor;Antal;2011;
Skinnskatteberg;kvinnor;Antal;2012;2.18
Skinnskatteberg;kvinnor;Antal;2013;2.39
Skinnskatteberg;kvinnor;Antal;2014;2.22
Skinnskatteberg;kvinnor;Antal;2015;2.27
Skinnskatteberg;kvinnor;Antal;2016;1.99
Skinnskatteberg;kvinnor;Antal;2017;1.82
Skinnskatteberg;kvinnor;Antal;2018;1.71
Skinnskatteberg;kvinnor;Antal;2019;1.95
Skinnskatteberg;kvinnor;Antal;2020;1.81
Skinnskatteberg;kvinnor;Antal;2021;
Skinnskatteberg;kvinnor;Antal;2022;1.87
Skinnskatteberg;kvinnor;Antal;2023;
Skinnskatteberg;kvinnor;Antal;2024;
Skinnskatteberg;kvinnor;Antal;2025;
Surahammar;män;Antal;2000;1.65
Surahammar;män;Antal;2001;1.56
Surahammar;män;Antal;2002;1.58
Surahammar;män;Antal;2003;1.66
Surahammar;män;Antal;2004;1.71
Surahammar;män;Antal;2005;1.98
Surahammar;män;Antal;2006;1.96
Surahammar;män;Antal;2007;1.58
Surahammar;män;Antal;2008;1.55
Surahammar;män;Antal;2009;1.62
Surahammar;män;Antal;2010;2.12
Surahammar;män;Antal;2011;1.76
Surahammar;män;Antal;2012;1.81
Surahammar;män;Antal;2013;1.73
Surahammar;män;Antal;2014;1.72
Surahammar;män;Antal;2015;1.74
Surahammar;män;Antal;2016;2.16
Surahammar;män;Antal;2017;1.78
Surahammar;män;Antal;2018;1.51
Surahammar;män;Antal;2019;1.75
Surahammar;män;Antal;2020;1.78
Surahammar;män;Antal;2021;1.6
Surahammar;män;Antal;2022;1.24
Surahammar;män;Antal;2023;1.47
Surahammar;män;Antal;2024;1.33
Surahammar;män;Antal;2025;1.49
Surahammar;kvinnor;Antal;2000;2.04
Surahammar;kvinnor;Antal;2001;1.98
Surahammar;kvinnor;Antal;2002;1.76
Surahammar;kvinnor;Antal;2003;2.04
Surahammar;kvinnor;Antal;2004;2.02
Surahammar;kvinnor;Antal;2005;2.45
Surahammar;kvinnor;Antal;2006;2.5
Surahammar;kvinnor;Antal;2007;1.9
Surahammar;kvinnor;Antal;2008;2.02
Surahammar;kvinnor;Antal;2009;1.88
Surahammar;kvinnor;Antal;2010;2.21
Surahammar;kvinnor;Antal;2011;1.94
Surahammar;kvinnor;Antal;2012;2.22
Surahammar;kvinnor;Antal;2013;1.97
Surahammar;kvinnor;Antal;2014;1.98
Surahammar;kvinnor;Antal;2015;1.98
Surahammar;kvinnor;Antal;2016;2.43
Surahammar;kvinnor;Antal;2017;1.99
Surahammar;kvinnor;Antal;2018;1.77
Surahammar;kvinnor;Antal;2019;1.98
Surahammar;kvinnor;Antal;2020;2.02
Surahammar;kvinnor;Antal;2021;1.95
Surahammar;kvinnor;Antal;2022;1.58
Surahammar;kvinnor;Antal;2023;1.77
Surahammar;kvinnor;Antal;2024;1.47
Surahammar;kvinnor;Antal;2025;1.74
Kungsör;män;Antal;2000;1.66
Kungsör;män;Antal;2001;1.75
Kungsör;män;Antal;2002;1.55
Kungsör;män;Antal;2003;2.09
Kungsör;män;Antal;2004;1.76
Kungsör;män;Antal;2005;1.72
Kungsör;män;Antal;2006;1.37
Kungsör;män;Antal;2007;1.92
Kungsör;män;Antal;2008;1.48
Kungsör;män;Antal;2009;1.92
Kungsör;män;Antal;2010;1.9
Kungsör;män;Antal;2011;1.78
Kungsör;män;Antal;2012;1.46
Kungsör;män;Antal;2013;1.78
Kungsör;män;Antal;2014;2.05
Kungsör;män;Antal;2015;1.57
Kungsör;män;Antal;2016;1.73
Kungsör;män;Antal;2017;1.76
Kungsör;män;Antal;2018;1.84
Kungsör;män;Antal;2019;1.88
Kungsör;män;Antal;2020;1.85
Kungsör;män;Antal;2021;1.98
Kungsör;män;Antal;2022;1.48
Kungsör;män;Antal;2023;1.57
Kungsör;män;Antal;2024;1.67
Kungsör;män;Antal;2025;1.6
Kungsör;kvinnor;Antal;2000;1.75
Kungsör;kvinnor;Antal;2001;1.99
Kungsör;kvinnor;Antal;2002;1.78
Kungsör;kvinnor;Antal;2003;2.27
Kungsör;kvinnor;Antal;2004;2.08
Kungsör;kvinnor;Antal;2005;1.94
Kungsör;kvinnor;Antal;2006;1.54
Kungsör;kvinnor;Antal;2007;2.1
Kungsör;kvinnor;Antal;2008;1.79
Kungsör;kvinnor;Antal;2009;2.07
Kungsör;kvinnor;Antal;2010;2.08
Kungsör;kvinnor;Antal;2011;2.08
Kungsör;kvinnor;Antal;2012;1.9
Kungsör;kvinnor;Antal;2013;2.22
Kungsör;kvinnor;Antal;2014;2.29
Kungsör;kvinnor;Antal;2015;1.88
Kungsör;kvinnor;Antal;2016;1.89
Kungsör;kvinnor;Antal;2017;2.33
Kungsör;kvinnor;Antal;2018;2.23
Kungsör;kvinnor;Antal;2019;2.08
Kungsör;kvinnor;Antal;2020;2.12
Kungsör;kvinnor;Antal;2021;2.08
Kungsör;kvinnor;Antal;2022;1.77
Kungsör;kvinnor;Antal;2023;1.75
Kungsör;kvinnor;Antal;2024;1.85
Kungsör;kvinnor;Antal;2025;1.84
Hallstahammar;män;Antal;2000;1.34
Hallstahammar;män;Antal;2001;1.27
Hallstahammar;män;Antal;2002;1.45
Hallstahammar;män;Antal;2003;1.59
Hallstahammar;män;Antal;2004;1.69
Hallstahammar;män;Antal;2005;1.9
Hallstahammar;män;Antal;2006;1.88
Hallstahammar;män;Antal;2007;1.57
Hallstahammar;män;Antal;2008;1.82
Hallstahammar;män;Antal;2009;2.14
Hallstahammar;män;Antal;2010;2.25
Hallstahammar;män;Antal;2011;1.78
Hallstahammar;män;Antal;2012;2.05
Hallstahammar;män;Antal;2013;1.98
Hallstahammar;män;Antal;2014;1.71
Hallstahammar;män;Antal;2015;1.64
Hallstahammar;män;Antal;2016;1.83
Hallstahammar;män;Antal;2017;1.77
Hallstahammar;män;Antal;2018;1.84
Hallstahammar;män;Antal;2019;1.64
Hallstahammar;män;Antal;2020;1.7
Hallstahammar;män;Antal;2021;1.68
Hallstahammar;män;Antal;2022;1.65
Hallstahammar;män;Antal;2023;1.41
Hallstahammar;män;Antal;2024;1.32
Hallstahammar;män;Antal;2025;1.3
Hallstahammar;kvinnor;Antal;2000;1.69
Hallstahammar;kvinnor;Antal;2001;1.52
Hallstahammar;kvinnor;Antal;2002;1.73
Hallstahammar;kvinnor;Antal;2003;1.84
Hallstahammar;kvinnor;Antal;2004;1.94
Hallstahammar;kvinnor;Antal;2005;2.26
Hallstahammar;kvinnor;Antal;2006;2.14
Hallstahammar;kvinnor;Antal;2007;1.72
Hallstahammar;kvinnor;Antal;2008;2.11
Hallstahammar;kvinnor;Antal;2009;2.46
Hallstahammar;kvinnor;Antal;2010;2.48
Hallstahammar;kvinnor;Antal;2011;2.03
Hallstahammar;kvinnor;Antal;2012;2.24
Hallstahammar;kvinnor;Antal;2013;2.41
Hallstahammar;kvinnor;Antal;2014;1.87
Hallstahammar;kvinnor;Antal;2015;1.87
Hallstahammar;kvinnor;Antal;2016;1.99
Hallstahammar;kvinnor;Antal;2017;2.01
Hallstahammar;kvinnor;Antal;2018;1.99
Hallstahammar;kvinnor;Antal;2019;1.76
Hallstahammar;kvinnor;Antal;2020;1.92
Hallstahammar;kvinnor;Antal;2021;1.8
Hallstahammar;kvinnor;Antal;2022;1.83
Hallstahammar;kvinnor;Antal;2023;1.63
Hallstahammar;kvinnor;Antal;2024;1.51
Hallstahammar;kvinnor;Antal;2025;1.46
Norberg;män;Antal;2000;1.45
Norberg;män;Antal;2001;1.42
Norberg;män;Antal;2002;1.52
Norberg;män;Antal;2003;1.18
Norberg;män;Antal;2004;1.52
Norberg;män;Antal;2005;1.37
Norberg;män;Antal;2006;2.04
Norberg;män;Antal;2007;1.77
Norberg;män;Antal;2008;1.8
Norberg;män;Antal;2009;2.5
Norberg;män;Antal;2010;1.43
Norberg;män;Antal;2011;1.85
Norberg;män;Antal;2012;1.99
Norberg;män;Antal;2013;1.62
Norberg;män;Antal;2014;1.42
Norberg;män;Antal;2015;1.93
Norberg;män;Antal;2016;1.37
Norberg;män;Antal;2017;1.65
Norberg;män;Antal;2018;1.84
Norberg;män;Antal;2019;1.26
Norberg;män;Antal;2020;1.68
Norberg;män;Antal;2021;1.53
Norberg;män;Antal;2022;1.37
Norberg;män;Antal;2023;1.25
Norberg;män;Antal;2024;
Norberg;män;Antal;2025;1.43
Norberg;kvinnor;Antal;2000;1.83
Norberg;kvinnor;Antal;2001;1.72
Norberg;kvinnor;Antal;2002;1.98
Norberg;kvinnor;Antal;2003;1.56
Norberg;kvinnor;Antal;2004;1.91
Norberg;kvinnor;Antal;2005;1.65
Norberg;kvinnor;Antal;2006;2.49
Norberg;kvinnor;Antal;2007;2.08
Norberg;kvinnor;Antal;2008;2.16
Norberg;kvinnor;Antal;2009;2.87
Norberg;kvinnor;Antal;2010;1.65
Norberg;kvinnor;Antal;2011;2.19
Norberg;kvinnor;Antal;2012;2.36
Norberg;kvinnor;Antal;2013;1.94
Norberg;kvinnor;Antal;2014;1.51
Norberg;kvinnor;Antal;2015;2.2
Norberg;kvinnor;Antal;2016;1.84
Norberg;kvinnor;Antal;2017;2.01
Norberg;kvinnor;Antal;2018;2.07
Norberg;kvinnor;Antal;2019;1.63
Norberg;kvinnor;Antal;2020;2.1
Norberg;kvinnor;Antal;2021;1.91
Norberg;kvinnor;Antal;2022;1.58
Norberg;kvinnor;Antal;2023;1.26
Norberg;kvinnor;Antal;2024;1.34
Norberg;kvinnor;Antal;2025;1.55
Västerås;män;Antal;2000;1.35
Västerås;män;Antal;2001;1.38
Västerås;män;Antal;2002;1.45
Västerås;män;Antal;2003;1.57
Västerås;män;Antal;2004;1.55
Västerås;män;Antal;2005;1.58
Västerås;män;Antal;2006;1.62
Västerås;män;Antal;2007;1.69
Västerås;män;Antal;2008;1.6
Västerås;män;Antal;2009;1.67
Västerås;män;Antal;2010;1.75
Västerås;män;Antal;2011;1.73
Västerås;män;Antal;2012;1.72
Västerås;män;Antal;2013;1.68
Västerås;män;Antal;2014;1.77
Västerås;män;Antal;2015;1.72
Västerås;män;Antal;2016;1.69
Västerås;män;Antal;2017;1.67
Västerås;män;Antal;2018;1.65
Västerås;män;Antal;2019;1.61
Västerås;män;Antal;2020;1.57
Västerås;män;Antal;2021;1.49
Västerås;män;Antal;2022;1.48
Västerås;män;Antal;2023;1.31
Västerås;män;Antal;2024;1.34
Västerås;män;Antal;2025;1.31
Västerås;kvinnor;Antal;2000;1.5
Västerås;kvinnor;Antal;2001;1.53
Västerås;kvinnor;Antal;2002;1.62
Västerås;kvinnor;Antal;2003;1.74
Västerås;kvinnor;Antal;2004;1.74
Västerås;kvinnor;Antal;2005;1.76
Västerås;kvinnor;Antal;2006;1.79
Västerås;kvinnor;Antal;2007;1.85
Västerås;kvinnor;Antal;2008;1.77
Västerås;kvinnor;Antal;2009;1.84
Västerås;kvinnor;Antal;2010;1.93
Västerås;kvinnor;Antal;2011;1.9
Västerås;kvinnor;Antal;2012;1.9
Västerås;kvinnor;Antal;2013;1.84
Västerås;kvinnor;Antal;2014;1.91
Västerås;kvinnor;Antal;2015;1.84
Västerås;kvinnor;Antal;2016;1.82
Västerås;kvinnor;Antal;2017;1.81
Västerås;kvinnor;Antal;2018;1.79
Västerås;kvinnor;Antal;2019;1.76
Västerås;kvinnor;Antal;2020;1.7
Västerås;kvinnor;Antal;2021;1.61
Västerås;kvinnor;Antal;2022;1.61
Västerås;kvinnor;Antal;2023;1.44
Västerås;kvinnor;Antal;2024;1.47
Västerås;kvinnor;Antal;2025;1.46
Sala;män;Antal;2000;1.47
Sala;män;Antal;2001;1.29
Sala;män;Antal;2002;1.46
Sala;män;Antal;2003;1.72
Sala;män;Antal;2004;1.52
Sala;män;Antal;2005;1.59
Sala;män;Antal;2006;1.57
Sala;män;Antal;2007;1.96
Sala;män;Antal;2008;1.64
Sala;män;Antal;2009;1.74
Sala;män;Antal;2010;1.97
Sala;män;Antal;2011;2.03
Sala;män;Antal;2012;1.7
Sala;män;Antal;2013;1.81
Sala;män;Antal;2014;1.81
Sala;män;Antal;2015;1.71
Sala;män;Antal;2016;1.67
Sala;män;Antal;2017;1.79
Sala;män;Antal;2018;1.6
Sala;män;Antal;2019;1.43
Sala;män;Antal;2020;1.27
Sala;män;Antal;2021;1.35
Sala;män;Antal;2022;1.51
Sala;män;Antal;2023;1.41
Sala;män;Antal;2024;1.22
Sala;män;Antal;2025;1.29
Sala;kvinnor;Antal;2000;1.71
Sala;kvinnor;Antal;2001;1.49
Sala;kvinnor;Antal;2002;1.7
Sala;kvinnor;Antal;2003;1.98
Sala;kvinnor;Antal;2004;1.68
Sala;kvinnor;Antal;2005;1.77
Sala;kvinnor;Antal;2006;1.72
Sala;kvinnor;Antal;2007;2.31
Sala;kvinnor;Antal;2008;1.85
Sala;kvinnor;Antal;2009;2.04
Sala;kvinnor;Antal;2010;2.31
Sala;kvinnor;Antal;2011;2.32
Sala;kvinnor;Antal;2012;1.91
Sala;kvinnor;Antal;2013;1.98
Sala;kvinnor;Antal;2014;1.88
Sala;kvinnor;Antal;2015;1.85
Sala;kvinnor;Antal;2016;1.86
Sala;kvinnor;Antal;2017;2
Sala;kvinnor;Antal;2018;1.72
Sala;kvinnor;Antal;2019;1.61
Sala;kvinnor;Antal;2020;1.46
Sala;kvinnor;Antal;2021;1.51
Sala;kvinnor;Antal;2022;1.75
Sala;kvinnor;Antal;2023;1.57
Sala;kvinnor;Antal;2024;1.48
Sala;kvinnor;Antal;2025;1.5
Fagersta;män;Antal;2000;1.18
Fagersta;män;Antal;2001;1.37
Fagersta;män;Antal;2002;1.66
Fagersta;män;Antal;2003;1.29
Fagersta;män;Antal;2004;1.44
Fagersta;män;Antal;2005;1.72
Fagersta;män;Antal;2006;1.77
Fagersta;män;Antal;2007;1.65
Fagersta;män;Antal;2008;1.88
Fagersta;män;Antal;2009;1.78
Fagersta;män;Antal;2010;1.81
Fagersta;män;Antal;2011;1.8
Fagersta;män;Antal;2012;1.96
Fagersta;män;Antal;2013;1.81
Fagersta;män;Antal;2014;1.84
Fagersta;män;Antal;2015;1.9
Fagersta;män;Antal;2016;1.67
Fagersta;män;Antal;2017;1.85
Fagersta;män;Antal;2018;1.6
Fagersta;män;Antal;2019;1.68
Fagersta;män;Antal;2020;1.61
Fagersta;män;Antal;2021;1.65
Fagersta;män;Antal;2022;1.44
Fagersta;män;Antal;2023;1.08
Fagersta;män;Antal;2024;1.2
Fagersta;män;Antal;2025;1.05
Fagersta;kvinnor;Antal;2000;1.54
Fagersta;kvinnor;Antal;2001;1.9
Fagersta;kvinnor;Antal;2002;2.09
Fagersta;kvinnor;Antal;2003;1.67
Fagersta;kvinnor;Antal;2004;1.78
Fagersta;kvinnor;Antal;2005;2.21
Fagersta;kvinnor;Antal;2006;2.12
Fagersta;kvinnor;Antal;2007;1.88
Fagersta;kvinnor;Antal;2008;2.24
Fagersta;kvinnor;Antal;2009;2.11
Fagersta;kvinnor;Antal;2010;2.24
Fagersta;kvinnor;Antal;2011;2.17
Fagersta;kvinnor;Antal;2012;2.4
Fagersta;kvinnor;Antal;2013;2.16
Fagersta;kvinnor;Antal;2014;2.2
Fagersta;kvinnor;Antal;2015;2.23
Fagersta;kvinnor;Antal;2016;1.96
Fagersta;kvinnor;Antal;2017;2.25
Fagersta;kvinnor;Antal;2018;1.87
Fagersta;kvinnor;Antal;2019;1.85
Fagersta;kvinnor;Antal;2020;2.06
Fagersta;kvinnor;Antal;2021;1.96
Fagersta;kvinnor;Antal;2022;1.75
Fagersta;kvinnor;Antal;2023;1.44
Fagersta;kvinnor;Antal;2024;1.52
Fagersta;kvinnor;Antal;2025;1.44
Köping;män;Antal;2000;1.36
Köping;män;Antal;2001;1.4
Köping;män;Antal;2002;1.43
Köping;män;Antal;2003;1.31
Köping;män;Antal;2004;1.49
Köping;män;Antal;2005;1.58
Köping;män;Antal;2006;1.75
Köping;män;Antal;2007;1.72
Köping;män;Antal;2008;1.83
Köping;män;Antal;2009;1.82
Köping;män;Antal;2010;1.78
Köping;män;Antal;2011;1.79
Köping;män;Antal;2012;1.71
Köping;män;Antal;2013;1.82
Köping;män;Antal;2014;1.79
Köping;män;Antal;2015;1.67
Köping;män;Antal;2016;1.87
Köping;män;Antal;2017;1.73
Köping;män;Antal;2018;1.56
Köping;män;Antal;2019;1.72
Köping;män;Antal;2020;1.59
Köping;män;Antal;2021;1.47
Köping;män;Antal;2022;1.54
Köping;män;Antal;2023;1.43
Köping;män;Antal;2024;1.11
Köping;män;Antal;2025;1.33
Köping;kvinnor;Antal;2000;1.64
Köping;kvinnor;Antal;2001;1.66
Köping;kvinnor;Antal;2002;1.76
Köping;kvinnor;Antal;2003;1.61
Köping;kvinnor;Antal;2004;1.88
Köping;kvinnor;Antal;2005;1.85
Köping;kvinnor;Antal;2006;2.06
Köping;kvinnor;Antal;2007;2.01
Köping;kvinnor;Antal;2008;2.07
Köping;kvinnor;Antal;2009;2.02
Köping;kvinnor;Antal;2010;2.01
Köping;kvinnor;Antal;2011;2.05
Köping;kvinnor;Antal;2012;1.86
Köping;kvinnor;Antal;2013;2.07
Köping;kvinnor;Antal;2014;1.93
Köping;kvinnor;Antal;2015;1.81
Köping;kvinnor;Antal;2016;1.98
Köping;kvinnor;Antal;2017;1.95
Köping;kvinnor;Antal;2018;1.77
Köping;kvinnor;Antal;2019;1.86
Köping;kvinnor;Antal;2020;1.84
Köping;kvinnor;Antal;2021;1.72
Köping;kvinnor;Antal;2022;1.77
Köping;kvinnor;Antal;2023;1.67
Köping;kvinnor;Antal;2024;1.31
Köping;kvinnor;Antal;2025;1.54
Arboga;män;Antal;2000;1.64
Arboga;män;Antal;2001;1.62
Arboga;män;Antal;2002;1.69
Arboga;män;Antal;2003;1.77
Arboga;män;Antal;2004;1.49
Arboga;män;Antal;2005;1.55
Arboga;män;Antal;2006;1.57
Arboga;män;Antal;2007;1.57
Arboga;män;Antal;2008;1.83
Arboga;män;Antal;2009;1.54
Arboga;män;Antal;2010;1.71
Arboga;män;Antal;2011;1.77
Arboga;män;Antal;2012;1.73
Arboga;män;Antal;2013;1.65
Arboga;män;Antal;2014;1.65
Arboga;män;Antal;2015;1.74
Arboga;män;Antal;2016;1.77
Arboga;män;Antal;2017;1.69
Arboga;män;Antal;2018;1.63
Arboga;män;Antal;2019;1.52
Arboga;män;Antal;2020;1.57
Arboga;män;Antal;2021;1.54
Arboga;män;Antal;2022;1.25
Arboga;män;Antal;2023;1.24
Arboga;män;Antal;2024;1.32
Arboga;män;Antal;2025;1.39
Arboga;kvinnor;Antal;2000;1.94
Arboga;kvinnor;Antal;2001;1.86
Arboga;kvinnor;Antal;2002;1.88
Arboga;kvinnor;Antal;2003;2.01
Arboga;kvinnor;Antal;2004;1.79
Arboga;kvinnor;Antal;2005;1.81
Arboga;kvinnor;Antal;2006;1.8
Arboga;kvinnor;Antal;2007;1.76
Arboga;kvinnor;Antal;2008;2.09
Arboga;kvinnor;Antal;2009;1.79
Arboga;kvinnor;Antal;2010;1.92
Arboga;kvinnor;Antal;2011;2.01
Arboga;kvinnor;Antal;2012;1.96
Arboga;kvinnor;Antal;2013;1.9
Arboga;kvinnor;Antal;2014;1.98
Arboga;kvinnor;Antal;2015;1.91
Arboga;kvinnor;Antal;2016;1.95
Arboga;kvinnor;Antal;2017;2.04
Arboga;kvinnor;Antal;2018;1.83
Arboga;kvinnor;Antal;2019;1.79
Arboga;kvinnor;Antal;2020;1.8
Arboga;kvinnor;Antal;2021;1.72
Arboga;kvinnor;Antal;2022;1.5
Arboga;kvinnor;Antal;2023;1.52
Arboga;kvinnor;Antal;2024;1.54
Arboga;kvinnor;Antal;2025;1.7
Vansbro;män;Antal;2000;1.31
Vansbro;män;Antal;2001;1.63
Vansbro;män;Antal;2002;1.53
Vansbro;män;Antal;2003;1.24
Vansbro;män;Antal;2004;1.72
Vansbro;män;Antal;2005;1.56
Vansbro;män;Antal;2006;1.8
Vansbro;män;Antal;2007;2.08
Vansbro;män;Antal;2008;1.83
Vansbro;män;Antal;2009;2.12
Vansbro;män;Antal;2010;1.47
Vansbro;män;Antal;2011;1.92
Vansbro;män;Antal;2012;2.02
Vansbro;män;Antal;2013;1.61
Vansbro;män;Antal;2014;1.81
Vansbro;män;Antal;2015;1.72
Vansbro;män;Antal;2016;1.6
Vansbro;män;Antal;2017;1.62
Vansbro;män;Antal;2018;1.23
Vansbro;män;Antal;2019;1.82
Vansbro;män;Antal;2020;1.72
Vansbro;män;Antal;2021;1.25
Vansbro;män;Antal;2022;1.8
Vansbro;män;Antal;2023;1.4
Vansbro;män;Antal;2024;1.35
Vansbro;män;Antal;2025;1.25
Vansbro;kvinnor;Antal;2000;1.55
Vansbro;kvinnor;Antal;2001;1.86
Vansbro;kvinnor;Antal;2002;1.81
Vansbro;kvinnor;Antal;2003;1.49
Vansbro;kvinnor;Antal;2004;2.19
Vansbro;kvinnor;Antal;2005;2.05
Vansbro;kvinnor;Antal;2006;2.09
Vansbro;kvinnor;Antal;2007;2.42
Vansbro;kvinnor;Antal;2008;2.25
Vansbro;kvinnor;Antal;2009;2.47
Vansbro;kvinnor;Antal;2010;1.66
Vansbro;kvinnor;Antal;2011;2.28
Vansbro;kvinnor;Antal;2012;2.14
Vansbro;kvinnor;Antal;2013;1.88
Vansbro;kvinnor;Antal;2014;2.06
Vansbro;kvinnor;Antal;2015;1.84
Vansbro;kvinnor;Antal;2016;1.64
Vansbro;kvinnor;Antal;2017;1.81
Vansbro;kvinnor;Antal;2018;1.51
Vansbro;kvinnor;Antal;2019;1.88
Vansbro;kvinnor;Antal;2020;1.88
Vansbro;kvinnor;Antal;2021;1.47
Vansbro;kvinnor;Antal;2022;1.93
Vansbro;kvinnor;Antal;2023;1.57
Vansbro;kvinnor;Antal;2024;1.61
Vansbro;kvinnor;Antal;2025;1.5
Malung-Sälen;män;Antal;2000;1.33
Malung-Sälen;män;Antal;2001;1.33
Malung-Sälen;män;Antal;2002;1.36
Malung-Sälen;män;Antal;2003;1.17
Malung-Sälen;män;Antal;2004;1.45
Malung-Sälen;män;Antal;2005;1.34
Malung-Sälen;män;Antal;2006;1.53
Malung-Sälen;män;Antal;2007;1.32
Malung-Sälen;män;Antal;2008;1.66
Malung-Sälen;män;Antal;2009;1.52
Malung-Sälen;män;Antal;2010;1.74
Malung-Sälen;män;Antal;2011;1.65
Malung-Sälen;män;Antal;2012;1.56
Malung-Sälen;män;Antal;2013;1.3
Malung-Sälen;män;Antal;2014;1.44
Malung-Sälen;män;Antal;2015;1.63
Malung-Sälen;män;Antal;2016;1.47
Malung-Sälen;män;Antal;2017;1.67
Malung-Sälen;män;Antal;2018;1.34
Malung-Sälen;män;Antal;2019;1.6
Malung-Sälen;män;Antal;2020;1.42
Malung-Sälen;män;Antal;2021;1.28
Malung-Sälen;män;Antal;2022;1.36
Malung-Sälen;män;Antal;2023;1.4
Malung-Sälen;män;Antal;2024;1.47
Malung-Sälen;män;Antal;2025;0.8
Malung-Sälen;kvinnor;Antal;2000;1.61
Malung-Sälen;kvinnor;Antal;2001;1.59
Malung-Sälen;kvinnor;Antal;2002;1.67
Malung-Sälen;kvinnor;Antal;2003;1.38
Malung-Sälen;kvinnor;Antal;2004;1.75
Malung-Sälen;kvinnor;Antal;2005;1.68
Malung-Sälen;kvinnor;Antal;2006;1.95
Malung-Sälen;kvinnor;Antal;2007;1.56
Malung-Sälen;kvinnor;Antal;2008;1.89
Malung-Sälen;kvinnor;Antal;2009;1.76
Malung-Sälen;kvinnor;Antal;2010;2.08
Malung-Sälen;kvinnor;Antal;2011;1.87
Malung-Sälen;kvinnor;Antal;2012;1.85
Malung-Sälen;kvinnor;Antal;2013;1.67
Malung-Sälen;kvinnor;Antal;2014;1.67
Malung-Sälen;kvinnor;Antal;2015;1.89
Malung-Sälen;kvinnor;Antal;2016;1.77
Malung-Sälen;kvinnor;Antal;2017;2.06
Malung-Sälen;kvinnor;Antal;2018;1.55
Malung-Sälen;kvinnor;Antal;2019;1.78
Malung-Sälen;kvinnor;Antal;2020;1.59
Malung-Sälen;kvinnor;Antal;2021;1.43
Malung-Sälen;kvinnor;Antal;2022;1.53
Malung-Sälen;kvinnor;Antal;2023;1.65
Malung-Sälen;kvinnor;Antal;2024;1.63
Malung-Sälen;kvinnor;Antal;2025;0.96
Gagnef;män;Antal;2000;1.69
Gagnef;män;Antal;2001;1.73
Gagnef;män;Antal;2002;1.73
Gagnef;män;Antal;2003;2.2
Gagnef;män;Antal;2004;1.96
Gagnef;män;Antal;2005;1.88
Gagnef;män;Antal;2006;1.92
Gagnef;män;Antal;2007;2.04
Gagnef;män;Antal;2008;2.23
Gagnef;män;Antal;2009;1.94
Gagnef;män;Antal;2010;1.99
Gagnef;män;Antal;2011;2.05
Gagnef;män;Antal;2012;2.36
Gagnef;män;Antal;2013;2.01
Gagnef;män;Antal;2014;2.34
Gagnef;män;Antal;2015;2.19
Gagnef;män;Antal;2016;1.85
Gagnef;män;Antal;2017;2.34
Gagnef;män;Antal;2018;1.74
Gagnef;män;Antal;2019;1.82
Gagnef;män;Antal;2020;2.33
Gagnef;män;Antal;2021;1.71
Gagnef;män;Antal;2022;1.56
Gagnef;män;Antal;2023;1.8
Gagnef;män;Antal;2024;1.28
Gagnef;män;Antal;2025;1.44
Gagnef;kvinnor;Antal;2000;1.97
Gagnef;kvinnor;Antal;2001;2
Gagnef;kvinnor;Antal;2002;1.91
Gagnef;kvinnor;Antal;2003;2.49
Gagnef;kvinnor;Antal;2004;2.18
Gagnef;kvinnor;Antal;2005;2.19
Gagnef;kvinnor;Antal;2006;2.2
Gagnef;kvinnor;Antal;2007;2.23
Gagnef;kvinnor;Antal;2008;2.58
Gagnef;kvinnor;Antal;2009;2.17
Gagnef;kvinnor;Antal;2010;2.3
Gagnef;kvinnor;Antal;2011;2.35
Gagnef;kvinnor;Antal;2012;2.49
Gagnef;kvinnor;Antal;2013;2.14
Gagnef;kvinnor;Antal;2014;2.57
Gagnef;kvinnor;Antal;2015;2.39
Gagnef;kvinnor;Antal;2016;2.22
Gagnef;kvinnor;Antal;2017;2.69
Gagnef;kvinnor;Antal;2018;2.01
Gagnef;kvinnor;Antal;2019;2.06
Gagnef;kvinnor;Antal;2020;2.61
Gagnef;kvinnor;Antal;2021;2.01
Gagnef;kvinnor;Antal;2022;1.94
Gagnef;kvinnor;Antal;2023;2.24
Gagnef;kvinnor;Antal;2024;1.42
Gagnef;kvinnor;Antal;2025;1.78
Leksand;män;Antal;2000;1.46
Leksand;män;Antal;2001;1.36
Leksand;män;Antal;2002;1.38
Leksand;män;Antal;2003;1.77
Leksand;män;Antal;2004;1.79
Leksand;män;Antal;2005;1.68
Leksand;män;Antal;2006;1.68
Leksand;män;Antal;2007;1.65
Leksand;män;Antal;2008;1.81
Leksand;män;Antal;2009;1.9
Leksand;män;Antal;2010;1.68
Leksand;män;Antal;2011;1.87
Leksand;män;Antal;2012;1.54
Leksand;män;Antal;2013;1.81
Leksand;män;Antal;2014;1.6
Leksand;män;Antal;2015;1.92
Leksand;män;Antal;2016;1.73
Leksand;män;Antal;2017;1.7
Leksand;män;Antal;2018;1.78
Leksand;män;Antal;2019;1.43
Leksand;män;Antal;2020;1.63
Leksand;män;Antal;2021;1.33
Leksand;män;Antal;2022;1.19
Leksand;män;Antal;2023;1.4
Leksand;män;Antal;2024;1.25
Leksand;män;Antal;2025;1.27
Leksand;kvinnor;Antal;2000;1.57
Leksand;kvinnor;Antal;2001;1.43
Leksand;kvinnor;Antal;2002;1.5
Leksand;kvinnor;Antal;2003;1.79
Leksand;kvinnor;Antal;2004;1.9
Leksand;kvinnor;Antal;2005;1.77
Leksand;kvinnor;Antal;2006;1.83
Leksand;kvinnor;Antal;2007;1.84
Leksand;kvinnor;Antal;2008;2
Leksand;kvinnor;Antal;2009;2.06
Leksand;kvinnor;Antal;2010;1.85
Leksand;kvinnor;Antal;2011;2.05
Leksand;kvinnor;Antal;2012;1.71
Leksand;kvinnor;Antal;2013;2.07
Leksand;kvinnor;Antal;2014;1.79
Leksand;kvinnor;Antal;2015;2.14
Leksand;kvinnor;Antal;2016;1.98
Leksand;kvinnor;Antal;2017;1.88
Leksand;kvinnor;Antal;2018;1.95
Leksand;kvinnor;Antal;2019;1.6
Leksand;kvinnor;Antal;2020;1.78
Leksand;kvinnor;Antal;2021;1.49
Leksand;kvinnor;Antal;2022;1.38
Leksand;kvinnor;Antal;2023;1.68
Leksand;kvinnor;Antal;2024;1.49
Leksand;kvinnor;Antal;2025;1.48
Rättvik;män;Antal;2000;1.35
Rättvik;män;Antal;2001;1.43
Rättvik;män;Antal;2002;1.74
Rättvik;män;Antal;2003;1.66
Rättvik;män;Antal;2004;1.66
Rättvik;män;Antal;2005;1.49
Rättvik;män;Antal;2006;1.51
Rättvik;män;Antal;2007;1.39
Rättvik;män;Antal;2008;1.78
Rättvik;män;Antal;2009;1.49
Rättvik;män;Antal;2010;1.68
Rättvik;män;Antal;2011;1.62
Rättvik;män;Antal;2012;1.49
Rättvik;män;Antal;2013;1.35
Rättvik;män;Antal;2014;1.67
Rättvik;män;Antal;2015;1.27
Rättvik;män;Antal;2016;1.26
Rättvik;män;Antal;2017;1.59
Rättvik;män;Antal;2018;1.44
Rättvik;män;Antal;2019;1.34
Rättvik;män;Antal;2020;1.46
Rättvik;män;Antal;2021;1.41
Rättvik;män;Antal;2022;1.58
Rättvik;män;Antal;2023;1.37
Rättvik;män;Antal;2024;1.36
Rättvik;män;Antal;2025;1.28
Rättvik;kvinnor;Antal;2000;1.48
Rättvik;kvinnor;Antal;2001;1.67
Rättvik;kvinnor;Antal;2002;2.01
Rättvik;kvinnor;Antal;2003;1.94
Rättvik;kvinnor;Antal;2004;1.91
Rättvik;kvinnor;Antal;2005;1.75
Rättvik;kvinnor;Antal;2006;1.84
Rättvik;kvinnor;Antal;2007;1.64
Rättvik;kvinnor;Antal;2008;2.1
Rättvik;kvinnor;Antal;2009;1.78
Rättvik;kvinnor;Antal;2010;2.05
Rättvik;kvinnor;Antal;2011;1.89
Rättvik;kvinnor;Antal;2012;1.67
Rättvik;kvinnor;Antal;2013;1.5
Rättvik;kvinnor;Antal;2014;1.86
Rättvik;kvinnor;Antal;2015;1.35
Rättvik;kvinnor;Antal;2016;1.46
Rättvik;kvinnor;Antal;2017;2
Rättvik;kvinnor;Antal;2018;1.84
Rättvik;kvinnor;Antal;2019;1.6
Rättvik;kvinnor;Antal;2020;1.76
Rättvik;kvinnor;Antal;2021;1.72
Rättvik;kvinnor;Antal;2022;1.89
Rättvik;kvinnor;Antal;2023;1.67
Rättvik;kvinnor;Antal;2024;1.59
Rättvik;kvinnor;Antal;2025;1.48
Orsa;män;Antal;2000;1.51
Orsa;män;Antal;2001;1.68
Orsa;män;Antal;2002;1.74
Orsa;män;Antal;2003;1.42
Orsa;män;Antal;2004;1.68
Orsa;män;Antal;2005;1.38
Orsa;män;Antal;2006;1.94
Orsa;män;Antal;2007;2.11
Orsa;män;Antal;2008;1.69
Orsa;män;Antal;2009;1.65
Orsa;män;Antal;2010;1.71
Orsa;män;Antal;2011;1.61
Orsa;män;Antal;2012;1.39
Orsa;män;Antal;2013;1.05
Orsa;män;Antal;2014;1.44
Orsa;män;Antal;2015;1.27
Orsa;män;Antal;2016;1.39
Orsa;män;Antal;2017;1.58
Orsa;män;Antal;2018;1.15
Orsa;män;Antal;2019;1.36
Orsa;män;Antal;2020;1.67
Orsa;män;Antal;2021;1.46
Orsa;män;Antal;2022;1.13
Orsa;män;Antal;2023;1.27
Orsa;män;Antal;2024;1.22
Orsa;män;Antal;2025;1.02
Orsa;kvinnor;Antal;2000;1.66
Orsa;kvinnor;Antal;2001;1.97
Orsa;kvinnor;Antal;2002;2.02
Orsa;kvinnor;Antal;2003;1.55
Orsa;kvinnor;Antal;2004;2.08
Orsa;kvinnor;Antal;2005;1.58
Orsa;kvinnor;Antal;2006;2.08
Orsa;kvinnor;Antal;2007;2.17
Orsa;kvinnor;Antal;2008;1.69
Orsa;kvinnor;Antal;2009;1.78
Orsa;kvinnor;Antal;2010;1.88
Orsa;kvinnor;Antal;2011;1.88
Orsa;kvinnor;Antal;2012;1.62
Orsa;kvinnor;Antal;2013;1.2
Orsa;kvinnor;Antal;2014;1.92
Orsa;kvinnor;Antal;2015;1.47
Orsa;kvinnor;Antal;2016;1.61
Orsa;kvinnor;Antal;2017;1.91
Orsa;kvinnor;Antal;2018;1.42
Orsa;kvinnor;Antal;2019;1.77
Orsa;kvinnor;Antal;2020;2.04
Orsa;kvinnor;Antal;2021;1.79
Orsa;kvinnor;Antal;2022;1.31
Orsa;kvinnor;Antal;2023;1.36
Orsa;kvinnor;Antal;2024;1.53
Orsa;kvinnor;Antal;2025;1.45
Älvdalen;män;Antal;2000;1.53
Älvdalen;män;Antal;2001;1.26
Älvdalen;män;Antal;2002;1.97
Älvdalen;män;Antal;2003;1.72
Älvdalen;män;Antal;2004;1.88
Älvdalen;män;Antal;2005;1.94
Älvdalen;män;Antal;2006;1.82
Älvdalen;män;Antal;2007;1.63
Älvdalen;män;Antal;2008;1.82
Älvdalen;män;Antal;2009;1.83
Älvdalen;män;Antal;2010;1.88
Älvdalen;män;Antal;2011;2.11
Älvdalen;män;Antal;2012;1.72
Älvdalen;män;Antal;2013;1.31
Älvdalen;män;Antal;2014;1.89
Älvdalen;män;Antal;2015;1.22
Älvdalen;män;Antal;2016;1.23
Älvdalen;män;Antal;2017;1.5
Älvdalen;män;Antal;2018;1.57
Älvdalen;män;Antal;2019;1.21
Älvdalen;män;Antal;2020;1.47
Älvdalen;män;Antal;2021;1.34
Älvdalen;män;Antal;2022;0.96
Älvdalen;män;Antal;2023;1.17
Älvdalen;män;Antal;2024;1.08
Älvdalen;män;Antal;2025;1
Älvdalen;kvinnor;Antal;2000;1.83
Älvdalen;kvinnor;Antal;2001;1.48
Älvdalen;kvinnor;Antal;2002;2.34
Älvdalen;kvinnor;Antal;2003;1.99
Älvdalen;kvinnor;Antal;2004;2.31
Älvdalen;kvinnor;Antal;2005;2.17
Älvdalen;kvinnor;Antal;2006;2.17
Älvdalen;kvinnor;Antal;2007;1.98
Älvdalen;kvinnor;Antal;2008;2.12
Älvdalen;kvinnor;Antal;2009;2
Älvdalen;kvinnor;Antal;2010;2.21
Älvdalen;kvinnor;Antal;2011;2.43
Älvdalen;kvinnor;Antal;2012;1.89
Älvdalen;kvinnor;Antal;2013;1.47
Älvdalen;kvinnor;Antal;2014;2.06
Älvdalen;kvinnor;Antal;2015;1.45
Älvdalen;kvinnor;Antal;2016;1.5
Älvdalen;kvinnor;Antal;2017;1.68
Älvdalen;kvinnor;Antal;2018;2.11
Älvdalen;kvinnor;Antal;2019;1.41
Älvdalen;kvinnor;Antal;2020;1.79
Älvdalen;kvinnor;Antal;2021;1.7
Älvdalen;kvinnor;Antal;2022;1.17
Älvdalen;kvinnor;Antal;2023;1.41
Älvdalen;kvinnor;Antal;2024;1.48
Älvdalen;kvinnor;Antal;2025;1.25
Smedjebacken;män;Antal;2000;1.43
Smedjebacken;män;Antal;2001;1.18
Smedjebacken;män;Antal;2002;1.49
Smedjebacken;män;Antal;2003;1.05
Smedjebacken;män;Antal;2004;1.84
Smedjebacken;män;Antal;2005;1.92
Smedjebacken;män;Antal;2006;1.57
Smedjebacken;män;Antal;2007;1.63
Smedjebacken;män;Antal;2008;2.04
Smedjebacken;män;Antal;2009;1.77
Smedjebacken;män;Antal;2010;1.79
Smedjebacken;män;Antal;2011;1.64
Smedjebacken;män;Antal;2012;1.83
Smedjebacken;män;Antal;2013;1.76
Smedjebacken;män;Antal;2014;1.77
Smedjebacken;män;Antal;2015;1.88
Smedjebacken;män;Antal;2016;2
Smedjebacken;män;Antal;2017;1.7
Smedjebacken;män;Antal;2018;1.68
Smedjebacken;män;Antal;2019;1.64
Smedjebacken;män;Antal;2020;1.58
Smedjebacken;män;Antal;2021;1.54
Smedjebacken;män;Antal;2022;1.61
Smedjebacken;män;Antal;2023;1.4
Smedjebacken;män;Antal;2024;1.28
Smedjebacken;män;Antal;2025;1.15
Smedjebacken;kvinnor;Antal;2000;1.69
Smedjebacken;kvinnor;Antal;2001;1.28
Smedjebacken;kvinnor;Antal;2002;1.66
Smedjebacken;kvinnor;Antal;2003;1.29
Smedjebacken;kvinnor;Antal;2004;2.13
Smedjebacken;kvinnor;Antal;2005;2.16
Smedjebacken;kvinnor;Antal;2006;1.75
Smedjebacken;kvinnor;Antal;2007;1.95
Smedjebacken;kvinnor;Antal;2008;2.25
Smedjebacken;kvinnor;Antal;2009;2.03
Smedjebacken;kvinnor;Antal;2010;2.05
Smedjebacken;kvinnor;Antal;2011;2.11
Smedjebacken;kvinnor;Antal;2012;2.2
Smedjebacken;kvinnor;Antal;2013;2.07
Smedjebacken;kvinnor;Antal;2014;1.98
Smedjebacken;kvinnor;Antal;2015;2.21
Smedjebacken;kvinnor;Antal;2016;2.29
Smedjebacken;kvinnor;Antal;2017;2.04
Smedjebacken;kvinnor;Antal;2018;1.94
Smedjebacken;kvinnor;Antal;2019;1.88
Smedjebacken;kvinnor;Antal;2020;1.84
Smedjebacken;kvinnor;Antal;2021;1.77
Smedjebacken;kvinnor;Antal;2022;1.91
Smedjebacken;kvinnor;Antal;2023;1.73
Smedjebacken;kvinnor;Antal;2024;1.51
Smedjebacken;kvinnor;Antal;2025;1.35
Mora;män;Antal;2000;1.47
Mora;män;Antal;2001;1.38
Mora;män;Antal;2002;1.54
Mora;män;Antal;2003;1.58
Mora;män;Antal;2004;1.46
Mora;män;Antal;2005;1.84
Mora;män;Antal;2006;1.73
Mora;män;Antal;2007;1.82
Mora;män;Antal;2008;1.64
Mora;män;Antal;2009;1.98
Mora;män;Antal;2010;1.76
Mora;män;Antal;2011;1.91
Mora;män;Antal;2012;1.71
Mora;män;Antal;2013;1.62
Mora;män;Antal;2014;1.59
Mora;män;Antal;2015;1.49
Mora;män;Antal;2016;1.72
Mora;män;Antal;2017;1.59
Mora;män;Antal;2018;1.54
Mora;män;Antal;2019;1.38
Mora;män;Antal;2020;1.23
Mora;män;Antal;2021;1.51
Mora;män;Antal;2022;1.31
Mora;män;Antal;2023;1.13
Mora;män;Antal;2024;1.2
Mora;män;Antal;2025;1.21
Mora;kvinnor;Antal;2000;1.64
Mora;kvinnor;Antal;2001;1.45
Mora;kvinnor;Antal;2002;1.72
Mora;kvinnor;Antal;2003;1.75
Mora;kvinnor;Antal;2004;1.65
Mora;kvinnor;Antal;2005;2.15
Mora;kvinnor;Antal;2006;1.93
Mora;kvinnor;Antal;2007;2.04
Mora;kvinnor;Antal;2008;1.93
Mora;kvinnor;Antal;2009;2.21
Mora;kvinnor;Antal;2010;1.92
Mora;kvinnor;Antal;2011;2.07
Mora;kvinnor;Antal;2012;1.83
Mora;kvinnor;Antal;2013;1.72
Mora;kvinnor;Antal;2014;1.73
Mora;kvinnor;Antal;2015;1.55
Mora;kvinnor;Antal;2016;1.87
Mora;kvinnor;Antal;2017;1.7
Mora;kvinnor;Antal;2018;1.77
Mora;kvinnor;Antal;2019;1.57
Mora;kvinnor;Antal;2020;1.41
Mora;kvinnor;Antal;2021;1.64
Mora;kvinnor;Antal;2022;1.57
Mora;kvinnor;Antal;2023;1.32
Mora;kvinnor;Antal;2024;1.4
Mora;kvinnor;Antal;2025;1.44
Falun;män;Antal;2000;1.55
Falun;män;Antal;2001;1.42
Falun;män;Antal;2002;1.64
Falun;män;Antal;2003;1.64
Falun;män;Antal;2004;1.7
Falun;män;Antal;2005;1.78
Falun;män;Antal;2006;1.65
Falun;män;Antal;2007;1.66
Falun;män;Antal;2008;1.73
Falun;män;Antal;2009;1.77
Falun;män;Antal;2010;1.78
Falun;män;Antal;2011;1.79
Falun;män;Antal;2012;1.84
Falun;män;Antal;2013;1.68
Falun;män;Antal;2014;1.83
Falun;män;Antal;2015;1.8
Falun;män;Antal;2016;1.77
Falun;män;Antal;2017;1.67
Falun;män;Antal;2018;1.69
Falun;män;Antal;2019;1.61
Falun;män;Antal;2020;1.65
Falun;män;Antal;2021;1.56
Falun;män;Antal;2022;1.44
Falun;män;Antal;2023;1.44
Falun;män;Antal;2024;1.35
Falun;män;Antal;2025;1.32
Falun;kvinnor;Antal;2000;1.62
Falun;kvinnor;Antal;2001;1.48
Falun;kvinnor;Antal;2002;1.72
Falun;kvinnor;Antal;2003;1.73
Falun;kvinnor;Antal;2004;1.8
Falun;kvinnor;Antal;2005;1.94
Falun;kvinnor;Antal;2006;1.82
Falun;kvinnor;Antal;2007;1.81
Falun;kvinnor;Antal;2008;1.86
Falun;kvinnor;Antal;2009;1.89
Falun;kvinnor;Antal;2010;1.89
Falun;kvinnor;Antal;2011;1.89
Falun;kvinnor;Antal;2012;1.96
Falun;kvinnor;Antal;2013;1.71
Falun;kvinnor;Antal;2014;1.92
Falun;kvinnor;Antal;2015;1.9
Falun;kvinnor;Antal;2016;1.88
Falun;kvinnor;Antal;2017;1.8
Falun;kvinnor;Antal;2018;1.83
Falun;kvinnor;Antal;2019;1.7
Falun;kvinnor;Antal;2020;1.75
Falun;kvinnor;Antal;2021;1.67
Falun;kvinnor;Antal;2022;1.6
Falun;kvinnor;Antal;2023;1.55
Falun;kvinnor;Antal;2024;1.5
Falun;kvinnor;Antal;2025;1.48
Borlänge;män;Antal;2000;1.28
Borlänge;män;Antal;2001;1.38
Borlänge;män;Antal;2002;1.46
Borlänge;män;Antal;2003;1.57
Borlänge;män;Antal;2004;1.56
Borlänge;män;Antal;2005;1.64
Borlänge;män;Antal;2006;1.7
Borlänge;män;Antal;2007;1.74
Borlänge;män;Antal;2008;1.85
Borlänge;män;Antal;2009;1.8
Borlänge;män;Antal;2010;1.87
Borlänge;män;Antal;2011;1.74
Borlänge;män;Antal;2012;1.72
Borlänge;män;Antal;2013;1.75
Borlänge;män;Antal;2014;1.92
Borlänge;män;Antal;2015;1.8
Borlänge;män;Antal;2016;1.81
Borlänge;män;Antal;2017;1.64
Borlänge;män;Antal;2018;1.79
Borlänge;män;Antal;2019;1.69
Borlänge;män;Antal;2020;1.49
Borlänge;män;Antal;2021;1.52
Borlänge;män;Antal;2022;1.34
Borlänge;män;Antal;2023;1.19
Borlänge;män;Antal;2024;1.23
Borlänge;män;Antal;2025;1.24
Borlänge;kvinnor;Antal;2000;1.46
Borlänge;kvinnor;Antal;2001;1.56
Borlänge;kvinnor;Antal;2002;1.68
Borlänge;kvinnor;Antal;2003;1.83
Borlänge;kvinnor;Antal;2004;1.78
Borlänge;kvinnor;Antal;2005;1.9
Borlänge;kvinnor;Antal;2006;1.95
Borlänge;kvinnor;Antal;2007;2.03
Borlänge;kvinnor;Antal;2008;2.13
Borlänge;kvinnor;Antal;2009;2
Borlänge;kvinnor;Antal;2010;2.16
Borlänge;kvinnor;Antal;2011;1.97
Borlänge;kvinnor;Antal;2012;1.95
Borlänge;kvinnor;Antal;2013;2
Borlänge;kvinnor;Antal;2014;2.14
Borlänge;kvinnor;Antal;2015;2.03
Borlänge;kvinnor;Antal;2016;2.06
Borlänge;kvinnor;Antal;2017;1.88
Borlänge;kvinnor;Antal;2018;2.04
Borlänge;kvinnor;Antal;2019;1.99
Borlänge;kvinnor;Antal;2020;1.73
Borlänge;kvinnor;Antal;2021;1.77
Borlänge;kvinnor;Antal;2022;1.63
Borlänge;kvinnor;Antal;2023;1.47
Borlänge;kvinnor;Antal;2024;1.48
Borlänge;kvinnor;Antal;2025;1.45
Säter;män;Antal;2000;1.49
Säter;män;Antal;2001;1.33
Säter;män;Antal;2002;1.62
Säter;män;Antal;2003;1.63
Säter;män;Antal;2004;1.79
Säter;män;Antal;2005;1.6
Säter;män;Antal;2006;1.82
Säter;män;Antal;2007;1.65
Säter;män;Antal;2008;2.2
Säter;män;Antal;2009;1.75
Säter;män;Antal;2010;1.89
Säter;män;Antal;2011;1.91
Säter;män;Antal;2012;1.59
Säter;män;Antal;2013;1.8
Säter;män;Antal;2014;1.75
Säter;män;Antal;2015;1.6
Säter;män;Antal;2016;1.98
Säter;män;Antal;2017;1.96
Säter;män;Antal;2018;1.51
Säter;män;Antal;2019;1.42
Säter;män;Antal;2020;1.62
Säter;män;Antal;2021;1.53
Säter;män;Antal;2022;1.45
Säter;män;Antal;2023;1.55
Säter;män;Antal;2024;1.42
Säter;män;Antal;2025;1.53
Säter;kvinnor;Antal;2000;1.79
Säter;kvinnor;Antal;2001;1.42
Säter;kvinnor;Antal;2002;1.79
Säter;kvinnor;Antal;2003;1.85
Säter;kvinnor;Antal;2004;2.12
Säter;kvinnor;Antal;2005;1.8
Säter;kvinnor;Antal;2006;2.17
Säter;kvinnor;Antal;2007;1.82
Säter;kvinnor;Antal;2008;2.35
Säter;kvinnor;Antal;2009;2.07
Säter;kvinnor;Antal;2010;2.31
Säter;kvinnor;Antal;2011;2.17
Säter;kvinnor;Antal;2012;1.78
Säter;kvinnor;Antal;2013;2.11
Säter;kvinnor;Antal;2014;1.9
Säter;kvinnor;Antal;2015;1.79
Säter;kvinnor;Antal;2016;2.26
Säter;kvinnor;Antal;2017;2.15
Säter;kvinnor;Antal;2018;1.77
Säter;kvinnor;Antal;2019;1.66
Säter;kvinnor;Antal;2020;1.94
Säter;kvinnor;Antal;2021;1.93
Säter;kvinnor;Antal;2022;1.85
Säter;kvinnor;Antal;2023;1.84
Säter;kvinnor;Antal;2024;1.8
Säter;kvinnor;Antal;2025;1.79
Hedemora;män;Antal;2000;1.28
Hedemora;män;Antal;2001;1.58
Hedemora;män;Antal;2002;1.23
Hedemora;män;Antal;2003;1.53
Hedemora;män;Antal;2004;1.52
Hedemora;män;Antal;2005;1.61
Hedemora;män;Antal;2006;1.36
Hedemora;män;Antal;2007;1.85
Hedemora;män;Antal;2008;1.86
Hedemora;män;Antal;2009;1.77
Hedemora;män;Antal;2010;1.75
Hedemora;män;Antal;2011;1.53
Hedemora;män;Antal;2012;1.75
Hedemora;män;Antal;2013;1.62
Hedemora;män;Antal;2014;1.28
Hedemora;män;Antal;2015;1.94
Hedemora;män;Antal;2016;1.56
Hedemora;män;Antal;2017;1.84
Hedemora;män;Antal;2018;1.85
Hedemora;män;Antal;2019;1.69
Hedemora;män;Antal;2020;1.89
Hedemora;män;Antal;2021;1.41
Hedemora;män;Antal;2022;1.48
Hedemora;män;Antal;2023;1.29
Hedemora;män;Antal;2024;1.41
Hedemora;män;Antal;2025;1.16
Hedemora;kvinnor;Antal;2000;1.51
Hedemora;kvinnor;Antal;2001;1.95
Hedemora;kvinnor;Antal;2002;1.51
Hedemora;kvinnor;Antal;2003;1.87
Hedemora;kvinnor;Antal;2004;1.95
Hedemora;kvinnor;Antal;2005;2.07
Hedemora;kvinnor;Antal;2006;1.61
Hedemora;kvinnor;Antal;2007;2.14
Hedemora;kvinnor;Antal;2008;2.23
Hedemora;kvinnor;Antal;2009;2.01
Hedemora;kvinnor;Antal;2010;2.14
Hedemora;kvinnor;Antal;2011;1.76
Hedemora;kvinnor;Antal;2012;2.19
Hedemora;kvinnor;Antal;2013;1.84
Hedemora;kvinnor;Antal;2014;1.59
Hedemora;kvinnor;Antal;2015;2.23
Hedemora;kvinnor;Antal;2016;1.86
Hedemora;kvinnor;Antal;2017;2.21
Hedemora;kvinnor;Antal;2018;2.16
Hedemora;kvinnor;Antal;2019;2.06
Hedemora;kvinnor;Antal;2020;2.24
Hedemora;kvinnor;Antal;2021;1.75
Hedemora;kvinnor;Antal;2022;1.73
Hedemora;kvinnor;Antal;2023;1.54
Hedemora;kvinnor;Antal;2024;1.68
Hedemora;kvinnor;Antal;2025;1.39
Avesta;män;Antal;2000;1.26
Avesta;män;Antal;2001;1.26
Avesta;män;Antal;2002;1.24
Avesta;män;Antal;2003;1.35
Avesta;män;Antal;2004;1.5
Avesta;män;Antal;2005;1.43
Avesta;män;Antal;2006;1.34
Avesta;män;Antal;2007;1.72
Avesta;män;Antal;2008;1.5
Avesta;män;Antal;2009;1.45
Avesta;män;Antal;2010;1.87
Avesta;män;Antal;2011;1.58
Avesta;män;Antal;2012;1.64
Avesta;män;Antal;2013;1.51
Avesta;män;Antal;2014;1.7
Avesta;män;Antal;2015;1.63
Avesta;män;Antal;2016;1.83
Avesta;män;Antal;2017;1.64
Avesta;män;Antal;2018;1.97
Avesta;män;Antal;2019;1.71
Avesta;män;Antal;2020;1.64
Avesta;män;Antal;2021;1.79
Avesta;män;Antal;2022;1.46
Avesta;män;Antal;2023;1.38
Avesta;män;Antal;2024;1.22
Avesta;män;Antal;2025;1.35
Avesta;kvinnor;Antal;2000;1.48
Avesta;kvinnor;Antal;2001;1.5
Avesta;kvinnor;Antal;2002;1.42
Avesta;kvinnor;Antal;2003;1.57
Avesta;kvinnor;Antal;2004;1.85
Avesta;kvinnor;Antal;2005;1.68
Avesta;kvinnor;Antal;2006;1.59
Avesta;kvinnor;Antal;2007;2.03
Avesta;kvinnor;Antal;2008;1.65
Avesta;kvinnor;Antal;2009;1.6
Avesta;kvinnor;Antal;2010;2.12
Avesta;kvinnor;Antal;2011;1.79
Avesta;kvinnor;Antal;2012;1.88
Avesta;kvinnor;Antal;2013;1.83
Avesta;kvinnor;Antal;2014;1.96
Avesta;kvinnor;Antal;2015;1.97
Avesta;kvinnor;Antal;2016;2.16
Avesta;kvinnor;Antal;2017;1.92
Avesta;kvinnor;Antal;2018;2.34
Avesta;kvinnor;Antal;2019;1.95
Avesta;kvinnor;Antal;2020;1.83
Avesta;kvinnor;Antal;2021;2.09
Avesta;kvinnor;Antal;2022;1.71
Avesta;kvinnor;Antal;2023;1.65
Avesta;kvinnor;Antal;2024;1.44
Avesta;kvinnor;Antal;2025;1.62
Ludvika;män;Antal;2000;1.29
Ludvika;män;Antal;2001;1.31
Ludvika;män;Antal;2002;1.55
Ludvika;män;Antal;2003;1.62
Ludvika;män;Antal;2004;1.41
Ludvika;män;Antal;2005;1.68
Ludvika;män;Antal;2006;1.48
Ludvika;män;Antal;2007;1.77
Ludvika;män;Antal;2008;1.64
Ludvika;män;Antal;2009;1.67
Ludvika;män;Antal;2010;1.7
Ludvika;män;Antal;2011;1.67
Ludvika;män;Antal;2012;1.9
Ludvika;män;Antal;2013;1.83
Ludvika;män;Antal;2014;1.83
Ludvika;män;Antal;2015;1.89
Ludvika;män;Antal;2016;1.88
Ludvika;män;Antal;2017;1.9
Ludvika;män;Antal;2018;1.59
Ludvika;män;Antal;2019;1.89
Ludvika;män;Antal;2020;1.67
Ludvika;män;Antal;2021;1.72
Ludvika;män;Antal;2022;1.4
Ludvika;män;Antal;2023;1.31
Ludvika;män;Antal;2024;1.4
Ludvika;män;Antal;2025;1.11
Ludvika;kvinnor;Antal;2000;1.53
Ludvika;kvinnor;Antal;2001;1.6
Ludvika;kvinnor;Antal;2002;1.89
Ludvika;kvinnor;Antal;2003;1.94
Ludvika;kvinnor;Antal;2004;1.79
Ludvika;kvinnor;Antal;2005;2.05
Ludvika;kvinnor;Antal;2006;1.8
Ludvika;kvinnor;Antal;2007;2.12
Ludvika;kvinnor;Antal;2008;1.96
Ludvika;kvinnor;Antal;2009;2.09
Ludvika;kvinnor;Antal;2010;2.04
Ludvika;kvinnor;Antal;2011;2.1
Ludvika;kvinnor;Antal;2012;2.35
Ludvika;kvinnor;Antal;2013;2.26
Ludvika;kvinnor;Antal;2014;2.22
Ludvika;kvinnor;Antal;2015;2.28
Ludvika;kvinnor;Antal;2016;2.33
Ludvika;kvinnor;Antal;2017;2.31
Ludvika;kvinnor;Antal;2018;1.97
Ludvika;kvinnor;Antal;2019;2.29
Ludvika;kvinnor;Antal;2020;2.02
Ludvika;kvinnor;Antal;2021;2.06
Ludvika;kvinnor;Antal;2022;1.68
Ludvika;kvinnor;Antal;2023;1.63
Ludvika;kvinnor;Antal;2024;1.69
Ludvika;kvinnor;Antal;2025;1.41
Ockelbo;män;Antal;2000;1.27
Ockelbo;män;Antal;2001;1.4
Ockelbo;män;Antal;2002;1.28
Ockelbo;män;Antal;2003;1.67
Ockelbo;män;Antal;2004;1.75
Ockelbo;män;Antal;2005;1.17
Ockelbo;män;Antal;2006;1.96
Ockelbo;män;Antal;2007;1.53
Ockelbo;män;Antal;2008;2.13
Ockelbo;män;Antal;2009;1.74
Ockelbo;män;Antal;2010;1.56
Ockelbo;män;Antal;2011;1.47
Ockelbo;män;Antal;2012;1.78
Ockelbo;män;Antal;2013;1.88
Ockelbo;män;Antal;2014;1.52
Ockelbo;män;Antal;2015;1.81
Ockelbo;män;Antal;2016;1.23
Ockelbo;män;Antal;2017;1.34
Ockelbo;män;Antal;2018;1.89
Ockelbo;män;Antal;2019;1.72
Ockelbo;män;Antal;2020;1.76
Ockelbo;män;Antal;2021;1.6
Ockelbo;män;Antal;2022;1.35
Ockelbo;män;Antal;2023;1.52
Ockelbo;män;Antal;2024;1.34
Ockelbo;män;Antal;2025;1.15
Ockelbo;kvinnor;Antal;2000;1.64
Ockelbo;kvinnor;Antal;2001;1.71
Ockelbo;kvinnor;Antal;2002;1.63
Ockelbo;kvinnor;Antal;2003;2.34
Ockelbo;kvinnor;Antal;2004;2.15
Ockelbo;kvinnor;Antal;2005;1.42
Ockelbo;kvinnor;Antal;2006;2.27
Ockelbo;kvinnor;Antal;2007;1.83
Ockelbo;kvinnor;Antal;2008;2.49
Ockelbo;kvinnor;Antal;2009;1.9
Ockelbo;kvinnor;Antal;2010;1.74
Ockelbo;kvinnor;Antal;2011;1.59
Ockelbo;kvinnor;Antal;2012;2.1
Ockelbo;kvinnor;Antal;2013;1.91
Ockelbo;kvinnor;Antal;2014;1.6
Ockelbo;kvinnor;Antal;2015;2.12
Ockelbo;kvinnor;Antal;2016;1.17
Ockelbo;kvinnor;Antal;2017;1.58
Ockelbo;kvinnor;Antal;2018;2.02
Ockelbo;kvinnor;Antal;2019;2.09
Ockelbo;kvinnor;Antal;2020;1.97
Ockelbo;kvinnor;Antal;2021;1.94
Ockelbo;kvinnor;Antal;2022;1.62
Ockelbo;kvinnor;Antal;2023;1.73
Ockelbo;kvinnor;Antal;2024;1.75
Ockelbo;kvinnor;Antal;2025;1.57
Hofors;män;Antal;2000;1.43
Hofors;män;Antal;2001;1.41
Hofors;män;Antal;2002;1.26
Hofors;män;Antal;2003;1.48
Hofors;män;Antal;2004;1.71
Hofors;män;Antal;2005;1.36
Hofors;män;Antal;2006;1.88
Hofors;män;Antal;2007;1.73
Hofors;män;Antal;2008;1.69
Hofors;män;Antal;2009;1.89
Hofors;män;Antal;2010;2.1
Hofors;män;Antal;2011;1.8
Hofors;män;Antal;2012;1.82
Hofors;män;Antal;2013;1.64
Hofors;män;Antal;2014;1.92
Hofors;män;Antal;2015;2.03
Hofors;män;Antal;2016;1.91
Hofors;män;Antal;2017;1.68
Hofors;män;Antal;2018;1.59
Hofors;män;Antal;2019;1.69
Hofors;män;Antal;2020;1.45
Hofors;män;Antal;2021;1.53
Hofors;män;Antal;2022;1.31
Hofors;män;Antal;2023;1.23
Hofors;män;Antal;2024;1.12
Hofors;män;Antal;2025;1.26
Hofors;kvinnor;Antal;2000;1.82
Hofors;kvinnor;Antal;2001;1.72
Hofors;kvinnor;Antal;2002;1.66
Hofors;kvinnor;Antal;2003;1.72
Hofors;kvinnor;Antal;2004;2.06
Hofors;kvinnor;Antal;2005;1.73
Hofors;kvinnor;Antal;2006;2.23
Hofors;kvinnor;Antal;2007;2.15
Hofors;kvinnor;Antal;2008;2.08
Hofors;kvinnor;Antal;2009;2.22
Hofors;kvinnor;Antal;2010;2.41
Hofors;kvinnor;Antal;2011;2.13
Hofors;kvinnor;Antal;2012;2
Hofors;kvinnor;Antal;2013;1.82
Hofors;kvinnor;Antal;2014;2.2
Hofors;kvinnor;Antal;2015;2.18
Hofors;kvinnor;Antal;2016;2.17
Hofors;kvinnor;Antal;2017;1.9
Hofors;kvinnor;Antal;2018;1.79
Hofors;kvinnor;Antal;2019;1.85
Hofors;kvinnor;Antal;2020;1.66
Hofors;kvinnor;Antal;2021;1.74
Hofors;kvinnor;Antal;2022;1.56
Hofors;kvinnor;Antal;2023;1.44
Hofors;kvinnor;Antal;2024;1.43
Hofors;kvinnor;Antal;2025;1.66
Ovanåker;män;Antal;2000;1.38
Ovanåker;män;Antal;2001;1.46
Ovanåker;män;Antal;2002;1.29
Ovanåker;män;Antal;2003;1.33
Ovanåker;män;Antal;2004;1.39
Ovanåker;män;Antal;2005;1.6
Ovanåker;män;Antal;2006;1.57
Ovanåker;män;Antal;2007;1.83
Ovanåker;män;Antal;2008;1.63
Ovanåker;män;Antal;2009;1.67
Ovanåker;män;Antal;2010;1.68
Ovanåker;män;Antal;2011;1.69
Ovanåker;män;Antal;2012;2.04
Ovanåker;män;Antal;2013;1.99
Ovanåker;män;Antal;2014;1.62
Ovanåker;män;Antal;2015;1.84
Ovanåker;män;Antal;2016;1.75
Ovanåker;män;Antal;2017;1.65
Ovanåker;män;Antal;2018;1.85
Ovanåker;män;Antal;2019;1.92
Ovanåker;män;Antal;2020;1.82
Ovanåker;män;Antal;2021;1.83
Ovanåker;män;Antal;2022;1.56
Ovanåker;män;Antal;2023;1.63
Ovanåker;män;Antal;2024;1.3
Ovanåker;män;Antal;2025;1.34
Ovanåker;kvinnor;Antal;2000;1.75
Ovanåker;kvinnor;Antal;2001;1.76
Ovanåker;kvinnor;Antal;2002;1.61
Ovanåker;kvinnor;Antal;2003;1.63
Ovanåker;kvinnor;Antal;2004;1.74
Ovanåker;kvinnor;Antal;2005;2.08
Ovanåker;kvinnor;Antal;2006;1.83
Ovanåker;kvinnor;Antal;2007;2.41
Ovanåker;kvinnor;Antal;2008;2.12
Ovanåker;kvinnor;Antal;2009;2.16
Ovanåker;kvinnor;Antal;2010;2.08
Ovanåker;kvinnor;Antal;2011;2.2
Ovanåker;kvinnor;Antal;2012;2.37
Ovanåker;kvinnor;Antal;2013;2.28
Ovanåker;kvinnor;Antal;2014;1.79
Ovanåker;kvinnor;Antal;2015;2.14
Ovanåker;kvinnor;Antal;2016;2.12
Ovanåker;kvinnor;Antal;2017;1.98
Ovanåker;kvinnor;Antal;2018;2.14
Ovanåker;kvinnor;Antal;2019;2.22
Ovanåker;kvinnor;Antal;2020;2.21
Ovanåker;kvinnor;Antal;2021;2.12
Ovanåker;kvinnor;Antal;2022;1.77
Ovanåker;kvinnor;Antal;2023;1.92
Ovanåker;kvinnor;Antal;2024;1.41
Ovanåker;kvinnor;Antal;2025;1.58
Nordanstig;män;Antal;2000;1.34
Nordanstig;män;Antal;2001;1.15
Nordanstig;män;Antal;2002;1.49
Nordanstig;män;Antal;2003;2.15
Nordanstig;män;Antal;2004;1.67
Nordanstig;män;Antal;2005;1.74
Nordanstig;män;Antal;2006;1.57
Nordanstig;män;Antal;2007;2.01
Nordanstig;män;Antal;2008;1.75
Nordanstig;män;Antal;2009;2.11
Nordanstig;män;Antal;2010;2.12
Nordanstig;män;Antal;2011;1.86
Nordanstig;män;Antal;2012;1.83
Nordanstig;män;Antal;2013;1.88
Nordanstig;män;Antal;2014;1.62
Nordanstig;män;Antal;2015;1.58
Nordanstig;män;Antal;2016;1.82
Nordanstig;män;Antal;2017;2.09
Nordanstig;män;Antal;2018;1.89
Nordanstig;män;Antal;2019;1.67
Nordanstig;män;Antal;2020;1.72
Nordanstig;män;Antal;2021;1.48
Nordanstig;män;Antal;2022;1.82
Nordanstig;män;Antal;2023;1.4
Nordanstig;män;Antal;2024;1.41
Nordanstig;män;Antal;2025;1.52
Nordanstig;kvinnor;Antal;2000;1.54
Nordanstig;kvinnor;Antal;2001;1.33
Nordanstig;kvinnor;Antal;2002;1.63
Nordanstig;kvinnor;Antal;2003;2.57
Nordanstig;kvinnor;Antal;2004;2.11
Nordanstig;kvinnor;Antal;2005;2.08
Nordanstig;kvinnor;Antal;2006;1.96
Nordanstig;kvinnor;Antal;2007;2.38
Nordanstig;kvinnor;Antal;2008;2.18
Nordanstig;kvinnor;Antal;2009;2.52
Nordanstig;kvinnor;Antal;2010;2.61
Nordanstig;kvinnor;Antal;2011;2.12
Nordanstig;kvinnor;Antal;2012;2.14
Nordanstig;kvinnor;Antal;2013;2.15
Nordanstig;kvinnor;Antal;2014;1.84
Nordanstig;kvinnor;Antal;2015;1.71
Nordanstig;kvinnor;Antal;2016;2.08
Nordanstig;kvinnor;Antal;2017;2.26
Nordanstig;kvinnor;Antal;2018;1.96
Nordanstig;kvinnor;Antal;2019;1.74
Nordanstig;kvinnor;Antal;2020;2.04
Nordanstig;kvinnor;Antal;2021;1.56
Nordanstig;kvinnor;Antal;2022;2.13
Nordanstig;kvinnor;Antal;2023;1.58
Nordanstig;kvinnor;Antal;2024;1.82
Nordanstig;kvinnor;Antal;2025;1.8
Ljusdal;män;Antal;2000;1.51
Ljusdal;män;Antal;2001;1.53
Ljusdal;män;Antal;2002;1.68
Ljusdal;män;Antal;2003;1.71
Ljusdal;män;Antal;2004;1.56
Ljusdal;män;Antal;2005;1.75
Ljusdal;män;Antal;2006;1.75
Ljusdal;män;Antal;2007;1.98
Ljusdal;män;Antal;2008;1.54
Ljusdal;män;Antal;2009;1.75
Ljusdal;män;Antal;2010;1.77
Ljusdal;män;Antal;2011;1.74
Ljusdal;män;Antal;2012;1.65
Ljusdal;män;Antal;2013;1.58
Ljusdal;män;Antal;2014;1.56
Ljusdal;män;Antal;2015;1.71
Ljusdal;män;Antal;2016;1.62
Ljusdal;män;Antal;2017;1.55
Ljusdal;män;Antal;2018;1.61
Ljusdal;män;Antal;2019;1.33
Ljusdal;män;Antal;2020;1.64
Ljusdal;män;Antal;2021;1.41
Ljusdal;män;Antal;2022;1.38
Ljusdal;män;Antal;2023;1.17
Ljusdal;män;Antal;2024;1.25
Ljusdal;män;Antal;2025;1.3
Ljusdal;kvinnor;Antal;2000;1.79
Ljusdal;kvinnor;Antal;2001;1.79
Ljusdal;kvinnor;Antal;2002;1.98
Ljusdal;kvinnor;Antal;2003;2.08
Ljusdal;kvinnor;Antal;2004;1.92
Ljusdal;kvinnor;Antal;2005;2.11
Ljusdal;kvinnor;Antal;2006;2.12
Ljusdal;kvinnor;Antal;2007;2.45
Ljusdal;kvinnor;Antal;2008;1.87
Ljusdal;kvinnor;Antal;2009;2.08
Ljusdal;kvinnor;Antal;2010;2.05
Ljusdal;kvinnor;Antal;2011;1.93
Ljusdal;kvinnor;Antal;2012;1.92
Ljusdal;kvinnor;Antal;2013;1.89
Ljusdal;kvinnor;Antal;2014;1.83
Ljusdal;kvinnor;Antal;2015;1.95
Ljusdal;kvinnor;Antal;2016;1.97
Ljusdal;kvinnor;Antal;2017;1.85
Ljusdal;kvinnor;Antal;2018;1.97
Ljusdal;kvinnor;Antal;2019;1.59
Ljusdal;kvinnor;Antal;2020;1.84
Ljusdal;kvinnor;Antal;2021;1.74
Ljusdal;kvinnor;Antal;2022;1.6
Ljusdal;kvinnor;Antal;2023;1.39
Ljusdal;kvinnor;Antal;2024;1.56
Ljusdal;kvinnor;Antal;2025;1.56
Gävle;män;Antal;2000;1.28
Gävle;män;Antal;2001;1.38
Gävle;män;Antal;2002;1.42
Gävle;män;Antal;2003;1.51
Gävle;män;Antal;2004;1.52
Gävle;män;Antal;2005;1.49
Gävle;män;Antal;2006;1.58
Gävle;män;Antal;2007;1.52
Gävle;män;Antal;2008;1.66
Gävle;män;Antal;2009;1.72
Gävle;män;Antal;2010;1.71
Gävle;män;Antal;2011;1.69
Gävle;män;Antal;2012;1.74
Gävle;män;Antal;2013;1.61
Gävle;män;Antal;2014;1.73
Gävle;män;Antal;2015;1.73
Gävle;män;Antal;2016;1.65
Gävle;män;Antal;2017;1.65
Gävle;män;Antal;2018;1.73
Gävle;män;Antal;2019;1.57
Gävle;män;Antal;2020;1.42
Gävle;män;Antal;2021;1.53
Gävle;män;Antal;2022;1.32
Gävle;män;Antal;2023;1.23
Gävle;män;Antal;2024;1.25
Gävle;män;Antal;2025;1.21
Gävle;kvinnor;Antal;2000;1.36
Gävle;kvinnor;Antal;2001;1.53
Gävle;kvinnor;Antal;2002;1.54
Gävle;kvinnor;Antal;2003;1.63
Gävle;kvinnor;Antal;2004;1.68
Gävle;kvinnor;Antal;2005;1.62
Gävle;kvinnor;Antal;2006;1.73
Gävle;kvinnor;Antal;2007;1.66
Gävle;kvinnor;Antal;2008;1.84
Gävle;kvinnor;Antal;2009;1.91
Gävle;kvinnor;Antal;2010;1.86
Gävle;kvinnor;Antal;2011;1.84
Gävle;kvinnor;Antal;2012;1.89
Gävle;kvinnor;Antal;2013;1.77
Gävle;kvinnor;Antal;2014;1.87
Gävle;kvinnor;Antal;2015;1.84
Gävle;kvinnor;Antal;2016;1.76
Gävle;kvinnor;Antal;2017;1.77
Gävle;kvinnor;Antal;2018;1.82
Gävle;kvinnor;Antal;2019;1.69
Gävle;kvinnor;Antal;2020;1.56
Gävle;kvinnor;Antal;2021;1.62
Gävle;kvinnor;Antal;2022;1.44
Gävle;kvinnor;Antal;2023;1.35
Gävle;kvinnor;Antal;2024;1.4
Gävle;kvinnor;Antal;2025;1.33
Sandviken;män;Antal;2000;1.31
Sandviken;män;Antal;2001;1.27
Sandviken;män;Antal;2002;1.34
Sandviken;män;Antal;2003;1.53
Sandviken;män;Antal;2004;1.59
Sandviken;män;Antal;2005;1.45
Sandviken;män;Antal;2006;1.57
Sandviken;män;Antal;2007;1.68
Sandviken;män;Antal;2008;1.42
Sandviken;män;Antal;2009;1.58
Sandviken;män;Antal;2010;1.66
Sandviken;män;Antal;2011;1.63
Sandviken;män;Antal;2012;1.77
Sandviken;män;Antal;2013;1.77
Sandviken;män;Antal;2014;1.78
Sandviken;män;Antal;2015;1.59
Sandviken;män;Antal;2016;1.71
Sandviken;män;Antal;2017;1.63
Sandviken;män;Antal;2018;1.75
Sandviken;män;Antal;2019;1.51
Sandviken;män;Antal;2020;1.55
Sandviken;män;Antal;2021;1.4
Sandviken;män;Antal;2022;1.25
Sandviken;män;Antal;2023;1.27
Sandviken;män;Antal;2024;1.18
Sandviken;män;Antal;2025;1.23
Sandviken;kvinnor;Antal;2000;1.6
Sandviken;kvinnor;Antal;2001;1.47
Sandviken;kvinnor;Antal;2002;1.61
Sandviken;kvinnor;Antal;2003;1.84
Sandviken;kvinnor;Antal;2004;1.88
Sandviken;kvinnor;Antal;2005;1.8
Sandviken;kvinnor;Antal;2006;1.88
Sandviken;kvinnor;Antal;2007;2.01
Sandviken;kvinnor;Antal;2008;1.66
Sandviken;kvinnor;Antal;2009;1.84
Sandviken;kvinnor;Antal;2010;1.88
Sandviken;kvinnor;Antal;2011;1.77
Sandviken;kvinnor;Antal;2012;1.97
Sandviken;kvinnor;Antal;2013;2.01
Sandviken;kvinnor;Antal;2014;2.02
Sandviken;kvinnor;Antal;2015;1.86
Sandviken;kvinnor;Antal;2016;1.98
Sandviken;kvinnor;Antal;2017;1.89
Sandviken;kvinnor;Antal;2018;1.96
Sandviken;kvinnor;Antal;2019;1.74
Sandviken;kvinnor;Antal;2020;1.73
Sandviken;kvinnor;Antal;2021;1.61
Sandviken;kvinnor;Antal;2022;1.46
Sandviken;kvinnor;Antal;2023;1.5
Sandviken;kvinnor;Antal;2024;1.43
Sandviken;kvinnor;Antal;2025;1.45
Söderhamn;män;Antal;2000;1.45
Söderhamn;män;Antal;2001;1.41
Söderhamn;män;Antal;2002;1.45
Söderhamn;män;Antal;2003;1.38
Söderhamn;män;Antal;2004;1.32
Söderhamn;män;Antal;2005;1.39
Söderhamn;män;Antal;2006;1.61
Söderhamn;män;Antal;2007;1.5
Söderhamn;män;Antal;2008;1.55
Söderhamn;män;Antal;2009;1.48
Söderhamn;män;Antal;2010;1.78
Söderhamn;män;Antal;2011;1.66
Söderhamn;män;Antal;2012;1.83
Söderhamn;män;Antal;2013;1.84
Söderhamn;män;Antal;2014;1.8
Söderhamn;män;Antal;2015;1.95
Söderhamn;män;Antal;2016;1.67
Söderhamn;män;Antal;2017;1.52
Söderhamn;män;Antal;2018;1.95
Söderhamn;män;Antal;2019;1.7
Söderhamn;män;Antal;2020;1.57
Söderhamn;män;Antal;2021;1.65
Söderhamn;män;Antal;2022;1.35
Söderhamn;män;Antal;2023;1.15
Söderhamn;män;Antal;2024;1.22
Söderhamn;män;Antal;2025;1.3
Söderhamn;kvinnor;Antal;2000;1.69
Söderhamn;kvinnor;Antal;2001;1.7
Söderhamn;kvinnor;Antal;2002;1.72
Söderhamn;kvinnor;Antal;2003;1.65
Söderhamn;kvinnor;Antal;2004;1.55
Söderhamn;kvinnor;Antal;2005;1.68
Söderhamn;kvinnor;Antal;2006;1.99
Söderhamn;kvinnor;Antal;2007;1.77
Söderhamn;kvinnor;Antal;2008;1.95
Söderhamn;kvinnor;Antal;2009;1.78
Söderhamn;kvinnor;Antal;2010;2.22
Söderhamn;kvinnor;Antal;2011;1.99
Söderhamn;kvinnor;Antal;2012;2.13
Söderhamn;kvinnor;Antal;2013;2.08
Söderhamn;kvinnor;Antal;2014;2.15
Söderhamn;kvinnor;Antal;2015;2.21
Söderhamn;kvinnor;Antal;2016;1.97
Söderhamn;kvinnor;Antal;2017;1.79
Söderhamn;kvinnor;Antal;2018;2.33
Söderhamn;kvinnor;Antal;2019;2
Söderhamn;kvinnor;Antal;2020;1.83
Söderhamn;kvinnor;Antal;2021;1.95
Söderhamn;kvinnor;Antal;2022;1.67
Söderhamn;kvinnor;Antal;2023;1.39
Söderhamn;kvinnor;Antal;2024;1.47
Söderhamn;kvinnor;Antal;2025;1.61
Bollnäs;män;Antal;2000;1.42
Bollnäs;män;Antal;2001;1.41
Bollnäs;män;Antal;2002;1.39
Bollnäs;män;Antal;2003;1.69
Bollnäs;män;Antal;2004;1.58
Bollnäs;män;Antal;2005;1.65
Bollnäs;män;Antal;2006;1.71
Bollnäs;män;Antal;2007;1.62
Bollnäs;män;Antal;2008;1.5
Bollnäs;män;Antal;2009;1.82
Bollnäs;män;Antal;2010;1.91
Bollnäs;män;Antal;2011;1.74
Bollnäs;män;Antal;2012;1.86
Bollnäs;män;Antal;2013;1.54
Bollnäs;män;Antal;2014;1.56
Bollnäs;män;Antal;2015;1.74
Bollnäs;män;Antal;2016;1.76
Bollnäs;män;Antal;2017;1.67
Bollnäs;män;Antal;2018;1.99
Bollnäs;män;Antal;2019;1.84
Bollnäs;män;Antal;2020;1.64
Bollnäs;män;Antal;2021;1.65
Bollnäs;män;Antal;2022;1.39
Bollnäs;män;Antal;2023;1.29
Bollnäs;män;Antal;2024;1.29
Bollnäs;män;Antal;2025;1.37
Bollnäs;kvinnor;Antal;2000;1.61
Bollnäs;kvinnor;Antal;2001;1.63
Bollnäs;kvinnor;Antal;2002;1.65
Bollnäs;kvinnor;Antal;2003;1.95
Bollnäs;kvinnor;Antal;2004;1.9
Bollnäs;kvinnor;Antal;2005;1.9
Bollnäs;kvinnor;Antal;2006;1.99
Bollnäs;kvinnor;Antal;2007;1.83
Bollnäs;kvinnor;Antal;2008;1.68
Bollnäs;kvinnor;Antal;2009;2
Bollnäs;kvinnor;Antal;2010;2.24
Bollnäs;kvinnor;Antal;2011;1.9
Bollnäs;kvinnor;Antal;2012;2.04
Bollnäs;kvinnor;Antal;2013;1.81
Bollnäs;kvinnor;Antal;2014;1.74
Bollnäs;kvinnor;Antal;2015;2
Bollnäs;kvinnor;Antal;2016;1.99
Bollnäs;kvinnor;Antal;2017;1.98
Bollnäs;kvinnor;Antal;2018;2.27
Bollnäs;kvinnor;Antal;2019;2.07
Bollnäs;kvinnor;Antal;2020;1.81
Bollnäs;kvinnor;Antal;2021;1.78
Bollnäs;kvinnor;Antal;2022;1.6
Bollnäs;kvinnor;Antal;2023;1.47
Bollnäs;kvinnor;Antal;2024;1.52
Bollnäs;kvinnor;Antal;2025;1.59
Hudiksvall;män;Antal;2000;1.48
Hudiksvall;män;Antal;2001;1.31
Hudiksvall;män;Antal;2002;1.63
Hudiksvall;män;Antal;2003;1.67
Hudiksvall;män;Antal;2004;1.74
Hudiksvall;män;Antal;2005;1.7
Hudiksvall;män;Antal;2006;1.91
Hudiksvall;män;Antal;2007;1.85
Hudiksvall;män;Antal;2008;1.75
Hudiksvall;män;Antal;2009;1.82
Hudiksvall;män;Antal;2010;1.86
Hudiksvall;män;Antal;2011;1.79
Hudiksvall;män;Antal;2012;1.83
Hudiksvall;män;Antal;2013;1.82
Hudiksvall;män;Antal;2014;1.72
Hudiksvall;män;Antal;2015;1.73
Hudiksvall;män;Antal;2016;1.6
Hudiksvall;män;Antal;2017;1.67
Hudiksvall;män;Antal;2018;1.51
Hudiksvall;män;Antal;2019;1.41
Hudiksvall;män;Antal;2020;1.44
Hudiksvall;män;Antal;2021;1.47
Hudiksvall;män;Antal;2022;1.36
Hudiksvall;män;Antal;2023;1.29
Hudiksvall;män;Antal;2024;1.17
Hudiksvall;män;Antal;2025;1.09
Hudiksvall;kvinnor;Antal;2000;1.65
Hudiksvall;kvinnor;Antal;2001;1.52
Hudiksvall;kvinnor;Antal;2002;1.86
Hudiksvall;kvinnor;Antal;2003;1.86
Hudiksvall;kvinnor;Antal;2004;1.93
Hudiksvall;kvinnor;Antal;2005;1.85
Hudiksvall;kvinnor;Antal;2006;2.14
Hudiksvall;kvinnor;Antal;2007;2
Hudiksvall;kvinnor;Antal;2008;1.96
Hudiksvall;kvinnor;Antal;2009;2.01
Hudiksvall;kvinnor;Antal;2010;2.02
Hudiksvall;kvinnor;Antal;2011;1.95
Hudiksvall;kvinnor;Antal;2012;2.03
Hudiksvall;kvinnor;Antal;2013;1.98
Hudiksvall;kvinnor;Antal;2014;1.85
Hudiksvall;kvinnor;Antal;2015;1.88
Hudiksvall;kvinnor;Antal;2016;1.82
Hudiksvall;kvinnor;Antal;2017;1.87
Hudiksvall;kvinnor;Antal;2018;1.64
Hudiksvall;kvinnor;Antal;2019;1.65
Hudiksvall;kvinnor;Antal;2020;1.62
Hudiksvall;kvinnor;Antal;2021;1.7
Hudiksvall;kvinnor;Antal;2022;1.52
Hudiksvall;kvinnor;Antal;2023;1.53
Hudiksvall;kvinnor;Antal;2024;1.36
Hudiksvall;kvinnor;Antal;2025;1.31
Ånge;män;Antal;2000;1.33
Ånge;män;Antal;2001;1.49
Ånge;män;Antal;2002;1.67
Ånge;män;Antal;2003;1.59
Ånge;män;Antal;2004;1.61
Ånge;män;Antal;2005;1.85
Ånge;män;Antal;2006;1.66
Ånge;män;Antal;2007;2.11
Ånge;män;Antal;2008;1.42
Ånge;män;Antal;2009;1.4
Ånge;män;Antal;2010;1.61
Ånge;män;Antal;2011;1.66
Ånge;män;Antal;2012;1.29
Ånge;män;Antal;2013;1.47
Ånge;män;Antal;2014;1.48
Ånge;män;Antal;2015;1.74
Ånge;män;Antal;2016;1.67
Ånge;män;Antal;2017;1.34
Ånge;män;Antal;2018;1.64
Ånge;män;Antal;2019;1.78
Ånge;män;Antal;2020;1.39
Ånge;män;Antal;2021;1.77
Ånge;män;Antal;2022;1.16
Ånge;män;Antal;2023;1.32
Ånge;män;Antal;2024;1.01
Ånge;män;Antal;2025;1.11
Ånge;kvinnor;Antal;2000;1.48
Ånge;kvinnor;Antal;2001;1.6
Ånge;kvinnor;Antal;2002;1.89
Ånge;kvinnor;Antal;2003;1.73
Ånge;kvinnor;Antal;2004;1.89
Ånge;kvinnor;Antal;2005;2.18
Ånge;kvinnor;Antal;2006;1.95
Ånge;kvinnor;Antal;2007;2.46
Ånge;kvinnor;Antal;2008;1.83
Ånge;kvinnor;Antal;2009;1.64
Ånge;kvinnor;Antal;2010;1.93
Ånge;kvinnor;Antal;2011;1.98
Ånge;kvinnor;Antal;2012;1.63
Ånge;kvinnor;Antal;2013;1.92
Ånge;kvinnor;Antal;2014;1.84
Ånge;kvinnor;Antal;2015;2.17
Ånge;kvinnor;Antal;2016;1.92
Ånge;kvinnor;Antal;2017;1.63
Ånge;kvinnor;Antal;2018;2.07
Ånge;kvinnor;Antal;2019;2.19
Ånge;kvinnor;Antal;2020;1.8
Ånge;kvinnor;Antal;2021;2.2
Ånge;kvinnor;Antal;2022;1.54
Ånge;kvinnor;Antal;2023;1.7
Ånge;kvinnor;Antal;2024;1.22
Ånge;kvinnor;Antal;2025;1.48
Timrå;män;Antal;2000;1.64
Timrå;män;Antal;2001;1.58
Timrå;män;Antal;2002;1.72
Timrå;män;Antal;2003;1.64
Timrå;män;Antal;2004;1.99
Timrå;män;Antal;2005;1.5
Timrå;män;Antal;2006;2.01
Timrå;män;Antal;2007;1.7
Timrå;män;Antal;2008;1.83
Timrå;män;Antal;2009;1.62
Timrå;män;Antal;2010;1.9
Timrå;män;Antal;2011;1.87
Timrå;män;Antal;2012;1.6
Timrå;män;Antal;2013;1.75
Timrå;män;Antal;2014;1.8
Timrå;män;Antal;2015;1.61
Timrå;män;Antal;2016;1.58
Timrå;män;Antal;2017;1.51
Timrå;män;Antal;2018;1.56
Timrå;män;Antal;2019;1.55
Timrå;män;Antal;2020;1.47
Timrå;män;Antal;2021;1.47
Timrå;män;Antal;2022;1.26
Timrå;män;Antal;2023;1.28
Timrå;män;Antal;2024;1.2
Timrå;män;Antal;2025;1.38
Timrå;kvinnor;Antal;2000;1.85
Timrå;kvinnor;Antal;2001;1.78
Timrå;kvinnor;Antal;2002;1.92
Timrå;kvinnor;Antal;2003;1.95
Timrå;kvinnor;Antal;2004;2.24
Timrå;kvinnor;Antal;2005;1.8
Timrå;kvinnor;Antal;2006;2.38
Timrå;kvinnor;Antal;2007;1.99
Timrå;kvinnor;Antal;2008;2.05
Timrå;kvinnor;Antal;2009;1.71
Timrå;kvinnor;Antal;2010;2.11
Timrå;kvinnor;Antal;2011;2.1
Timrå;kvinnor;Antal;2012;1.88
Timrå;kvinnor;Antal;2013;1.89
Timrå;kvinnor;Antal;2014;2.16
Timrå;kvinnor;Antal;2015;1.84
Timrå;kvinnor;Antal;2016;1.86
Timrå;kvinnor;Antal;2017;1.74
Timrå;kvinnor;Antal;2018;1.84
Timrå;kvinnor;Antal;2019;1.87
Timrå;kvinnor;Antal;2020;1.75
Timrå;kvinnor;Antal;2021;1.73
Timrå;kvinnor;Antal;2022;1.49
Timrå;kvinnor;Antal;2023;1.55
Timrå;kvinnor;Antal;2024;1.46
Timrå;kvinnor;Antal;2025;1.62
Härnösand;män;Antal;2000;1.48
Härnösand;män;Antal;2001;1.39
Härnösand;män;Antal;2002;1.52
Härnösand;män;Antal;2003;1.55
Härnösand;män;Antal;2004;1.66
Härnösand;män;Antal;2005;1.49
Härnösand;män;Antal;2006;1.54
Härnösand;män;Antal;2007;1.62
Härnösand;män;Antal;2008;1.81
Härnösand;män;Antal;2009;1.75
Härnösand;män;Antal;2010;1.84
Härnösand;män;Antal;2011;1.68
Härnösand;män;Antal;2012;1.67
Härnösand;män;Antal;2013;1.65
Härnösand;män;Antal;2014;1.48
Härnösand;män;Antal;2015;1.61
Härnösand;män;Antal;2016;1.57
Härnösand;män;Antal;2017;1.57
Härnösand;män;Antal;2018;1.68
Härnösand;män;Antal;2019;1.6
Härnösand;män;Antal;2020;1.55
Härnösand;män;Antal;2021;1.56
Härnösand;män;Antal;2022;1.48
Härnösand;män;Antal;2023;1.22
Härnösand;män;Antal;2024;1.38
Härnösand;män;Antal;2025;1.07
Härnösand;kvinnor;Antal;2000;1.61
Härnösand;kvinnor;Antal;2001;1.46
Härnösand;kvinnor;Antal;2002;1.66
Härnösand;kvinnor;Antal;2003;1.71
Härnösand;kvinnor;Antal;2004;1.83
Härnösand;kvinnor;Antal;2005;1.63
Härnösand;kvinnor;Antal;2006;1.76
Härnösand;kvinnor;Antal;2007;1.82
Härnösand;kvinnor;Antal;2008;2.01
Härnösand;kvinnor;Antal;2009;1.87
Härnösand;kvinnor;Antal;2010;2.04
Härnösand;kvinnor;Antal;2011;1.88
Härnösand;kvinnor;Antal;2012;1.85
Härnösand;kvinnor;Antal;2013;1.82
Härnösand;kvinnor;Antal;2014;1.71
Härnösand;kvinnor;Antal;2015;1.79
Härnösand;kvinnor;Antal;2016;1.72
Härnösand;kvinnor;Antal;2017;1.8
Härnösand;kvinnor;Antal;2018;1.98
Härnösand;kvinnor;Antal;2019;1.88
Härnösand;kvinnor;Antal;2020;1.84
Härnösand;kvinnor;Antal;2021;1.84
Härnösand;kvinnor;Antal;2022;1.85
Härnösand;kvinnor;Antal;2023;1.5
Härnösand;kvinnor;Antal;2024;1.63
Härnösand;kvinnor;Antal;2025;1.3
Sundsvall;män;Antal;2000;1.24
Sundsvall;män;Antal;2001;1.38
Sundsvall;män;Antal;2002;1.51
Sundsvall;män;Antal;2003;1.68
Sundsvall;män;Antal;2004;1.66
Sundsvall;män;Antal;2005;1.69
Sundsvall;män;Antal;2006;1.67
Sundsvall;män;Antal;2007;1.71
Sundsvall;män;Antal;2008;1.76
Sundsvall;män;Antal;2009;1.81
Sundsvall;män;Antal;2010;1.74
Sundsvall;män;Antal;2011;1.72
Sundsvall;män;Antal;2012;1.64
Sundsvall;män;Antal;2013;1.61
Sundsvall;män;Antal;2014;1.56
Sundsvall;män;Antal;2015;1.7
Sundsvall;män;Antal;2016;1.74
Sundsvall;män;Antal;2017;1.59
Sundsvall;män;Antal;2018;1.66
Sundsvall;män;Antal;2019;1.54
Sundsvall;män;Antal;2020;1.39
Sundsvall;män;Antal;2021;1.44
Sundsvall;män;Antal;2022;1.23
Sundsvall;män;Antal;2023;1.28
Sundsvall;män;Antal;2024;1.17
Sundsvall;män;Antal;2025;1.14
Sundsvall;kvinnor;Antal;2000;1.38
Sundsvall;kvinnor;Antal;2001;1.53
Sundsvall;kvinnor;Antal;2002;1.66
Sundsvall;kvinnor;Antal;2003;1.84
Sundsvall;kvinnor;Antal;2004;1.81
Sundsvall;kvinnor;Antal;2005;1.87
Sundsvall;kvinnor;Antal;2006;1.83
Sundsvall;kvinnor;Antal;2007;1.89
Sundsvall;kvinnor;Antal;2008;1.95
Sundsvall;kvinnor;Antal;2009;1.99
Sundsvall;kvinnor;Antal;2010;1.95
Sundsvall;kvinnor;Antal;2011;1.91
Sundsvall;kvinnor;Antal;2012;1.82
Sundsvall;kvinnor;Antal;2013;1.8
Sundsvall;kvinnor;Antal;2014;1.72
Sundsvall;kvinnor;Antal;2015;1.87
Sundsvall;kvinnor;Antal;2016;1.93
Sundsvall;kvinnor;Antal;2017;1.78
Sundsvall;kvinnor;Antal;2018;1.83
Sundsvall;kvinnor;Antal;2019;1.75
Sundsvall;kvinnor;Antal;2020;1.63
Sundsvall;kvinnor;Antal;2021;1.66
Sundsvall;kvinnor;Antal;2022;1.44
Sundsvall;kvinnor;Antal;2023;1.46
Sundsvall;kvinnor;Antal;2024;1.37
Sundsvall;kvinnor;Antal;2025;1.34
Kramfors;män;Antal;2000;1.45
Kramfors;män;Antal;2001;1.35
Kramfors;män;Antal;2002;1.6
Kramfors;män;Antal;2003;1.67
Kramfors;män;Antal;2004;1.79
Kramfors;män;Antal;2005;1.33
Kramfors;män;Antal;2006;1.53
Kramfors;män;Antal;2007;1.64
Kramfors;män;Antal;2008;1.52
Kramfors;män;Antal;2009;1.51
Kramfors;män;Antal;2010;1.29
Kramfors;män;Antal;2011;1.59
Kramfors;män;Antal;2012;1.67
Kramfors;män;Antal;2013;1.47
Kramfors;män;Antal;2014;1.58
Kramfors;män;Antal;2015;1.57
Kramfors;män;Antal;2016;1.55
Kramfors;män;Antal;2017;1.7
Kramfors;män;Antal;2018;1.53
Kramfors;män;Antal;2019;1.5
Kramfors;män;Antal;2020;1.28
Kramfors;män;Antal;2021;1.63
Kramfors;män;Antal;2022;1.31
Kramfors;män;Antal;2023;1.14
Kramfors;män;Antal;2024;0.97
Kramfors;män;Antal;2025;1.42
Kramfors;kvinnor;Antal;2000;1.74
Kramfors;kvinnor;Antal;2001;1.71
Kramfors;kvinnor;Antal;2002;1.87
Kramfors;kvinnor;Antal;2003;2.05
Kramfors;kvinnor;Antal;2004;2.07
Kramfors;kvinnor;Antal;2005;1.62
Kramfors;kvinnor;Antal;2006;1.79
Kramfors;kvinnor;Antal;2007;1.91
Kramfors;kvinnor;Antal;2008;1.89
Kramfors;kvinnor;Antal;2009;1.85
Kramfors;kvinnor;Antal;2010;1.63
Kramfors;kvinnor;Antal;2011;1.96
Kramfors;kvinnor;Antal;2012;1.96
Kramfors;kvinnor;Antal;2013;1.77
Kramfors;kvinnor;Antal;2014;1.94
Kramfors;kvinnor;Antal;2015;2.01
Kramfors;kvinnor;Antal;2016;2
Kramfors;kvinnor;Antal;2017;2.13
Kramfors;kvinnor;Antal;2018;1.96
Kramfors;kvinnor;Antal;2019;1.87
Kramfors;kvinnor;Antal;2020;1.74
Kramfors;kvinnor;Antal;2021;1.97
Kramfors;kvinnor;Antal;2022;1.59
Kramfors;kvinnor;Antal;2023;1.4
Kramfors;kvinnor;Antal;2024;1.23
Kramfors;kvinnor;Antal;2025;1.64
Sollefteå;män;Antal;2000;1.37
Sollefteå;män;Antal;2001;1.52
Sollefteå;män;Antal;2002;1.6
Sollefteå;män;Antal;2003;1.59
Sollefteå;män;Antal;2004;1.56
Sollefteå;män;Antal;2005;1.6
Sollefteå;män;Antal;2006;1.86
Sollefteå;män;Antal;2007;1.66
Sollefteå;män;Antal;2008;1.82
Sollefteå;män;Antal;2009;1.58
Sollefteå;män;Antal;2010;1.93
Sollefteå;män;Antal;2011;1.86
Sollefteå;män;Antal;2012;1.67
Sollefteå;män;Antal;2013;1.8
Sollefteå;män;Antal;2014;1.75
Sollefteå;män;Antal;2015;1.78
Sollefteå;män;Antal;2016;1.76
Sollefteå;män;Antal;2017;1.68
Sollefteå;män;Antal;2018;1.88
Sollefteå;män;Antal;2019;1.65
Sollefteå;män;Antal;2020;1.42
Sollefteå;män;Antal;2021;1.51
Sollefteå;män;Antal;2022;1.24
Sollefteå;män;Antal;2023;1.33
Sollefteå;män;Antal;2024;1.41
Sollefteå;män;Antal;2025;1.27
Sollefteå;kvinnor;Antal;2000;1.73
Sollefteå;kvinnor;Antal;2001;1.84
Sollefteå;kvinnor;Antal;2002;1.89
Sollefteå;kvinnor;Antal;2003;1.92
Sollefteå;kvinnor;Antal;2004;1.96
Sollefteå;kvinnor;Antal;2005;1.81
Sollefteå;kvinnor;Antal;2006;2.16
Sollefteå;kvinnor;Antal;2007;1.95
Sollefteå;kvinnor;Antal;2008;2.24
Sollefteå;kvinnor;Antal;2009;1.86
Sollefteå;kvinnor;Antal;2010;2.22
Sollefteå;kvinnor;Antal;2011;2.17
Sollefteå;kvinnor;Antal;2012;1.98
Sollefteå;kvinnor;Antal;2013;2.04
Sollefteå;kvinnor;Antal;2014;2.16
Sollefteå;kvinnor;Antal;2015;2.21
Sollefteå;kvinnor;Antal;2016;2.19
Sollefteå;kvinnor;Antal;2017;2.03
Sollefteå;kvinnor;Antal;2018;2.18
Sollefteå;kvinnor;Antal;2019;1.94
Sollefteå;kvinnor;Antal;2020;1.7
Sollefteå;kvinnor;Antal;2021;1.8
Sollefteå;kvinnor;Antal;2022;1.43
Sollefteå;kvinnor;Antal;2023;1.59
Sollefteå;kvinnor;Antal;2024;1.68
Sollefteå;kvinnor;Antal;2025;1.61
Örnsköldsvik;män;Antal;2000;1.39
Örnsköldsvik;män;Antal;2001;1.49
Örnsköldsvik;män;Antal;2002;1.58
Örnsköldsvik;män;Antal;2003;1.56
Örnsköldsvik;män;Antal;2004;1.73
Örnsköldsvik;män;Antal;2005;1.53
Örnsköldsvik;män;Antal;2006;1.69
Örnsköldsvik;män;Antal;2007;1.77
Örnsköldsvik;män;Antal;2008;1.78
Örnsköldsvik;män;Antal;2009;1.77
Örnsköldsvik;män;Antal;2010;1.91
Örnsköldsvik;män;Antal;2011;1.75
Örnsköldsvik;män;Antal;2012;1.86
Örnsköldsvik;män;Antal;2013;1.85
Örnsköldsvik;män;Antal;2014;1.9
Örnsköldsvik;män;Antal;2015;1.77
Örnsköldsvik;män;Antal;2016;1.84
Örnsköldsvik;män;Antal;2017;1.72
Örnsköldsvik;män;Antal;2018;1.7
Örnsköldsvik;män;Antal;2019;1.68
Örnsköldsvik;män;Antal;2020;1.57
Örnsköldsvik;män;Antal;2021;1.66
Örnsköldsvik;män;Antal;2022;1.41
Örnsköldsvik;män;Antal;2023;1.38
Örnsköldsvik;män;Antal;2024;1.1
Örnsköldsvik;män;Antal;2025;1.3
Örnsköldsvik;kvinnor;Antal;2000;1.62
Örnsköldsvik;kvinnor;Antal;2001;1.74
Örnsköldsvik;kvinnor;Antal;2002;1.85
Örnsköldsvik;kvinnor;Antal;2003;1.78
Örnsköldsvik;kvinnor;Antal;2004;2
Örnsköldsvik;kvinnor;Antal;2005;1.81
Örnsköldsvik;kvinnor;Antal;2006;1.97
Örnsköldsvik;kvinnor;Antal;2007;2.07
Örnsköldsvik;kvinnor;Antal;2008;2.08
Örnsköldsvik;kvinnor;Antal;2009;2.02
Örnsköldsvik;kvinnor;Antal;2010;2.19
Örnsköldsvik;kvinnor;Antal;2011;2.01
Örnsköldsvik;kvinnor;Antal;2012;2.08
Örnsköldsvik;kvinnor;Antal;2013;2.06
Örnsköldsvik;kvinnor;Antal;2014;2.13
Örnsköldsvik;kvinnor;Antal;2015;1.97
Örnsköldsvik;kvinnor;Antal;2016;2.04
Örnsköldsvik;kvinnor;Antal;2017;1.94
Örnsköldsvik;kvinnor;Antal;2018;1.95
Örnsköldsvik;kvinnor;Antal;2019;1.93
Örnsköldsvik;kvinnor;Antal;2020;1.79
Örnsköldsvik;kvinnor;Antal;2021;1.89
Örnsköldsvik;kvinnor;Antal;2022;1.66
Örnsköldsvik;kvinnor;Antal;2023;1.59
Örnsköldsvik;kvinnor;Antal;2024;1.33
Örnsköldsvik;kvinnor;Antal;2025;1.62
Ragunda;män;Antal;2000;1.33
Ragunda;män;Antal;2001;1.45
Ragunda;män;Antal;2002;1.54
Ragunda;män;Antal;2003;1.47
Ragunda;män;Antal;2004;1.66
Ragunda;män;Antal;2005;1.42
Ragunda;män;Antal;2006;1.63
Ragunda;män;Antal;2007;2.01
Ragunda;män;Antal;2008;1.91
Ragunda;män;Antal;2009;1.72
Ragunda;män;Antal;2010;2.15
Ragunda;män;Antal;2011;1.8
Ragunda;män;Antal;2012;2.04
Ragunda;män;Antal;2013;1.65
Ragunda;män;Antal;2014;1.96
Ragunda;män;Antal;2015;1.67
Ragunda;män;Antal;2016;1.27
Ragunda;män;Antal;2017;1.99
Ragunda;män;Antal;2018;1.65
Ragunda;män;Antal;2019;1.82
Ragunda;män;Antal;2020;1.79
Ragunda;män;Antal;2021;1.45
Ragunda;män;Antal;2022;1.46
Ragunda;män;Antal;2023;1.46
Ragunda;män;Antal;2024;1.17
Ragunda;män;Antal;2025;1.42
Ragunda;kvinnor;Antal;2000;1.53
Ragunda;kvinnor;Antal;2001;1.82
Ragunda;kvinnor;Antal;2002;1.93
Ragunda;kvinnor;Antal;2003;1.92
Ragunda;kvinnor;Antal;2004;2.08
Ragunda;kvinnor;Antal;2005;1.78
Ragunda;kvinnor;Antal;2006;2.19
Ragunda;kvinnor;Antal;2007;2.33
Ragunda;kvinnor;Antal;2008;2.29
Ragunda;kvinnor;Antal;2009;2.14
Ragunda;kvinnor;Antal;2010;2.73
Ragunda;kvinnor;Antal;2011;2.15
Ragunda;kvinnor;Antal;2012;2.43
Ragunda;kvinnor;Antal;2013;2.15
Ragunda;kvinnor;Antal;2014;1.99
Ragunda;kvinnor;Antal;2015;2.04
Ragunda;kvinnor;Antal;2016;1.4
Ragunda;kvinnor;Antal;2017;2.29
Ragunda;kvinnor;Antal;2018;1.92
Ragunda;kvinnor;Antal;2019;2.24
Ragunda;kvinnor;Antal;2020;2.02
Ragunda;kvinnor;Antal;2021;1.69
Ragunda;kvinnor;Antal;2022;1.42
Ragunda;kvinnor;Antal;2023;1.98
Ragunda;kvinnor;Antal;2024;
Ragunda;kvinnor;Antal;2025;1.4
Bräcke;män;Antal;2000;1.37
Bräcke;män;Antal;2001;1.56
Bräcke;män;Antal;2002;1.5
Bräcke;män;Antal;2003;1.76
Bräcke;män;Antal;2004;1.44
Bräcke;män;Antal;2005;1.48
Bräcke;män;Antal;2006;1.63
Bräcke;män;Antal;2007;1.4
Bräcke;män;Antal;2008;1.58
Bräcke;män;Antal;2009;1.66
Bräcke;män;Antal;2010;1.87
Bräcke;män;Antal;2011;1.37
Bräcke;män;Antal;2012;2.05
Bräcke;män;Antal;2013;1.23
Bräcke;män;Antal;2014;1.74
Bräcke;män;Antal;2015;1.36
Bräcke;män;Antal;2016;1.96
Bräcke;män;Antal;2017;1.85
Bräcke;män;Antal;2018;2.03
Bräcke;män;Antal;2019;1.82
Bräcke;män;Antal;2020;1.16
Bräcke;män;Antal;2021;1.55
Bräcke;män;Antal;2022;1.42
Bräcke;män;Antal;2023;1.18
Bräcke;män;Antal;2024;1.13
Bräcke;män;Antal;2025;
Bräcke;kvinnor;Antal;2000;1.58
Bräcke;kvinnor;Antal;2001;1.62
Bräcke;kvinnor;Antal;2002;1.7
Bräcke;kvinnor;Antal;2003;2.25
Bräcke;kvinnor;Antal;2004;1.78
Bräcke;kvinnor;Antal;2005;1.94
Bräcke;kvinnor;Antal;2006;2.35
Bräcke;kvinnor;Antal;2007;1.61
Bräcke;kvinnor;Antal;2008;1.96
Bräcke;kvinnor;Antal;2009;1.94
Bräcke;kvinnor;Antal;2010;2.12
Bräcke;kvinnor;Antal;2011;1.82
Bräcke;kvinnor;Antal;2012;2.68
Bräcke;kvinnor;Antal;2013;1.83
Bräcke;kvinnor;Antal;2014;2.2
Bräcke;kvinnor;Antal;2015;1.99
Bräcke;kvinnor;Antal;2016;2.4
Bräcke;kvinnor;Antal;2017;2.57
Bräcke;kvinnor;Antal;2018;2.58
Bräcke;kvinnor;Antal;2019;2.37
Bräcke;kvinnor;Antal;2020;1.65
Bräcke;kvinnor;Antal;2021;1.85
Bräcke;kvinnor;Antal;2022;1.83
Bräcke;kvinnor;Antal;2023;1.35
Bräcke;kvinnor;Antal;2024;1.55
Bräcke;kvinnor;Antal;2025;
Krokom;män;Antal;2000;1.45
Krokom;män;Antal;2001;1.8
Krokom;män;Antal;2002;1.92
Krokom;män;Antal;2003;1.77
Krokom;män;Antal;2004;1.92
Krokom;män;Antal;2005;1.84
Krokom;män;Antal;2006;1.98
Krokom;män;Antal;2007;2.12
Krokom;män;Antal;2008;2.2
Krokom;män;Antal;2009;2.2
Krokom;män;Antal;2010;2.31
Krokom;män;Antal;2011;1.95
Krokom;män;Antal;2012;1.83
Krokom;män;Antal;2013;2.08
Krokom;män;Antal;2014;2.01
Krokom;män;Antal;2015;2.27
Krokom;män;Antal;2016;1.87
Krokom;män;Antal;2017;2.02
Krokom;män;Antal;2018;1.87
Krokom;män;Antal;2019;1.65
Krokom;män;Antal;2020;1.89
Krokom;män;Antal;2021;1.92
Krokom;män;Antal;2022;1.71
Krokom;män;Antal;2023;1.81
Krokom;män;Antal;2024;1.71
Krokom;män;Antal;2025;1.9
Krokom;kvinnor;Antal;2000;1.73
Krokom;kvinnor;Antal;2001;2.2
Krokom;kvinnor;Antal;2002;2.16
Krokom;kvinnor;Antal;2003;2.02
Krokom;kvinnor;Antal;2004;2.12
Krokom;kvinnor;Antal;2005;2.22
Krokom;kvinnor;Antal;2006;2.19
Krokom;kvinnor;Antal;2007;2.4
Krokom;kvinnor;Antal;2008;2.62
Krokom;kvinnor;Antal;2009;2.46
Krokom;kvinnor;Antal;2010;2.56
Krokom;kvinnor;Antal;2011;2.15
Krokom;kvinnor;Antal;2012;1.87
Krokom;kvinnor;Antal;2013;2.18
Krokom;kvinnor;Antal;2014;2.21
Krokom;kvinnor;Antal;2015;2.42
Krokom;kvinnor;Antal;2016;2.16
Krokom;kvinnor;Antal;2017;2.3
Krokom;kvinnor;Antal;2018;2.05
Krokom;kvinnor;Antal;2019;1.86
Krokom;kvinnor;Antal;2020;2.01
Krokom;kvinnor;Antal;2021;2.16
Krokom;kvinnor;Antal;2022;1.98
Krokom;kvinnor;Antal;2023;1.82
Krokom;kvinnor;Antal;2024;1.91
Krokom;kvinnor;Antal;2025;2.12
Strömsund;män;Antal;2000;1.26
Strömsund;män;Antal;2001;1.46
Strömsund;män;Antal;2002;1.26
Strömsund;män;Antal;2003;1.64
Strömsund;män;Antal;2004;1.45
Strömsund;män;Antal;2005;1.42
Strömsund;män;Antal;2006;1.42
Strömsund;män;Antal;2007;1.39
Strömsund;män;Antal;2008;1.58
Strömsund;män;Antal;2009;1.63
Strömsund;män;Antal;2010;1.78
Strömsund;män;Antal;2011;1.97
Strömsund;män;Antal;2012;1.9
Strömsund;män;Antal;2013;1.91
Strömsund;män;Antal;2014;1.8
Strömsund;män;Antal;2015;2.01
Strömsund;män;Antal;2016;1.6
Strömsund;män;Antal;2017;1.91
Strömsund;män;Antal;2018;1.96
Strömsund;män;Antal;2019;1.61
Strömsund;män;Antal;2020;1.54
Strömsund;män;Antal;2021;1.4
Strömsund;män;Antal;2022;1.15
Strömsund;män;Antal;2023;1.19
Strömsund;män;Antal;2024;1.08
Strömsund;män;Antal;2025;1.11
Strömsund;kvinnor;Antal;2000;1.54
Strömsund;kvinnor;Antal;2001;1.85
Strömsund;kvinnor;Antal;2002;1.6
Strömsund;kvinnor;Antal;2003;2.13
Strömsund;kvinnor;Antal;2004;1.99
Strömsund;kvinnor;Antal;2005;1.98
Strömsund;kvinnor;Antal;2006;1.93
Strömsund;kvinnor;Antal;2007;1.72
Strömsund;kvinnor;Antal;2008;1.94
Strömsund;kvinnor;Antal;2009;2.24
Strömsund;kvinnor;Antal;2010;2.25
Strömsund;kvinnor;Antal;2011;2.44
Strömsund;kvinnor;Antal;2012;2.42
Strömsund;kvinnor;Antal;2013;2.34
Strömsund;kvinnor;Antal;2014;2.23
Strömsund;kvinnor;Antal;2015;2.28
Strömsund;kvinnor;Antal;2016;2.02
Strömsund;kvinnor;Antal;2017;2.44
Strömsund;kvinnor;Antal;2018;2.48
Strömsund;kvinnor;Antal;2019;2.12
Strömsund;kvinnor;Antal;2020;1.93
Strömsund;kvinnor;Antal;2021;1.86
Strömsund;kvinnor;Antal;2022;1.52
Strömsund;kvinnor;Antal;2023;1.49
Strömsund;kvinnor;Antal;2024;1.45
Strömsund;kvinnor;Antal;2025;1.34
Åre;män;Antal;2000;1.34
Åre;män;Antal;2001;1.49
Åre;män;Antal;2002;1.67
Åre;män;Antal;2003;1.37
Åre;män;Antal;2004;1.44
Åre;män;Antal;2005;1.55
Åre;män;Antal;2006;1.48
Åre;män;Antal;2007;1.49
Åre;män;Antal;2008;1.61
Åre;män;Antal;2009;1.68
Åre;män;Antal;2010;1.91
Åre;män;Antal;2011;1.62
Åre;män;Antal;2012;1.63
Åre;män;Antal;2013;1.32
Åre;män;Antal;2014;1.38
Åre;män;Antal;2015;1.52
Åre;män;Antal;2016;1.54
Åre;män;Antal;2017;1.64
Åre;män;Antal;2018;1.59
Åre;män;Antal;2019;1.49
Åre;män;Antal;2020;1.42
Åre;män;Antal;2021;1.54
Åre;män;Antal;2022;1.46
Åre;män;Antal;2023;1.34
Åre;män;Antal;2024;1.39
Åre;män;Antal;2025;1.23
Åre;kvinnor;Antal;2000;1.48
Åre;kvinnor;Antal;2001;1.63
Åre;kvinnor;Antal;2002;1.86
Åre;kvinnor;Antal;2003;1.57
Åre;kvinnor;Antal;2004;1.56
Åre;kvinnor;Antal;2005;1.8
Åre;kvinnor;Antal;2006;1.73
Åre;kvinnor;Antal;2007;1.69
Åre;kvinnor;Antal;2008;1.8
Åre;kvinnor;Antal;2009;1.83
Åre;kvinnor;Antal;2010;2.08
Åre;kvinnor;Antal;2011;1.73
Åre;kvinnor;Antal;2012;1.79
Åre;kvinnor;Antal;2013;1.49
Åre;kvinnor;Antal;2014;1.53
Åre;kvinnor;Antal;2015;1.65
Åre;kvinnor;Antal;2016;1.77
Åre;kvinnor;Antal;2017;1.88
Åre;kvinnor;Antal;2018;1.82
Åre;kvinnor;Antal;2019;1.68
Åre;kvinnor;Antal;2020;1.6
Åre;kvinnor;Antal;2021;1.57
Åre;kvinnor;Antal;2022;1.53
Åre;kvinnor;Antal;2023;1.45
Åre;kvinnor;Antal;2024;1.53
Åre;kvinnor;Antal;2025;1.3
Berg;män;Antal;2000;1.67
Berg;män;Antal;2001;1.27
Berg;män;Antal;2002;1.63
Berg;män;Antal;2003;1.9
Berg;män;Antal;2004;1.99
Berg;män;Antal;2005;1.69
Berg;män;Antal;2006;2.1
Berg;män;Antal;2007;1.91
Berg;män;Antal;2008;1.94
Berg;män;Antal;2009;1.89
Berg;män;Antal;2010;1.59
Berg;män;Antal;2011;1.83
Berg;män;Antal;2012;1.44
Berg;män;Antal;2013;1.27
Berg;män;Antal;2014;1.92
Berg;män;Antal;2015;1.94
Berg;män;Antal;2016;2.01
Berg;män;Antal;2017;1.98
Berg;män;Antal;2018;2
Berg;män;Antal;2019;2.07
Berg;män;Antal;2020;2.05
Berg;män;Antal;2021;1.99
Berg;män;Antal;2022;1.53
Berg;män;Antal;2023;1.51
Berg;män;Antal;2024;1.1
Berg;män;Antal;2025;1.29
Berg;kvinnor;Antal;2000;2.13
Berg;kvinnor;Antal;2001;1.56
Berg;kvinnor;Antal;2002;1.94
Berg;kvinnor;Antal;2003;2.39
Berg;kvinnor;Antal;2004;2.22
Berg;kvinnor;Antal;2005;1.97
Berg;kvinnor;Antal;2006;2.43
Berg;kvinnor;Antal;2007;2.22
Berg;kvinnor;Antal;2008;2.11
Berg;kvinnor;Antal;2009;2.2
Berg;kvinnor;Antal;2010;1.96
Berg;kvinnor;Antal;2011;2.02
Berg;kvinnor;Antal;2012;1.78
Berg;kvinnor;Antal;2013;1.6
Berg;kvinnor;Antal;2014;2.26
Berg;kvinnor;Antal;2015;2.43
Berg;kvinnor;Antal;2016;2.5
Berg;kvinnor;Antal;2017;2.42
Berg;kvinnor;Antal;2018;2.41
Berg;kvinnor;Antal;2019;2.39
Berg;kvinnor;Antal;2020;2.65
Berg;kvinnor;Antal;2021;2.39
Berg;kvinnor;Antal;2022;1.76
Berg;kvinnor;Antal;2023;1.72
Berg;kvinnor;Antal;2024;1.37
Berg;kvinnor;Antal;2025;1.59
Härjedalen;män;Antal;2000;1.32
Härjedalen;män;Antal;2001;1.2
Härjedalen;män;Antal;2002;1.55
Härjedalen;män;Antal;2003;1.44
Härjedalen;män;Antal;2004;1.47
Härjedalen;män;Antal;2005;1.55
Härjedalen;män;Antal;2006;1.43
Härjedalen;män;Antal;2007;1.2
Härjedalen;män;Antal;2008;1.56
Härjedalen;män;Antal;2009;1.52
Härjedalen;män;Antal;2010;1.39
Härjedalen;män;Antal;2011;1.47
Härjedalen;män;Antal;2012;1.54
Härjedalen;män;Antal;2013;1.36
Härjedalen;män;Antal;2014;1.19
Härjedalen;män;Antal;2015;1.37
Härjedalen;män;Antal;2016;1.11
Härjedalen;män;Antal;2017;1.37
Härjedalen;män;Antal;2018;1.33
Härjedalen;män;Antal;2019;1.41
Härjedalen;män;Antal;2020;1.38
Härjedalen;män;Antal;2021;1.31
Härjedalen;män;Antal;2022;1.12
Härjedalen;män;Antal;2023;1.12
Härjedalen;män;Antal;2024;1.31
Härjedalen;män;Antal;2025;1.34
Härjedalen;kvinnor;Antal;2000;1.66
Härjedalen;kvinnor;Antal;2001;1.62
Härjedalen;kvinnor;Antal;2002;2.04
Härjedalen;kvinnor;Antal;2003;2.04
Härjedalen;kvinnor;Antal;2004;2
Härjedalen;kvinnor;Antal;2005;2.04
Härjedalen;kvinnor;Antal;2006;1.95
Härjedalen;kvinnor;Antal;2007;1.59
Härjedalen;kvinnor;Antal;2008;1.94
Härjedalen;kvinnor;Antal;2009;1.98
Härjedalen;kvinnor;Antal;2010;1.79
Härjedalen;kvinnor;Antal;2011;2
Härjedalen;kvinnor;Antal;2012;2.06
Härjedalen;kvinnor;Antal;2013;2.02
Härjedalen;kvinnor;Antal;2014;1.66
Härjedalen;kvinnor;Antal;2015;1.77
Härjedalen;kvinnor;Antal;2016;1.51
Härjedalen;kvinnor;Antal;2017;1.77
Härjedalen;kvinnor;Antal;2018;1.63
Härjedalen;kvinnor;Antal;2019;1.75
Härjedalen;kvinnor;Antal;2020;1.74
Härjedalen;kvinnor;Antal;2021;1.54
Härjedalen;kvinnor;Antal;2022;1.31
Härjedalen;kvinnor;Antal;2023;1.33
Härjedalen;kvinnor;Antal;2024;1.49
Härjedalen;kvinnor;Antal;2025;1.62
Östersund;män;Antal;2000;1.26
Östersund;män;Antal;2001;1.3
Östersund;män;Antal;2002;1.39
Östersund;män;Antal;2003;1.55
Östersund;män;Antal;2004;1.63
Östersund;män;Antal;2005;1.6
Östersund;män;Antal;2006;1.67
Östersund;män;Antal;2007;1.82
Östersund;män;Antal;2008;1.77
Östersund;män;Antal;2009;1.81
Östersund;män;Antal;2010;1.92
Östersund;män;Antal;2011;1.82
Östersund;män;Antal;2012;1.66
Östersund;män;Antal;2013;1.7
Östersund;män;Antal;2014;1.75
Östersund;män;Antal;2015;1.81
Östersund;män;Antal;2016;1.7
Östersund;män;Antal;2017;1.77
Östersund;män;Antal;2018;1.61
Östersund;män;Antal;2019;1.58
Östersund;män;Antal;2020;1.41
Östersund;män;Antal;2021;1.56
Östersund;män;Antal;2022;1.32
Östersund;män;Antal;2023;1.29
Östersund;män;Antal;2024;1.33
Östersund;män;Antal;2025;1.26
Östersund;kvinnor;Antal;2000;1.35
Östersund;kvinnor;Antal;2001;1.43
Östersund;kvinnor;Antal;2002;1.48
Östersund;kvinnor;Antal;2003;1.67
Östersund;kvinnor;Antal;2004;1.75
Östersund;kvinnor;Antal;2005;1.76
Östersund;kvinnor;Antal;2006;1.8
Östersund;kvinnor;Antal;2007;1.93
Östersund;kvinnor;Antal;2008;1.9
Östersund;kvinnor;Antal;2009;1.91
Östersund;kvinnor;Antal;2010;2.02
Östersund;kvinnor;Antal;2011;1.87
Östersund;kvinnor;Antal;2012;1.7
Östersund;kvinnor;Antal;2013;1.78
Östersund;kvinnor;Antal;2014;1.86
Östersund;kvinnor;Antal;2015;1.89
Östersund;kvinnor;Antal;2016;1.76
Östersund;kvinnor;Antal;2017;1.82
Östersund;kvinnor;Antal;2018;1.72
Östersund;kvinnor;Antal;2019;1.66
Östersund;kvinnor;Antal;2020;1.5
Östersund;kvinnor;Antal;2021;1.64
Östersund;kvinnor;Antal;2022;1.42
Östersund;kvinnor;Antal;2023;1.4
Östersund;kvinnor;Antal;2024;1.42
Östersund;kvinnor;Antal;2025;1.37
Nordmaling;män;Antal;2000;1.46
Nordmaling;män;Antal;2001;1.71
Nordmaling;män;Antal;2002;1.62
Nordmaling;män;Antal;2003;1.92
Nordmaling;män;Antal;2004;1.77
Nordmaling;män;Antal;2005;1.91
Nordmaling;män;Antal;2006;1.65
Nordmaling;män;Antal;2007;1.25
Nordmaling;män;Antal;2008;1.7
Nordmaling;män;Antal;2009;2.25
Nordmaling;män;Antal;2010;1.6
Nordmaling;män;Antal;2011;1.81
Nordmaling;män;Antal;2012;1.8
Nordmaling;män;Antal;2013;1.82
Nordmaling;män;Antal;2014;1.89
Nordmaling;män;Antal;2015;1.52
Nordmaling;män;Antal;2016;2.32
Nordmaling;män;Antal;2017;1.66
Nordmaling;män;Antal;2018;1.82
Nordmaling;män;Antal;2019;1.99
Nordmaling;män;Antal;2020;1.85
Nordmaling;män;Antal;2021;1.69
Nordmaling;män;Antal;2022;1.75
Nordmaling;män;Antal;2023;1.4
Nordmaling;män;Antal;2024;1.64
Nordmaling;män;Antal;2025;1.22
Nordmaling;kvinnor;Antal;2000;1.7
Nordmaling;kvinnor;Antal;2001;1.97
Nordmaling;kvinnor;Antal;2002;1.98
Nordmaling;kvinnor;Antal;2003;2.27
Nordmaling;kvinnor;Antal;2004;2.23
Nordmaling;kvinnor;Antal;2005;2.36
Nordmaling;kvinnor;Antal;2006;2.03
Nordmaling;kvinnor;Antal;2007;1.49
Nordmaling;kvinnor;Antal;2008;1.94
Nordmaling;kvinnor;Antal;2009;2.6
Nordmaling;kvinnor;Antal;2010;1.96
Nordmaling;kvinnor;Antal;2011;2.19
Nordmaling;kvinnor;Antal;2012;2.16
Nordmaling;kvinnor;Antal;2013;2.11
Nordmaling;kvinnor;Antal;2014;2.32
Nordmaling;kvinnor;Antal;2015;1.74
Nordmaling;kvinnor;Antal;2016;2.54
Nordmaling;kvinnor;Antal;2017;1.92
Nordmaling;kvinnor;Antal;2018;1.84
Nordmaling;kvinnor;Antal;2019;2.08
Nordmaling;kvinnor;Antal;2020;2.01
Nordmaling;kvinnor;Antal;2021;2.06
Nordmaling;kvinnor;Antal;2022;1.92
Nordmaling;kvinnor;Antal;2023;1.64
Nordmaling;kvinnor;Antal;2024;2.03
Nordmaling;kvinnor;Antal;2025;1.37
Bjurholm;män;Antal;2000;
Bjurholm;män;Antal;2001;
Bjurholm;män;Antal;2002;
Bjurholm;män;Antal;2003;
Bjurholm;män;Antal;2004;
Bjurholm;män;Antal;2005;
Bjurholm;män;Antal;2006;
Bjurholm;män;Antal;2007;
Bjurholm;män;Antal;2008;
Bjurholm;män;Antal;2009;
Bjurholm;män;Antal;2010;
Bjurholm;män;Antal;2011;
Bjurholm;män;Antal;2012;
Bjurholm;män;Antal;2013;
Bjurholm;män;Antal;2014;
Bjurholm;män;Antal;2015;
Bjurholm;män;Antal;2016;
Bjurholm;män;Antal;2017;
Bjurholm;män;Antal;2018;
Bjurholm;män;Antal;2019;
Bjurholm;män;Antal;2020;
Bjurholm;män;Antal;2021;
Bjurholm;män;Antal;2022;
Bjurholm;män;Antal;2023;
Bjurholm;män;Antal;2024;
Bjurholm;män;Antal;2025;
Bjurholm;kvinnor;Antal;2000;
Bjurholm;kvinnor;Antal;2001;
Bjurholm;kvinnor;Antal;2002;
Bjurholm;kvinnor;Antal;2003;
Bjurholm;kvinnor;Antal;2004;
Bjurholm;kvinnor;Antal;2005;
Bjurholm;kvinnor;Antal;2006;
Bjurholm;kvinnor;Antal;2007;
Bjurholm;kvinnor;Antal;2008;
Bjurholm;kvinnor;Antal;2009;
Bjurholm;kvinnor;Antal;2010;
Bjurholm;kvinnor;Antal;2011;
Bjurholm;kvinnor;Antal;2012;
Bjurholm;kvinnor;Antal;2013;
Bjurholm;kvinnor;Antal;2014;
Bjurholm;kvinnor;Antal;2015;
Bjurholm;kvinnor;Antal;2016;
Bjurholm;kvinnor;Antal;2017;
Bjurholm;kvinnor;Antal;2018;
Bjurholm;kvinnor;Antal;2019;
Bjurholm;kvinnor;Antal;2020;
Bjurholm;kvinnor;Antal;2021;
Bjurholm;kvinnor;Antal;2022;
Bjurholm;kvinnor;Antal;2023;
Bjurholm;kvinnor;Antal;2024;
Bjurholm;kvinnor;Antal;2025;
Vindeln;män;Antal;2000;1.1
Vindeln;män;Antal;2001;1.43
Vindeln;män;Antal;2002;1.52
Vindeln;män;Antal;2003;1.51
Vindeln;män;Antal;2004;1.66
Vindeln;män;Antal;2005;1.2
Vindeln;män;Antal;2006;1.63
Vindeln;män;Antal;2007;1.92
Vindeln;män;Antal;2008;1.84
Vindeln;män;Antal;2009;2.05
Vindeln;män;Antal;2010;2.05
Vindeln;män;Antal;2011;1.5
Vindeln;män;Antal;2012;1.7
Vindeln;män;Antal;2013;1.67
Vindeln;män;Antal;2014;1.49
Vindeln;män;Antal;2015;2.25
Vindeln;män;Antal;2016;2.21
Vindeln;män;Antal;2017;1.51
Vindeln;män;Antal;2018;1.81
Vindeln;män;Antal;2019;1.72
Vindeln;män;Antal;2020;2.25
Vindeln;män;Antal;2021;1.91
Vindeln;män;Antal;2022;1.3
Vindeln;män;Antal;2023;1.6
Vindeln;män;Antal;2024;1.46
Vindeln;män;Antal;2025;1.19
Vindeln;kvinnor;Antal;2000;1.22
Vindeln;kvinnor;Antal;2001;1.61
Vindeln;kvinnor;Antal;2002;1.79
Vindeln;kvinnor;Antal;2003;1.79
Vindeln;kvinnor;Antal;2004;2.04
Vindeln;kvinnor;Antal;2005;1.43
Vindeln;kvinnor;Antal;2006;1.88
Vindeln;kvinnor;Antal;2007;2.31
Vindeln;kvinnor;Antal;2008;1.96
Vindeln;kvinnor;Antal;2009;2.44
Vindeln;kvinnor;Antal;2010;2.26
Vindeln;kvinnor;Antal;2011;1.96
Vindeln;kvinnor;Antal;2012;1.99
Vindeln;kvinnor;Antal;2013;1.94
Vindeln;kvinnor;Antal;2014;1.58
Vindeln;kvinnor;Antal;2015;2.48
Vindeln;kvinnor;Antal;2016;2.4
Vindeln;kvinnor;Antal;2017;1.63
Vindeln;kvinnor;Antal;2018;2.14
Vindeln;kvinnor;Antal;2019;1.86
Vindeln;kvinnor;Antal;2020;3.02
Vindeln;kvinnor;Antal;2021;2.09
Vindeln;kvinnor;Antal;2022;2.03
Vindeln;kvinnor;Antal;2023;2
Vindeln;kvinnor;Antal;2024;1.66
Vindeln;kvinnor;Antal;2025;1.56
Robertsfors;män;Antal;2000;1.61
Robertsfors;män;Antal;2001;2.03
Robertsfors;män;Antal;2002;1.91
Robertsfors;män;Antal;2003;2.18
Robertsfors;män;Antal;2004;1.8
Robertsfors;män;Antal;2005;2.19
Robertsfors;män;Antal;2006;2.1
Robertsfors;män;Antal;2007;2.24
Robertsfors;män;Antal;2008;2.15
Robertsfors;män;Antal;2009;2.13
Robertsfors;män;Antal;2010;1.98
Robertsfors;män;Antal;2011;2.02
Robertsfors;män;Antal;2012;1.81
Robertsfors;män;Antal;2013;1.68
Robertsfors;män;Antal;2014;1.86
Robertsfors;män;Antal;2015;2.03
Robertsfors;män;Antal;2016;2.11
Robertsfors;män;Antal;2017;1.61
Robertsfors;män;Antal;2018;1.68
Robertsfors;män;Antal;2019;1.82
Robertsfors;män;Antal;2020;1.44
Robertsfors;män;Antal;2021;1.69
Robertsfors;män;Antal;2022;1.34
Robertsfors;män;Antal;2023;1.17
Robertsfors;män;Antal;2024;1.42
Robertsfors;män;Antal;2025;1.13
Robertsfors;kvinnor;Antal;2000;1.78
Robertsfors;kvinnor;Antal;2001;2.23
Robertsfors;kvinnor;Antal;2002;2.13
Robertsfors;kvinnor;Antal;2003;2.26
Robertsfors;kvinnor;Antal;2004;1.76
Robertsfors;kvinnor;Antal;2005;2.6
Robertsfors;kvinnor;Antal;2006;2.14
Robertsfors;kvinnor;Antal;2007;2.43
Robertsfors;kvinnor;Antal;2008;2.23
Robertsfors;kvinnor;Antal;2009;2.39
Robertsfors;kvinnor;Antal;2010;2.23
Robertsfors;kvinnor;Antal;2011;2.19
Robertsfors;kvinnor;Antal;2012;2.06
Robertsfors;kvinnor;Antal;2013;2.01
Robertsfors;kvinnor;Antal;2014;2.17
Robertsfors;kvinnor;Antal;2015;2.47
Robertsfors;kvinnor;Antal;2016;2.54
Robertsfors;kvinnor;Antal;2017;2.02
Robertsfors;kvinnor;Antal;2018;2.05
Robertsfors;kvinnor;Antal;2019;2.06
Robertsfors;kvinnor;Antal;2020;1.65
Robertsfors;kvinnor;Antal;2021;1.92
Robertsfors;kvinnor;Antal;2022;1.66
Robertsfors;kvinnor;Antal;2023;1.37
Robertsfors;kvinnor;Antal;2024;1.66
Robertsfors;kvinnor;Antal;2025;1.44
Norsjö;män;Antal;2000;1.39
Norsjö;män;Antal;2001;1.46
Norsjö;män;Antal;2002;1.84
Norsjö;män;Antal;2003;1.64
Norsjö;män;Antal;2004;2.01
Norsjö;män;Antal;2005;1.79
Norsjö;män;Antal;2006;2.05
Norsjö;män;Antal;2007;2.04
Norsjö;män;Antal;2008;2.22
Norsjö;män;Antal;2009;2.16
Norsjö;män;Antal;2010;1.93
Norsjö;män;Antal;2011;1.83
Norsjö;män;Antal;2012;1.88
Norsjö;män;Antal;2013;2.59
Norsjö;män;Antal;2014;1.64
Norsjö;män;Antal;2015;1.59
Norsjö;män;Antal;2016;2.12
Norsjö;män;Antal;2017;1.49
Norsjö;män;Antal;2018;1.88
Norsjö;män;Antal;2019;1.64
Norsjö;män;Antal;2020;1.46
Norsjö;män;Antal;2021;1.85
Norsjö;män;Antal;2022;
Norsjö;män;Antal;2023;
Norsjö;män;Antal;2024;1.43
Norsjö;män;Antal;2025;
Norsjö;kvinnor;Antal;2000;1.93
Norsjö;kvinnor;Antal;2001;1.81
Norsjö;kvinnor;Antal;2002;2.15
Norsjö;kvinnor;Antal;2003;1.85
Norsjö;kvinnor;Antal;2004;2.54
Norsjö;kvinnor;Antal;2005;2.29
Norsjö;kvinnor;Antal;2006;2.23
Norsjö;kvinnor;Antal;2007;2.58
Norsjö;kvinnor;Antal;2008;2.54
Norsjö;kvinnor;Antal;2009;2.83
Norsjö;kvinnor;Antal;2010;2
Norsjö;kvinnor;Antal;2011;2.18
Norsjö;kvinnor;Antal;2012;2.18
Norsjö;kvinnor;Antal;2013;2.91
Norsjö;kvinnor;Antal;2014;2.12
Norsjö;kvinnor;Antal;2015;2
Norsjö;kvinnor;Antal;2016;2.36
Norsjö;kvinnor;Antal;2017;1.93
Norsjö;kvinnor;Antal;2018;2.16
Norsjö;kvinnor;Antal;2019;2.14
Norsjö;kvinnor;Antal;2020;1.92
Norsjö;kvinnor;Antal;2021;2.43
Norsjö;kvinnor;Antal;2022;1.83
Norsjö;kvinnor;Antal;2023;
Norsjö;kvinnor;Antal;2024;1.88
Norsjö;kvinnor;Antal;2025;
Malå;män;Antal;2000;1.78
Malå;män;Antal;2001;
Malå;män;Antal;2002;1.98
Malå;män;Antal;2003;1.84
Malå;män;Antal;2004;2.07
Malå;män;Antal;2005;
Malå;män;Antal;2006;
Malå;män;Antal;2007;
Malå;män;Antal;2008;1.93
Malå;män;Antal;2009;
Malå;män;Antal;2010;1.87
Malå;män;Antal;2011;2.02
Malå;män;Antal;2012;2
Malå;män;Antal;2013;
Malå;män;Antal;2014;
Malå;män;Antal;2015;1.84
Malå;män;Antal;2016;1.95
Malå;män;Antal;2017;1.96
Malå;män;Antal;2018;1.82
Malå;män;Antal;2019;
Malå;män;Antal;2020;2.09
Malå;män;Antal;2021;1.94
Malå;män;Antal;2022;
Malå;män;Antal;2023;1.81
Malå;män;Antal;2024;
Malå;män;Antal;2025;
Malå;kvinnor;Antal;2000;2.01
Malå;kvinnor;Antal;2001;2.07
Malå;kvinnor;Antal;2002;2.41
Malå;kvinnor;Antal;2003;2.59
Malå;kvinnor;Antal;2004;3.15
Malå;kvinnor;Antal;2005;
Malå;kvinnor;Antal;2006;
Malå;kvinnor;Antal;2007;
Malå;kvinnor;Antal;2008;2.34
Malå;kvinnor;Antal;2009;
Malå;kvinnor;Antal;2010;2.4
Malå;kvinnor;Antal;2011;2.44
Malå;kvinnor;Antal;2012;2.7
Malå;kvinnor;Antal;2013;
Malå;kvinnor;Antal;2014;
Malå;kvinnor;Antal;2015;
Malå;kvinnor;Antal;2016;2.58
Malå;kvinnor;Antal;2017;2.17
Malå;kvinnor;Antal;2018;2.18
Malå;kvinnor;Antal;2019;
Malå;kvinnor;Antal;2020;2.7
Malå;kvinnor;Antal;2021;2.25
Malå;kvinnor;Antal;2022;
Malå;kvinnor;Antal;2023;2.32
Malå;kvinnor;Antal;2024;
Malå;kvinnor;Antal;2025;
Storuman;män;Antal;2000;1.42
Storuman;män;Antal;2001;1.33
Storuman;män;Antal;2002;1.17
Storuman;män;Antal;2003;1.33
Storuman;män;Antal;2004;1.17
Storuman;män;Antal;2005;1.49
Storuman;män;Antal;2006;1.58
Storuman;män;Antal;2007;2.19
Storuman;män;Antal;2008;2.01
Storuman;män;Antal;2009;1.81
Storuman;män;Antal;2010;1.8
Storuman;män;Antal;2011;1.62
Storuman;män;Antal;2012;1.82
Storuman;män;Antal;2013;1.42
Storuman;män;Antal;2014;1.47
Storuman;män;Antal;2015;1.39
Storuman;män;Antal;2016;1.71
Storuman;män;Antal;2017;1.79
Storuman;män;Antal;2018;2.14
Storuman;män;Antal;2019;1.41
Storuman;män;Antal;2020;1.45
Storuman;män;Antal;2021;1.72
Storuman;män;Antal;2022;1.52
Storuman;män;Antal;2023;1.04
Storuman;män;Antal;2024;1.11
Storuman;män;Antal;2025;1.32
Storuman;kvinnor;Antal;2000;1.86
Storuman;kvinnor;Antal;2001;1.61
Storuman;kvinnor;Antal;2002;1.45
Storuman;kvinnor;Antal;2003;1.81
Storuman;kvinnor;Antal;2004;1.4
Storuman;kvinnor;Antal;2005;1.77
Storuman;kvinnor;Antal;2006;1.94
Storuman;kvinnor;Antal;2007;2.78
Storuman;kvinnor;Antal;2008;2.21
Storuman;kvinnor;Antal;2009;2.05
Storuman;kvinnor;Antal;2010;2.05
Storuman;kvinnor;Antal;2011;1.84
Storuman;kvinnor;Antal;2012;2.04
Storuman;kvinnor;Antal;2013;1.53
Storuman;kvinnor;Antal;2014;1.84
Storuman;kvinnor;Antal;2015;1.75
Storuman;kvinnor;Antal;2016;2.11
Storuman;kvinnor;Antal;2017;2.18
Storuman;kvinnor;Antal;2018;2.51
Storuman;kvinnor;Antal;2019;1.74
Storuman;kvinnor;Antal;2020;1.7
Storuman;kvinnor;Antal;2021;1.82
Storuman;kvinnor;Antal;2022;1.68
Storuman;kvinnor;Antal;2023;1.3
Storuman;kvinnor;Antal;2024;1.38
Storuman;kvinnor;Antal;2025;1.68
Sorsele;män;Antal;2000;1.96
Sorsele;män;Antal;2001;
Sorsele;män;Antal;2002;
Sorsele;män;Antal;2003;2.08
Sorsele;män;Antal;2004;
Sorsele;män;Antal;2005;
Sorsele;män;Antal;2006;
Sorsele;män;Antal;2007;
Sorsele;män;Antal;2008;
Sorsele;män;Antal;2009;
Sorsele;män;Antal;2010;
Sorsele;män;Antal;2011;
Sorsele;män;Antal;2012;
Sorsele;män;Antal;2013;
Sorsele;män;Antal;2014;
Sorsele;män;Antal;2015;
Sorsele;män;Antal;2016;
Sorsele;män;Antal;2017;
Sorsele;män;Antal;2018;
Sorsele;män;Antal;2019;
Sorsele;män;Antal;2020;
Sorsele;män;Antal;2021;
Sorsele;män;Antal;2022;2.21
Sorsele;män;Antal;2023;
Sorsele;män;Antal;2024;
Sorsele;män;Antal;2025;
Sorsele;kvinnor;Antal;2000;2.38
Sorsele;kvinnor;Antal;2001;
Sorsele;kvinnor;Antal;2002;
Sorsele;kvinnor;Antal;2003;2.54
Sorsele;kvinnor;Antal;2004;
Sorsele;kvinnor;Antal;2005;
Sorsele;kvinnor;Antal;2006;
Sorsele;kvinnor;Antal;2007;
Sorsele;kvinnor;Antal;2008;
Sorsele;kvinnor;Antal;2009;
Sorsele;kvinnor;Antal;2010;
Sorsele;kvinnor;Antal;2011;
Sorsele;kvinnor;Antal;2012;
Sorsele;kvinnor;Antal;2013;2.57
Sorsele;kvinnor;Antal;2014;
Sorsele;kvinnor;Antal;2015;
Sorsele;kvinnor;Antal;2016;
Sorsele;kvinnor;Antal;2017;
Sorsele;kvinnor;Antal;2018;
Sorsele;kvinnor;Antal;2019;
Sorsele;kvinnor;Antal;2020;
Sorsele;kvinnor;Antal;2021;
Sorsele;kvinnor;Antal;2022;
Sorsele;kvinnor;Antal;2023;
Sorsele;kvinnor;Antal;2024;
Sorsele;kvinnor;Antal;2025;
Dorotea;män;Antal;2000;
Dorotea;män;Antal;2001;
Dorotea;män;Antal;2002;
Dorotea;män;Antal;2003;
Dorotea;män;Antal;2004;
Dorotea;män;Antal;2005;
Dorotea;män;Antal;2006;
Dorotea;män;Antal;2007;
Dorotea;män;Antal;2008;
Dorotea;män;Antal;2009;
Dorotea;män;Antal;2010;2.47
Dorotea;män;Antal;2011;
Dorotea;män;Antal;2012;
Dorotea;män;Antal;2013;
Dorotea;män;Antal;2014;
Dorotea;män;Antal;2015;
Dorotea;män;Antal;2016;
Dorotea;män;Antal;2017;
Dorotea;män;Antal;2018;
Dorotea;män;Antal;2019;
Dorotea;män;Antal;2020;
Dorotea;män;Antal;2021;
Dorotea;män;Antal;2022;
Dorotea;män;Antal;2023;
Dorotea;män;Antal;2024;
Dorotea;män;Antal;2025;
Dorotea;kvinnor;Antal;2000;
Dorotea;kvinnor;Antal;2001;
Dorotea;kvinnor;Antal;2002;
Dorotea;kvinnor;Antal;2003;
Dorotea;kvinnor;Antal;2004;
Dorotea;kvinnor;Antal;2005;
Dorotea;kvinnor;Antal;2006;2.93
Dorotea;kvinnor;Antal;2007;
Dorotea;kvinnor;Antal;2008;
Dorotea;kvinnor;Antal;2009;
Dorotea;kvinnor;Antal;2010;
Dorotea;kvinnor;Antal;2011;
Dorotea;kvinnor;Antal;2012;
Dorotea;kvinnor;Antal;2013;
Dorotea;kvinnor;Antal;2014;
Dorotea;kvinnor;Antal;2015;
Dorotea;kvinnor;Antal;2016;
Dorotea;kvinnor;Antal;2017;
Dorotea;kvinnor;Antal;2018;
Dorotea;kvinnor;Antal;2019;
Dorotea;kvinnor;Antal;2020;
Dorotea;kvinnor;Antal;2021;
Dorotea;kvinnor;Antal;2022;
Dorotea;kvinnor;Antal;2023;
Dorotea;kvinnor;Antal;2024;
Dorotea;kvinnor;Antal;2025;
Vännäs;män;Antal;2000;1.65
Vännäs;män;Antal;2001;1.35
Vännäs;män;Antal;2002;1.98
Vännäs;män;Antal;2003;1.71
Vännäs;män;Antal;2004;1.74
Vännäs;män;Antal;2005;1.76
Vännäs;män;Antal;2006;2.31
Vännäs;män;Antal;2007;1.71
Vännäs;män;Antal;2008;2.27
Vännäs;män;Antal;2009;1.74
Vännäs;män;Antal;2010;2.13
Vännäs;män;Antal;2011;2.24
Vännäs;män;Antal;2012;2.13
Vännäs;män;Antal;2013;2.05
Vännäs;män;Antal;2014;1.89
Vännäs;män;Antal;2015;2.03
Vännäs;män;Antal;2016;1.79
Vännäs;män;Antal;2017;1.96
Vännäs;män;Antal;2018;1.94
Vännäs;män;Antal;2019;1.89
Vännäs;män;Antal;2020;1.88
Vännäs;män;Antal;2021;1.86
Vännäs;män;Antal;2022;1.42
Vännäs;män;Antal;2023;1.85
Vännäs;män;Antal;2024;1.26
Vännäs;män;Antal;2025;1.5
Vännäs;kvinnor;Antal;2000;1.9
Vännäs;kvinnor;Antal;2001;1.49
Vännäs;kvinnor;Antal;2002;2.3
Vännäs;kvinnor;Antal;2003;1.79
Vännäs;kvinnor;Antal;2004;1.92
Vännäs;kvinnor;Antal;2005;1.94
Vännäs;kvinnor;Antal;2006;2.64
Vännäs;kvinnor;Antal;2007;1.81
Vännäs;kvinnor;Antal;2008;2.46
Vännäs;kvinnor;Antal;2009;1.98
Vännäs;kvinnor;Antal;2010;2.18
Vännäs;kvinnor;Antal;2011;2.46
Vännäs;kvinnor;Antal;2012;2.12
Vännäs;kvinnor;Antal;2013;2.16
Vännäs;kvinnor;Antal;2014;1.98
Vännäs;kvinnor;Antal;2015;2.23
Vännäs;kvinnor;Antal;2016;1.95
Vännäs;kvinnor;Antal;2017;2.12
Vännäs;kvinnor;Antal;2018;2.07
Vännäs;kvinnor;Antal;2019;1.9
Vännäs;kvinnor;Antal;2020;2.02
Vännäs;kvinnor;Antal;2021;2.03
Vännäs;kvinnor;Antal;2022;1.56
Vännäs;kvinnor;Antal;2023;1.9
Vännäs;kvinnor;Antal;2024;1.46
Vännäs;kvinnor;Antal;2025;1.66
Vilhelmina;män;Antal;2000;1.78
Vilhelmina;män;Antal;2001;1.86
Vilhelmina;män;Antal;2002;1.96
Vilhelmina;män;Antal;2003;2.04
Vilhelmina;män;Antal;2004;1.66
Vilhelmina;män;Antal;2005;1.67
Vilhelmina;män;Antal;2006;2.02
Vilhelmina;män;Antal;2007;2.06
Vilhelmina;män;Antal;2008;1.99
Vilhelmina;män;Antal;2009;2.15
Vilhelmina;män;Antal;2010;1.86
Vilhelmina;män;Antal;2011;1.64
Vilhelmina;män;Antal;2012;2.05
Vilhelmina;män;Antal;2013;1.63
Vilhelmina;män;Antal;2014;1.73
Vilhelmina;män;Antal;2015;1.54
Vilhelmina;män;Antal;2016;1.72
Vilhelmina;män;Antal;2017;1.25
Vilhelmina;män;Antal;2018;1.54
Vilhelmina;män;Antal;2019;1.69
Vilhelmina;män;Antal;2020;1.77
Vilhelmina;män;Antal;2021;1.48
Vilhelmina;män;Antal;2022;1.43
Vilhelmina;män;Antal;2023;0.98
Vilhelmina;män;Antal;2024;1.23
Vilhelmina;män;Antal;2025;1.02
Vilhelmina;kvinnor;Antal;2000;2.03
Vilhelmina;kvinnor;Antal;2001;2.13
Vilhelmina;kvinnor;Antal;2002;2.2
Vilhelmina;kvinnor;Antal;2003;2.42
Vilhelmina;kvinnor;Antal;2004;1.99
Vilhelmina;kvinnor;Antal;2005;1.99
Vilhelmina;kvinnor;Antal;2006;2.3
Vilhelmina;kvinnor;Antal;2007;2.45
Vilhelmina;kvinnor;Antal;2008;2.31
Vilhelmina;kvinnor;Antal;2009;2.48
Vilhelmina;kvinnor;Antal;2010;2.24
Vilhelmina;kvinnor;Antal;2011;1.84
Vilhelmina;kvinnor;Antal;2012;2.21
Vilhelmina;kvinnor;Antal;2013;1.89
Vilhelmina;kvinnor;Antal;2014;2.16
Vilhelmina;kvinnor;Antal;2015;1.77
Vilhelmina;kvinnor;Antal;2016;1.92
Vilhelmina;kvinnor;Antal;2017;1.39
Vilhelmina;kvinnor;Antal;2018;1.7
Vilhelmina;kvinnor;Antal;2019;2.03
Vilhelmina;kvinnor;Antal;2020;2.12
Vilhelmina;kvinnor;Antal;2021;1.72
Vilhelmina;kvinnor;Antal;2022;1.84
Vilhelmina;kvinnor;Antal;2023;1.31
Vilhelmina;kvinnor;Antal;2024;1.56
Vilhelmina;kvinnor;Antal;2025;1.25
Åsele;män;Antal;2000;
Åsele;män;Antal;2001;1.81
Åsele;män;Antal;2002;2.02
Åsele;män;Antal;2003;2.35
Åsele;män;Antal;2004;
Åsele;män;Antal;2005;
Åsele;män;Antal;2006;
Åsele;män;Antal;2007;2.64
Åsele;män;Antal;2008;
Åsele;män;Antal;2009;
Åsele;män;Antal;2010;
Åsele;män;Antal;2011;
Åsele;män;Antal;2012;
Åsele;män;Antal;2013;
Åsele;män;Antal;2014;
Åsele;män;Antal;2015;
Åsele;män;Antal;2016;
Åsele;män;Antal;2017;2.39
Åsele;män;Antal;2018;
Åsele;män;Antal;2019;
Åsele;män;Antal;2020;
Åsele;män;Antal;2021;
Åsele;män;Antal;2022;
Åsele;män;Antal;2023;
Åsele;män;Antal;2024;
Åsele;män;Antal;2025;
Åsele;kvinnor;Antal;2000;1.87
Åsele;kvinnor;Antal;2001;2.12
Åsele;kvinnor;Antal;2002;2.49
Åsele;kvinnor;Antal;2003;2.83
Åsele;kvinnor;Antal;2004;
Åsele;kvinnor;Antal;2005;2.51
Åsele;kvinnor;Antal;2006;
Åsele;kvinnor;Antal;2007;2.51
Åsele;kvinnor;Antal;2008;
Åsele;kvinnor;Antal;2009;
Åsele;kvinnor;Antal;2010;
Åsele;kvinnor;Antal;2011;
Åsele;kvinnor;Antal;2012;
Åsele;kvinnor;Antal;2013;
Åsele;kvinnor;Antal;2014;
Åsele;kvinnor;Antal;2015;
Åsele;kvinnor;Antal;2016;
Åsele;kvinnor;Antal;2017;2.53
Åsele;kvinnor;Antal;2018;
Åsele;kvinnor;Antal;2019;
Åsele;kvinnor;Antal;2020;
Åsele;kvinnor;Antal;2021;
Åsele;kvinnor;Antal;2022;
Åsele;kvinnor;Antal;2023;
Åsele;kvinnor;Antal;2024;
Åsele;kvinnor;Antal;2025;
Umeå;män;Antal;2000;1.3
Umeå;män;Antal;2001;1.33
Umeå;män;Antal;2002;1.31
Umeå;män;Antal;2003;1.45
Umeå;män;Antal;2004;1.43
Umeå;män;Antal;2005;1.45
Umeå;män;Antal;2006;1.55
Umeå;män;Antal;2007;1.48
Umeå;män;Antal;2008;1.6
Umeå;män;Antal;2009;1.64
Umeå;män;Antal;2010;1.62
Umeå;män;Antal;2011;1.63
Umeå;män;Antal;2012;1.56
Umeå;män;Antal;2013;1.58
Umeå;män;Antal;2014;1.51
Umeå;män;Antal;2015;1.51
Umeå;män;Antal;2016;1.52
Umeå;män;Antal;2017;1.49
Umeå;män;Antal;2018;1.46
Umeå;män;Antal;2019;1.47
Umeå;män;Antal;2020;1.42
Umeå;män;Antal;2021;1.35
Umeå;män;Antal;2022;1.23
Umeå;män;Antal;2023;1.13
Umeå;män;Antal;2024;1.13
Umeå;män;Antal;2025;1.1
Umeå;kvinnor;Antal;2000;1.32
Umeå;kvinnor;Antal;2001;1.36
Umeå;kvinnor;Antal;2002;1.34
Umeå;kvinnor;Antal;2003;1.52
Umeå;kvinnor;Antal;2004;1.48
Umeå;kvinnor;Antal;2005;1.52
Umeå;kvinnor;Antal;2006;1.65
Umeå;kvinnor;Antal;2007;1.56
Umeå;kvinnor;Antal;2008;1.69
Umeå;kvinnor;Antal;2009;1.77
Umeå;kvinnor;Antal;2010;1.71
Umeå;kvinnor;Antal;2011;1.76
Umeå;kvinnor;Antal;2012;1.68
Umeå;kvinnor;Antal;2013;1.71
Umeå;kvinnor;Antal;2014;1.6
Umeå;kvinnor;Antal;2015;1.62
Umeå;kvinnor;Antal;2016;1.62
Umeå;kvinnor;Antal;2017;1.6
Umeå;kvinnor;Antal;2018;1.54
Umeå;kvinnor;Antal;2019;1.56
Umeå;kvinnor;Antal;2020;1.52
Umeå;kvinnor;Antal;2021;1.45
Umeå;kvinnor;Antal;2022;1.32
Umeå;kvinnor;Antal;2023;1.21
Umeå;kvinnor;Antal;2024;1.21
Umeå;kvinnor;Antal;2025;1.18
Lycksele;män;Antal;2000;1.53
Lycksele;män;Antal;2001;1.68
Lycksele;män;Antal;2002;1.83
Lycksele;män;Antal;2003;1.39
Lycksele;män;Antal;2004;1.48
Lycksele;män;Antal;2005;1.67
Lycksele;män;Antal;2006;1.86
Lycksele;män;Antal;2007;1.9
Lycksele;män;Antal;2008;2.01
Lycksele;män;Antal;2009;2.08
Lycksele;män;Antal;2010;1.91
Lycksele;män;Antal;2011;2.24
Lycksele;män;Antal;2012;1.89
Lycksele;män;Antal;2013;1.84
Lycksele;män;Antal;2014;1.52
Lycksele;män;Antal;2015;2.21
Lycksele;män;Antal;2016;1.97
Lycksele;män;Antal;2017;1.88
Lycksele;män;Antal;2018;1.79
Lycksele;män;Antal;2019;1.63
Lycksele;män;Antal;2020;1.73
Lycksele;män;Antal;2021;1.54
Lycksele;män;Antal;2022;1.63
Lycksele;män;Antal;2023;1.18
Lycksele;män;Antal;2024;1.11
Lycksele;män;Antal;2025;1.22
Lycksele;kvinnor;Antal;2000;1.73
Lycksele;kvinnor;Antal;2001;1.88
Lycksele;kvinnor;Antal;2002;1.99
Lycksele;kvinnor;Antal;2003;1.57
Lycksele;kvinnor;Antal;2004;1.67
Lycksele;kvinnor;Antal;2005;1.81
Lycksele;kvinnor;Antal;2006;2.03
Lycksele;kvinnor;Antal;2007;2.04
Lycksele;kvinnor;Antal;2008;2.23
Lycksele;kvinnor;Antal;2009;2.24
Lycksele;kvinnor;Antal;2010;2.04
Lycksele;kvinnor;Antal;2011;2.38
Lycksele;kvinnor;Antal;2012;1.98
Lycksele;kvinnor;Antal;2013;2.02
Lycksele;kvinnor;Antal;2014;1.64
Lycksele;kvinnor;Antal;2015;2.36
Lycksele;kvinnor;Antal;2016;2.18
Lycksele;kvinnor;Antal;2017;2.24
Lycksele;kvinnor;Antal;2018;2.03
Lycksele;kvinnor;Antal;2019;1.8
Lycksele;kvinnor;Antal;2020;1.92
Lycksele;kvinnor;Antal;2021;1.83
Lycksele;kvinnor;Antal;2022;1.9
Lycksele;kvinnor;Antal;2023;1.38
Lycksele;kvinnor;Antal;2024;1.31
Lycksele;kvinnor;Antal;2025;1.5
Skellefteå;män;Antal;2000;1.4
Skellefteå;män;Antal;2001;1.5
Skellefteå;män;Antal;2002;1.56
Skellefteå;män;Antal;2003;1.56
Skellefteå;män;Antal;2004;1.53
Skellefteå;män;Antal;2005;1.64
Skellefteå;män;Antal;2006;1.64
Skellefteå;män;Antal;2007;1.59
Skellefteå;män;Antal;2008;1.66
Skellefteå;män;Antal;2009;1.71
Skellefteå;män;Antal;2010;1.74
Skellefteå;män;Antal;2011;1.67
Skellefteå;män;Antal;2012;1.61
Skellefteå;män;Antal;2013;1.78
Skellefteå;män;Antal;2014;1.66
Skellefteå;män;Antal;2015;1.67
Skellefteå;män;Antal;2016;1.68
Skellefteå;män;Antal;2017;1.71
Skellefteå;män;Antal;2018;1.56
Skellefteå;män;Antal;2019;1.5
Skellefteå;män;Antal;2020;1.5
Skellefteå;män;Antal;2021;1.48
Skellefteå;män;Antal;2022;1.31
Skellefteå;män;Antal;2023;1.12
Skellefteå;män;Antal;2024;1.14
Skellefteå;män;Antal;2025;1.14
Skellefteå;kvinnor;Antal;2000;1.62
Skellefteå;kvinnor;Antal;2001;1.72
Skellefteå;kvinnor;Antal;2002;1.8
Skellefteå;kvinnor;Antal;2003;1.81
Skellefteå;kvinnor;Antal;2004;1.76
Skellefteå;kvinnor;Antal;2005;1.9
Skellefteå;kvinnor;Antal;2006;1.93
Skellefteå;kvinnor;Antal;2007;1.84
Skellefteå;kvinnor;Antal;2008;1.95
Skellefteå;kvinnor;Antal;2009;1.99
Skellefteå;kvinnor;Antal;2010;2.03
Skellefteå;kvinnor;Antal;2011;1.97
Skellefteå;kvinnor;Antal;2012;1.88
Skellefteå;kvinnor;Antal;2013;2.04
Skellefteå;kvinnor;Antal;2014;1.88
Skellefteå;kvinnor;Antal;2015;1.89
Skellefteå;kvinnor;Antal;2016;1.95
Skellefteå;kvinnor;Antal;2017;1.95
Skellefteå;kvinnor;Antal;2018;1.81
Skellefteå;kvinnor;Antal;2019;1.76
Skellefteå;kvinnor;Antal;2020;1.77
Skellefteå;kvinnor;Antal;2021;1.76
Skellefteå;kvinnor;Antal;2022;1.61
Skellefteå;kvinnor;Antal;2023;1.45
Skellefteå;kvinnor;Antal;2024;1.44
Skellefteå;kvinnor;Antal;2025;1.46
Arvidsjaur;män;Antal;2000;1.52
Arvidsjaur;män;Antal;2001;1.55
Arvidsjaur;män;Antal;2002;1.31
Arvidsjaur;män;Antal;2003;1.69
Arvidsjaur;män;Antal;2004;1.75
Arvidsjaur;män;Antal;2005;1.36
Arvidsjaur;män;Antal;2006;1.67
Arvidsjaur;män;Antal;2007;1.79
Arvidsjaur;män;Antal;2008;1.64
Arvidsjaur;män;Antal;2009;1.24
Arvidsjaur;män;Antal;2010;1.89
Arvidsjaur;män;Antal;2011;1.92
Arvidsjaur;män;Antal;2012;1.83
Arvidsjaur;män;Antal;2013;1.8
Arvidsjaur;män;Antal;2014;2.11
Arvidsjaur;män;Antal;2015;1.65
Arvidsjaur;män;Antal;2016;1.82
Arvidsjaur;män;Antal;2017;1.62
Arvidsjaur;män;Antal;2018;1.46
Arvidsjaur;män;Antal;2019;1.48
Arvidsjaur;män;Antal;2020;1.42
Arvidsjaur;män;Antal;2021;1.58
Arvidsjaur;män;Antal;2022;1.18
Arvidsjaur;män;Antal;2023;1.27
Arvidsjaur;män;Antal;2024;1.31
Arvidsjaur;män;Antal;2025;1.1
Arvidsjaur;kvinnor;Antal;2000;1.82
Arvidsjaur;kvinnor;Antal;2001;1.86
Arvidsjaur;kvinnor;Antal;2002;1.65
Arvidsjaur;kvinnor;Antal;2003;1.95
Arvidsjaur;kvinnor;Antal;2004;2.19
Arvidsjaur;kvinnor;Antal;2005;1.76
Arvidsjaur;kvinnor;Antal;2006;1.97
Arvidsjaur;kvinnor;Antal;2007;2.18
Arvidsjaur;kvinnor;Antal;2008;1.99
Arvidsjaur;kvinnor;Antal;2009;1.55
Arvidsjaur;kvinnor;Antal;2010;2.16
Arvidsjaur;kvinnor;Antal;2011;2.18
Arvidsjaur;kvinnor;Antal;2012;1.99
Arvidsjaur;kvinnor;Antal;2013;2.1
Arvidsjaur;kvinnor;Antal;2014;2.48
Arvidsjaur;kvinnor;Antal;2015;2.01
Arvidsjaur;kvinnor;Antal;2016;1.97
Arvidsjaur;kvinnor;Antal;2017;1.86
Arvidsjaur;kvinnor;Antal;2018;1.96
Arvidsjaur;kvinnor;Antal;2019;1.87
Arvidsjaur;kvinnor;Antal;2020;1.88
Arvidsjaur;kvinnor;Antal;2021;1.94
Arvidsjaur;kvinnor;Antal;2022;1.69
Arvidsjaur;kvinnor;Antal;2023;1.71
Arvidsjaur;kvinnor;Antal;2024;1.75
Arvidsjaur;kvinnor;Antal;2025;1.42
Arjeplog;män;Antal;2000;1.59
Arjeplog;män;Antal;2001;
Arjeplog;män;Antal;2002;1.82
Arjeplog;män;Antal;2003;
Arjeplog;män;Antal;2004;
Arjeplog;män;Antal;2005;
Arjeplog;män;Antal;2006;
Arjeplog;män;Antal;2007;
Arjeplog;män;Antal;2008;
Arjeplog;män;Antal;2009;
Arjeplog;män;Antal;2010;1.85
Arjeplog;män;Antal;2011;1.99
Arjeplog;män;Antal;2012;1.81
Arjeplog;män;Antal;2013;
Arjeplog;män;Antal;2014;
Arjeplog;män;Antal;2015;
Arjeplog;män;Antal;2016;
Arjeplog;män;Antal;2017;
Arjeplog;män;Antal;2018;
Arjeplog;män;Antal;2019;1.94
Arjeplog;män;Antal;2020;
Arjeplog;män;Antal;2021;
Arjeplog;män;Antal;2022;
Arjeplog;män;Antal;2023;
Arjeplog;män;Antal;2024;
Arjeplog;män;Antal;2025;
Arjeplog;kvinnor;Antal;2000;1.94
Arjeplog;kvinnor;Antal;2001;
Arjeplog;kvinnor;Antal;2002;2.19
Arjeplog;kvinnor;Antal;2003;
Arjeplog;kvinnor;Antal;2004;
Arjeplog;kvinnor;Antal;2005;
Arjeplog;kvinnor;Antal;2006;
Arjeplog;kvinnor;Antal;2007;
Arjeplog;kvinnor;Antal;2008;
Arjeplog;kvinnor;Antal;2009;
Arjeplog;kvinnor;Antal;2010;2.22
Arjeplog;kvinnor;Antal;2011;2.33
Arjeplog;kvinnor;Antal;2012;2.17
Arjeplog;kvinnor;Antal;2013;
Arjeplog;kvinnor;Antal;2014;
Arjeplog;kvinnor;Antal;2015;
Arjeplog;kvinnor;Antal;2016;
Arjeplog;kvinnor;Antal;2017;
Arjeplog;kvinnor;Antal;2018;
Arjeplog;kvinnor;Antal;2019;2.47
Arjeplog;kvinnor;Antal;2020;
Arjeplog;kvinnor;Antal;2021;
Arjeplog;kvinnor;Antal;2022;
Arjeplog;kvinnor;Antal;2023;
Arjeplog;kvinnor;Antal;2024;
Arjeplog;kvinnor;Antal;2025;
Jokkmokk;män;Antal;2000;1.24
Jokkmokk;män;Antal;2001;1.16
Jokkmokk;män;Antal;2002;1.58
Jokkmokk;män;Antal;2003;1.41
Jokkmokk;män;Antal;2004;2.01
Jokkmokk;män;Antal;2005;1.09
Jokkmokk;män;Antal;2006;1.24
Jokkmokk;män;Antal;2007;1.17
Jokkmokk;män;Antal;2008;1.25
Jokkmokk;män;Antal;2009;1.59
Jokkmokk;män;Antal;2010;1.38
Jokkmokk;män;Antal;2011;1.51
Jokkmokk;män;Antal;2012;1.31
Jokkmokk;män;Antal;2013;1.71
Jokkmokk;män;Antal;2014;2.19
Jokkmokk;män;Antal;2015;1.47
Jokkmokk;män;Antal;2016;1.92
Jokkmokk;män;Antal;2017;1.39
Jokkmokk;män;Antal;2018;1.83
Jokkmokk;män;Antal;2019;1.5
Jokkmokk;män;Antal;2020;1.13
Jokkmokk;män;Antal;2021;1.38
Jokkmokk;män;Antal;2022;1.57
Jokkmokk;män;Antal;2023;1.55
Jokkmokk;män;Antal;2024;1.23
Jokkmokk;män;Antal;2025;
Jokkmokk;kvinnor;Antal;2000;1.52
Jokkmokk;kvinnor;Antal;2001;1.33
Jokkmokk;kvinnor;Antal;2002;1.61
Jokkmokk;kvinnor;Antal;2003;1.59
Jokkmokk;kvinnor;Antal;2004;2.19
Jokkmokk;kvinnor;Antal;2005;1.28
Jokkmokk;kvinnor;Antal;2006;1.45
Jokkmokk;kvinnor;Antal;2007;1.45
Jokkmokk;kvinnor;Antal;2008;1.31
Jokkmokk;kvinnor;Antal;2009;1.91
Jokkmokk;kvinnor;Antal;2010;1.58
Jokkmokk;kvinnor;Antal;2011;1.68
Jokkmokk;kvinnor;Antal;2012;1.54
Jokkmokk;kvinnor;Antal;2013;1.86
Jokkmokk;kvinnor;Antal;2014;2.48
Jokkmokk;kvinnor;Antal;2015;1.85
Jokkmokk;kvinnor;Antal;2016;1.89
Jokkmokk;kvinnor;Antal;2017;1.74
Jokkmokk;kvinnor;Antal;2018;2.04
Jokkmokk;kvinnor;Antal;2019;1.85
Jokkmokk;kvinnor;Antal;2020;1.32
Jokkmokk;kvinnor;Antal;2021;1.65
Jokkmokk;kvinnor;Antal;2022;1.87
Jokkmokk;kvinnor;Antal;2023;1.8
Jokkmokk;kvinnor;Antal;2024;1.7
Jokkmokk;kvinnor;Antal;2025;1.24
Överkalix;män;Antal;2000;
Överkalix;män;Antal;2001;
Överkalix;män;Antal;2002;1.84
Överkalix;män;Antal;2003;
Överkalix;män;Antal;2004;
Överkalix;män;Antal;2005;1.75
Överkalix;män;Antal;2006;
Överkalix;män;Antal;2007;
Överkalix;män;Antal;2008;
Överkalix;män;Antal;2009;
Överkalix;män;Antal;2010;
Överkalix;män;Antal;2011;
Överkalix;män;Antal;2012;
Överkalix;män;Antal;2013;
Överkalix;män;Antal;2014;
Överkalix;män;Antal;2015;
Överkalix;män;Antal;2016;1.88
Överkalix;män;Antal;2017;
Överkalix;män;Antal;2018;1.77
Överkalix;män;Antal;2019;
Överkalix;män;Antal;2020;
Överkalix;män;Antal;2021;
Överkalix;män;Antal;2022;
Överkalix;män;Antal;2023;
Överkalix;män;Antal;2024;
Överkalix;män;Antal;2025;
Överkalix;kvinnor;Antal;2000;1.71
Överkalix;kvinnor;Antal;2001;
Överkalix;kvinnor;Antal;2002;2.3
Överkalix;kvinnor;Antal;2003;
Överkalix;kvinnor;Antal;2004;
Överkalix;kvinnor;Antal;2005;
Överkalix;kvinnor;Antal;2006;
Överkalix;kvinnor;Antal;2007;
Överkalix;kvinnor;Antal;2008;
Överkalix;kvinnor;Antal;2009;
Överkalix;kvinnor;Antal;2010;
Överkalix;kvinnor;Antal;2011;
Överkalix;kvinnor;Antal;2012;
Överkalix;kvinnor;Antal;2013;
Överkalix;kvinnor;Antal;2014;
Överkalix;kvinnor;Antal;2015;
Överkalix;kvinnor;Antal;2016;2.28
Överkalix;kvinnor;Antal;2017;
Överkalix;kvinnor;Antal;2018;2.39
Överkalix;kvinnor;Antal;2019;
Överkalix;kvinnor;Antal;2020;
Överkalix;kvinnor;Antal;2021;
Överkalix;kvinnor;Antal;2022;
Överkalix;kvinnor;Antal;2023;
Överkalix;kvinnor;Antal;2024;
Överkalix;kvinnor;Antal;2025;
Kalix;män;Antal;2000;1.46
Kalix;män;Antal;2001;1.51
Kalix;män;Antal;2002;1.36
Kalix;män;Antal;2003;1.54
Kalix;män;Antal;2004;1.75
Kalix;män;Antal;2005;1.58
Kalix;män;Antal;2006;1.7
Kalix;män;Antal;2007;1.71
Kalix;män;Antal;2008;1.84
Kalix;män;Antal;2009;1.58
Kalix;män;Antal;2010;1.78
Kalix;män;Antal;2011;1.54
Kalix;män;Antal;2012;1.51
Kalix;män;Antal;2013;1.61
Kalix;män;Antal;2014;1.57
Kalix;män;Antal;2015;1.73
Kalix;män;Antal;2016;1.37
Kalix;män;Antal;2017;1.59
Kalix;män;Antal;2018;1.5
Kalix;män;Antal;2019;1.59
Kalix;män;Antal;2020;1.7
Kalix;män;Antal;2021;1.51
Kalix;män;Antal;2022;1.46
Kalix;män;Antal;2023;1.27
Kalix;män;Antal;2024;1.36
Kalix;män;Antal;2025;1.11
Kalix;kvinnor;Antal;2000;1.7
Kalix;kvinnor;Antal;2001;1.84
Kalix;kvinnor;Antal;2002;1.71
Kalix;kvinnor;Antal;2003;1.89
Kalix;kvinnor;Antal;2004;2.1
Kalix;kvinnor;Antal;2005;1.91
Kalix;kvinnor;Antal;2006;2.21
Kalix;kvinnor;Antal;2007;2.14
Kalix;kvinnor;Antal;2008;2.28
Kalix;kvinnor;Antal;2009;1.91
Kalix;kvinnor;Antal;2010;2.22
Kalix;kvinnor;Antal;2011;1.92
Kalix;kvinnor;Antal;2012;1.87
Kalix;kvinnor;Antal;2013;2
Kalix;kvinnor;Antal;2014;1.95
Kalix;kvinnor;Antal;2015;2.12
Kalix;kvinnor;Antal;2016;1.6
Kalix;kvinnor;Antal;2017;1.99
Kalix;kvinnor;Antal;2018;1.87
Kalix;kvinnor;Antal;2019;1.99
Kalix;kvinnor;Antal;2020;2.08
Kalix;kvinnor;Antal;2021;1.91
Kalix;kvinnor;Antal;2022;1.8
Kalix;kvinnor;Antal;2023;1.59
Kalix;kvinnor;Antal;2024;1.81
Kalix;kvinnor;Antal;2025;1.43
Övertorneå;män;Antal;2000;1.48
Övertorneå;män;Antal;2001;1.73
Övertorneå;män;Antal;2002;
Övertorneå;män;Antal;2003;1.57
Övertorneå;män;Antal;2004;
Övertorneå;män;Antal;2005;1.52
Övertorneå;män;Antal;2006;1.7
Övertorneå;män;Antal;2007;
Övertorneå;män;Antal;2008;1.78
Övertorneå;män;Antal;2009;1.7
Övertorneå;män;Antal;2010;1.76
Övertorneå;män;Antal;2011;1.81
Övertorneå;män;Antal;2012;
Övertorneå;män;Antal;2013;
Övertorneå;män;Antal;2014;1.62
Övertorneå;män;Antal;2015;
Övertorneå;män;Antal;2016;1.55
Övertorneå;män;Antal;2017;
Övertorneå;män;Antal;2018;1.61
Övertorneå;män;Antal;2019;1.7
Övertorneå;män;Antal;2020;
Övertorneå;män;Antal;2021;1.59
Övertorneå;män;Antal;2022;
Övertorneå;män;Antal;2023;1.78
Övertorneå;män;Antal;2024;
Övertorneå;män;Antal;2025;
Övertorneå;kvinnor;Antal;2000;1.87
Övertorneå;kvinnor;Antal;2001;2.2
Övertorneå;kvinnor;Antal;2002;1.73
Övertorneå;kvinnor;Antal;2003;2.4
Övertorneå;kvinnor;Antal;2004;
Övertorneå;kvinnor;Antal;2005;2.1
Övertorneå;kvinnor;Antal;2006;2.35
Övertorneå;kvinnor;Antal;2007;1.94
Övertorneå;kvinnor;Antal;2008;2.66
Övertorneå;kvinnor;Antal;2009;2.12
Övertorneå;kvinnor;Antal;2010;2.77
Övertorneå;kvinnor;Antal;2011;2.21
Övertorneå;kvinnor;Antal;2012;
Övertorneå;kvinnor;Antal;2013;
Övertorneå;kvinnor;Antal;2014;2.21
Övertorneå;kvinnor;Antal;2015;
Övertorneå;kvinnor;Antal;2016;1.91
Övertorneå;kvinnor;Antal;2017;
Övertorneå;kvinnor;Antal;2018;2.26
Övertorneå;kvinnor;Antal;2019;2.26
Övertorneå;kvinnor;Antal;2020;
Övertorneå;kvinnor;Antal;2021;2.4
Övertorneå;kvinnor;Antal;2022;
Övertorneå;kvinnor;Antal;2023;2
Övertorneå;kvinnor;Antal;2024;
Övertorneå;kvinnor;Antal;2025;
Pajala;män;Antal;2000;1.45
Pajala;män;Antal;2001;1.5
Pajala;män;Antal;2002;2.11
Pajala;män;Antal;2003;1.72
Pajala;män;Antal;2004;2.07
Pajala;män;Antal;2005;1.45
Pajala;män;Antal;2006;1.88
Pajala;män;Antal;2007;1.85
Pajala;män;Antal;2008;1.73
Pajala;män;Antal;2009;2.08
Pajala;män;Antal;2010;1.68
Pajala;män;Antal;2011;2.22
Pajala;män;Antal;2012;1.8
Pajala;män;Antal;2013;2.05
Pajala;män;Antal;2014;2.42
Pajala;män;Antal;2015;1.77
Pajala;män;Antal;2016;1.9
Pajala;män;Antal;2017;2.49
Pajala;män;Antal;2018;1.69
Pajala;män;Antal;2019;2.02
Pajala;män;Antal;2020;1.85
Pajala;män;Antal;2021;1.84
Pajala;män;Antal;2022;1.57
Pajala;män;Antal;2023;1.55
Pajala;män;Antal;2024;1.66
Pajala;män;Antal;2025;1.58
Pajala;kvinnor;Antal;2000;2.19
Pajala;kvinnor;Antal;2001;2.09
Pajala;kvinnor;Antal;2002;2.99
Pajala;kvinnor;Antal;2003;2.36
Pajala;kvinnor;Antal;2004;2.87
Pajala;kvinnor;Antal;2005;2.18
Pajala;kvinnor;Antal;2006;2.52
Pajala;kvinnor;Antal;2007;2.4
Pajala;kvinnor;Antal;2008;2.2
Pajala;kvinnor;Antal;2009;2.45
Pajala;kvinnor;Antal;2010;2.13
Pajala;kvinnor;Antal;2011;3.1
Pajala;kvinnor;Antal;2012;2.24
Pajala;kvinnor;Antal;2013;2.55
Pajala;kvinnor;Antal;2014;2.89
Pajala;kvinnor;Antal;2015;2.16
Pajala;kvinnor;Antal;2016;2.37
Pajala;kvinnor;Antal;2017;2.65
Pajala;kvinnor;Antal;2018;2.19
Pajala;kvinnor;Antal;2019;2.26
Pajala;kvinnor;Antal;2020;2.17
Pajala;kvinnor;Antal;2021;2.44
Pajala;kvinnor;Antal;2022;1.85
Pajala;kvinnor;Antal;2023;1.91
Pajala;kvinnor;Antal;2024;1.97
Pajala;kvinnor;Antal;2025;1.98
Gällivare;män;Antal;2000;1.45
Gällivare;män;Antal;2001;1.19
Gällivare;män;Antal;2002;1.18
Gällivare;män;Antal;2003;1.33
Gällivare;män;Antal;2004;1.55
Gällivare;män;Antal;2005;1.27
Gällivare;män;Antal;2006;1.55
Gällivare;män;Antal;2007;1.44
Gällivare;män;Antal;2008;1.4
Gällivare;män;Antal;2009;1.66
Gällivare;män;Antal;2010;1.32
Gällivare;män;Antal;2011;1.51
Gällivare;män;Antal;2012;1.64
Gällivare;män;Antal;2013;1.73
Gällivare;män;Antal;2014;1.55
Gällivare;män;Antal;2015;1.73
Gällivare;män;Antal;2016;1.55
Gällivare;män;Antal;2017;1.74
Gällivare;män;Antal;2018;1.45
Gällivare;män;Antal;2019;1.42
Gällivare;män;Antal;2020;1.52
Gällivare;män;Antal;2021;1.65
Gällivare;män;Antal;2022;1.28
Gällivare;män;Antal;2023;1.32
Gällivare;män;Antal;2024;1.01
Gällivare;män;Antal;2025;1.31
Gällivare;kvinnor;Antal;2000;1.84
Gällivare;kvinnor;Antal;2001;1.47
Gällivare;kvinnor;Antal;2002;1.54
Gällivare;kvinnor;Antal;2003;1.7
Gällivare;kvinnor;Antal;2004;1.95
Gällivare;kvinnor;Antal;2005;1.65
Gällivare;kvinnor;Antal;2006;1.99
Gällivare;kvinnor;Antal;2007;1.84
Gällivare;kvinnor;Antal;2008;1.86
Gällivare;kvinnor;Antal;2009;2.11
Gällivare;kvinnor;Antal;2010;1.73
Gällivare;kvinnor;Antal;2011;1.91
Gällivare;kvinnor;Antal;2012;1.9
Gällivare;kvinnor;Antal;2013;2.09
Gällivare;kvinnor;Antal;2014;1.83
Gällivare;kvinnor;Antal;2015;2.06
Gällivare;kvinnor;Antal;2016;1.83
Gällivare;kvinnor;Antal;2017;1.97
Gällivare;kvinnor;Antal;2018;1.69
Gällivare;kvinnor;Antal;2019;1.68
Gällivare;kvinnor;Antal;2020;1.81
Gällivare;kvinnor;Antal;2021;1.97
Gällivare;kvinnor;Antal;2022;1.43
Gällivare;kvinnor;Antal;2023;1.56
Gällivare;kvinnor;Antal;2024;1.29
Gällivare;kvinnor;Antal;2025;1.57
Älvsbyn;män;Antal;2000;1.32
Älvsbyn;män;Antal;2001;1.55
Älvsbyn;män;Antal;2002;1.4
Älvsbyn;män;Antal;2003;1.81
Älvsbyn;män;Antal;2004;1.83
Älvsbyn;män;Antal;2005;1.48
Älvsbyn;män;Antal;2006;1.56
Älvsbyn;män;Antal;2007;1.45
Älvsbyn;män;Antal;2008;1.63
Älvsbyn;män;Antal;2009;1.53
Älvsbyn;män;Antal;2010;1.69
Älvsbyn;män;Antal;2011;1.73
Älvsbyn;män;Antal;2012;1.92
Älvsbyn;män;Antal;2013;1.34
Älvsbyn;män;Antal;2014;1.6
Älvsbyn;män;Antal;2015;1.61
Älvsbyn;män;Antal;2016;1.84
Älvsbyn;män;Antal;2017;1.47
Älvsbyn;män;Antal;2018;1.49
Älvsbyn;män;Antal;2019;1.66
Älvsbyn;män;Antal;2020;1.26
Älvsbyn;män;Antal;2021;1.58
Älvsbyn;män;Antal;2022;1.47
Älvsbyn;män;Antal;2023;1.3
Älvsbyn;män;Antal;2024;1.54
Älvsbyn;män;Antal;2025;1.33
Älvsbyn;kvinnor;Antal;2000;1.54
Älvsbyn;kvinnor;Antal;2001;1.87
Älvsbyn;kvinnor;Antal;2002;1.7
Älvsbyn;kvinnor;Antal;2003;2.25
Älvsbyn;kvinnor;Antal;2004;2.13
Älvsbyn;kvinnor;Antal;2005;1.67
Älvsbyn;kvinnor;Antal;2006;1.85
Älvsbyn;kvinnor;Antal;2007;1.66
Älvsbyn;kvinnor;Antal;2008;1.98
Älvsbyn;kvinnor;Antal;2009;1.93
Älvsbyn;kvinnor;Antal;2010;2.1
Älvsbyn;kvinnor;Antal;2011;1.8
Älvsbyn;kvinnor;Antal;2012;2.17
Älvsbyn;kvinnor;Antal;2013;1.54
Älvsbyn;kvinnor;Antal;2014;1.74
Älvsbyn;kvinnor;Antal;2015;1.79
Älvsbyn;kvinnor;Antal;2016;2.07
Älvsbyn;kvinnor;Antal;2017;1.73
Älvsbyn;kvinnor;Antal;2018;1.8
Älvsbyn;kvinnor;Antal;2019;2.07
Älvsbyn;kvinnor;Antal;2020;1.55
Älvsbyn;kvinnor;Antal;2021;1.79
Älvsbyn;kvinnor;Antal;2022;1.79
Älvsbyn;kvinnor;Antal;2023;1.54
Älvsbyn;kvinnor;Antal;2024;1.74
Älvsbyn;kvinnor;Antal;2025;1.69
Luleå;män;Antal;2000;1.3
Luleå;män;Antal;2001;1.28
Luleå;män;Antal;2002;1.31
Luleå;män;Antal;2003;1.32
Luleå;män;Antal;2004;1.39
Luleå;män;Antal;2005;1.41
Luleå;män;Antal;2006;1.5
Luleå;män;Antal;2007;1.53
Luleå;män;Antal;2008;1.52
Luleå;män;Antal;2009;1.61
Luleå;män;Antal;2010;1.59
Luleå;män;Antal;2011;1.55
Luleå;män;Antal;2012;1.45
Luleå;män;Antal;2013;1.54
Luleå;män;Antal;2014;1.62
Luleå;män;Antal;2015;1.44
Luleå;män;Antal;2016;1.52
Luleå;män;Antal;2017;1.44
Luleå;män;Antal;2018;1.41
Luleå;män;Antal;2019;1.39
Luleå;män;Antal;2020;1.38
Luleå;män;Antal;2021;1.4
Luleå;män;Antal;2022;1.15
Luleå;män;Antal;2023;1.11
Luleå;män;Antal;2024;1.06
Luleå;män;Antal;2025;1.14
Luleå;kvinnor;Antal;2000;1.47
Luleå;kvinnor;Antal;2001;1.48
Luleå;kvinnor;Antal;2002;1.49
Luleå;kvinnor;Antal;2003;1.52
Luleå;kvinnor;Antal;2004;1.59
Luleå;kvinnor;Antal;2005;1.65
Luleå;kvinnor;Antal;2006;1.75
Luleå;kvinnor;Antal;2007;1.81
Luleå;kvinnor;Antal;2008;1.75
Luleå;kvinnor;Antal;2009;1.88
Luleå;kvinnor;Antal;2010;1.88
Luleå;kvinnor;Antal;2011;1.83
Luleå;kvinnor;Antal;2012;1.64
Luleå;kvinnor;Antal;2013;1.74
Luleå;kvinnor;Antal;2014;1.85
Luleå;kvinnor;Antal;2015;1.63
Luleå;kvinnor;Antal;2016;1.74
Luleå;kvinnor;Antal;2017;1.61
Luleå;kvinnor;Antal;2018;1.59
Luleå;kvinnor;Antal;2019;1.59
Luleå;kvinnor;Antal;2020;1.58
Luleå;kvinnor;Antal;2021;1.62
Luleå;kvinnor;Antal;2022;1.35
Luleå;kvinnor;Antal;2023;1.32
Luleå;kvinnor;Antal;2024;1.23
Luleå;kvinnor;Antal;2025;1.37
Piteå;män;Antal;2000;1.61
Piteå;män;Antal;2001;1.46
Piteå;män;Antal;2002;1.52
Piteå;män;Antal;2003;1.58
Piteå;män;Antal;2004;1.6
Piteå;män;Antal;2005;1.5
Piteå;män;Antal;2006;1.65
Piteå;män;Antal;2007;1.57
Piteå;män;Antal;2008;1.71
Piteå;män;Antal;2009;1.45
Piteå;män;Antal;2010;1.61
Piteå;män;Antal;2011;1.65
Piteå;män;Antal;2012;1.68
Piteå;män;Antal;2013;1.8
Piteå;män;Antal;2014;1.73
Piteå;män;Antal;2015;1.58
Piteå;män;Antal;2016;1.65
Piteå;män;Antal;2017;1.63
Piteå;män;Antal;2018;1.39
Piteå;män;Antal;2019;1.62
Piteå;män;Antal;2020;1.47
Piteå;män;Antal;2021;1.61
Piteå;män;Antal;2022;1.37
Piteå;män;Antal;2023;1.36
Piteå;män;Antal;2024;1.25
Piteå;män;Antal;2025;1.25
Piteå;kvinnor;Antal;2000;1.79
Piteå;kvinnor;Antal;2001;1.68
Piteå;kvinnor;Antal;2002;1.71
Piteå;kvinnor;Antal;2003;1.76
Piteå;kvinnor;Antal;2004;1.82
Piteå;kvinnor;Antal;2005;1.71
Piteå;kvinnor;Antal;2006;1.88
Piteå;kvinnor;Antal;2007;1.78
Piteå;kvinnor;Antal;2008;1.95
Piteå;kvinnor;Antal;2009;1.65
Piteå;kvinnor;Antal;2010;1.81
Piteå;kvinnor;Antal;2011;1.82
Piteå;kvinnor;Antal;2012;1.84
Piteå;kvinnor;Antal;2013;1.99
Piteå;kvinnor;Antal;2014;1.87
Piteå;kvinnor;Antal;2015;1.78
Piteå;kvinnor;Antal;2016;1.82
Piteå;kvinnor;Antal;2017;1.82
Piteå;kvinnor;Antal;2018;1.6
Piteå;kvinnor;Antal;2019;1.82
Piteå;kvinnor;Antal;2020;1.65
Piteå;kvinnor;Antal;2021;1.8
Piteå;kvinnor;Antal;2022;1.57
Piteå;kvinnor;Antal;2023;1.55
Piteå;kvinnor;Antal;2024;1.47
Piteå;kvinnor;Antal;2025;1.49
Boden;män;Antal;2000;1.47
Boden;män;Antal;2001;1.46
Boden;män;Antal;2002;1.54
Boden;män;Antal;2003;1.55
Boden;män;Antal;2004;1.68
Boden;män;Antal;2005;1.52
Boden;män;Antal;2006;1.58
Boden;män;Antal;2007;1.71
Boden;män;Antal;2008;1.51
Boden;män;Antal;2009;1.59
Boden;män;Antal;2010;1.61
Boden;män;Antal;2011;1.54
Boden;män;Antal;2012;1.49
Boden;män;Antal;2013;1.5
Boden;män;Antal;2014;1.47
Boden;män;Antal;2015;1.7
Boden;män;Antal;2016;1.73
Boden;män;Antal;2017;1.44
Boden;män;Antal;2018;1.47
Boden;män;Antal;2019;1.57
Boden;män;Antal;2020;1.37
Boden;män;Antal;2021;1.48
Boden;män;Antal;2022;1.31
Boden;män;Antal;2023;1.18
Boden;män;Antal;2024;1.23
Boden;män;Antal;2025;1.01
Boden;kvinnor;Antal;2000;1.66
Boden;kvinnor;Antal;2001;1.66
Boden;kvinnor;Antal;2002;1.72
Boden;kvinnor;Antal;2003;1.72
Boden;kvinnor;Antal;2004;1.93
Boden;kvinnor;Antal;2005;1.72
Boden;kvinnor;Antal;2006;1.83
Boden;kvinnor;Antal;2007;1.98
Boden;kvinnor;Antal;2008;1.8
Boden;kvinnor;Antal;2009;1.89
Boden;kvinnor;Antal;2010;1.9
Boden;kvinnor;Antal;2011;1.85
Boden;kvinnor;Antal;2012;1.83
Boden;kvinnor;Antal;2013;1.87
Boden;kvinnor;Antal;2014;1.76
Boden;kvinnor;Antal;2015;2.01
Boden;kvinnor;Antal;2016;1.94
Boden;kvinnor;Antal;2017;1.74
Boden;kvinnor;Antal;2018;1.77
Boden;kvinnor;Antal;2019;1.85
Boden;kvinnor;Antal;2020;1.7
Boden;kvinnor;Antal;2021;1.74
Boden;kvinnor;Antal;2022;1.61
Boden;kvinnor;Antal;2023;1.47
Boden;kvinnor;Antal;2024;1.54
Boden;kvinnor;Antal;2025;1.25
Haparanda;män;Antal;2000;1.51
Haparanda;män;Antal;2001;1.21
Haparanda;män;Antal;2002;1.31
Haparanda;män;Antal;2003;1.39
Haparanda;män;Antal;2004;1.28
Haparanda;män;Antal;2005;1.91
Haparanda;män;Antal;2006;1.58
Haparanda;män;Antal;2007;1.45
Haparanda;män;Antal;2008;1.7
Haparanda;män;Antal;2009;1.65
Haparanda;män;Antal;2010;1.98
Haparanda;män;Antal;2011;1.96
Haparanda;män;Antal;2012;1.52
Haparanda;män;Antal;2013;1.57
Haparanda;män;Antal;2014;1.63
Haparanda;män;Antal;2015;1.87
Haparanda;män;Antal;2016;1.39
Haparanda;män;Antal;2017;1.27
Haparanda;män;Antal;2018;1.14
Haparanda;män;Antal;2019;1.43
Haparanda;män;Antal;2020;1.07
Haparanda;män;Antal;2021;1.29
Haparanda;män;Antal;2022;1.06
Haparanda;män;Antal;2023;0.89
Haparanda;män;Antal;2024;1.24
Haparanda;män;Antal;2025;0.93
Haparanda;kvinnor;Antal;2000;1.96
Haparanda;kvinnor;Antal;2001;1.6
Haparanda;kvinnor;Antal;2002;1.79
Haparanda;kvinnor;Antal;2003;1.8
Haparanda;kvinnor;Antal;2004;1.75
Haparanda;kvinnor;Antal;2005;2.48
Haparanda;kvinnor;Antal;2006;2.05
Haparanda;kvinnor;Antal;2007;1.9
Haparanda;kvinnor;Antal;2008;2.18
Haparanda;kvinnor;Antal;2009;2.18
Haparanda;kvinnor;Antal;2010;2.43
Haparanda;kvinnor;Antal;2011;2.48
Haparanda;kvinnor;Antal;2012;1.94
Haparanda;kvinnor;Antal;2013;2.06
Haparanda;kvinnor;Antal;2014;2.04
Haparanda;kvinnor;Antal;2015;2.18
Haparanda;kvinnor;Antal;2016;2.01
Haparanda;kvinnor;Antal;2017;1.63
Haparanda;kvinnor;Antal;2018;1.64
Haparanda;kvinnor;Antal;2019;2.01
Haparanda;kvinnor;Antal;2020;1.51
Haparanda;kvinnor;Antal;2021;1.74
Haparanda;kvinnor;Antal;2022;1.57
Haparanda;kvinnor;Antal;2023;1.3
Haparanda;kvinnor;Antal;2024;1.7
Haparanda;kvinnor;Antal;2025;1.39
Kiruna;män;Antal;2000;1.46
Kiruna;män;Antal;2001;1.51
Kiruna;män;Antal;2002;1.46
Kiruna;män;Antal;2003;1.44
Kiruna;män;Antal;2004;1.64
Kiruna;män;Antal;2005;1.5
Kiruna;män;Antal;2006;1.78
Kiruna;män;Antal;2007;1.51
Kiruna;män;Antal;2008;1.76
Kiruna;män;Antal;2009;1.73
Kiruna;män;Antal;2010;1.94
Kiruna;män;Antal;2011;1.86
Kiruna;män;Antal;2012;1.85
Kiruna;män;Antal;2013;1.91
Kiruna;män;Antal;2014;1.64
Kiruna;män;Antal;2015;1.75
Kiruna;män;Antal;2016;1.82
Kiruna;män;Antal;2017;1.42
Kiruna;män;Antal;2018;1.7
Kiruna;män;Antal;2019;1.56
Kiruna;män;Antal;2020;1.4
Kiruna;män;Antal;2021;1.44
Kiruna;män;Antal;2022;1.36
Kiruna;män;Antal;2023;1.26
Kiruna;män;Antal;2024;1.2
Kiruna;män;Antal;2025;1.19
Kiruna;kvinnor;Antal;2000;1.75
Kiruna;kvinnor;Antal;2001;1.91
Kiruna;kvinnor;Antal;2002;1.82
Kiruna;kvinnor;Antal;2003;1.73
Kiruna;kvinnor;Antal;2004;2.05
Kiruna;kvinnor;Antal;2005;1.91
Kiruna;kvinnor;Antal;2006;2.28
Kiruna;kvinnor;Antal;2007;1.96
Kiruna;kvinnor;Antal;2008;2.1
Kiruna;kvinnor;Antal;2009;2.13
Kiruna;kvinnor;Antal;2010;2.22
Kiruna;kvinnor;Antal;2011;2.25
Kiruna;kvinnor;Antal;2012;2.24
Kiruna;kvinnor;Antal;2013;2.27
Kiruna;kvinnor;Antal;2014;1.94
Kiruna;kvinnor;Antal;2015;2.07
Kiruna;kvinnor;Antal;2016;2.2
Kiruna;kvinnor;Antal;2017;1.71
Kiruna;kvinnor;Antal;2018;2
Kiruna;kvinnor;Antal;2019;1.9
Kiruna;kvinnor;Antal;2020;1.8
Kiruna;kvinnor;Antal;2021;1.76
Kiruna;kvinnor;Antal;2022;1.72
Kiruna;kvinnor;Antal;2023;1.58
Kiruna;kvinnor;Antal;2024;1.62
Kiruna;kvinnor;Antal;2025;1.6
