regionkod,namn,ar,tfr,fodda_antal,kvinnor_15_49,anm,tfr_ma3,tfr_ma5,osaker_litet_underlag
00,Riket,1968,2.0721490249533914,113086,1830302.0,endast folkmängd 31 dec (ingen ingående folkmängd),,,False
00,Riket,1969,1.945764075197991,107621,1837373.5,,1.9845392288043306,,False
00,Riket,1970,1.935704586261609,110149,1846600.0,,1.9513451332742482,1.9687867998882602,False
00,Riket,1971,1.9725667383631444,114485,1846529.0,,1.9420069664299733,1.9280946067024007,False
00,Riket,1972,1.9177495746651663,112273,1841572.0,,1.9196681240174682,1.9134125789881236,False
00,Riket,1973,1.8686880590240944,109663,1836850.5,,1.886263856771955,1.8789937520216822,False
00,Riket,1974,1.8723539366266035,109874,1835722.5,,1.8348841490266998,1.819666984757255,False
00,Riket,1975,1.7636104514294018,103631,1838550.0,,1.7706324300323384,1.7636424968313253,False
00,Riket,1976,1.6759329020410096,98345,1844537.0,,1.6923901628353095,1.7081179482603108,False
00,Riket,1977,1.6376271350355176,96057,1855132.0,,1.6348751177485161,1.6632605844337789,False
00,Riket,1978,1.5910653161690214,93222,1867995.5,,1.625586522899494,1.6444380355850412,False
00,Riket,1979,1.6480671174939432,96255,1883792.5,,1.6362100469495597,1.6346354001530732,False
00,Riket,1980,1.6694977071857142,97062,1901790.5,,1.6481615165202756,1.629980545793663,False
00,Riket,1981,1.6269197248811698,94064,1918207.0,,1.6369234317684498,1.633294227943567,False
00,Riket,1982,1.6143528632384658,92748,1933692.5,,1.6163021050127258,1.6340142166082035,False
00,Riket,1983,1.607633726918542,91780,1947899.0,,1.624551216991378,1.647370132885887,False
00,Riket,1984,1.6516670608171264,93889,1960244.0,,1.6651926921032663,1.6816747876948905,False
00,Riket,1985,1.7362772885741302,98462,1972537.0,,1.7287957827724814,1.7273844337477773,False
00,Riket,1986,1.7984429989261879,101950,1986298.0,,1.792540460334406,1.7983794259271293,False
00,Riket,1987,1.8429010935028993,104699,2001008.5,,1.8679842600814631,1.8711709131876026,False
00,Riket,1988,1.9626086878153024,112080,2015890.5,,1.9403780928125656,1.9504500634110697,False
00,Riket,1989,2.015624497119495,116022,2032124.5,,2.0369687415420867,2.0135032272020976,False
00,Riket,1990,2.132673039691463,123934,2048103.0,,2.0873354515640954,2.0622927402889153,False
00,Riket,1991,2.1137088178813284,123736,2058029.5,,2.1110768388365933,2.068325431753554,False
00,Riket,1992,2.0868486589369883,122847,2059541.5,,2.0644432073189374,2.0413781072127613,False
00,Riket,1993,1.9927721451384945,117997,2055909.5,,1.986836226163672,1.9602986596401586,False
00,Riket,1994,1.8808878744155328,112257,2052735.0,,1.866978607127492,1.856477962176258,False
00,Riket,1995,1.7272758018284489,103422,2045210.5,,1.7342563356019356,1.7429673506981913,False
00,Riket,1996,1.594605330561825,95297,2030146.0,,1.6137255779789763,1.6441985081732304,False
00,Riket,1997,1.519295601546655,90502,2013773.5,,1.5376096215407238,1.5663412145375346,False
00,Riket,1998,1.4989279325136917,89028,1998957.0,,1.503274980099133,1.5281490882011033,False
00,Riket,1999,1.4916014062370524,88173,1987482.0,,1.5089481696323455,1.5208477068190565,False
00,Riket,2000,1.5363151701462918,90441,1982359.0,,1.528671666678312,1.5448135515633767,False
00,Riket,2001,1.5580984236515918,91466,1984112.5,,1.5778461396887133,1.585351531268616,False
00,Riket,2002,1.6391248252682562,95815,1989584.5,,1.6329470266532453,1.6352229585703253,False
00,Riket,2003,1.7016178310398877,99157,1997372.5,,1.6939003996845807,1.6795864194260843,False
00,Riket,2004,1.7409585427455987,100928,2007795.5,,1.7335696160701912,1.7365902483644646,False
00,Riket,2005,1.7581324744250875,101346,2020953.0,,1.780736195171393,1.7827568307469026,False
00,Riket,2006,1.8431175683434924,105913,2038446.0,,1.8237359266496755,1.8222991842466427,False
00,Riket,2007,1.8699577371804468,107421,2058611.5,,1.8708016346875096,1.8601341980057657,False
00,Riket,2008,1.8993295985385892,109301,2079256.5,,1.899806982420083,1.9048497352147558,False
00,Riket,2009,1.930133611541213,111801,2100775.5,,1.9370577901832797,1.91624516498918,False
00,Riket,2010,1.981710160470037,115641,2118152.5,,1.937312829742288,1.9234624541572884,False
00,Riket,2011,1.9000947172156142,111770,2128335.5,,1.9292830202355464,1.9216404321809997,False
00,Riket,2012,1.9060441830209875,113177,2134802.5,,1.8987861296312492,1.912392855676249,False
00,Riket,2013,1.8902194886571455,113593,2140189.0,,1.8933864668985316,1.8865710134710443,False
00,Riket,2014,1.8838957290174614,114907,2143951.0,,1.875572055706207,1.8780621063846472,False
00,Riket,2015,1.852600949444014,114869,2147165.5,,1.8646822867483674,1.8543163639505498,False
00,Riket,2016,1.8575501817836266,117424,2156789.0,,1.8324888673593804,1.828040273793524,False
00,Riket,2017,1.7873154708505008,115415,2172311.0,,1.8012348968353813,1.7933490551633189,False
00,Riket,2018,1.7588390378720167,115831,2188558.5,,1.7521980481963177,1.7563628055844371,False
00,Riket,2019,1.7104396358664355,114523,2205057.0,,1.7123161250960195,1.718873511812084,False
00,Riket,2020,1.6676697015496067,113076,2216366.5,,1.682737683445967,1.6653997022699616,False
00,Riket,2021,1.6701037129218594,114263,2225254.0,,1.6192399458704518,1.6029514752416518,False
00,Riket,2022,1.5199464231398903,104732,2238315.5,,1.5455493462640726,1.5457750089365767,False
00,Riket,2023,1.4465979027304676,100050,2249134.5,,1.4637005434038055,,False
00,Riket,2024,1.4245573043410589,98447,2257942.5,,,,False
01,Stockholms län,1968,1.8018236407796118,20095,355668.0,endast folkmängd 31 dec (ingen ingående folkmängd),,,False
01,Stockholms län,1969,1.7261308774229938,19703,358993.0,,1.7614471255990989,,False
01,Stockholms län,1970,1.7563868585946911,21113,364088.0,,1.7780418950425967,1.7877599981901444,False
01,Stockholms län,1971,1.8516079491101054,22834,365262.5,,1.8036151575827055,1.7713071491351187,False
01,Stockholms län,1972,1.8028506650433198,22316,363221.5,,1.791339336552636,1.7654970786117186,False
01,Stockholms län,1973,1.7195593955044832,21235,360792.5,,1.739830195117932,1.730787731664161,False
01,Stockholms län,1974,1.697080524805993,20778,359480.5,,1.6664933480557937,1.6678531208870961,False
01,Stockholms län,1975,1.582840123856905,19292,359438.5,,1.6056185146292261,1.6033076965722812,False
01,Stockholms län,1976,1.5369348952247799,18695,360803.0,,1.53329952085031,1.5504990015469322,False
01,Stockholms län,1977,1.4801235434692455,18055,364396.5,,1.4908581196905877,1.518268838334228,False
01,Stockholms län,1978,1.455515920377738,17761,368948.5,,1.490523057529818,1.52099046233376,False
01,Stockholms län,1979,1.535929708742471,18702,373250.5,,1.5292979576582582,1.5156430077487324,False
01,Stockholms län,1980,1.596448243854566,19380,377469.5,,1.5475251916322261,1.5175290010949856,False
01,Stockholms län,1981,1.5101976222996416,18287,382161.0,,1.5320664587849062,1.518564254538926,False
01,Stockholms län,1982,1.4895535102005109,18067,387685.0,,1.486814440032531,1.5162036205289635,False
01,Stockholms län,1983,1.4606921875974397,17750,392831.0,,1.4914574121635367,1.5143130018763817,False
01,Stockholms län,1984,1.5241265386926597,18565,397875.0,,1.523937958960585,1.5477613605404796,False
01,Stockholms län,1985,1.5869951505916557,19487,404440.0,,1.596187034968149,1.5952526139919996,False
01,Stockholms län,1986,1.6774394156201318,20820,411776.5,,1.6638147812232997,1.6706000675260113,False
01,Stockholms län,1987,1.7270097774581112,21642,417907.0,,1.747292882781914,1.7428129354068616,False
01,Stockholms län,1988,1.8374294552674988,23217,422245.5,,1.816543370274174,1.8215236980570555,False
01,Stockholms län,1989,1.885190878096911,23935,425529.0,,1.901056432402345,1.8743643132385301,False
01,Stockholms län,1990,1.9805489638426246,25322,428423.5,,1.9357941111556805,1.9220872113358591,False
01,Stockholms län,1991,1.9416424915275055,24986,430286.5,,1.9626052411049624,1.9326712125050232,False
01,Stockholms län,1992,1.9656242679447566,25546,430835.0,,1.9325387401951932,1.9220880210626752,False
01,Stockholms län,1993,1.8903494611133178,24827,430426.0,,1.8960828833144152,1.8614886552898942,False
01,Stockholms län,1994,1.8322749208851714,24398,430333.5,,1.8000588389924026,1.7867785304329253,False
01,Stockholms län,1995,1.6775521349787188,22626,430785.0,,1.6926396410355176,1.6926130352264672,False
01,Stockholms län,1996,1.5680918672426618,21354,431484.5,,1.5801469313779488,1.6114265443506852,False
01,Stockholms län,1997,1.4947967919124652,20646,433002.0,,1.515768555296512,1.538719094979573,False
01,Stockholms län,1998,1.484417006734409,20815,435455.0,,1.4826504908921614,1.5072266641609913,False
01,Stockholms län,1999,1.4687376740296096,20863,438898.0,,1.4910815538832765,1.5053706074973086,False
01,Stockholms län,2000,1.5200899808858106,21837,443212.0,,1.5158797462798894,1.536659409532749,False
01,Stockholms län,2001,1.5588115839242485,22622,447497.5,,1.5767141222999088,1.583599416148261,False
01,Stockholms län,2002,1.6512408020896676,24084,450456.0,,1.6430564752752952,1.6459090373323995,False
01,Stockholms län,2003,1.719117039811969,25028,452388.5,,1.7168812072839794,1.7004860842319853,False
01,Stockholms län,2004,1.7802857799503018,25779,454804.5,,1.7641260117153372,1.7625221290674733,False
01,Stockholms län,2005,1.7929752153837404,25836,458858.5,,1.81408426781191,1.8104658486772707,False
01,Stockholms län,2006,1.8689918081016879,26983,465282.5,,1.850975474541361,1.848924945831433,False
01,Stockholms län,2007,1.8909594001386545,27421,473675.5,,1.8904545779410407,1.8787198057376273,False
01,Stockholms län,2008,1.9114125255827799,27948,482708.0,,1.9105440017342363,1.9145049677569557,False
01,Stockholms län,2009,1.9292600794812742,28570,492269.5,,1.9375245435148118,1.916233262779609,False
01,Stockholms län,2010,1.9719010254803815,29619,501368.5,,1.9262647960588701,1.9109111153615583,False
01,Stockholms län,2011,1.8776332832149547,28650,509504.5,,1.904627657247912,1.9040342811276278,False
01,Stockholms län,2012,1.8643486630484005,28932,516809.5,,1.873003433558828,1.8858585074888048,False
01,Stockholms län,2013,1.8770283544131285,29613,522695.0,,1.8599194095828955,1.8522113289633304,False
01,Stockholms län,2014,1.838381211287158,29496,527262.5,,1.8396915661844322,1.8321160709865019,False
01,Stockholms län,2015,1.8036651328530098,29380,531162.0,,1.8064011124903268,1.800272036900634,False
01,Stockholms län,2016,1.7771569933308125,29456,535743.5,,1.7619835396009609,1.7575440066972299,False
01,Stockholms län,2017,1.7051284926190606,28805,541790.0,,1.715224563115327,1.712696386527334,False
01,Stockholms län,2018,1.6633882033961078,28706,548750.0,,1.660886602150949,1.67043817842519,False
01,Stockholms län,2019,1.6141431104376784,28409,555708.0,,1.6233018020586927,1.6369819093964675,False
01,Stockholms län,2020,1.5923740923422915,28466,560162.5,,1.6054642836557231,1.5845306101228323,False
01,Stockholms län,2021,1.6098756481871992,29067,562846.0,,1.548373912260125,1.5314050979360025,False
01,Stockholms län,2022,1.4428719962508842,26355,566971.0,,1.483502762300014,1.4859111317632063,False
01,Stockholms län,2023,1.3977606424619589,25780,570402.0,,1.4091019727621805,,False
01,Stockholms län,2024,1.386673279573698,25657,573350.5,,,,False
03,Uppsala län,1968,2.1827978341447802,3559,49475.0,endast folkmängd 31 dec (ingen ingående folkmängd),,,False
03,Uppsala län,1969,2.0655502047639525,3458,50072.5,,2.088559842718453,,False
03,Uppsala län,1970,2.0173314892466254,3502,51093.5,,2.0561645913897384,2.0654834551509937,False
03,Uppsala län,1971,2.0856120801586386,3805,51903.0,,2.026356412282079,2.0090354899504375,False
03,Uppsala län,1972,1.9761256674409724,3670,52664.0,,1.987431918580537,1.9748490328531947,False
03,Uppsala län,1973,1.9005580081419993,3599,53367.0,,1.9237671982869031,1.9245390890802188,False
03,Uppsala län,1974,1.8946179192777377,3631,53900.5,,1.8536525659338274,1.8361575893925342,False
03,Uppsala län,1975,1.7657817703817458,3376,54194.5,,1.7680347571265662,1.757163582671239,False
03,Uppsala län,1976,1.6437045817202154,3137,54782.5,,1.6635473286454865,1.6817472509663254,False
03,Uppsala län,1977,1.5811556338344983,3065,55855.0,,1.5827788550573814,1.6233808567834838,False
03,Uppsala län,1978,1.5234763496174304,2981,57062.0,,1.5691393106051528,1.6056968228964323,False
03,Uppsala län,1979,1.6027859483635296,3147,58328.5,,1.6012079663091494,1.5923815457108526,False
03,Uppsala län,1980,1.6773616009464878,3287,59437.5,,1.619091915034111,1.5844853606409,False
03,Uppsala län,1981,1.5771281957923158,3097,60380.5,,1.5987215017411796,1.5959022476798232,False
03,Uppsala län,1982,1.5416747084847358,3015,61404.0,,1.5664545630296995,1.5934708855487483,False
03,Uppsala län,1983,1.5805607848120466,3073,62321.5,,1.5709548770016462,1.6149115715224887,False
03,Uppsala län,1984,1.5906291377081558,3070,63007.5,,1.651918317778464,1.6632919292593136,False
03,Uppsala län,1985,1.7845650308151892,3426,63769.0,,1.7314080509999286,1.7287296689542129,False
03,Uppsala län,1986,1.8190299844764406,3509,64783.0,,1.8241528074169537,1.7992212096222644,False
03,Uppsala län,1987,1.8688634069592314,3619,65894.0,,1.8736372931959924,1.8884730177084463,False
03,Uppsala län,1988,1.9330184881523054,3770,66887.0,,1.9462566910835344,1.9505824426131368,False
03,Uppsala län,1989,2.0368881781390664,4021,67994.0,,2.0216729405433376,2.0081180356587836,False
03,Uppsala län,1990,2.0951121553386405,4206,69239.0,,2.0795694277274603,2.037452119226659,False
03,Uppsala län,1991,2.106707949704675,4311,70435.5,,2.072451309947308,2.0352125361723146,False
03,Uppsala län,1992,2.0155338247986077,4209,71491.0,,2.014687449127955,2.005156352475601,False
03,Uppsala län,1993,1.921820572880583,4094,72392.5,,1.941320552444896,1.9250899063645672,False
03,Uppsala län,1994,1.886607259655497,4076,72978.0,,1.8344025857731845,1.8044687559775454,False
03,Uppsala län,1995,1.6947799247834736,3681,73026.0,,1.6949964607361787,1.6902197778475654,False
03,Uppsala län,1996,1.503602197769566,3252,72624.0,,1.547557018900582,1.593661321314141,False
03,Uppsala län,1997,1.4442889341487066,3123,72112.0,,1.4623064740439116,1.4899404077389364,False
03,Uppsala län,1998,1.4390282902134617,3091,71708.0,,1.4171066387138807,1.440037971908691,False
03,Uppsala län,1999,1.3680026917794739,2919,71281.0,,1.4174329092083944,1.4369779277525239,False
03,Uppsala län,2000,1.4452677456322474,3078,71142.5,,1.433857471466817,1.4579701627159207,False
03,Uppsala län,2001,1.4883019769887298,3180,71523.5,,1.4942732771955558,1.4925272568408419,False
03,Uppsala län,2002,1.5492501089656903,3322,71917.0,,1.549788615597496,1.5583992627572816,False
03,Uppsala län,2003,1.6118137608380678,3450,72194.0,,1.6194755303884767,1.5991415700590559,False
03,Uppsala län,2004,1.6973627213616722,3625,72609.0,,1.6527185881136195,1.6460980436066799,False
03,Uppsala län,2005,1.6489792821411184,3497,73088.5,,1.6898087827432136,1.6905954406185273,False
03,Uppsala län,2006,1.72308434472685,3679,74899.0,,1.7146002402976324,1.7440588397993058,False
03,Uppsala län,2007,1.7717370940249286,3825,76843.0,,1.7913173984979125,1.7674472994255541,False
03,Uppsala län,2008,1.8791307567419586,4069,77669.5,,1.8217242900866006,1.813557825510668,False
03,Uppsala län,2009,1.814305019492915,3965,78786.0,,1.8576558962671872,1.8285940489089305,False
03,Uppsala län,2010,1.8795319125666887,4141,79806.0,,1.8307007979259218,1.8429478766752294,False
03,Uppsala län,2011,1.7982654617181613,3999,80270.5,,1.8404345357137573,1.8135488221061695,False
03,Uppsala län,2012,1.8435062328564222,4124,80562.0,,1.791302392823748,1.7973277033431727,False
03,Uppsala län,2013,1.7321354838966605,3931,80873.0,,1.7696137141436712,1.7772511443774437,False
03,Uppsala län,2014,1.7331994256779313,3997,80981.5,,1.7481613424375448,1.7724155045610217,False
03,Uppsala län,2015,1.7791491177380427,4167,81199.5,,1.7621452686840087,1.7375026013118604,False
03,Uppsala län,2016,1.7740872626360524,4274,82036.5,,1.7407260323282363,1.7208855879258558,False
03,Uppsala län,2017,1.6689417166106135,4149,83298.5,,1.6973597987377682,1.6977311979805016,False
03,Uppsala län,2018,1.6490504169666385,4231,84851.0,,1.6451398698428037,1.6458835176286164,False
03,Uppsala län,2019,1.6174274759511598,4278,86652.0,,1.595462869632139,1.5982616933263802,False
03,Uppsala län,2020,1.5199107159786185,4142,88312.0,,1.5577721110182168,1.5460064138206806,False
03,Uppsala län,2021,1.5359781411248714,4261,90007.0,,1.4878513920618681,1.4813056737366064,False
03,Uppsala län,2022,1.407665319082114,3991,91865.5,,1.4230633922510847,1.4234503466464565,False
03,Uppsala län,2023,1.3255467165462684,3816,93546.0,,1.3537876253762642,,False
03,Uppsala län,2024,1.3281508405004103,3845,95014.0,,,,False
04,Södermanlands län,1968,2.1720231262746963,3615,54787.0,endast folkmängd 31 dec (ingen ingående folkmängd),,,False
04,Södermanlands län,1969,2.0037053631878208,3376,55125.0,,2.018160321168907,,False
04,Södermanlands län,1970,1.8787524740442045,3246,55664.5,,1.9528803607870906,1.984837704709977,False
04,Södermanlands län,1971,1.9761832451292471,3478,55773.5,,1.9161533446957895,1.9262445123997936,False
04,Södermanlands län,1972,1.8935243149139163,3344,55501.0,,1.916254908255648,1.912904161183168,False
04,Södermanlands län,1973,1.87905716472378,3307,55301.5,,1.9031950289141297,1.8887388064703117,False
04,Södermanlands län,1974,1.9370036071046928,3385,55365.0,,1.857995490769465,1.8177524289134506,False
04,Södermanlands län,1975,1.7579257004799222,3075,55563.0,,1.7720602216431853,1.7626231045359138,False
04,Södermanlands län,1976,1.6212513573449414,2819,55732.5,,1.6656849169503654,1.7153971145416225,False
04,Södermanlands län,1977,1.6178776930262324,2775,55835.0,,1.6273520883744992,1.6675694435616073,False
04,Södermanlands län,1978,1.6429272147523237,2788,56003.5,,1.6528900533277247,1.6527811987534922,False
04,Södermanlands län,1979,1.6978652522046174,2859,56391.5,,1.6749256477987622,1.663841352643392,False
04,Södermanlands län,1980,1.683984476439346,2805,56944.5,,1.6861339518128011,1.6661341609972773,False
04,Södermanlands län,1981,1.6765521267944403,2769,57372.5,,1.6632927793431487,1.6697322942583928,False
04,Södermanlands län,1982,1.62934173479566,2647,57696.5,,1.6556039142160006,1.6704147429515017,False
04,Södermanlands län,1983,1.6609178810579006,2661,57971.0,,1.6638457038412409,1.6922722543899362,False
04,Södermanlands län,1984,1.7012774956701628,2694,58110.5,,1.7184891367865267,1.7242371822619016,False
04,Södermanlands län,1985,1.7932720336315167,2813,58064.0,,1.7769754318186493,1.7774489812407572,False
04,Södermanlands län,1986,1.8363767661542685,2851,58001.5,,1.841683176491908,1.8514210824796566,False
04,Södermanlands län,1987,1.8954007296899387,2936,58163.0,,1.920851961032201,1.9393094086665528,False
04,Södermanlands län,1988,2.030778387252396,3157,58420.0,,2.0222994145156594,2.0344381233671207,False
04,Södermanlands län,1989,2.1407191266046435,3366,58806.5,,2.1468043736637985,2.1132726544602347,False
04,Södermanlands län,1990,2.2689156071343564,3605,59311.5,,2.213394718452947,2.1634220611518864,False
04,Södermanlands län,1991,2.2305494216198407,3576,59519.0,,2.2152042639674643,2.182902383829635,False
04,Södermanlands län,1992,2.146147763148196,3439,59342.5,,2.168292395136392,2.1442823430379248,False
04,Södermanlands län,1993,2.128180000641139,3417,59064.0,,2.073982228811809,2.0555750309735736,False
04,Södermanlands län,1994,1.947618922646092,3122,58600.0,,1.9670593233666107,1.9453774390982332,False
04,Södermanlands län,1995,1.8253790468126005,2888,57764.5,,1.8175198105672774,1.8230356841383497,False
04,Södermanlands län,1996,1.6795614622431396,2615,56671.0,,1.6797931658015053,1.7001496112324586,False
04,Södermanlands län,1997,1.5344389883487761,2347,55606.0,,1.5759166955678667,1.6284546204082369,False
04,Södermanlands län,1998,1.5137496361116842,2282,54809.5,,1.5457775309951478,1.5916960463567758,False
04,Södermanlands län,1999,1.5891439685249829,2368,54256.0,,1.5814932603973209,1.5924767673052134,False
04,Södermanlands län,2000,1.641586176555296,2420,53898.0,,1.6380650706885358,1.6432482382619196,False
04,Södermanlands län,2001,1.6834650669853277,2470,53782.0,,1.7044491955576435,1.7144495259746826,False
04,Södermanlands län,2002,1.788296343132307,2597,53934.5,,1.780505828264378,1.7596576370423933,False
04,Södermanlands län,2003,1.8697560746754995,2714,54259.0,,1.8244123138904476,1.8054072061698168,False
04,Södermanlands län,2004,1.8151845238635362,2619,54543.0,,1.851758206910483,1.857953999584169,False
04,Södermanlands län,2005,1.870334022192413,2664,54798.5,,1.8772391933710129,1.905309333027359,False
04,Södermanlands län,2006,1.946199034057089,2762,55089.5,,1.947202022199253,1.9291902652978723,False
04,Södermanlands län,2007,2.0250730103482577,2865,55511.0,,1.9868109268111376,1.9619853756408685,False
04,Södermanlands län,2008,1.9891607360280663,2833,56189.0,,1.997797940651613,2.0012090246147607,False
04,Södermanlands län,2009,1.9791600755785153,2863,56768.0,,2.0115910262228183,2.004387092011774,False
04,Södermanlands län,2010,2.0664522670618743,3003,57095.0,,2.0025672378941817,2.0023710639473755,False
04,Södermanlands län,2011,1.9620893710421559,2891,57307.5,,2.014511502710098,2.0050941270812337,False
04,Södermanlands län,2012,2.014992870026265,3010,57360.0,,1.9932860975885927,2.017749690951013,False
04,Södermanlands län,2013,2.002776051697358,3024,57429.0,,2.020068938883678,2.007949522092442,False
04,Södermanlands län,2014,2.0424378949274122,3151,57460.5,,2.0208884564645966,2.0228712698084585,False
04,Södermanlands län,2015,2.0174514227690206,3161,57431.0,,2.0321958091062227,2.0217076321391554,False
04,Södermanlands län,2016,2.036698109622236,3266,57668.5,,2.0211080713570024,2.0091208921110235,False
04,Södermanlands län,2017,2.009174681679752,3291,58029.5,,1.9952383809528944,1.973369069994471,False
04,Södermanlands län,2018,1.939842351556696,3227,58432.5,,1.9375652725270325,1.9227821469263595,False
04,Södermanlands län,2019,1.86367878434465,3134,58859.5,,1.856012647776603,1.8695830392161668,False
04,Södermanlands län,2020,1.7645168074284645,3013,59194.0,,1.7996327209481284,1.8018642980083104,False
04,Södermanlands län,2021,1.7707025710712716,3045,59530.0,,1.735266784713402,1.7070879716399472,False
04,Södermanlands län,2022,1.670580975640471,2876,59697.0,,1.6357480888088733,1.6375260967440368,False
04,Södermanlands län,2023,1.465960719714878,2526,59614.0,,1.550803701740149,,False
04,Södermanlands län,2024,1.5158694098650989,2569,59371.0,,,,False
05,Östergötlands län,1968,2.069976841611178,5184,85150.0,endast folkmängd 31 dec (ingen ingående folkmängd),,,False
05,Östergötlands län,1969,1.9541391282010598,4957,85606.5,,2.0239378213244685,,False
05,Östergötlands län,1970,2.047697494161167,5369,86220.0,,2.0056097872453984,2.003626070226314,False
05,Östergötlands län,1971,2.0149927393739686,5402,86253.0,,1.9980047937731102,1.9769230384928431,False
05,Östergötlands län,1972,1.931324147784195,5260,86091.5,,1.9609261900339956,1.975424055850538,False
05,Östergötlands län,1973,1.936461682943824,5317,86022.5,,1.9381433485725184,1.9255742161803115,False
05,Östergötlands län,1974,1.9466442149895358,5333,85806.5,,1.8938513979144649,1.8666856519023916,False
05,Östergötlands län,1975,1.7984482958100354,4904,85602.5,,1.8218808095946464,1.8264229501241267,False
05,Östergötlands län,1976,1.7205499179843682,4694,85886.5,,1.7496696175624251,1.7670945469585715,False
05,Östergötlands län,1977,1.730010638892871,4706,86453.0,,1.696793407997762,1.716395708558225,False
05,Östergötlands län,1978,1.639819667116046,4456,86916.5,,1.6876601096655743,1.7053766773703014,False
05,Östergötlands län,1979,1.6931500229878054,4574,87508.0,,1.6921076099914227,1.6899998527760958,False
05,Östergötlands län,1980,1.7433531398704163,4660,88280.0,,1.6933896526238537,1.6669311672842515,False
05,Östergötlands län,1981,1.6436657950133393,4366,89005.0,,1.6672287154391352,1.6648826966714771,False
05,Östergötlands län,1982,1.6146672114336498,4247,89648.5,,1.629303440166388,1.6505154509424578,False
05,Östergötlands län,1983,1.629577314052175,4236,90208.0,,1.621852773276178,1.6587671696544486,False
05,Östergötlands län,1984,1.6213137943427094,4203,90801.5,,1.678500947275085,1.7079211186613847,False
05,Östergötlands län,1985,1.7846117334303704,4612,91435.0,,1.7651203559403665,1.768046041041418,False
05,Östergötlands län,1986,1.8894355400480198,4889,92072.5,,1.8631130322707357,1.84561094233024,False
05,Östergötlands län,1987,1.9152918233338165,4955,92677.5,,1.940709727959373,1.9282874770161005,False
05,Östergötlands län,1988,2.0174018204962834,5229,93221.5,,1.9891300372007041,2.01034609868157,False
05,Östergötlands län,1989,2.0346964677720125,5317,93850.0,,2.082334376675338,2.0643582113268883,False
05,Östergötlands län,1990,2.1949048417577184,5806,94605.0,,2.129699137601447,2.1089709033645496,False
05,Östergötlands län,1991,2.159496103274611,5778,95190.0,,2.164252076184818,2.121376644366683,False
05,Östergötlands län,1992,2.138355283522124,5763,95286.0,,2.1257606374345612,2.1017426971742985,False
05,Östergötlands län,1993,2.079430525506949,5646,95199.0,,2.051437513613054,2.024429703133038,False
05,Östergötlands län,1994,1.9365267318100892,5305,95290.5,,1.9414323762894845,1.929178561402687,False
05,Östergötlands län,1995,1.8083398715514158,4953,95052.5,,1.8093689993281206,1.8107095586795434,False
05,Östergötlands län,1996,1.6832403946228565,4579,94208.0,,1.6791968453602262,1.691024681928678,False
05,Östergötlands län,1997,1.546010269906406,4175,93086.0,,1.5700856020939618,1.601245011141554,False
05,Östergötlands län,1998,1.481006141752623,3957,91822.5,,1.5048815965111657,1.5451363430765044,False
05,Östergötlands län,1999,1.487628377874468,3920,90552.5,,1.4988103502844197,1.5115174470000923,False
05,Östergötlands län,2000,1.5277965312261679,3990,89760.5,,1.5101902744471445,1.5267813707248834,False
05,Östergötlands län,2001,1.5151459142407968,3940,89711.5,,1.5550907779991083,1.5630217500739358,False
05,Östergötlands län,2002,1.6223298885303605,4204,89954.0,,1.5998946137563477,1.6035656578958402,False
05,Östergötlands län,2003,1.6622080384978855,4292,90246.0,,1.6582952813374117,1.645626455179484,False
05,Östergötlands län,2004,1.6903479169839895,4341,90693.5,,1.6968854910420872,1.7037338833302367,False
05,Östergötlands län,2005,1.7381005176443869,4430,91158.5,,1.7447104965409792,1.7447208808297536,False
05,Östergötlands län,2006,1.8056830549945613,4575,91736.0,,1.7903494828889643,1.78171114680792,False
05,Östergötlands län,2007,1.827264876027945,4622,92537.5,,1.8267024331370745,1.8287180936942171,False
05,Östergötlands län,2008,1.8471593683887175,4671,93283.0,,1.8666022986107123,1.8720882085041421,False
05,Östergötlands län,2009,1.9253826514154742,4877,94225.5,,1.9091643704994015,1.8826620486282042,False
05,Östergötlands län,2010,1.9549510916940123,5001,95075.0,,1.9129619995747864,1.912107708786135,False
05,Östergötlands län,2011,1.8585522556148728,4770,95388.5,,1.9293321747088275,1.9297583554910536,False
05,Östergötlands län,2012,1.9744931768175975,5085,95523.5,,1.9228193447819273,1.9259242498976925,False
05,Östergötlands län,2013,1.935412601913311,5050,95768.5,,1.9387059673931926,1.9142409544153494,False
05,Östergötlands län,2014,1.9062121234486686,5083,96058.5,,1.9127197798814255,1.921807199358037,False
05,Östergötlands län,2015,1.8965346142822967,5129,96080.5,,1.8997100726864258,1.8822054630969234,False
05,Östergötlands län,2016,1.896383480328312,5227,96220.0,,1.8564675300408797,1.8395689884103763,False
05,Östergötlands län,2017,1.7764844955120298,5009,96789.0,,1.7983660681069722,1.8012601492993743,False
05,Östergötlands län,2018,1.7222302284805748,4989,97409.5,,1.7377942172954206,1.748163394848536,False
05,Östergötlands län,2019,1.7146679278936565,5035,97996.5,,1.6893163328007794,1.7058607810723387,False
05,Östergötlands län,2020,1.631050842028107,4855,98457.0,,1.6768630604563635,1.6530194355889773,False
05,Östergötlands län,2021,1.6848704114473265,5035,98846.0,,1.6093996738568848,1.5949932358286047,False
05,Östergötlands län,2022,1.512277768095221,4535,99342.0,,1.5430824697404202,1.536443699136947,False
05,Östergötlands län,2023,1.432099229678713,4294,99593.5,,1.455432414069767,,False
05,Östergötlands län,2024,1.4219202444353671,4242,99594.0,,,,False
06,Jönköpings län,1968,2.2712018487579853,4496,68996.0,endast folkmängd 31 dec (ingen ingående folkmängd),,,False
06,Jönköpings län,1969,2.16709313544395,4355,69278.5,,2.1967119926963576,,False
06,Jönköpings län,1970,2.151840993887137,4431,69548.5,,2.168624989500611,2.166105525754871,False
06,Jönköpings län,1971,2.186940839170746,4549,69201.5,,2.1307442148574727,2.121827712719165,False
06,Jönköpings län,1972,2.0534508115145362,4305,68872.0,,2.09673481142158,2.091184668155317,False
06,Jönköpings län,1973,2.049812783579457,4327,68777.0,,2.039047169239567,2.0399562358961303,False
06,Jönköpings län,1974,2.0138779126247077,4260,68701.5,,1.9864631762651233,1.9731736262844752,False
06,Jönköpings län,1975,1.8956988325912059,4022,68666.0,,1.920868178776127,1.9406862675619394,False
06,Jönköpings län,1976,1.853027791112468,3902,68596.5,,1.8799135472018442,1.8814007550334655,False
06,Jönköpings län,1977,1.8910140179018589,3959,68697.0,,1.832475676650471,1.846418296285289,False
06,Jönköpings län,1978,1.7533852209370862,3666,68911.5,,1.8277882859075902,1.8324512735935667,False
06,Jönköpings län,1979,1.8389656188838261,3821,69259.5,,1.8060715196511687,1.8092382975362074,False
06,Jönköpings län,1980,1.825863719132594,3772,69819.0,,1.800597416280697,1.7858475054343674,False
06,Jönköpings län,1981,1.7369629108256714,3565,70352.5,,1.7789622291169749,1.8075835815366337,False
06,Jönköpings län,1982,1.774060057392659,3594,70673.0,,1.7910295232222493,1.8101212761159438,False
06,Jönköpings län,1983,1.862065601448417,3718,70909.5,,1.829259916873818,1.836969292187904,False
06,Jönköpings län,1984,1.8516540917803779,3660,71175.5,,1.89127449757373,1.8907294373585735,False
06,Jönköpings län,1985,1.960103799492395,3842,71441.5,,1.9391738426505973,1.941052314089998,False
06,Jönköpings län,1986,2.0057636366790184,3923,71787.0,,1.997180625740399,2.006044015771869,False
06,Jönköpings län,1987,2.0256744410497824,3963,72285.5,,2.0728207291955236,2.0659837315519782,False
06,Jönköpings län,1988,2.18702410985777,4323,72822.5,,2.121350407196159,2.137867900356356,False
06,Jönköpings län,1989,2.1513526706809247,4300,73366.0,,2.2193004746843266,2.210107295462662,False
06,Jönköpings län,1990,2.3195246435142853,4693,73832.5,,2.2792793088019194,2.269259768458851,False
06,Jönköpings län,1991,2.366960612210548,4825,74093.5,,2.335974020585187,2.2828077303972223,False
06,Jönköpings län,1992,2.3214368060307278,4739,73962.5,,2.3143871125969673,2.2598623366815316,False
06,Jönköpings län,1993,2.2547639195496254,4611,73592.0,,2.204275475894275,2.168553366406271,False
06,Jönköpings län,1994,2.036625702102472,4192,73331.0,,2.0514564712633594,2.0372189813956396,False
06,Jönköpings län,1995,1.8629797921379816,3840,72949.5,,1.869964727132615,1.9022917298992383,False
06,Jönköpings län,1996,1.7102886871573908,3511,72281.5,,1.7400230092813647,1.7864099056799325,False
06,Jönköpings län,1997,1.6468005485487214,3358,71467.0,,1.6774813447197365,1.6956084554863349,False
06,Jönköpings län,1998,1.6753547984530974,3390,70796.0,,1.6349245993787676,1.6480899759941388,False
06,Jönköpings län,1999,1.5826184511344836,3178,70261.0,,1.627786881421527,1.6468066413107798,False
06,Jönköpings län,2000,1.6253873946769997,3239,69990.5,,1.6372926198506932,1.6781883453823148,False
06,Jönköpings län,2001,1.7038720137405967,3353,69971.0,,1.7109894924413311,1.710555171530461,False
06,Jönköpings län,2002,1.8037090689063977,3513,69953.5,,1.781590003946941,1.778516816917498,False
06,Jönköpings län,2003,1.8371889291938284,3551,70115.0,,1.8544415587232976,1.8320711799479912,False
06,Jönköpings län,2004,1.9224266780696664,3681,70372.0,,1.8842582723643206,1.8827443074244876,False
06,Jönköpings län,2005,1.8931592098294674,3583,70714.5,,1.9242745130074035,1.9178614428756766,False
06,Jönköpings län,2006,1.9572376511230773,3679,71296.0,,1.9432305357049628,1.9554627879606485,False
06,Jönköpings län,2007,1.9792947461623442,3732,72069.0,,1.9872426839680362,1.9790665109755348,False
06,Jönköpings län,2008,2.0251956546186873,3814,72884.0,,2.01497856464171,2.02063903649225,False
06,Jönköpings län,2009,2.0404452931440984,3842,73358.0,,2.055554261725277,2.050627397974334,False
06,Jönköpings län,2010,2.1010218374130445,3970,73433.0,,2.0828821963635455,2.0624298200845113,False
06,Jönköpings län,2011,2.1071794585334946,4005,73320.0,,2.0821693842199234,2.0602012239065415,False
06,Jönköpings län,2012,2.03830685671323,3911,73082.5,,2.0531796629918553,2.062620074311759,False
06,Jönköpings län,2013,2.0140526737288416,3907,72928.5,,2.0349663585374187,2.0466433320138715,False
06,Jönköpings län,2014,2.052539545170183,4047,72812.5,,2.029243448274211,2.030456452617178,False
06,Jönköpings län,2015,2.021138125923608,4083,72742.0,,2.0333075775479394,2.008173473863322,False
06,Jönköpings län,2016,2.0262450615500263,4192,73039.5,,1.9914250501391952,1.992178834389326,False
06,Jönköpings län,2017,1.9268919629439505,4087,73612.0,,1.9624055002842795,1.9518436659785425,False
06,Jönköpings län,2018,1.9340794763588622,4201,74068.5,,1.9039450474730264,1.9208898783854775,False
06,Jönköpings län,2019,1.850863703116266,4090,74418.5,,1.8837707891444702,1.8752990107952843,False
06,Jönköpings län,2020,1.8663691879582824,4162,74622.0,,1.83850787155787,1.8203293932659559,False
06,Jönköpings län,2021,1.798290723599061,4039,74679.0,,1.772234595618217,1.7525060121649827,False
06,Jönköpings län,2022,1.652043875297308,3722,74925.0,,1.6817657232501215,1.6933718843125505,False
06,Jönköpings län,2023,1.5949625708539954,3581,75083.5,,1.600733170001803,,False
06,Jönköpings län,2024,1.5551930638541058,3468,75249.5,,,,False
07,Kronobergs län,1968,2.3402145350810586,2434,35766.0,endast folkmängd 31 dec (ingen ingående folkmängd),,,False
07,Kronobergs län,1969,2.194165214822903,2314,36112.0,,2.226694225944438,,False
07,Kronobergs län,1970,2.145702927929352,2326,36548.0,,2.17207755986215,2.174165168726714,False
07,Kronobergs län,1971,2.1763645368341944,2416,36647.5,,2.11214869790987,2.109005771522265,False
07,Kronobergs län,1972,2.0143786289660626,2257,36629.0,,2.068386904953023,2.085788454406346,False
07,Kronobergs län,1973,2.0144175490588117,2276,36615.0,,2.0356249357560605,2.0527131874528317,False
07,Kronobergs län,1974,2.0780786292433073,2366,36585.0,,2.024274257154634,1.991854870408034,False
07,Kronobergs län,1975,1.980326593161784,2250,36530.0,,1.9768260580050987,1.954159199063247,False
07,Kronobergs län,1976,1.8720729516102048,2132,36614.5,,1.892766605671372,1.9089018010519534,False
07,Kronobergs län,1977,1.8259002722421271,2079,36837.0,,1.8287012609515587,1.8668950372571715,False
07,Kronobergs län,1978,1.7881305590023444,2030,37063.5,,1.8273585471712896,1.8306047508424785,False
07,Kronobergs län,1979,1.8680448102693972,2111,37357.0,,1.8183501767866872,1.8123700843489765,False
07,Kronobergs län,1980,1.7988751610883196,2043,37841.5,,1.8159398635001367,1.8019155880847033,False
07,Kronobergs län,1981,1.7808996191426942,2021,38308.5,,1.784467523717259,1.7950764602537599,False
07,Kronobergs län,1982,1.7736277909207623,1995,38574.0,,1.7694874433036942,1.773192875688228,False
07,Kronobergs län,1983,1.7539349198476262,1961,38837.0,,1.7620631994033753,1.7781893269160651,False
07,Kronobergs län,1984,1.7586268874417377,1946,39088.0,,1.7788064081722899,1.8057805551578965,False
07,Kronobergs län,1985,1.823857417227505,2002,39193.5,,1.8337800216736984,1.8488007652698522,False
07,Kronobergs län,1986,1.9188557603518521,2079,39310.0,,1.9104806730199655,1.9053600519168246,False
07,Kronobergs län,1987,1.988728841480539,2138,39439.5,,1.9814386516382934,1.9641440742924245,False
07,Kronobergs län,1988,2.036731353082489,2197,39758.0,,2.0260023979609216,2.038340859079226,False
07,Kronobergs län,1989,2.052546999319738,2234,40186.0,,2.0947065645212457,2.0893788696395954,False
07,Kronobergs län,1990,2.19484134116151,2411,40531.0,,2.1404780512116504,2.1378098121757434,False
07,Kronobergs län,1991,2.1740458131537026,2401,40809.0,,2.1999235694921637,2.138910439358747,False
07,Kronobergs län,1992,2.230883554161279,2460,40799.5,,2.149054618770829,2.1142754151682635,False
07,Kronobergs län,1993,2.0422344889975053,2257,40738.5,,2.067496640508702,2.038330366900098,False
07,Kronobergs län,1994,1.929371878367321,2153,40763.0,,1.928907489061836,1.9273430687542574,False
07,Kronobergs län,1995,1.8151160998206817,2035,40567.5,,1.7878657668708344,1.8012496770498205,False
07,Kronobergs län,1996,1.6191093224245003,1802,40071.0,,1.6782140059614257,1.7054510146689688,False
07,Kronobergs län,1997,1.600416595639095,1764,39506.5,,1.5942556983856135,1.6262371378833556,False
07,Kronobergs län,1998,1.563241177093245,1704,38985.5,,1.5656534223905318,1.5596265805091807,False
07,Kronobergs län,1999,1.5333024944392564,1645,38449.0,,1.5262023281607693,1.5539305662937426,False
07,Kronobergs län,2000,1.4820633129498062,1570,38042.5,,1.5353316862454578,1.5757235238533813,False
07,Kronobergs län,2001,1.5906292513473106,1675,37841.0,,1.5940246492448018,1.6110193508500763,False
07,Kronobergs län,2002,1.7093813834372884,1782,37763.0,,1.6799103156204396,1.668331503814557,False
07,Kronobergs län,2003,1.7397203120767202,1809,37855.5,,1.7563216515918894,1.7281568173632604,False
07,Kronobergs län,2004,1.8198632592616595,1887,38021.0,,1.7802578173439008,1.796331009657464,False
07,Kronobergs län,2005,1.7811898806933228,1842,38156.5,,1.844184450924437,1.8320576278944891,False
07,Kronobergs län,2006,1.9315002128183292,1993,38328.5,,1.8669015227113552,1.8766389185348522,False
07,Kronobergs län,2007,1.8880144746224137,1957,38627.0,,1.9273804842397597,1.9069333733290796,False
07,Kronobergs län,2008,1.9626267652785367,2040,39018.5,,1.9406589243779155,1.9582984729813162,False
07,Kronobergs län,2009,1.9713355332327962,2062,39256.0,,1.9906592258219462,1.9504155935783953,False
07,Kronobergs län,2010,2.0380153789545052,2129,39335.5,,1.967145575997009,1.9676882732607617,False
07,Kronobergs län,2011,1.8920858158037253,1984,39330.5,,1.9681596892641584,1.9749210052359143,False
07,Kronobergs län,2012,1.9743778730342447,2089,39409.0,,1.9550847046640902,1.976999026270427,False
07,Kronobergs län,2013,1.9987904251543007,2141,39491.0,,1.9849646455313013,1.952918916996314,False
07,Kronobergs län,2014,1.9817256384053585,2160,39509.0,,1.9660436320478667,1.9817636950549145,False
07,Kronobergs län,2015,1.9176148325839404,2133,39630.5,,1.9785500590286749,1.9716441931803508,False
07,Kronobergs län,2016,2.036309706096726,2331,39934.5,,1.9592349674473652,1.9446900146226838,False
07,Kronobergs län,2017,1.9237803636614292,2258,40437.0,,1.941369867374707,1.9262307029104513,False
07,Kronobergs län,2018,1.8640195323659656,2248,40885.0,,1.8924096586238635,1.9252083756861293,False
07,Kronobergs län,2019,1.889429079844195,2308,41135.5,,1.88865060289083,1.886373466977938,False
07,Kronobergs län,2020,1.9125031964623296,2349,41323.0,,1.8813558129540982,1.8333454948816303,False
07,Kronobergs län,2021,1.8421351625557698,2269,41518.0,,1.8044262873993298,1.781580257998867,False
07,Kronobergs län,2022,1.6586405031798903,2041,41686.0,,1.70198967122927,1.7099035461301664,False
07,Kronobergs län,2023,1.6051933479521499,1963,41673.5,,1.5982931238775777,,False
07,Kronobergs län,2024,1.531045520500693,1836,41580.5,,,,False
08,Kalmar län,1968,2.13717263227521,3180,51436.0,endast folkmängd 31 dec (ingen ingående folkmängd),,,False
08,Kalmar län,1969,2.0254503404989737,3029,51579.0,,2.0670844059283633,,False
08,Kalmar län,1970,2.038630245010906,3114,51545.5,,2.0217806995883554,2.0318412589688526,False
08,Kalmar län,1971,2.0012615132551876,3081,51178.0,,1.9988611073566938,1.996548275761938,False
08,Kalmar län,1972,1.956691563803987,3011,50794.0,,1.9728869310999364,1.980499810760048,False
08,Kalmar län,1973,1.9607077162406348,3020,50539.5,,1.954202431844715,1.939518245299243,False
08,Kalmar län,1974,1.9452080154895237,2992,50464.0,,1.9132127164790138,1.8909921013720965,False
08,Kalmar län,1975,1.8337224177068825,2826,50452.0,,1.8458537422719534,1.8474090436226007,False
08,Kalmar län,1976,1.7586307936194545,2698,50455.0,,1.7770431621276146,1.7849939333261062,False
08,Kalmar län,1977,1.7387762750565072,2659,50628.5,,1.715346411144708,1.7517775598515162,False
08,Kalmar län,1978,1.6486321647581628,2508,50925.0,,1.7221781959770812,1.7270493194663996,False
08,Kalmar län,1979,1.7791261481165739,2699,51288.5,,1.7126131762186787,1.7287587615896285,False
08,Kalmar län,1980,1.7100812157812992,2583,51762.0,,1.752128456044491,1.7306127118253696,False
08,Kalmar län,1981,1.7671780042356,2651,52143.5,,1.74176841541737,1.7377455142170313,False
08,Kalmar län,1982,1.7480460262352109,2596,52464.0,,1.7331734023957612,1.7391748834250742,False
08,Kalmar län,1983,1.6842961767164728,2486,52730.0,,1.7395383990361568,1.7784537178086404,False
08,Kalmar län,1984,1.786272994156787,2612,52787.0,,1.7923481861907973,1.7973839456924683,False
08,Kalmar län,1985,1.9064753876991312,2750,52647.0,,1.8515258418368858,1.8374057115258993,False
08,Kalmar län,1986,1.8618291436547396,2664,52523.5,,1.905486462252079,1.9129296936427242,False
08,Kalmar län,1987,1.948154855402366,2761,52599.5,,1.957300028785901,1.9849922231299473,False
08,Kalmar län,1988,2.061916087300597,2927,52764.5,,2.052218861431955,2.0714289149894625,False
08,Kalmar län,1989,2.1465856415929014,3055,53040.0,,2.182386858630069,2.152200647162109,False
08,Kalmar län,1990,2.338658846996708,3368,53421.0,,2.2503107643691944,2.2159542270067876,False
08,Kalmar län,1991,2.265687804517974,3287,53598.5,,2.2904231353801463,2.240803613071723,False
08,Kalmar län,1992,2.266922754625756,3284,53432.0,,2.2395911922563356,2.2039640518751717,False
08,Kalmar län,1993,2.1861630176252764,3158,53110.0,,2.138491202620392,2.1011941497639546,False
08,Kalmar län,1994,1.9623878356101434,2845,52889.5,,1.9911200632253474,1.9703737603455653,False
08,Kalmar län,1995,1.8248093364406226,2635,52471.0,,1.7995943431589314,1.8097213429182843,False
08,Kalmar län,1996,1.6115858574260278,2302,51737.0,,1.6333519537853345,1.6716840391701624,False
08,Kalmar län,1997,1.4636606674893522,2057,50930.5,,1.5237410079333487,1.5760532416726694,False
08,Kalmar län,1998,1.4959764988846653,2061,49945.5,,1.4812903381655655,1.5253760910361736,False
08,Kalmar län,1999,1.4842338481226791,1991,48996.0,,1.517211310088496,1.5137738395441926,False
08,Kalmar län,2000,1.571423583258144,2062,48392.0,,1.536410677115649,1.5520485964294664,False
08,Kalmar län,2001,1.553574599966123,2011,48004.0,,1.5933442117133294,1.5844234646268225,False
08,Kalmar län,2002,1.6550344519157207,2100,47864.0,,1.6221532972510968,1.628236100688908,False
08,Kalmar län,2003,1.657850839871446,2075,47976.0,,1.6720607734067574,1.6631570637102104,False
08,Kalmar län,2004,1.703297028433105,2099,48041.5,,1.7023920888897361,1.7173961031728033,False
08,Kalmar län,2005,1.7460283983646572,2114,48008.0,,1.7580317413589501,1.7583985201084544,False
08,Kalmar län,2006,1.8247697972790873,2186,47998.5,,1.8102815774125742,1.79804498153189,False
08,Kalmar län,2007,1.8600465365939776,2210,48083.0,,1.8469664936205623,1.8432986317558135,False
08,Kalmar län,2008,1.856083146988622,2195,48090.0,,1.8818983210451081,1.893188171540767,False
08,Kalmar län,2009,1.9295652795527243,2262,47932.5,,1.9270415079435903,1.9025233472402996,False
08,Kalmar län,2010,1.9954760972894245,2345,47755.5,,1.9321623508729662,1.9374880151796365,False
08,Kalmar län,2011,1.87144567577675,2211,47463.0,,1.9672638831189457,1.9542243635262928,False
08,Kalmar län,2012,2.0348698762906623,2396,47082.0,,1.948693480263105,1.958945519482807,False
08,Kalmar län,2013,1.9397648887219023,2329,46667.0,,1.9759352747826207,1.9554955716335116,False
08,Kalmar län,2014,1.9531710593352967,2372,46249.0,,1.957054102033382,1.9688739055191902,False
08,Kalmar län,2015,1.9782263580429467,2464,46034.0,,1.956578254194462,1.9459578923465615,False
08,Kalmar län,2016,1.9383373452051427,2488,46252.5,,1.9456178378918692,1.938422987874252,False
08,Kalmar län,2017,1.920289810427518,2541,46443.0,,1.920239173997672,1.9058332188009133,False
08,Kalmar län,2018,1.9020903663603557,2543,46266.5,,1.8708674635854925,1.8798867440029248,False
08,Kalmar län,2019,1.7902222139686035,2407,46085.5,,1.8469355214606547,1.8547217490520045,False
08,Kalmar län,2020,1.8484939840530046,2501,45950.5,,1.817076189490716,1.7910248320474476,False
08,Kalmar län,2021,1.81251237045054,2460,45938.5,,1.7542705266360932,1.7247669470305156,False
08,Kalmar län,2022,1.6018052254047348,2176,45999.0,,1.6617061790436563,1.6734652654792452,False
08,Kalmar län,2023,1.5708009412756943,2108,45770.5,,1.5687733242975603,,False
08,Kalmar län,2024,1.5337138062122513,2026,45616.0,,,,False
09,Gotlands län,1968,2.2317836933175355,751,11550.0,endast folkmängd 31 dec (ingen ingående folkmängd),,,False
09,Gotlands län,1969,2.01835399399022,685,11603.0,,2.0612166182948237,,False
09,Gotlands län,1970,1.9335121675767153,676,11584.0,,2.036439735036545,2.0905148775915996,False
09,Gotlands län,1971,2.1574530435427,753,11510.0,,2.0674789002167473,2.0477108910313397,False
09,Gotlands län,1972,2.111471489530827,739,11530.5,,2.0955627645299213,2.055280327184728,False
09,Gotlands län,1973,2.0177637605162366,719,11592.0,,2.061812141601409,2.0229541830406945,False
09,Gotlands län,1974,2.0562011747571622,745,11689.5,,1.9486154607099824,1.9344162906489615,False
09,Gotlands län,1975,1.7718814468565478,651,11809.5,,1.8476154010659147,1.8817590816175955,False
09,Gotlands län,1976,1.714763581584033,633,11930.0,,1.778276824271526,1.7928925430691536,False
09,Gotlands län,1977,1.8481854443739967,692,12001.0,,1.712126697910686,1.7531944114034546,False
09,Gotlands län,1978,1.5734310677740273,585,12083.5,,1.7597756761922305,1.7444988563654793,False
09,Gotlands län,1979,1.857710516428667,696,12256.0,,1.7198484186231224,1.7729759859673546,False
09,Gotlands län,1980,1.7284036716666724,653,12435.0,,1.814421139229583,1.771466180484267,False
09,Gotlands län,1981,1.8571492295934102,698,12568.0,,1.8087297727395468,1.8158331235024838,False
09,Gotlands län,1982,1.8406364169585576,696,12727.5,,1.8310171431390267,1.8006916555581618,False
09,Gotlands län,1983,1.7952657828651115,680,12873.5,,1.8059684588435758,1.8044583630930098,False
09,Gotlands län,1984,1.782003176707058,677,12954.5,,1.7748353896376938,1.7957058005401976,False
09,Gotlands län,1985,1.747237209340911,663,13014.0,,1.7808756009591062,1.8167303172909093,False
09,Gotlands län,1986,1.8133864168293492,682,13064.0,,1.835460875627459,1.8896175510904978,False
09,Gotlands län,1987,1.9457590007121173,730,13139.0,,1.97294912313484,1.963469743477916,False
09,Gotlands län,1988,2.159701951863053,806,13193.0,,2.08557503040644,2.1148224975422956,False
09,Gotlands län,1989,2.15126413864415,804,13280.5,,2.2716556900566705,2.1811299466445857,False
09,Gotlands län,1990,2.5040009796628087,933,13337.0,,2.266729593549253,2.225890856890426,False
09,Gotlands län,1991,2.1449236623408,794,13272.5,,2.2728293979816425,2.2030678238551915,False
09,Gotlands län,1992,2.169563551941319,796,13220.0,,2.1200246669896665,2.1666668672931855,False
09,Gotlands län,1993,2.04558678668688,745,13159.0,,2.061469898154107,2.007049890930923,False
09,Gotlands län,1994,1.96925935583412,712,13146.0,,1.9069207467908325,1.8937741169910844,False
09,Gotlands län,1995,1.7059160978514964,616,13097.5,,1.7512400821090743,1.7709363606609607,False
09,Gotlands län,1996,1.578544792641606,559,12938.0,,1.6132785535946015,1.6328863967749139,False
09,Gotlands län,1997,1.5553747702907013,542,12790.0,,1.4964188433963177,1.5456051906921968,False
09,Gotlands län,1998,1.3553369672566455,465,12655.0,,1.4811883543226276,1.5213573018906064,False
09,Gotlands län,1999,1.5328533254205352,517,12561.0,,1.4909556488402422,1.5006257302531827,False
09,Gotlands län,2000,1.5846766538435446,519,12461.5,,1.5308056379061892,1.5324705974753787,False
09,Gotlands län,2001,1.4748869344544873,482,12412.5,,1.5913875648999045,1.5777047764805097,False
09,Gotlands län,2002,1.7145991064016812,547,12411.5,,1.5903313010461566,1.5746614994724333,False
09,Gotlands län,2003,1.5815078622823007,499,12422.5,,1.6045813030213782,1.5900181563812157,False
09,Gotlands län,2004,1.5176369403801522,478,12497.0,,1.5868682470166366,1.6387648645274617,False
09,Gotlands län,2005,1.661459938387457,518,12539.0,,1.6325724513177757,1.6206673030082022,False
09,Gotlands län,2006,1.718620475185717,518,12451.5,,1.6680639041261862,1.679613612131665,False
09,Gotlands län,2007,1.6241112988053836,485,12320.0,,1.7396570606302388,1.7668342756458322,False
09,Gotlands län,2008,1.8762394078996152,548,12192.5,,1.8180303215519957,1.8448022680640341,False
09,Gotlands län,2009,1.9537402579509875,563,12122.0,,1.9604265221096906,1.875747355182978,False
09,Gotlands län,2010,2.051299900478469,593,12062.0,,1.9594620230699638,1.9434965306398753,False
09,Gotlands län,2011,1.873345910780434,535,11908.0,,1.9625009957829243,1.9340483217688824,False
09,Gotlands län,2012,1.96285717608987,566,11748.5,,1.888400483471652,1.9129313391006377,False
09,Gotlands län,2013,1.8289983635446512,525,11524.0,,1.880003628081429,1.8430576215943753,False
09,Gotlands län,2014,1.8481553446097652,529,11288.0,,1.7930283403671907,1.8160182410995227,False
09,Gotlands län,2015,1.7019313129471547,491,11131.5,,1.762745221954364,1.7755963229398266,False
09,Gotlands län,2016,1.738149008306172,509,11056.5,,1.7336093021815724,1.7351180634915468,False
09,Gotlands län,2017,1.7607475852913894,535,11027.5,,1.7085012199669383,1.6913449043228006,False
09,Gotlands län,2018,1.6266070663032535,507,11060.5,,1.6722147334535593,1.6416273105703265,False
09,Gotlands län,2019,1.6292895487660344,516,11116.0,,1.5697466530846904,1.610888248350356,False
09,Gotlands län,2020,1.4533433441847832,467,11153.0,,1.5556955300523791,1.540342985007515,False
09,Gotlands län,2021,1.5844536972063197,522,11280.5,,1.481939436656096,1.4924609456903386,False
09,Gotlands län,2022,1.4080212685771851,465,11319.0,,1.4598906118336255,1.428697466765532,False
09,Gotlands län,2023,1.3871968697173713,454,11223.0,,1.3685634308121861,,False
09,Gotlands län,2024,1.3104721541420012,417,11207.0,,,,False
10,Blekinge län,1968,2.182475133161038,2188,33243.0,endast folkmängd 31 dec (ingen ingående folkmängd),,,False
10,Blekinge län,1969,2.1152558320880264,2150,33440.5,,2.0996115786002387,,False
10,Blekinge län,1970,2.001103770551652,2077,33655.5,,2.0584210913984093,2.056952853173304,False
10,Blekinge län,1971,2.0589036715555493,2148,33633.5,,1.995677766872485,2.015174953625338,False
10,Blekinge län,1972,1.9270258585102538,2028,33583.0,,1.986505055162337,1.9855235928144768,False
10,Blekinge län,1973,1.973585635421208,2066,33509.0,,1.9558701739883946,1.9903882739160976,False
10,Blekinge län,1974,1.966999028033722,2039,33437.5,,1.9886706131715621,1.9541380110937472,False
10,Blekinge län,1975,2.025427176059756,2092,33443.5,,1.9566928538457582,1.9318988448421188,False
10,Blekinge län,1976,1.8776523574437964,1908,33371.0,,1.9063031869185547,1.8831669216668652,False
10,Blekinge län,1977,1.8158300272521115,1812,33216.0,,1.807802801413616,1.8508294585131195,False
10,Blekinge län,1978,1.7299260195449402,1696,33194.0,,1.7836892530206818,1.799217309086393,False
10,Blekinge län,1979,1.805311712264994,1756,33346.5,,1.767534720245352,1.776217719251181,False
10,Blekinge län,1980,1.7673664289261215,1694,33508.0,,1.778444183152951,1.7571021899262902,False
10,Blekinge län,1981,1.7626544082677378,1656,33596.0,,1.7500910726071728,1.7675449886845627,False
10,Blekinge län,1982,1.720252380627659,1594,33660.0,,1.755015600743899,1.7596517486157741,False
10,Blekinge län,1983,1.7821400133363001,1635,33722.5,,1.7560793019616703,1.768667851870213,False
10,Blekinge län,1984,1.7658455119210519,1597,33861.5,,1.786810823485223,1.802886557278195,False
10,Blekinge län,1985,1.8124469451983165,1630,33953.0,,1.8373467974756716,1.8427507145019137,False
10,Blekinge län,1986,1.9337479353076465,1718,33888.0,,1.8885893490840726,1.8749435683744307,False
10,Blekinge län,1987,1.9195731667462546,1693,33757.0,,1.9321417949175947,1.9276965528294157,False
10,Blekinge län,1988,1.9431042826988836,1705,33668.5,,1.9640959612137052,2.005733213882352,False
10,Blekinge län,1989,2.0296104341959773,1796,33728.5,,2.05844832245262,2.065124416567053,False
10,Blekinge län,1990,2.2026302504629984,1955,33870.0,,2.154314877796708,2.1035971438803496,False
10,Blekinge län,1991,2.2307039487311484,1994,33907.5,,2.181757000835629,2.1152619225635028,False
10,Blekinge län,1992,2.1119368033127404,1891,33760.5,,2.1146896427195134,2.0899288672408054,False
10,Blekinge län,1993,2.0014281761146506,1806,33569.0,,2.005436712336627,2.000847769189364,False
10,Blekinge län,1994,1.9029451575824894,1738,33435.0,,1.8871993646343104,1.8752005337908908,False
10,Blekinge län,1995,1.7572247602057907,1612,33161.0,,1.7542125631756882,1.7532732822589694,False
10,Blekinge län,1996,1.6024677717387836,1457,32676.5,,1.6206643591992356,1.667161613061848,False
10,Blekinge län,1997,1.5023005456531322,1360,32280.0,,1.5585460491736536,1.5864902634513716,False
10,Blekinge län,1998,1.5708698301290445,1421,32007.0,,1.5242529284374282,1.5516837730306032,False
10,Blekinge län,1999,1.4995884095301073,1344,31641.0,,1.5512168492537002,1.5276032716766246,False
10,Blekinge län,2000,1.583192308101948,1407,31285.5,,1.5216153275336486,1.5720737337228747,False
10,Blekinge län,2001,1.4820652649688897,1298,31031.0,,1.5966368096517407,1.609037249859406,False
10,Blekinge län,2002,1.724652855884384,1494,30786.0,,1.6541351772216581,1.6792973146458323,False
10,Blekinge län,2003,1.7556874108117004,1499,30650.0,,1.7770763333861075,1.7389611357020587,False
10,Blekinge län,2004,1.850888733462238,1555,30618.5,,1.829362519219007,1.8341637000903408,False
10,Blekinge län,2005,1.881511413383082,1567,30627.0,,1.8968260779185402,1.8756138900057078,False
10,Blekinge län,2006,1.9580780869103003,1619,30722.0,,1.9238311019182002,1.9088308311106537,False
10,Blekinge län,2007,1.9319038054612176,1579,30850.5,,1.9372513362359831,1.9415263711019146,False
10,Blekinge län,2008,1.9217721163364312,1550,30900.5,,1.9560141184053972,1.9618211787136133,False
10,Blekinge län,2009,2.0143664334185423,1612,30912.5,,1.9730413337321828,1.9648323219786525,False
10,Blekinge län,2010,1.9829854514415755,1586,30959.0,,1.9901618960318712,1.9638962416841708,False
10,Blekinge län,2011,1.9731338032354955,1567,30886.5,,1.9611142195552933,1.96433690248933,False
10,Blekinge län,2012,1.927223403988808,1522,30586.0,,1.9414442091955106,1.9629718991780891,False
10,Blekinge län,2013,1.9239754203622277,1525,30391.0,,1.9529134137377915,1.9520240309086474,False
10,Blekinge län,2014,2.0075414168623387,1614,30356.0,,1.953254315772978,1.9448260676774107,False
10,Blekinge län,2015,1.928246110094368,1582,30347.0,,1.9576438380120063,1.9304526687350225,False
10,Blekinge län,2016,1.937143987079311,1625,30450.0,,1.9069155021501825,1.922492611036406,False
10,Blekinge län,2017,1.8553564092768684,1593,30564.5,,1.8922251760751074,1.8777442187198887,False
10,Blekinge län,2018,1.884175131869143,1627,30569.0,,1.8411103321419215,1.837667330871658,False
10,Blekinge län,2019,1.7837994552797523,1545,30420.5,,1.7986120860007035,1.8007150286596034,False
10,Blekinge län,2020,1.7278616708532144,1491,30230.5,,1.7546812007173356,1.7552293346515928,False
10,Blekinge län,2021,1.7523824760190394,1507,30092.0,,1.7027240287030228,1.6872923704192828,False
10,Blekinge län,2022,1.6279279392368142,1392,29957.5,,1.6416002419878157,1.6103830557343237,False
10,Blekinge län,2023,1.5444903107075934,1301,29752.0,,1.523890377266455,,False
10,Blekinge län,2024,1.3992528818549566,1161,29553.0,,,,False
12,Skåne län,1968,2.056850388722376,13623,221808.0,endast folkmängd 31 dec (ingen ingående folkmängd),,,False
12,Skåne län,1969,1.9381763676794703,13028,223065.5,,1.9740745737190049,,False
12,Skåne län,1970,1.9271969647551686,13370,225006.5,,1.9350788042604252,1.9496347053504686,False
12,Skåne län,1971,1.9398630803466366,13783,225789.0,,1.917715590116832,1.906656134203282,False
12,Skåne län,1972,1.8860867252486904,13595,225944.0,,1.8893024461939236,1.8905010354139133,False
12,Skåne län,1973,1.8419575329864444,13327,225974.5,,1.8618150439892533,1.8674092203625339,False
12,Skåne län,1974,1.857400873732626,13482,226559.5,,1.8370320987391142,1.822728575843497,False
12,Skåne län,1975,1.8117378894982723,13183,227245.0,,1.7951995403274503,1.7764458132239416,False
12,Skåne län,1976,1.7164598577514523,12388,227393.0,,1.7276235531335462,1.7341385118982977,False
12,Skåne län,1977,1.6546729121509132,11876,228109.5,,1.66718459875353,1.6986912916810257,False
12,Skåne län,1978,1.6304210263582248,11673,229302.5,,1.6550862370518018,1.6591615117480636,False
12,Skåne län,1979,1.680164772646267,11963,230869.5,,1.6415582629459842,1.6371572204488138,False
12,Skåne län,1980,1.6140889898334612,11371,232649.0,,1.6335640545783106,1.6240093476740907,False
12,Skåne län,1981,1.6064384012552035,11203,234212.0,,1.6031536464553202,1.6186044614433772,False
12,Skåne län,1982,1.5889335482772955,10991,235810.0,,1.5995895149123858,1.6091304607676187,False
12,Skåne län,1983,1.6033965952046585,11004,237413.5,,1.6083749709164763,1.6246011393569284,False
12,Skåne län,1984,1.6327947692674745,11131,238828.0,,1.642544582417381,1.661391598125583,False
12,Skåne län,1985,1.6914423827800107,11502,240266.0,,1.7048759490486534,1.708678682347222,False
12,Skåne län,1986,1.790390695098475,12158,241850.5,,1.769067349087992,1.7780591464221378,False
12,Skåne län,1987,1.8253689693854909,12426,243765.5,,1.8553528600210678,1.8443130602795708,False
12,Skåne län,1988,1.950298915579238,13407,246097.0,,1.913244074506456,1.9208798598204477,False
12,Skåne län,1989,1.9640643385546397,13691,248887.5,,1.9962132115394244,1.9684459835958983,False
12,Skåne län,1990,2.0742763804843958,14693,251909.5,,2.022187344338254,2.0072120164066987,False
12,Skåne län,1991,2.0282213139757266,14578,254403.5,,2.0405656092998723,1.9969401954484465,False
12,Skåne län,1992,2.0191991334394936,14710,255734.5,,1.9821200860677324,1.966481403032326,False
12,Skåne län,1993,1.8989398107879765,13955,255782.0,,1.909969773567169,1.8913693826029276,False
12,Skåne län,1994,1.8117703764740372,13478,256204.0,,1.803142155199806,1.7974338201235505,False
12,Skåne län,1995,1.698716278337404,12744,256491.0,,1.6896767187967605,1.6955188067679228,False
12,Skåne län,1996,1.5585435015788407,11718,255493.0,,1.5889612821925334,1.6117672732494674,False
12,Skåne län,1997,1.5096240666613554,11343,254057.5,,1.5161165704786317,1.548458238454413,False
12,Skåne län,1998,1.4801821431956994,11105,252874.0,,1.4950104707852734,1.5145481056503618,False
12,Skåne län,1999,1.4952252024987653,11196,252377.5,,1.5015243200038706,1.5090199975670566,False
12,Skåne län,2000,1.5291656143171475,11449,252605.5,,1.518431259326076,1.5280437211485058,False
12,Skåne län,2001,1.5309029611623157,11496,253816.0,,1.5549370866826882,1.5638971563210347,False
12,Skåne län,2002,1.6047426845686008,12091,256000.5,,1.5983649882630868,1.6004939801804592,False
12,Skåne län,2003,1.6594493190583444,12559,258469.0,,1.647467108474278,1.6377236736343133,False
12,Skåne län,2004,1.6782093217958889,12739,261084.0,,1.68432424081355,1.6949497707460075,False
12,Skåne län,2005,1.7153140815864172,13082,264247.5,,1.7368522833676978,1.7420421116218592,False
12,Skåne län,2006,1.817033446720787,13964,268276.0,,1.790850639085021,1.790437567525397,False
12,Skåne län,2007,1.840204388947859,14310,272757.0,,1.8528881447482262,1.8372267411764525,False
12,Skåne län,2008,1.9014265985760328,14979,277256.5,,1.8845953925250194,1.8850390509214219,False
12,Skåne län,2009,1.912155190051166,15316,281924.5,,1.9226524729794878,1.8987000863967058,False
12,Skåne län,2010,1.9543756303112645,15867,285516.5,,1.9172898148198794,1.9102277682639586,False
12,Skåne län,2011,1.8853386240972074,15438,287210.0,,1.912519017564198,1.9057104860508076,False
12,Skåne län,2012,1.8978427982841222,15672,288190.5,,1.8873405366305362,1.896973589612108,False
12,Skåne län,2013,1.8788401875102787,15654,288912.0,,1.881717897884023,1.8712939177424481,False
12,Skåne län,2014,1.8684707078576677,15750,289410.5,,1.857762722110304,1.8621909838077422,False
12,Skåne län,2015,1.8259772709629647,15579,290076.5,,1.8447573110814364,1.8366033360873577,False
12,Skåne län,2016,1.8398239544236765,15955,291570.5,,1.8119019283562803,1.810137854079396,False
12,Skåne län,2017,1.7699045596821994,15645,294157.0,,1.7854137638587826,1.7793031771484178,False
12,Skåne län,2018,1.746512777470472,15741,297212.5,,1.7435715534518155,1.747544393874606,False
12,Skåne län,2019,1.714297323202775,15704,300294.0,,1.709331151755718,1.7128132843031036,False
12,Skåne län,2020,1.6671833545939074,15460,302850.0,,1.6825496947876155,1.6635506836487088,False
12,Skåne län,2021,1.6661684065661642,15605,305333.5,,1.6189811058567656,1.6067234991575845,False
12,Skåne län,2022,1.5235915564102251,14381,308286.5,,1.5507122726637466,1.550017685907973,False
12,Skåne län,2023,1.4623768550148506,13841,311070.0,,1.4722455561265981,,False
12,Skåne län,2024,1.4307682569547182,13521,313442.0,,,,False
13,Hallands län,1968,2.149095045938281,2590,42265.0,endast folkmängd 31 dec (ingen ingående folkmängd),,,False
13,Hallands län,1969,2.068884407531683,2549,42722.5,,2.128552141928567,,False
13,Hallands län,1970,2.1676769723157365,2778,43591.0,,2.115898944604471,2.127760501803204,False
13,Hallands län,1971,2.1111354539659946,2823,44336.0,,2.140274351848686,2.1202530009662004,False
13,Hallands län,1972,2.1420106292643264,2958,45167.5,,2.1215678749945286,2.1152851529439016,False
13,Hallands län,1973,2.111557541753264,3021,46164.5,,2.099204446145926,2.079252547490128,False
13,Hallands län,1974,2.0440451674201863,3001,47120.0,,2.047705551406773,2.028043374512613,False
13,Hallands län,1975,1.9875139450468682,2977,47975.5,,1.9622162338484923,1.94992279399191,False
13,Hallands län,1976,1.8550895890784223,2805,48771.0,,1.8646704202620332,1.8800062247896403,False
13,Hallands län,1977,1.7514077266608092,2669,49474.5,,1.7894906704937157,1.8362930984000272,False
13,Hallands län,1978,1.7619746957419156,2705,50110.5,,1.7796206526249492,1.7872741071229936,False
13,Hallands län,1979,1.825479535472122,2782,50827.0,,1.7766244066252455,1.7609502656451432,False
13,Hallands län,1980,1.7424189886616983,2658,51610.0,,1.7637896352743307,1.757108688756776,False
13,Hallands län,1981,1.7234703816891717,2616,52426.0,,1.7326964041899473,1.7382302883053753,False
13,Hallands län,1982,1.7321998422189717,2637,53263.5,,1.7077509724643523,1.7346859346838588,False
13,Hallands län,1983,1.6675826934849134,2541,54103.5,,1.735846767689475,1.7592283613532462,False
13,Hallands län,1984,1.8077577673645397,2754,54890.0,,1.780157194286029,1.7895387818705004,False
13,Hallands län,1985,1.865131122008634,2846,55563.0,,1.8493037912162056,1.817199952540193,False
13,Hallands län,1986,1.875022484275443,2871,56260.5,,1.8702197672838372,1.8916480470442458,False
13,Hallands län,1987,1.8705056955674344,2884,56955.0,,1.9284504486160179,1.9497331249853171,False
13,Hallands län,1988,2.0398231660051764,3176,57826.5,,2.002837339547503,2.0251028744733515,False
13,Hallands län,1989,2.098183157069898,3321,58814.5,,2.1266620641746266,2.0918223792592054,False
13,Hallands län,1990,2.241979869448805,3617,59695.5,,2.182927678241139,2.155143306802121,False
13,Hallands län,1991,2.2086200082047136,3627,60439.5,,2.212570070311843,2.1868059786036556,False
13,Hallands län,1992,2.1871103332820097,3641,60926.5,,2.197955622166525,2.1715840905838384,False
13,Hallands län,1993,2.198136525012851,3712,61224.5,,2.1357735250885583,2.088832403517027,False
13,Hallands län,1994,2.0220737169708136,3466,61463.5,,2.016143892032804,1.9916162900083756,False
13,Hallands län,1995,1.8282214341147478,3157,61367.5,,1.8576115305823386,1.880413696558825,False
13,Hallands län,1996,1.7225394406614551,2959,60790.0,,1.7272860802701535,1.7612237192668867,False
13,Hallands län,1997,1.6310973660342574,2791,60277.0,,1.6519411484162907,1.672906628768891,False
13,Hallands län,1998,1.6021866385531598,2734,59899.0,,1.6045907563560837,1.6398684972499962,False
13,Hallands län,1999,1.5804882644808345,2673,59496.5,,1.6152352265180896,1.6352563088667709,False
13,Hallands län,2000,1.6630307765202743,2776,59336.5,,1.6476658465821459,1.6745067769323776,False
13,Hallands län,2001,1.6994784987453286,2838,59479.0,,1.7299529938759644,1.7284471869296332,False
13,Hallands län,2002,1.8273497063622897,3006,59737.0,,1.7995722978823523,1.7868185225975846,False
13,Hallands län,2003,1.8718886885394395,3078,60197.5,,1.8571944459074397,1.8397329017711157,False
13,Hallands län,2004,1.8723449428205903,3083,60846.5,,1.89061210124932,1.90050314460018,False
13,Hallands län,2005,1.9276026723879305,3152,61502.5,,1.9344257760330568,1.932378646924431,False
13,Hallands län,2006,2.00332971289065,3274,62240.5,,1.9725532010873756,1.9517764457392928,False
13,Hallands län,2007,1.986727217983546,3217,62953.5,,1.9863115378293144,1.9901186993224964,False
13,Hallands län,2008,1.9688776826137475,3167,63486.5,,2.0065537037779673,2.0388163450595487,False
13,Hallands län,2009,2.0640562107366076,3325,64095.0,,2.068008264807849,2.038873330277147,False
13,Hallands län,2010,2.1710909010731907,3509,64570.5,,2.079587250262814,2.035331362774575,False
13,Hallands län,2011,2.003614638978644,3260,64728.5,,2.0479076401741727,2.0363409776778303,False
13,Hallands län,2012,1.9690173804706836,3236,64768.5,,1.9821859255264513,2.0226918179485134,False
13,Hallands län,2013,1.973925757130026,3278,64703.0,,1.9795845165635775,1.9676819403024974,False
13,Hallands län,2014,1.9958104120900229,3367,64709.5,,1.9552592273543865,1.9585607781348806,False
13,Hallands län,2015,1.8960415128431105,3275,64823.5,,1.9499535843578977,1.937455257760639,False
13,Hallands län,2016,1.9580088281405592,3472,65129.5,,1.9058467065277152,1.9142109981539215,False
13,Hallands län,2017,1.8634897785994762,3403,65647.5,,1.8930676886121571,1.8801501662784148,False
13,Hallands län,2018,1.8577044590964369,3470,66202.0,,1.8489001634694677,1.8550409396062961,False
13,Hallands län,2019,1.82550625271249,3488,66780.5,,1.8179020304304816,1.82359597830921,False
13,Hallands län,2020,1.7704953794825184,3432,67188.5,,1.7989285512833788,1.7856232081354808,False
13,Hallands län,2021,1.8007840216551283,3528,67471.5,,1.748301776289492,1.7265363202843098,False
13,Hallands län,2022,1.6736259277308292,3293,67813.5,,1.6788933230755136,1.6840691902743128,False
13,Hallands län,2023,1.5622700198405837,3060,67962.5,,1.6163555167446393,,False
13,Hallands län,2024,1.6131706026625046,3141,68014.5,,,,False
14,Västra Götalands län,1968,2.178849184445696,19824,305860.0,endast folkmängd 31 dec (ingen ingående folkmängd),,,False
14,Västra Götalands län,1969,2.0576328933236994,19045,307510.0,,2.0895989521032576,,False
14,Västra Götalands län,1970,2.0323147785403783,19426,309989.0,,2.0374947727854162,2.05441226122061,False
14,Västra Götalands län,1971,2.02253664649217,19778,310552.5,,2.0118597427778853,2.003334371513432,False
14,Västra Götalands län,1972,1.9807278033011075,19564,309675.0,,1.9755747285676943,1.9690535488781111,False
14,Västra Götalands län,1973,1.9234597359098047,19038,308586.5,,1.930138773119336,1.9172133110985101,False
14,Västra Götalands län,1974,1.8862287801470956,18724,308210.5,,1.8609340352330908,1.8471930149335924,False
14,Västra Götalands län,1975,1.773113589642372,17639,308677.5,,1.7772591784856837,1.775632136182781,False
14,Västra Götalands län,1976,1.672435165667583,16661,309645.5,,1.6894907216190014,1.7064807368405248,False
14,Västra Götalands län,1977,1.6229234095470486,16175,311058.5,,1.6243537714710523,1.6534730732539438,False
14,Västra Götalands län,1978,1.5777027391985248,15676,312701.0,,1.6072722036532545,1.626811720093053,False
14,Västra Götalands län,1979,1.6211904622141904,16037,314979.5,,1.6129000084168776,1.6165501522821242,False
14,Västra Götalands län,1980,1.6398068238379175,16157,317476.5,,1.6273748708883489,1.6214142833393606,False
14,Västra Götalands län,1981,1.6211273266129396,15859,319608.0,,1.6360594050946962,1.6278829483067998,False
14,Västra Götalands län,1982,1.6472440648332312,15999,321672.5,,1.626139151827297,1.6398660419291224,False
14,Västra Götalands län,1983,1.6100460640357206,15549,323824.0,,1.6461320197315856,1.662275551576877,False
14,Västra Götalands län,1984,1.6811059303258045,16199,326199.5,,1.6810021221460716,1.695556841242965,False
14,Västra Götalands län,1985,1.7518543720766895,16893,328924.0,,1.7401646924486245,1.7356288987084685,False
14,Västra Götalands län,1986,1.787533774943379,17303,332107.0,,1.7956641663936057,1.8072220414802118,False
14,Västra Götalands län,1987,1.8476043521607486,18009,335509.5,,1.8677166349995218,1.8748666952758584,False
14,Västra Götalands län,1988,1.9680117778944368,19353,338532.5,,1.9449817764530746,1.9530364615552416,False
14,Västra Götalands län,1989,2.019329199304038,20020,341521.0,,2.0433480602240266,2.017470294470216,False
14,Västra Götalands län,1990,2.142703203473605,21474,344270.5,,2.0905784474319655,2.068150713172901,False
14,Västra Götalands län,1991,2.109702939518253,21260,345433.5,,2.11780419622201,2.075749967470211,False
14,Västra Götalands län,1992,2.101006445674172,21234,345183.0,,2.0722391448578037,2.0507970178358814,False
14,Västra Götalands län,1993,2.0060080493809855,20369,344302.5,,2.0005263153958492,1.9657519244092256,False
14,Västra Götalands län,1994,1.8945644511323911,19363,343986.5,,1.8726834122845677,1.8610297176876522,False
14,Västra Götalands län,1995,1.7174777363403266,17608,343458.0,,1.7327113644610346,1.746760964760704,False
14,Västra Götalands län,1996,1.5860919059103853,16240,341818.0,,1.6110774410967152,1.646802773002248,False
14,Västra Götalands län,1997,1.5296626810394334,15610,339831.0,,1.540657225846174,1.568221856876857,False
14,Västra Götalands län,1998,1.5062170905887033,15324,337704.0,,1.5125132140445239,1.5320148094315358,False
14,Västra Götalands län,1999,1.5016598705054351,15177,336238.0,,1.5147731534026203,1.5260287654861417,False
14,Västra Götalands län,2000,1.5364424991137224,15475,336287.0,,1.5314213519341908,1.541069172353441,False
14,Västra Götalands län,2001,1.5561616861834144,15644,337482.0,,1.5658229668910222,1.5720135927105852,False
14,Västra Götalands län,2002,1.60486471537593,16109,339283.5,,1.6073218646445893,1.612576301096523,False
14,Västra Götalands län,2003,1.6609391923744234,16682,341450.0,,1.6567591067284928,1.6484591776566777,False
14,Västra Götalands län,2004,1.704473412435125,17086,343866.5,,1.6937564955746816,1.7000124112654447,False
14,Västra Götalands län,2005,1.7158568819144961,17136,346511.0,,1.7447527161922904,1.7512953502884152,False
14,Västra Götalands län,2006,1.81392785422725,18077,349578.5,,1.7970213822108427,1.7921496441258378,False
14,Västra Götalands län,2007,1.8612794104907824,18507,352478.5,,1.8468059754265223,1.8375033221314347,False
14,Västra Götalands län,2008,1.865210661561534,18555,355430.5,,1.885910624838476,1.8917509114909872,False
14,Västra Götalands län,2009,1.9312418024631117,19303,358720.5,,1.927849097578968,1.903590769414866,False
14,Västra Götalands län,2010,1.9870948287122583,19986,361113.0,,1.9304879250073377,1.9087571931812661,False
14,Västra Götalands län,2011,1.873127143846643,18975,362473.0,,1.9157778339605613,1.9094857146834847,False
14,Västra Götalands län,2012,1.8871115293227831,19279,363184.5,,1.8763639807473511,1.8960073965105706,False
14,Västra Götalands län,2013,1.868853269072627,19299,363785.0,,1.873271669997984,1.861772324814392,False
14,Västra Götalands län,2014,1.8638502115985418,19536,364344.5,,1.849540983634178,1.8558197092851032,False
14,Västra Götalands län,2015,1.8159194702313655,19354,364831.0,,1.8410445826767017,1.8287094800311858,False
14,Västra Götalands län,2016,1.8433640662001978,20040,366217.5,,1.803614639828254,1.8008912150084597,False
14,Västra Götalands län,2017,1.7515603830531987,19446,368375.5,,1.7748954644041308,1.7663340977576691,False
14,Västra Götalands län,2018,1.7297619439589964,19613,370764.0,,1.7241289841189273,1.7340166234118644,False
14,Västra Götalands län,2019,1.6910646253445873,19503,373312.0,,1.6917195559353086,1.6988692284694438,False
14,Västra Götalands län,2020,1.6543320985023422,19337,374824.5,,1.6710079384450076,1.6543692735421902,False
14,Västra Götalands län,2021,1.667627091488094,19662,375939.5,,1.6170065994691225,1.5997823569804013,False
14,Västra Götalands län,2022,1.529060608416932,18146,378328.5,,1.551171687018359,1.5473976143137471,False
14,Västra Götalands län,2023,1.4568273611500508,17427,381141.5,,1.4716762938594332,,False
14,Västra Götalands län,2024,1.4291409120113172,17113,383251.0,,,,False
17,Värmlands län,1968,2.075586287759071,3646,62392.0,endast folkmängd 31 dec (ingen ingående folkmängd),,,False
17,Värmlands län,1969,1.884053165222453,3316,62162.0,,1.9437874468574003,,False
17,Värmlands län,1970,1.8717228875906766,3328,61726.0,,1.9003284494004162,1.92799949897657,False
17,Värmlands län,1971,1.9452092953881193,3480,61247.5,,1.8934526806337757,1.8867474600947538,False
17,Värmlands län,1972,1.8634258589225308,3340,60817.0,,1.8926537492202133,1.8899106167436077,False
17,Värmlands län,1973,1.8693260933499902,3356,60480.5,,1.8775403002464144,1.8712078890610122,False
17,Värmlands län,1974,1.8998689484667224,3403,60246.5,,1.849134763664804,1.8075190241356605,False
17,Värmlands län,1975,1.7782092491776995,3205,60205.0,,1.7682810561352609,1.7625386191819252,False
17,Värmlands län,1976,1.6267649707613603,2940,60306.0,,1.6811660180309713,1.6938827443223758,False
17,Värmlands län,1977,1.638523834153854,2957,60515.5,,1.597111841322486,1.63246120208565,False
17,Värmlands län,1978,1.526046719052244,2755,60843.5,,1.5857772634963958,1.6171533233942577,False
17,Värmlands län,1979,1.5927612372830904,2881,61237.0,,1.6068259373520248,1.6181994739073258,False
17,Värmlands län,1980,1.70166985572074,3068,61603.0,,1.642142272110177,1.616597425851492,False
17,Värmlands län,1981,1.6319957233267008,2928,61937.5,,1.6547263909740415,1.6414908815762925,False
17,Värmlands län,1982,1.6305135938746838,2892,62174.5,,1.637674438292544,1.6553154159765566,False
17,Värmlands län,1983,1.6505139976762473,2899,62274.0,,1.6476371669451142,1.6643192453665958,False
17,Värmlands län,1984,1.661883909284411,2887,62316.0,,1.6863623032105313,1.6963963563064948,False
17,Värmlands län,1985,1.7466890026709356,3015,62267.5,,1.7336513966605143,1.7477405800177372,False
17,Värmlands län,1986,1.7923812780261965,3072,62241.5,,1.8087683310426759,1.8195431164561207,False
17,Värmlands län,1987,1.8872347124308952,3240,62423.0,,1.896380890108419,1.899931419099805,False
17,Värmlands län,1988,2.009526679868165,3468,62815.0,,1.986862271600631,1.9899555677615273,False
17,Värmlands län,1989,2.063825422502833,3607,63207.0,,2.0900539494501813,2.0824833308882167,False
17,Värmlands län,1990,2.1968097459795453,3853,63422.0,,2.171885087380674,2.141103534224126,False
17,Värmlands län,1991,2.2550200936596436,3964,63557.0,,2.210721856249877,2.160125136656481,False
17,Värmlands län,1992,2.180335729110443,3833,63507.0,,2.1799968382666757,2.115418164334865,False
17,Värmlands län,1993,2.1046346920299404,3708,63211.0,,2.041753660678378,2.02393997239245,False
17,Värmlands län,1994,1.8402905608947524,3245,62778.5,,1.894781346397388,1.900798665963872,False
17,Värmlands län,1995,1.7394187862674713,3044,62143.0,,1.7396743028929924,1.767723905494016,False
17,Värmlands län,1996,1.6393135615167538,2832,61228.0,,1.6312314248484618,1.6635618477183336,False
17,Värmlands län,1997,1.5149619267611611,2570,60193.5,,1.5793666304764813,1.6017883646444264,False
17,Värmlands län,1998,1.5838244031515292,2634,59200.5,,1.5434031584793024,1.5591438283887746,False
17,Värmlands län,1999,1.5314231455252172,2503,58326.0,,1.5471478845553193,1.5415838786686984,False
17,Värmlands län,2000,1.5261961049892123,2442,57503.0,,1.5363776878102673,1.5512401062711305,False
17,Värmlands län,2001,1.5515138129163726,2428,56866.0,,1.5469843275596353,1.5697524316033657,False
17,Värmlands län,2002,1.5632430647733206,2403,56550.5,,1.597047635834133,1.5977385400122777,False
17,Värmlands län,2003,1.676386029812706,2546,56424.5,,1.6369942607186012,1.6382266658937006,False
17,Värmlands län,2004,1.6713536875697774,2498,56469.0,,1.6921254839262698,1.6864003147372622,False
17,Värmlands län,2005,1.7286367343963267,2567,56557.5,,1.7307908263667613,1.7452532563079906,False
17,Värmlands län,2006,1.7923820571341802,2626,56677.0,,1.79284218805249,1.772072288268916,False
17,Värmlands län,2007,1.857507772626964,2688,56815.0,,1.8201236731261583,1.820452907169792,False
17,Värmlands län,2008,1.8104811896173316,2602,56865.0,,1.8604152481061504,1.865483257357657,False
17,Värmlands län,2009,1.9132567820741564,2744,56801.0,,1.8925088190090469,1.8842067531089515,False
17,Värmlands län,2010,1.9537884853356535,2800,56676.0,,1.9176816011001538,1.9005002040395322,False
17,Värmlands län,2011,1.8859995358906525,2708,56402.5,,1.9262543495020574,1.9065766681844447,False
17,Värmlands län,2012,1.9389750272798667,2793,56090.5,,1.8886126911708045,1.9035471357788918,False
17,Värmlands län,2013,1.840863510341895,2679,55967.0,,1.8926492192227176,1.886018196642869,False
17,Värmlands län,2014,1.8981091200463907,2797,55706.0,,1.8683721400146085,1.8897983129573117,False
17,Värmlands län,2015,1.86614378965554,2803,55341.0,,1.8897176757215988,1.8791798355882812,False
17,Värmlands län,2016,1.9049001174628668,2930,55341.5,,1.8856421825177063,1.874615599343717,False
17,Värmlands län,2017,1.8858826404347124,2970,55295.5,,1.8696083623388844,1.840939206250794,False
17,Värmlands län,2018,1.8180423291190744,2895,54989.0,,1.8112173747118543,1.8022914061234565,False
17,Värmlands län,2019,1.7297271545817758,2786,54828.5,,1.7402247575732346,1.7433900217045983,False
17,Värmlands län,2020,1.6729047890188538,2720,54765.5,,1.671008379656402,1.6747237479135237,False
17,Värmlands län,2021,1.6103931953685764,2634,54688.0,,1.6086164186222558,1.589667399835375,False
17,Värmlands län,2022,1.5425512714793377,2528,54640.5,,1.5152350185254149,1.5261253718925278,False
17,Värmlands län,2023,1.3927605887283312,2273,54573.0,,1.4491096250250692,,False
17,Värmlands län,2024,1.4120170148675402,2278,54502.0,,,,False
18,Örebro län,1968,2.0516159472077407,3743,61557.0,endast folkmängd 31 dec (ingen ingående folkmängd),,,False
18,Örebro län,1969,1.9227934730249028,3564,61625.5,,1.972537615587678,,False
18,Örebro län,1970,1.9432034265303906,3710,61537.0,,1.9528149174927458,1.9629876969604119,False
18,Örebro län,1971,1.9924478529229444,3865,61059.5,,1.946843021523139,1.919444515793056,False
18,Örebro län,1972,1.9048777851160819,3692,60379.5,,1.9104085598033285,1.9082570293333685,False
18,Örebro län,1973,1.8339000413709594,3538,59778.5,,1.8685446224045028,1.8578018087683437,False
18,Örebro län,1974,1.8668560407264665,3565,59361.5,,1.7972278019342303,1.7757587117700375,False
18,Örebro län,1975,1.690927323705265,3218,59167.0,,1.7133385774543821,1.7283722550297764,False
18,Örebro län,1976,1.5822323679314148,2988,59165.5,,1.6470350643504854,1.6781492834908653,False
18,Örebro län,1977,1.6679455014147762,3139,59323.0,,1.6109876843408655,1.6280218029141007,False
18,Örebro län,1978,1.5827851836764053,2947,59579.0,,1.6223164409779416,1.627482160447979,False
18,Örebro län,1979,1.6162186378426433,3000,60017.5,,1.6290776442979016,1.6303384377557268,False
18,Örebro län,1980,1.6882291113746553,3093,60600.0,,1.6336538345624845,1.6050766964928223,False
18,Örebro län,1981,1.5965137544701542,2891,61043.0,,1.6087932203150206,1.6206644840373623,False
18,Örebro län,1982,1.5416367951002523,2769,61443.5,,1.5996248903231711,1.6236926184819835,False
18,Örebro län,1983,1.6607241213991069,2932,61750.0,,1.6112400755217025,1.6370377843719113,False
18,Örebro län,1984,1.6313593100657489,2852,61899.5,,1.682346124096383,1.6829184679355624,False
18,Örebro län,1985,1.7549549408242942,3027,62080.0,,1.7374104743928178,1.7427805884323635,False
18,Örebro län,1986,1.82591717228841,3128,62344.5,,1.8072731702323208,1.7998170332163572,False
18,Örebro län,1987,1.8409473975842578,3137,62597.5,,1.8709236383972476,1.8871341653760083,False
18,Örebro län,1988,1.9459063453190755,3314,62932.5,,1.9515995712557792,1.9724425269084815,False
18,Örebro län,1989,2.067944970864004,3552,63398.5,,2.0651160215565803,2.0318961769429995,False
18,Örebro län,1990,2.1814967484866608,3774,63679.5,,2.1242090472705546,2.0818976963879785,False
18,Örebro län,1991,2.123185422460999,3693,63710.0,,2.1318790552522704,2.0999420018800623,False
18,Örebro län,1992,2.090954994809151,3663,63596.5,,2.083422763349882,2.0650374992675404,False
18,Örebro län,1993,2.0361278727794967,3588,63409.5,,2.006835108463348,1.9787235523610742,False
18,Örebro län,1994,1.893422457801396,3364,63163.5,,1.8931591148450735,1.8907745795258588,False
18,Örebro län,1995,1.749927013954328,3114,62623.0,,1.7755966766802154,1.7843162927846676,False
18,Örebro län,1996,1.683440558284922,2975,61783.0,,1.6640103777808157,1.6838089402404393,False
18,Örebro län,1997,1.558663561103197,2738,60950.5,,1.5918984098154911,1.6133350337701398,False
18,Örebro län,1998,1.5335911100583541,2670,60228.5,,1.5444358655371497,1.5874506887693163,False
18,Örebro län,1999,1.5410529254498981,2658,59591.0,,1.5650497748194876,1.5644808833920143,False
18,Örebro län,2000,1.6205052889502105,2766,59128.0,,1.5767165819328401,1.5751078235350549,False
18,Örebro län,2001,1.5685915313984116,2656,58927.0,,1.6002983607223407,1.6050616493222105,False
18,Örebro län,2002,1.6117982618184006,2710,58985.0,,1.621250010736981,1.628156788035266,False
18,Örebro län,2003,1.683360238994131,2818,59154.5,,1.6505623732759027,1.6453508390787186,False
18,Örebro län,2004,1.6565286190151767,2753,59331.5,,1.6821214673922598,1.6834707100143418,False
18,Örebro län,2005,1.706475544167472,2813,59554.0,,1.7073983497530592,1.7388379007660837,False
18,Örebro län,2006,1.759190886076529,2874,59876.5,,1.7847668819403701,1.7960310407295055,False
18,Örebro län,2007,1.8886342155771094,3074,60255.5,,1.8723836801549594,1.851826123526747,False
18,Örebro län,2008,1.9693259388112399,3200,60634.5,,1.9311547291299114,1.9092169134045875,False
18,Örebro län,2009,1.935504033001385,3162,61077.0,,1.966086488456433,1.9571382093997631,False
18,Örebro län,2010,1.9934294935566745,3266,61411.5,,1.9759102975368223,1.9666756004304429,False
18,Örebro län,2011,1.9987973660524074,3297,61524.5,,1.976182676779863,1.9600530379141508,False
18,Örebro län,2012,1.9363211707305068,3208,61581.5,,1.9571105543375644,1.9632278502808682,False
18,Örebro län,2013,1.9362131262297786,3249,61724.0,,1.941304130598419,1.9409070500220011,False
18,Örebro län,2014,1.9513780948349726,3323,61864.5,,1.9231389044423637,1.90817693062163,False
18,Örebro län,2015,1.8818254922623403,3280,62008.5,,1.8894501187159551,1.8843848580088085,False
18,Örebro län,2016,1.8351467690505523,3258,62432.5,,1.8447776896597643,1.8662902542061963,False
18,Örebro län,2017,1.8173608076664,3306,63030.0,,1.8327492279778894,1.827354059966217,False
18,Örebro län,2018,1.8457401072167157,3447,63662.0,,1.8065993461727308,1.7916989001987016,False
18,Örebro län,2019,1.7566971236350766,3331,64164.5,,1.7686623080921848,1.7674632797309662,False
18,Örebro län,2020,1.703549693424763,3267,64243.0,,1.7247384945905715,1.7184773244724962,False
18,Örebro län,2021,1.7139686667118754,3297,64140.5,,1.6633164638368962,1.6432308998764236,False
18,Örebro län,2022,1.5724310313740506,3024,64191.5,,1.5853025607740927,1.5867100671154462,False
18,Örebro län,2023,1.469507984236352,2813,64371.5,,1.505343991813531,,False
18,Örebro län,2024,1.4740929598301902,2814,64580.0,,,,False
19,Västmanlands län,1968,2.188683482916582,4108,60836.0,endast folkmängd 31 dec (ingen ingående folkmängd),,,False
19,Västmanlands län,1969,1.9871405144154055,3774,61037.5,,2.047223922264657,,False
19,Västmanlands län,1970,1.9658477694619825,3814,61281.5,,1.9989520066806978,2.0302569484632436,False
19,Västmanlands län,1971,2.0438677361647053,4018,61200.0,,1.9918202483280767,1.958077499737262,False
19,Västmanlands län,1972,1.9657452393575425,3852,60689.5,,1.945799738269641,1.9491282102246301,False
19,Västmanlands län,1973,1.827786239286675,3504,59960.5,,1.911975181832154,1.9191916441761427,False
19,Västmanlands län,1974,1.9423940668522448,3657,59488.5,,1.8621150817861551,1.855776284962793,False
19,Västmanlands län,1975,1.816164939219546,3362,59173.0,,1.8284499820565827,1.7800405156780141,False
19,Västmanlands län,1976,1.7267909400979573,3173,59018.0,,1.7100074240837166,1.7273030033946324,False
19,Västmanlands län,1977,1.5870663929336468,2887,59148.5,,1.6259853369671233,1.655450913092416,False
19,Västmanlands län,1978,1.564098677869766,2803,59246.5,,1.578099562048192,1.6153331639451654,False
19,Västmanlands län,1979,1.5831336153411633,2799,59447.0,,1.5876028288980741,1.596276044649349,False
19,Västmanlands län,1980,1.6155761934832933,2816,59854.5,,1.6100717174811103,1.5974898339807553,False
19,Västmanlands län,1981,1.6315053436188744,2807,60089.5,,1.6134056255642824,1.6021690926575274,False
19,Västmanlands län,1982,1.5931353395906795,2690,60270.0,,1.6040452181543932,1.617617356305051,False
19,Västmanlands län,1983,1.5874949712536255,2654,60512.0,,1.6136684148076956,1.643784478539399,False
19,Västmanlands län,1984,1.6603749335787827,2753,60518.0,,1.6647605698291468,1.682886226130702,False
19,Västmanlands län,1985,1.7464118046550323,2852,60297.0,,1.744600273269735,1.737855638484178,False
19,Västmanlands län,1986,1.8270140815753906,2960,60178.0,,1.813802762529494,1.8240269687608688,False
19,Västmanlands län,1987,1.867982401358059,3031,60190.0,,1.9044493685235093,1.9086615773466247,False
19,Västmanlands län,1988,2.0183516226370797,3279,60190.5,,1.9899606668342333,1.9977797156807955,False
19,Västmanlands län,1989,2.083547976507562,3421,60395.0,,2.0979673651568427,2.0674718864328216,False
19,Västmanlands län,1990,2.192002496325886,3646,60758.0,,2.1503418027229895,2.1265259020214424,False
19,Västmanlands län,1991,2.1754749353355205,3646,60815.0,,2.1769099703208563,2.1361514800086012,False
19,Västmanlands län,1992,2.1632524793011627,3626,60478.0,,2.1350689757365195,2.1114680317012358,False
19,Västmanlands län,1993,2.0664795125728754,3475,59903.0,,2.063287575614924,2.028806128289207,False
19,Västmanlands län,1994,1.9601307349707344,3285,59194.0,,1.9351010756031173,1.9108977169464225,False
19,Västmanlands län,1995,1.778692979265743,2952,58294.0,,1.7749188642860247,1.7831908031716837,False
19,Västmanlands län,1996,1.5859328786215976,2599,57260.0,,1.6297812561049358,1.6747108048045074,False
19,Västmanlands län,1997,1.5247179104274677,2454,56196.5,,1.5449101032620198,1.580007320641686,False
19,Västmanlands län,1998,1.5240795207369942,2413,55199.0,,1.5118035817736963,1.5438378305547218,False
19,Västmanlands län,1999,1.4866133141566273,2325,54480.0,,1.5361794545748477,1.5474691401553744,False
19,Västmanlands län,2000,1.5978455288309221,2451,54073.0,,1.5628494232041366,1.5768117085334805,False
19,Västmanlands län,2001,1.604089426624861,2430,54104.0,,1.6244552359245936,1.6272609003927052,False
19,Västmanlands län,2002,1.6714307523179983,2511,54404.0,,1.6839485529919918,1.6848017793948187,False
19,Västmanlands län,2003,1.7763254800331165,2669,54726.0,,1.7406913138394369,1.7278481835031154,False
19,Västmanlands län,2004,1.7743177091671962,2647,55130.0,,1.7879069128575724,1.7845791209676793,False
19,Västmanlands län,2005,1.8130775493724052,2685,55507.0,,1.8250464574957606,1.826785860590651,False
19,Västmanlands län,2006,1.8877441139476803,2730,54568.5,,1.8610953712509808,1.8435561926456856,False
19,Västmanlands län,2007,1.882464450432857,2636,53635.5,,1.876795234896275,1.8736450272338843,False
19,Västmanlands län,2008,1.8601771403082887,2596,53984.5,,1.8891344909497783,1.9139480611648398,False
19,Västmanlands län,2009,1.9247618821081902,2694,54366.5,,1.933177247147887,1.9300398530516518,False
19,Västmanlands län,2010,2.0145927190271826,2838,54679.5,,1.9691858915057041,1.9470363458806137,False
19,Västmanlands län,2011,1.9682030733817397,2807,54886.0,,1.9834142356621962,1.9639425658486598,False
19,Västmanlands län,2012,1.9674469145776665,2852,55038.5,,1.9601194093693088,1.9669759117128034,False
19,Västmanlands län,2013,1.9447082401485207,2865,55178.0,,1.9506945887183649,1.9404775861068084,False
19,Västmanlands län,2014,1.9399286114289078,2932,55167.0,,1.922245980858212,1.9242131147193777,False
19,Västmanlands län,2015,1.8821010909972078,2898,55047.0,,1.902970139623567,1.9124794719770999,False
19,Västmanlands län,2016,1.8868807164445855,2974,55086.5,,1.89258683610269,1.8870105464772657,False
19,Västmanlands län,2017,1.9087787008662775,3075,55361.5,,1.871007676653404,1.8556734751926551,False
19,Västmanlands län,2018,1.817363612649349,2993,55749.0,,1.8364618561738275,1.8288742414568433,False
19,Västmanlands län,2019,1.7832432550058561,2981,56092.5,,1.7829039299911174,1.7826247058311329,False
19,Västmanlands län,2020,1.748104922318148,2955,56309.5,,1.728993738546679,1.728669439611447,False
19,Västmanlands län,2021,1.6556330383160334,2829,56486.5,,1.680913443467343,1.662390869046077,False
19,Västmanlands län,2022,1.639002369767848,2835,56780.5,,1.5935353893021267,1.5970774725135326,False
19,Västmanlands län,2023,1.4859707598224987,2568,56989.0,,1.5272164673111606,,False
19,Västmanlands län,2024,1.4566762723431355,2514,57079.5,,,,False
20,Dalarnas län,1968,2.136141663940667,3680,60567.0,endast folkmängd 31 dec (ingen ingående folkmängd),,,False
20,Dalarnas län,1969,1.9046433390895392,3271,60256.0,,1.9680354517906444,,False
20,Dalarnas län,1970,1.8633213523417267,3210,59426.5,,1.896033037225419,1.9401160094539036,False
20,Dalarnas län,1971,1.9201344202449913,3321,58693.5,,1.8865983480797706,1.8851974667077935,False
20,Dalarnas län,1972,1.8763392716525942,3293,58468.5,,1.8860075473692344,1.8795441390833567,False
20,Dalarnas län,1973,1.8615489502101172,3281,58464.0,,1.8714216409433548,1.8562574547042232,False
20,Dalarnas län,1974,1.876376700967353,3341,58512.0,,1.8282711938745102,1.8256386229491954,False
20,Dalarnas län,1975,1.7468879304460598,3136,58862.0,,1.7967682976277553,1.7852958440955575,False
20,Dalarnas län,1976,1.7670402614698526,3207,59424.0,,1.7295178564334392,1.7433418769568505,False
20,Dalarnas län,1977,1.6746253773844058,3046,59798.0,,1.6978149177902802,1.7092149258385152,False
20,Dalarnas län,1978,1.6517791145165817,3017,60183.5,,1.677382145758888,1.7259186918944809,False
20,Dalarnas län,1979,1.705741945375676,3131,60787.0,,1.7293092735393827,1.719850021878917,False
20,Dalarnas län,1980,1.83040676072589,3357,61499.0,,1.7576152058311993,1.72874157535747,False
20,Dalarnas län,1981,1.7366969113920314,3172,62011.5,,1.7620622722983643,1.7320061725214662,False
20,Dalarnas län,1982,1.7190831447771713,3114,62404.5,,1.7079607188352544,1.7477539717683537,False
20,Dalarnas län,1983,1.668102100336561,2990,62778.0,,1.723888728907949,1.7620302743788785,False
20,Dalarnas län,1984,1.7844809416101153,3168,62908.0,,1.7847904385750635,1.8017949167019682,False
20,Dalarnas län,1985,1.901788273778514,3346,62815.0,,1.87392977946537,1.8572302707813797,False
20,Dalarnas län,1986,1.9355201230074806,3359,62679.0,,1.9445227706534076,1.9422512663760159,False
20,Dalarnas län,1987,1.996259915174228,3421,62781.5,,2.0083290388304835,2.0070768113358013,False
20,Dalarnas län,1988,2.093207078309742,3592,63125.5,,2.0660252199643367,2.093632535567342,False
20,Dalarnas län,1989,2.1086086664090415,3650,63655.5,,2.178794213218334,2.1727121798325113,False
20,Dalarnas län,1990,2.334566894936219,4072,64221.5,,2.2580313018928617,2.23178755753855,False
20,Dalarnas län,1991,2.3309183443333246,4083,64556.0,,2.3190406809913227,2.230169557304156,False
20,Dalarnas län,1992,2.291636803704424,3995,64387.5,,2.235890741725173,2.184569601472762,False
20,Dalarnas län,1993,2.085117077137771,3605,63972.0,,2.085787589364756,2.075054910137306,False
20,Dalarnas län,1994,1.8806088872520723,3257,63690.5,,1.9175731342162605,1.9482806010031493,False
20,Dalarnas län,1995,1.7869934382589385,3069,63141.5,,1.7882163747245172,1.795572088265524,False
20,Dalarnas län,1996,1.697046798662541,2865,62179.0,,1.670711492312592,1.6823040819348691,False
20,Dalarnas län,1997,1.528094240016296,2508,61005.0,,1.5813060280544446,1.616221264329269,False
20,Dalarnas län,1998,1.5187770454844967,2448,59769.5,,1.532355361574955,1.5723520579010295,False
20,Dalarnas län,1999,1.550194799224073,2447,58596.5,,1.5455397502754364,1.5435203267243687,False
20,Dalarnas län,2000,1.56764740611774,2408,57528.5,,1.55691011604035,1.5768486994179511,False
20,Dalarnas län,2001,1.5528881427792371,2325,56796.0,,1.6050905507937285,1.6225697854092762,False
20,Dalarnas län,2002,1.6947361034842083,2500,56548.0,,1.6650022405681895,1.6801480418895096,False
20,Dalarnas län,2003,1.7473824754411225,2555,56518.0,,1.7600682201835234,1.7478233448082865,False
20,Dalarnas län,2004,1.8380860816252398,2639,56383.0,,1.830497492592662,1.807063246585308,False
20,Dalarnas län,2005,1.9060239207116243,2706,56280.5,,1.8643992180004032,1.8579126686613208,False
20,Dalarnas län,2006,1.8490876516643453,2592,56339.5,,1.9013649287467471,1.908219812850625,False
20,Dalarnas län,2007,1.948983213864272,2714,56347.5,,1.93232968730542,1.9323723541421802,False
20,Dalarnas län,2008,1.998918196387644,2775,56342.5,,1.9689167327783108,1.957336165358268,False
20,Dalarnas län,2009,1.958848788083016,2736,56402.5,,1.9962033204209078,1.98457763410976,False
20,Dalarnas län,2010,2.030842976792063,2846,56339.5,,1.9916622534322947,1.9906519893308725,False
20,Dalarnas län,2011,1.9852949954218055,2814,56042.0,,1.9984976540612343,1.9663435178864899,False
20,Dalarnas län,2012,1.9793549899698344,2819,55580.5,,1.947341941519123,1.9712623523894812,False
20,Dalarnas län,2013,1.8773758391657298,2715,55132.0,,1.9467245965778464,1.95875514151959,False
20,Dalarnas län,2014,1.9834429605979744,2909,54711.0,,1.9430419074021035,1.9615038825904072,False
20,Dalarnas län,2015,1.9683069224426055,2939,54382.5,,1.983596194605491,1.957727258387214,False
20,Dalarnas län,2016,1.9990387007758923,3063,54409.0,,1.9759391640574553,1.9680923378727215,False
20,Dalarnas län,2017,1.9604718689538687,3064,54495.0,,1.9629039354410096,1.942139727877342,False
20,Dalarnas län,2018,1.9292012365932671,3035,54386.0,,1.9144510053894042,1.911684071758139,False
20,Dalarnas län,2019,1.853679910621076,2943,54301.5,,1.8663032630203116,1.8631704409250474,False
20,Dalarnas län,2020,1.816028641846592,2893,54153.5,,1.808726366359367,1.7973351852138113,False
20,Dalarnas län,2021,1.7564705466104327,2790,54052.0,,1.734598259618238,1.7232376497953408,False
20,Dalarnas län,2022,1.6312955903976893,2575,54002.5,,1.6488265655030119,1.6559283150580004,False
20,Dalarnas län,2023,1.5587135595009138,2440,53827.0,,1.5690474622776593,,False
20,Dalarnas län,2024,1.5171332369343749,2334,53650.5,,,,False
21,Gävleborgs län,1968,2.0498711973939683,3817,64298.0,endast folkmängd 31 dec (ingen ingående folkmängd),,,False
21,Gävleborgs län,1969,1.907846775576364,3578,64032.5,,1.9379381695647269,,False
21,Gävleborgs län,1970,1.8560965357238484,3489,63551.5,,1.903406299713091,1.9297464617770352,False
21,Gävleborgs län,1971,1.9462755878390605,3679,63156.5,,1.897004778638281,1.8792421214305417,False
21,Gävleborgs län,1972,1.8886422123519346,3592,62805.0,,1.877422431950832,1.8622475248549688,False
21,Gävleborgs län,1973,1.7973494956615008,3406,62438.0,,1.836288500237312,1.8357323796835896,False
21,Gävleborgs län,1974,1.8228737926985,3461,62259.0,,1.781248032742318,1.7695359600912535,False
21,Gävleborgs län,1975,1.723520809866953,3289,62452.5,,1.720562697480944,1.7072185606926518,False
21,Gävleborgs län,1976,1.6152934898773788,3091,62731.0,,1.6386231717010862,1.6557041321120995,False
21,Gävleborgs län,1977,1.5770552153589272,2999,62930.5,,1.5773753526650147,1.5919285110922798,False
21,Gävleborgs län,1978,1.5397773527587384,2925,63171.5,,1.5402760852390225,1.5660111383229698,False
21,Gävleborgs län,1979,1.503995687599402,2835,63558.0,,1.5459023287928477,1.558212978752934,False
21,Gävleborgs län,1980,1.5939339460204027,2993,64131.5,,1.5580774418823349,1.557657990952201,False
21,Gävleborgs län,1981,1.5763026920272003,2963,64652.0,,1.5815056381342882,1.5669918844472586,False
21,Gävleborgs län,1982,1.5742802763552615,2926,65034.0,,1.5790099295388293,1.5916742051731427,False
21,Gävleborgs län,1983,1.5864468202340265,2909,65253.5,,1.5960447959393704,1.6105379345092772,False
21,Gävleborgs län,1984,1.627407291228823,2964,65273.0,,1.6340355680546412,1.6587165183303019,False
21,Gävleborgs län,1985,1.6882525927010734,3049,65186.0,,1.7109518316874066,1.7141499798116988,False
21,Gävleborgs län,1986,1.8171956111323238,3242,65072.5,,1.7856319291985485,1.8030804901097865,False
21,Gävleborgs län,1987,1.8514475837622488,3277,64987.5,,1.8999141888730122,1.8989803457154903,False
21,Gävleborgs län,1988,2.031099371724464,3575,64928.0,,1.9964845082480178,2.001364626338326,False
21,Gävleborgs län,1989,2.106906569257341,3706,65081.5,,2.1127266455990186,2.0879635080467276,False
21,Gävleborgs län,1990,2.200173995815251,3884,65360.5,,2.1857568615823086,2.148856038619471,False
21,Gävleborgs län,1991,2.250190019674333,3973,65373.5,,2.20209141737185,2.143163502005173,False
21,Gävleborgs län,1992,2.155910236625966,3797,65009.0,,2.136245648317757,2.089794304095156,False
21,Gävleborgs län,1993,2.0026366886529727,3522,64571.5,,1.9995358349953987,1.9835405017177699,False
21,Gävleborgs län,1994,1.8400605797072567,3232,63984.0,,1.8372007507628503,1.848300109393066,False
21,Gävleborgs län,1995,1.668904983928321,2914,63044.0,,1.694317873895464,1.715446440926782,False
21,Gävleborgs län,1996,1.5739880580508145,2716,61918.0,,1.5781783120912267,1.6105395583768203,False
21,Gävleborgs län,1997,1.4916418942945444,2528,60725.0,,1.5145774094161748,1.530484383751082,False
21,Gävleborgs län,1998,1.478102275903166,2455,59520.5,,1.4698429589254243,1.502117967806245,False
21,Gävleborgs län,1999,1.4397847065785632,2359,58532.0,,1.4816532955619552,1.4972855275606354,False
21,Gävleborgs län,2000,1.527072904204137,2456,57852.5,,1.5055611558684887,1.5237407098995828,False
21,Gävleborgs län,2001,1.5498258568227659,2458,57385.0,,1.5669388556720616,1.5787141601839079,False
21,Gävleborgs län,2002,1.6239178059892818,2505,56988.0,,1.642237730045613,1.6447295463031992,False
21,Gävleborgs län,2003,1.7529695273247914,2677,56814.5,,1.7155829901630308,1.6863616959919328,False
21,Gävleborgs län,2004,1.7698616371750187,2662,56865.5,,1.7526882723825388,1.75168006047404,False
21,Gävleborgs län,2005,1.7352336526478063,2583,56872.0,,1.7938376563520422,1.800077287421555,False
21,Gävleborgs län,2006,1.8764176792333018,2742,56870.5,,1.8258517575359878,1.8180838098614618,False
21,Gävleborgs län,2007,1.8659039407268558,2688,56943.0,,1.8617745864948283,1.8536879865711644,False
21,Gävleborgs län,2008,1.8430021395243268,2634,57112.0,,1.8855962003249047,1.9056698937301977,False
21,Gävleborgs län,2009,1.9478825207235315,2794,57250.0,,1.9286759495636108,1.9091411857466825,False
21,Gävleborgs län,2010,1.9951431884429731,2855,57207.0,,1.9455999494940766,1.93243950805672,False
21,Gävleborgs län,2011,1.8937741393157252,2718,56915.5,,1.9571042933452472,1.9443378000205673,False
21,Gävleborgs län,2012,1.9823955522770438,2874,56494.5,,1.9262210969787776,1.9356193356989029,False
21,Gävleborgs län,2013,1.9024935993435632,2784,56224.5,,1.9297264502452718,1.9225492219968374,False
21,Gävleborgs län,2014,1.9042901991152084,2836,56166.5,,1.9121921394638057,1.9198978438928307,False
21,Gävleborgs län,2015,1.9297926199326458,2939,56039.0,,1.9048666892811825,1.894791259181448,False
21,Gävleborgs län,2016,1.8805172487956932,2921,55926.0,,1.889057499149489,1.9018168964205433,False
21,Gävleborgs län,2017,1.8568626287201282,2942,55846.0,,1.8916672210182874,1.8756822631609134,False
21,Gävleborgs län,2018,1.9376217855390407,3108,55683.5,,1.8560338156920757,1.8293781773441562,False
21,Gävleborgs län,2019,1.7736170328170584,2870,55634.5,,1.8031703364016536,1.7904252693952032,False
21,Gävleborgs län,2020,1.6982721908488612,2762,55548.0,,1.7192139775722823,1.723676063221734,False
21,Gävleborgs län,2021,1.6857527090509272,2741,55356.5,,1.6357138325841902,1.6224606110435473,False
21,Gävleborgs län,2022,1.5231165978527823,2473,55188.0,,1.5468046105172721,1.552812663198217,False
21,Gävleborgs län,2023,1.4315445246481067,2281,54789.5,,1.4600128053637658,,False
21,Gävleborgs län,2024,1.4253772935904083,2231,54286.0,,,,False
22,Västernorrlands län,1968,2.104421614267223,3581,59991.0,endast folkmängd 31 dec (ingen ingående folkmängd),,,False
22,Västernorrlands län,1969,1.9295056338169891,3256,59565.5,,1.9669463278844457,,False
22,Västernorrlands län,1970,1.8669117355691243,3158,58887.5,,1.8966011853730176,1.9404816806963343,False
22,Västernorrlands län,1971,1.8933861867329391,3240,58450.0,,1.8894937184658194,1.889237102646776,False
22,Västernorrlands län,1972,1.9081832330953952,3282,58161.5,,1.8832560479492555,1.8747286276555133,False
22,Västernorrlands län,1973,1.8481987240194322,3170,57867.5,,1.8711150719918344,1.8599131601128103,False
22,Västernorrlands län,1974,1.8569632588606757,3167,57610.0,,1.832665460245239,1.8271872412459558,False
22,Västernorrlands län,1975,1.7928343978556098,3063,57502.0,,1.7931847497049842,1.7844192112684645,False
22,Västernorrlands län,1976,1.7297565923986666,2956,57434.5,,1.7389780244874047,1.7466625233843325,False
22,Västernorrlands län,1977,1.6943430832079376,2890,57437.0,,1.6945049867351256,1.7155581417792167,False
22,Västernorrlands län,1978,1.6594152845987722,2819,57519.5,,1.6850665728806022,1.701998259724975,False
22,Västernorrlands län,1979,1.7014413508350965,2872,57713.5,,1.695297207672757,1.694581739742435,False
22,Västernorrlands län,1980,1.7250349875844022,2893,58047.5,,1.706383443635155,1.6927009515866671,False
22,Västernorrlands län,1981,1.6926739924859662,2811,58330.0,,1.700882707499823,1.6844838685189163,False
22,Västernorrlands län,1982,1.6849391424291,2752,58459.5,,1.6653143347250277,1.686756602885135,False
22,Västernorrlands län,1983,1.6183298692600165,2618,58558.0,,1.6720246781184356,1.6981970327709228,False
22,Västernorrlands län,1984,1.7128050226661902,2735,58509.0,,1.7044573429798493,1.7201633820940248,False
22,Västernorrlands län,1985,1.7822371370133412,2801,58313.0,,1.7658492995936694,1.7565066090168766,False
22,Västernorrlands län,1986,1.8025057391014767,2797,58134.5,,1.8171327177193923,1.8293120568956915,False
22,Västernorrlands län,1987,1.8666552770433587,2883,58017.5,,1.8838393749329754,1.9142057252463203,False
22,Västernorrlands län,1988,1.9823571086540914,3050,57994.5,,1.995428583372261,1.9882055244188959,False
22,Västernorrlands län,1989,2.1372733644193325,3279,58045.0,,2.0906222019832144,2.064630476312421,False
22,Västernorrlands län,1990,2.15223613287622,3321,58129.5,,2.158046665288218,2.1072438282428605,False
22,Västernorrlands län,1991,2.184630498569102,3394,58132.0,,2.1388628893802926,2.0999726287569893,False
22,Västernorrlands län,1992,2.0797220366955558,3219,57871.0,,2.070117882163131,2.056652671274441,False
22,Västernorrlands län,1993,1.946001111224735,3012,57362.5,,1.982132241642294,1.977981571941497,False
22,Västernorrlands län,1994,1.9206735770065915,2969,56809.5,,1.8751851081476092,1.8474226441689379,False
22,Västernorrlands län,1995,1.7588806362115008,2702,56009.0,,1.737130024308133,1.735663516676525,False
22,Västernorrlands län,1996,1.5318358597063064,2328,54974.5,,1.6038809650504333,1.6428731748507324,False
22,Västernorrlands län,1997,1.5209263992334923,2282,53983.5,,1.5116038870118567,1.5669807884270273,False
22,Västernorrlands län,1998,1.4820494020957715,2196,52931.5,,1.51472914873911,1.5193008737597968,False
22,Västernorrlands län,1999,1.5412116448880662,2229,51809.5,,1.5145807032863956,1.5320596145348362,False
22,Västernorrlands län,2000,1.5204810628753485,2146,50807.5,,1.552440757114972,1.5745766896425533,False
22,Västernorrlands län,2001,1.5956295635815017,2202,50075.5,,1.6165408004096424,1.640205316792681,False
22,Västernorrlands län,2002,1.7335117747720776,2350,49640.5,,1.7131112920666631,1.7090209490648838,False
22,Västernorrlands län,2003,1.8101925378464103,2438,49538.5,,1.8096647062891897,1.7630023966273811,False
22,Västernorrlands län,2004,1.885289806249082,2505,49603.5,,1.8286235482611086,1.822546611274484,False
22,Västernorrlands län,2005,1.7903883006878332,2352,49679.5,,1.856342914584644,1.8632566914474442,False
22,Västernorrlands län,2006,1.8933506368170168,2462,49826.5,,1.873600371047243,1.8997261299122825,False
22,Västernorrlands län,2007,1.937062175636879,2491,49796.0,,1.940984180874833,1.9086876380155757,False
22,Västernorrlands län,2008,1.9925397301706027,2536,49642.5,,1.9532330841910097,1.9534856050746605,False
22,Västernorrlands län,2009,1.9300973467655471,2445,49582.5,,1.979005070973135,1.9669540530649345,False
22,Västernorrlands län,2010,2.014378135983256,2533,49472.0,,1.9683894531723973,1.960117866254194,False
22,Västernorrlands län,2011,1.9606928767683887,2447,49216.5,,1.9593174181116069,1.940066050427879,False
22,Västernorrlands län,2012,1.9028812415831753,2382,48901.5,,1.9186182564635308,1.93359796428469,False
22,Västernorrlands län,2013,1.8922806510390286,2379,48571.0,,1.897639602890602,1.9165778159879223,False
22,Västernorrlands län,2014,1.8977569160496017,2419,48270.5,,1.9064383205293491,1.9159106372550163,False
22,Västernorrlands län,2015,1.9292773944994173,2495,48044.0,,1.9281304312176257,1.906626524980232,False
22,Västernorrlands län,2016,1.957356983103858,2576,47857.0,,1.9143650192708437,1.9110348956546925,False
22,Västernorrlands län,2017,1.8564606802092554,2473,47642.5,,1.909380055908148,1.899351142260302,False
22,Västernorrlands län,2018,1.9143225044113301,2564,47319.5,,1.8700404445660785,1.8541237103009434,False
22,Västernorrlands län,2019,1.8393381490776501,2454,47026.5,,1.8189336293972012,1.8165531410313676,False
22,Västernorrlands län,2020,1.7031402347026225,2274,46713.0,,1.770660840178751,1.7522058144214747,False
22,Västernorrlands län,2021,1.7695041367559803,2362,46403.5,,1.669122806206131,1.667944601174576,False
22,Västernorrlands län,2022,1.5347240471597907,2029,46186.0,,1.5990815406975358,1.5760881849376756,False
22,Västernorrlands län,2023,1.493016438176836,1949,45925.0,,1.4692655177432583,,False
22,Västernorrlands län,2024,1.380056067893148,1786,45711.5,,,,False
23,Jämtlands län,1968,2.0596752752072596,1590,28441.0,endast folkmängd 31 dec (ingen ingående folkmängd),,,False
23,Jämtlands län,1969,1.9283768627989253,1470,28080.5,,1.9712103135996701,,False
23,Jämtlands län,1970,1.9255788027928256,1445,27441.0,,1.921864901967995,1.9581527128031673,False
23,Jämtlands län,1971,1.911639040312234,1462,27156.5,,1.9342371420032174,1.9243048909620402,False
23,Jämtlands län,1972,1.9654935829045923,1527,27128.5,,1.9225229297394837,1.9338592460107455,False
23,Jämtlands län,1973,1.890436166001625,1497,27095.5,,1.94402612898289,1.901559086385321,False
23,Jämtlands län,1974,1.976148638042452,1587,27147.5,,1.8768876029032597,1.866404511666492,False
23,Jämtlands län,1975,1.764078004665702,1442,27260.0,,1.825364269808747,1.8078459226552144,False
23,Jämtlands län,1976,1.7358661667180875,1431,27381.5,,1.7242149364106651,1.756237140015647,False
23,Jämtlands län,1977,1.6727006378482057,1395,27555.0,,1.680319685790027,1.704191539570083,False
23,Jämtlands län,1978,1.6323922528037877,1374,27760.0,,1.6736711754888756,1.6844748265898262,False
23,Jämtlands län,1979,1.7159206358146326,1447,28069.5,,1.671269109460946,1.674583487516643,False
23,Jämtlands län,1980,1.6654944397644178,1418,28443.5,,1.6892748489770737,1.6732186357824976,False
23,Jämtlands län,1981,1.6864094713521705,1445,28764.5,,1.6725934300980223,1.686198436588839,False
23,Jämtlands län,1982,1.6658763791774787,1417,28984.5,,1.6831923691217152,1.6943328069940347,False
23,Jämtlands län,1983,1.6972912568354959,1439,29194.5,,1.706586707951195,1.7302913437396796,False
23,Jämtlands län,1984,1.7565924878406098,1487,29387.5,,1.766390289389583,1.7897688564870808,False
23,Jämtlands län,1985,1.8452871234926445,1559,29430.0,,1.8618922154741429,1.835003395804406,False
23,Jämtlands län,1986,1.9837970350891747,1650,29337.5,,1.9070444114486416,1.9162280860643388,False
23,Jämtlands län,1987,1.892049075764106,1556,29316.0,,1.9930869396628133,1.9855918330560782,False
23,Jämtlands län,1988,2.1034147081351593,1736,29571.5,,2.032958335566191,2.0816668174930237,False
23,Jämtlands län,1989,2.1034112227993083,1753,29833.5,,2.1774959922039456,2.1324556334308893,False
23,Jämtlands län,1990,2.3256620456773693,1944,30055.0,,2.2222714610850605,2.1623410513605514,False
23,Jämtlands län,1991,2.237741114778504,1876,30245.5,,2.2016264419560962,2.1453632972258476,False
23,Jämtlands län,1992,2.041476165412416,1709,30214.0,,2.0992477392175197,2.1019831029515834,False
23,Jämtlands län,1993,2.01852593746164,1690,30096.5,,1.9821707847673482,1.975445904998691,False
23,Jämtlands län,1994,1.8865102514279894,1581,29992.5,,1.8660040816008452,1.8339322408949195,False
23,Jämtlands län,1995,1.692976055912906,1409,29723.0,,1.7032197005335135,1.7258581980776888,False
23,Jämtlands län,1996,1.5301727942596448,1254,29227.0,,1.5747516004996047,1.5958341918267251,False
23,Jämtlands län,1997,1.5011059513262641,1210,28660.0,,1.4665615505975769,1.5096042395461626,False
23,Jämtlands län,1998,1.368405906206822,1076,28139.5,,1.441624115852754,1.4644875987296513,False
23,Jämtlands län,1999,1.4553604900251766,1126,27699.5,,1.430386416020782,1.472741687514072,False
23,Jämtlands län,2000,1.467392851830348,1110,27258.0,,1.498065526679091,1.5014982116992646,False
23,Jämtlands län,2001,1.5714432381817487,1152,26893.0,,1.5612415540881077,1.5834685286625585,False
23,Jämtlands län,2002,1.6448885722522268,1190,26675.5,,1.664863100485756,1.6530916118105736,False
23,Jämtlands län,2003,1.7782574910232924,1266,26535.0,,1.7422073230135904,1.7236759573966318,False
23,Jämtlands län,2004,1.8034759057652516,1274,26432.0,,1.8006826588497276,1.7850916482641916,False
23,Jämtlands län,2005,1.8203145797606388,1263,26450.5,,1.8341040593484796,1.838002156260152,False
23,Jämtlands län,2006,1.8785216925195483,1295,26542.0,,1.8694257948374051,1.874948138882947,False
23,Jämtlands län,2007,1.9094411122320283,1308,26575.0,,1.9169834029629482,1.9095984402016968,False
23,Jämtlands län,2008,1.9629874041372681,1344,26554.0,,1.9497186429094315,1.9658817041365626,False
23,Jämtlands län,2009,1.976727412358999,1341,26433.5,,2.0138152386437453,1.9791311781197387,False
23,Jämtlands län,2010,2.1017308994349695,1430,26317.0,,2.0077424580764656,1.9686107405504643,False
23,Jämtlands län,2011,1.9447690624354275,1319,26132.5,,1.9677796287520177,1.946165391332173,False
23,Jämtlands län,2012,1.8568389243856567,1271,25899.0,,1.884122881622299,1.932487018051819,False
23,Jämtlands län,2013,1.8507606580458127,1266,25701.5,,1.871978376129566,1.9071362217188352,False
23,Jämtlands län,2014,1.9083355459572293,1323,25496.5,,1.9113577072576968,1.8878816031999854,False
23,Jämtlands län,2015,1.974976917770049,1388,25297.0,,1.910602811189486,1.9112137191125753,False
23,Jämtlands län,2016,1.8484959698411796,1331,25271.0,,1.9323241305199446,1.9142549534552866,False
23,Jämtlands län,2017,1.9734995039486052,1456,25345.0,,1.8959874345163847,1.88744544455556,False
23,Jämtlands län,2018,1.86596682975937,1399,25399.5,,1.8712514450555238,1.8250256878858617,False
23,Jämtlands län,2019,1.7742880014585969,1350,25512.0,,1.7677109885465079,1.797380604091234,False
23,Jämtlands län,2020,1.662878134421557,1274,25615.5,,1.715812228916065,1.701633429100075,False
23,Jämtlands län,2021,1.7102705508680414,1330,25756.5,,1.6226374380941355,1.6213597826669937,False
23,Jämtlands län,2022,1.4947636289928088,1170,25985.5,,1.5565442591516045,1.5580276132277349,False
23,Jämtlands län,2023,1.464598597593964,1158,26174.0,,1.4723297936163586,,False
23,Jämtlands län,2024,1.4576271542623036,1138,26289.0,,,,False
24,Västerbottens län,1968,2.162834418027821,3390,54908.0,endast folkmängd 31 dec (ingen ingående folkmängd),,,False
24,Västerbottens län,1969,1.9618486030182385,3084,54686.0,,2.0126155996705015,,False
24,Västerbottens län,1970,1.9131637779654447,3030,54219.0,,1.9256620392970303,1.9677230196728517,False
24,Västerbottens län,1971,1.9019737369074077,3033,53817.0,,1.9046440257727328,1.9237735913312004,False
24,Västerbottens län,1972,1.8987945624453466,3056,53623.5,,1.9146185252241061,1.9371908087424887,False
24,Västerbottens län,1973,1.9430872763195643,3155,53476.5,,1.9569388429465306,1.9332167505759634,False
24,Västerbottens län,1974,2.028934690074681,3295,53336.0,,1.9551051511756876,1.898940966553316,False
24,Västerbottens län,1975,1.8932934871328175,3088,53368.0,,1.8842743313338894,1.877340636687832,False
24,Västerbottens län,1976,1.7305948167941698,2849,53589.0,,1.804893739014971,1.8378131918822334,False
24,Västerbottens län,1977,1.7907929131179259,2984,53970.5,,1.7556125940678895,1.787325109793081,False
24,Västerbottens län,1978,1.7454500522915732,2948,54439.5,,1.7709124150128055,1.7693671639432391,False
24,Västerbottens län,1979,1.7764942796289176,3021,55003.0,,1.7751493632680333,1.7794657863966648,False
24,Västerbottens län,1980,1.8035037578836095,3094,55711.0,,1.7870286555246082,1.77024319384904,False
24,Västerbottens län,1981,1.7810879290612975,3080,56337.5,,1.776423879108236,1.7776040654924858,False
24,Västerbottens län,1982,1.7446799503798012,3004,56675.0,,1.7693407633166343,1.7702073770993951,False
24,Västerbottens län,1983,1.7822544105088038,3038,56883.5,,1.7554817328506893,1.791316450633315,False
24,Västerbottens län,1984,1.739510837663463,2939,57019.0,,1.8102714579084924,1.8177996304740556,False
24,Västerbottens län,1985,1.9090491255532103,3193,57016.5,,1.8540212638272247,1.8525592806056959,False
24,Västerbottens län,1986,1.913503828265001,3156,56920.0,,1.9136770516187378,1.913739915278743,False
24,Västerbottens län,1987,1.9184782010380026,3129,56923.0,,1.973379871059014,1.9996747908301398,False
24,Västerbottens län,1988,2.0881575838740383,3407,57286.5,,2.0586070001108294,2.055218159589149,False
24,Västerbottens län,1989,2.169185215420447,3568,57890.5,,2.1480362562142474,2.146018716196255,False
24,Västerbottens län,1990,2.186765969348256,3625,58435.0,,2.241152598689744,2.2027785925608443,False
24,Västerbottens län,1991,2.367506611300529,3940,58775.5,,2.252183387836579,2.1873433670756706,False
24,Västerbottens län,1992,2.2022775828609507,3691,59150.0,,2.1935885502032173,2.137923693581351,False
24,Västerbottens län,1993,2.010981456448172,3417,59662.0,,2.0451152957526566,2.0482406108078526,False
24,Västerbottens län,1994,1.9220868479488475,3299,60013.0,,1.8904729532925948,1.8938383837722939,False
24,Västerbottens län,1995,1.7383505554807646,3005,60087.5,,1.7519776265174494,1.764091143809587,False
24,Västerbottens län,1996,1.5954954761227356,2741,59871.5,,1.6291291382169721,1.6485042753242354,False
24,Västerbottens län,1997,1.5535413830474163,2645,59438.0,,1.5273613243971884,1.5521748018387047,False
24,Västerbottens län,1998,1.4330471140214138,2401,58886.0,,1.4756759925300076,1.4994709408903475,False
24,Västerbottens län,1999,1.4404394805211933,2380,58201.5,,1.4494392817605286,1.486265276857968,False
24,Västerbottens län,2000,1.4748312507389787,2406,57588.5,,1.4815792957403369,1.4874273539964011,False
24,Västerbottens län,2001,1.5294671559608382,2465,57172.0,,1.5212167251464663,1.5325202836146163,False
24,Västerbottens län,2002,1.5593517687395815,2488,57036.5,,1.5824435622709698,1.563650189052989,False
24,Västerbottens län,2003,1.6585117621124899,2633,57135.0,,1.604650846188376,1.6032876432236516,False
24,Västerbottens län,2004,1.5960890077130572,2537,57402.0,,1.642539763805946,1.6535393269385525,False
24,Västerbottens län,2005,1.673018521592291,2665,57750.5,,1.6832777012802307,1.6858277191621354,False
24,Västerbottens län,2006,1.7807255745353443,2827,57870.5,,1.724845941995044,1.7193111139494028,False
24,Västerbottens län,2007,1.7207937298574962,2707,57801.0,,1.7758160134805552,1.7796549153075731,False
24,Västerbottens län,2008,1.825928736048825,2865,57648.5,,1.8148434934700763,1.8133448046581395,False
24,Västerbottens län,2009,1.8978080145039076,2962,57525.5,,1.855068239632619,1.8336442913630706,False
24,Västerbottens län,2010,1.8414679683451247,2891,57442.5,,1.8738329969696774,1.8490837064825054,False
24,Västerbottens län,2011,1.8822230080599993,2947,57332.0,,1.8405605939532645,1.852394745021337,False
24,Västerbottens län,2012,1.7979908054546703,2835,57193.5,,1.8408992474192178,1.8169425537191024,False
24,Västerbottens län,2013,1.8424839287429835,2918,57000.0,,1.7870072640634629,1.802559023491088,False
24,Västerbottens län,2014,1.7205470579927349,2770,56838.5,,1.7775271013135903,1.787823941678426,False
24,Västerbottens län,2015,1.7695503172050522,2889,56664.5,,1.766214991398159,1.7762664171095721,False
24,Västerbottens län,2016,1.8085475989966906,2995,56677.0,,1.7727670329373808,1.7453863763740756,False
24,Västerbottens län,2017,1.7402031826103992,2954,56964.0,,1.7456115022241967,1.7347159086099624,False
24,Västerbottens län,2018,1.6880837250654999,2914,57211.5,,1.698493875616023,1.7110461099034473,False
24,Västerbottens län,2019,1.6671947191721699,2934,57467.0,,1.6688265893033822,1.6670338683120665,False
24,Västerbottens län,2020,1.651201323672477,2936,57787.0,,1.635627477961478,1.6101272930740191,False
24,Västerbottens län,2021,1.5884863910397868,2845,58109.0,,1.565119340377475,1.534767140213035,False
24,Västerbottens län,2022,1.4556703064201615,2618,58533.0,,1.4518132194068425,1.4612827293402078,False
24,Västerbottens län,2023,1.311282960760579,2384,59238.5,,1.3555753106629254,,False
24,Västerbottens län,2024,1.299772664808035,2394,60129.0,,,,False
25,Norrbottens län,1968,2.2096685397473528,3992,61308.0,endast folkmängd 31 dec (ingen ingående folkmängd),,,False
25,Norrbottens län,1969,2.045027118092484,3659,60820.0,,2.082449560554426,,False
25,Norrbottens län,1970,1.9926530238234403,3537,59996.0,,2.0090593421663723,2.0485228577678756,False
25,Norrbottens län,1971,1.9894978845831932,3537,59708.5,,1.9959728769998468,1.9933571611297758,False
25,Norrbottens län,1972,2.0057677225929065,3592,59826.0,,1.976368554577652,1.9842211742412867,False
25,Norrbottens län,1973,1.9338400565568556,3504,60048.0,,1.9796516542665998,1.9662623605201959,False
25,Norrbottens län,1974,1.9993471836500378,3662,60441.5,,1.945348731808293,1.9148664724883484,False
25,Norrbottens län,1975,1.9028589552179844,3541,60963.0,,1.8782415277639934,1.8590018343054844,False
25,Norrbottens län,1976,1.7325184444239574,3238,61506.5,,1.7872739771068427,1.805017548364745,False
25,Norrbottens län,1977,1.726444531678586,3238,61892.5,,1.707627200985234,1.7401928497001293,False
25,Norrbottens län,1978,1.6639186268531583,3109,62030.5,,1.6885289496195686,1.7100774238091354,False
25,Norrbottens län,1979,1.6752236903269608,3122,62298.0,,1.6971413809810445,1.7074289688532418,False
25,Norrbottens län,1980,1.7522818257630142,3267,62668.0,,1.7155938952448215,1.701373764010255,False
25,Norrbottens län,1981,1.7192761696444894,3179,62908.0,,1.722575500957052,1.701373838422033,False
25,Norrbottens län,1982,1.6961685074636523,3106,62968.5,,1.693121225340063,1.7017859994659523,False
25,Norrbottens län,1983,1.6639189989120473,3007,62950.5,,1.679124000640753,1.7086035215336277,False
25,Norrbottens län,1984,1.6772844955465596,2996,62835.5,,1.7091909768533327,1.7234847158349358,False
25,Norrbottens län,1985,1.7863694361013902,3154,62422.0,,1.75244535759966,1.7645845760252783,False
25,Norrbottens län,1986,1.793682141151029,3119,61966.5,,1.827239795222595,1.8281593675265533,False
25,Norrbottens län,1987,1.901667808415365,3269,61680.5,,1.892380968661606,1.9170567901659592,False
25,Norrbottens län,1988,1.9817929564184227,3392,61610.0,,2.0017441245257923,1.9961358767232795,False
25,Norrbottens län,1989,2.1217716087435887,3626,61614.5,,2.095109811350001,2.0779649409317833,False
25,Norrbottens län,1990,2.181764868887991,3732,61596.0,,2.1687879799417096,2.121655131479765,False
25,Norrbottens län,1991,2.2028274621935484,3750,61476.5,,2.1682370307456043,2.1232690772618374,False
25,Norrbottens län,1992,2.1201187611552728,3602,61355.5,,2.104269636225869,2.0744856753055196,False
25,Norrbottens län,1993,1.9898626853287849,3383,61162.5,,1.9959453484820193,1.9757683862400768,False
25,Norrbottens län,1994,1.877854598962,3177,60689.0,,1.8519652359505212,1.8574464803021808,False
25,Norrbottens län,1995,1.6881784235607784,2818,59954.5,,1.7257503183422827,1.7397025028305468,False
25,Norrbottens län,1996,1.6112179325040688,2639,58912.5,,1.61026507662065,1.6460259684285294,False
25,Norrbottens län,1997,1.531398873797102,2451,57676.0,,1.5546989398732898,1.5791059367513953,False
25,Norrbottens län,1998,1.5214800133186976,2386,56421.0,,1.5320444425640434,1.570023574149607,False
25,Norrbottens län,1999,1.5432544405763295,2355,55238.5,,1.5691670214822881,1.5722446873971425,False
25,Norrbottens län,2000,1.6427666105518361,2434,54206.0,,1.6027815166233046,1.5949387843537095,False
25,Norrbottens län,2001,1.6223234987417476,2341,53343.0,,1.6366531559578406,1.628407285055739,False
25,Norrbottens län,2002,1.644869358579937,2309,52696.0,,1.6520051247168432,1.680797238564954,False
25,Norrbottens län,2003,1.6888225168288444,2319,52303.5,,1.7129653611770632,1.6968699000099303,False
25,Norrbottens län,2004,1.8052042081224071,2441,52182.0,,1.7390522142426559,1.7466965870706257,False
25,Norrbottens län,2005,1.7231299177767154,2291,52091.5,,1.7999303533147826,1.788144626284771,False
25,Norrbottens län,2006,1.8714569340452245,2456,51976.5,,1.8155654688242011,1.825463473746563,False
25,Norrbottens län,2007,1.8521095546506627,2385,51737.5,,1.866327747611231,1.839823855732011,False
25,Norrbottens län,2008,1.8754167541378046,2380,51364.5,,1.8681774756127052,1.8859691698203522,False
25,Norrbottens län,2009,1.8770061180496478,2363,50967.0,,1.902093120135292,1.8992069535531755,False
25,Norrbottens län,2010,1.9538564882184222,2433,50518.0,,1.9228361529924705,1.8961504009034544,False
25,Norrbottens län,2011,1.9376458527093408,2428,50093.5,,1.9094430441099401,1.903739717339543,False
25,Norrbottens län,2012,1.8368267914020566,2321,49716.5,,1.8959453268098818,1.9095188731839783,False
25,Norrbottens län,2013,1.9133633363182476,2462,49524.0,,1.8853640083307104,1.8863303593158824,False
25,Norrbottens län,2014,1.9059018972718258,2496,49288.5,,1.8857263841560055,1.8748653841743639,False
25,Norrbottens län,2015,1.8379139188779423,2440,48853.0,,1.874712264383839,1.8592515828343097,False
25,Norrbottens län,2016,1.8803209770017477,2541,48469.5,,1.8256642268604917,1.8201382482580222,False
25,Norrbottens län,2017,1.7587577847017841,2413,48160.5,,1.7856251417134479,1.7939003663165842,False
25,Norrbottens län,2018,1.7177966634368114,2373,47687.5,,1.750422311901077,1.7606620643351891,False
25,Norrbottens län,2019,1.7747124875646354,2457,47251.5,,1.7214105199908054,1.7332614130407955,False
25,Norrbottens län,2020,1.671722408970968,2320,46964.0,,1.729917539021794,1.6847998086130835,False
25,Norrbottens län,2021,1.7433177205297778,2435,46780.0,,1.6438299640213236,1.6337980094557156,False
25,Norrbottens län,2022,1.5164497625632247,2107,46617.5,,1.5741850502476586,1.5622505891513885,False
25,Norrbottens län,2023,1.4627876676499727,2033,46415.0,,1.4654042720853997,,False
25,Norrbottens län,2024,1.416975386043,1962,46472.0,,,,False
