regionkod,namn,1968,1969,1970,1971,1972,1973,1974,1975,1976,1977,1978,1979,1980,1981,1982,1983,1984,1985,1986,1987,1988,1989,1990,1991,1992,1993,1994,1995,1996,1997,1998,1999,2000,2001,2002,2003,2004,2005,2006,2007,2008,2009,2010,2011,2012,2013,2014,2015,2016,2017,2018,2019,2020,2021,2022,2023,2024
0114,Upplands Väsby,2.159,2.114,2.045,2.096,2.137,2.129,2.085,1.833,1.884,1.765,1.74,1.745,1.802,1.549,1.627,1.624,1.691,1.858,1.834,1.755,1.941,2.02,2.214,2.184,2.261,1.96,1.953,1.884,1.579,1.502,1.356,1.554,1.543,1.584,1.636,1.79,1.678,1.788,1.783,1.909,1.771,1.91,1.955,1.74,1.888,2.041,1.775,1.866,1.78,1.871,1.707,1.614,1.693,1.715,1.485,1.512,1.583
0115,Vallentuna,2.419,2.215,2.331,2.125,2.374,2.116,1.89,1.687,1.922,1.793,1.816,1.978,1.914,1.984,1.625,1.909,1.787,2.007,1.969,1.938,2.332,2.078,2.147,2.394,2.246,2.317,2.121,1.933,1.665,1.805,1.699,1.655,1.72,1.688,1.963,1.858,2.093,2.0,1.961,2.05,2.272,2.008,2.259,2.126,2.238,2.133,2.061,2.014,1.934,1.877,1.796,1.649,1.703,1.633,1.589,1.532,1.509
0117,Österåker,2.55,2.57,2.508,2.335,2.445,1.948,2.012,2.009,1.989,1.72,1.868,1.826,1.727,1.696,1.7,1.662,1.732,1.939,2.001,2.133,2.276,2.169,2.314,2.228,2.612,2.229,2.238,1.709,1.756,1.569,1.704,1.565,1.594,1.684,1.832,2.04,2.095,2.01,2.302,1.909,2.002,2.067,2.309,2.197,2.099,1.834,2.019,1.885,1.962,1.917,1.797,1.741,1.857,1.741,1.573,1.585,1.466
0120,Värmdö,2.415,2.039,2.164,2.165,2.225,2.036,2.033,1.909,1.944,1.723,1.758,1.831,2.03,1.72,1.735,1.562,1.555,1.858,1.939,2.165,2.271,2.337,2.655,2.438,2.665,2.251,2.426,1.968,1.816,1.918,1.911,1.854,1.821,1.948,2.178,2.12,2.083,2.076,2.323,2.426,2.223,2.138,2.143,1.979,2.075,2.066,2.097,2.122,2.173,1.892,1.751,1.614,1.782,1.692,1.633,1.487,1.315
0123,Järfälla,2.048,1.995,2.066,2.086,2.109,1.918,1.953,1.849,1.566,1.684,1.582,1.572,1.705,1.668,1.643,1.583,1.758,1.67,1.682,1.71,1.821,1.84,1.972,2.083,1.909,1.997,1.974,1.806,1.626,1.423,1.615,1.579,1.512,1.626,1.562,1.74,1.772,1.748,1.825,1.99,1.867,2.019,2.058,1.912,1.859,1.933,1.882,1.986,1.905,1.767,1.788,1.863,1.635,1.713,1.663,1.429,1.486
0125,Ekerö,2.488,2.157,2.321,2.586,2.382,2.128,1.998,1.764,1.697,1.685,1.62,1.729,1.565,1.466,1.57,1.568,1.908,1.969,2.223,2.075,2.131,2.401,2.479,2.411,2.487,2.162,2.25,1.924,1.723,1.462,1.406,1.611,1.639,2.007,1.871,2.21,2.115,2.032,1.964,2.247,2.285,2.44,2.228,1.917,2.049,2.285,2.05,2.032,1.879,1.961,1.97,1.985,1.711,1.929,1.609,1.356,1.469
0126,Huddinge,2.227,1.941,1.867,2.092,1.789,2.014,1.944,1.883,1.831,1.805,1.608,1.759,1.829,1.707,1.709,1.596,1.675,1.831,2.034,2.097,1.981,2.185,2.203,2.228,2.057,2.192,2.055,1.867,1.832,1.827,1.59,1.656,1.712,1.795,1.789,1.913,1.834,1.879,2.029,1.986,2.019,1.995,2.091,1.939,1.954,2.017,1.896,1.844,1.829,1.664,1.735,1.631,1.598,1.561,1.461,1.366,1.425
0127,Botkyrka,2.011,2.451,2.218,2.517,2.67,2.463,2.306,2.122,1.986,1.892,1.859,1.932,1.947,1.787,1.819,1.75,1.821,1.866,1.919,2.009,2.205,2.15,2.245,2.253,2.384,2.188,2.192,2.031,1.858,1.743,1.854,1.775,1.839,1.758,1.88,2.061,1.998,2.056,1.978,2.111,2.086,2.066,2.169,2.019,2.059,2.048,2.0,1.938,1.819,1.906,1.782,1.716,1.742,1.665,1.603,1.422,1.485
0128,Salem,2.125,2.443,2.657,2.957,2.257,2.194,1.911,1.941,1.859,1.959,1.507,1.776,1.855,1.817,1.4,1.719,1.781,1.885,1.528,2.1,1.906,2.119,2.377,2.47,2.406,2.287,1.947,2.052,1.812,1.647,1.741,1.617,1.839,1.755,1.744,1.917,1.783,1.889,2.18,1.972,2.415,1.963,2.009,2.052,2.088,2.081,1.854,1.848,1.865,1.754,2.179,1.762,1.704,1.652,1.594,1.756,1.606
0136,Haninge,2.192,2.334,2.209,2.446,2.366,2.176,2.145,1.882,1.703,1.727,1.788,1.78,1.974,1.704,1.615,1.642,1.808,1.726,1.939,1.895,2.001,2.039,2.291,2.176,2.1,2.13,2.006,1.806,1.641,1.641,1.692,1.651,1.546,1.67,1.704,1.81,1.808,1.864,1.996,2.03,2.048,2.033,2.086,1.955,1.864,1.916,1.897,1.822,1.878,1.785,1.909,1.835,1.775,1.681,1.593,1.474,1.502
0138,Tyresö,2.138,2.119,2.344,2.371,2.18,2.104,1.98,1.95,1.812,1.884,1.639,1.841,1.66,1.498,1.457,1.716,1.829,1.859,1.795,2.052,2.128,2.181,2.113,2.091,2.181,2.12,1.931,2.03,1.724,1.74,1.687,1.703,1.736,1.7,1.832,1.901,1.894,1.91,1.964,2.153,2.092,2.207,2.1,1.868,1.791,1.963,2.018,1.822,1.927,1.793,1.755,1.626,1.644,1.669,1.445,1.478,1.415
0139,Upplands-Bro,2.124,1.758,2.284,2.553,2.23,2.362,2.155,2.125,1.811,1.813,1.74,1.728,1.876,1.865,1.853,1.887,1.843,1.96,2.173,1.909,2.306,2.108,2.413,2.176,2.377,1.94,1.916,1.651,1.588,1.564,1.703,1.582,1.629,1.788,1.724,1.85,1.851,1.91,1.968,2.053,1.948,2.134,2.133,2.088,2.167,1.977,1.958,2.166,2.008,1.74,2.198,1.852,1.869,1.879,1.608,1.738,1.655
0140,Nykvarn,,,,,,,,,,,,,,,,,,,,,,,,,,,,,,,0.0,1.489,2.134,1.462,1.891,1.479,1.863,1.944,2.138,1.872,2.037,2.588,2.419,2.254,1.668,2.092,1.85,2.009,2.287,2.058,2.134,1.759,1.636,2.208,1.764,1.628,1.612
0160,Täby,2.178,2.141,2.004,2.146,2.0,1.776,1.867,1.746,1.67,1.608,1.518,1.617,1.817,1.592,1.714,1.564,1.722,1.818,1.887,1.764,2.025,1.976,2.112,1.948,2.063,1.94,1.95,1.835,1.582,1.565,1.608,1.551,1.66,1.604,1.701,1.795,1.857,1.841,1.885,1.978,1.84,2.086,1.985,1.813,1.925,1.87,1.726,1.824,1.688,1.686,1.609,1.648,1.677,1.581,1.419,1.345,1.472
0162,Danderyd,1.874,1.653,1.662,1.41,1.636,1.464,1.611,1.422,1.537,1.644,1.513,1.593,1.679,1.568,1.492,1.623,1.466,1.819,2.039,2.029,2.132,2.116,2.134,2.098,2.089,2.044,2.021,1.941,1.872,1.876,1.549,1.581,1.522,1.672,1.71,1.809,1.893,1.821,2.074,1.951,1.957,1.74,2.039,1.801,1.583,1.608,1.809,1.603,1.485,1.496,1.423,1.453,1.318,1.572,1.37,1.425,1.269
0163,Sollentuna,1.956,1.882,2.054,1.985,1.859,1.837,2.029,1.765,1.688,1.745,1.622,1.679,1.954,1.598,1.796,1.604,1.807,1.757,1.95,1.949,2.083,1.995,2.107,2.116,2.106,2.068,2.039,1.886,1.76,1.753,1.652,1.657,1.651,1.754,1.832,1.864,2.015,2.002,2.065,1.995,2.06,1.973,2.051,1.965,1.791,1.933,1.856,1.805,1.723,1.587,1.644,1.642,1.542,1.699,1.502,1.4,1.393
0180,Stockholm,1.506,1.418,1.439,1.529,1.455,1.397,1.398,1.316,1.312,1.28,1.266,1.345,1.38,1.34,1.318,1.323,1.355,1.421,1.49,1.55,1.654,1.684,1.72,1.699,1.711,1.655,1.623,1.501,1.433,1.361,1.372,1.346,1.419,1.446,1.55,1.612,1.697,1.713,1.805,1.828,1.869,1.889,1.933,1.856,1.842,1.853,1.815,1.768,1.737,1.657,1.587,1.555,1.54,1.564,1.381,1.362,1.341
0181,Södertälje,2.07,2.109,2.145,2.158,2.119,1.939,1.966,1.845,1.768,1.6,1.694,1.788,1.822,1.875,1.817,1.698,1.805,1.725,1.966,1.979,2.072,2.211,2.373,2.168,2.236,2.135,2.07,1.867,1.639,1.654,1.629,1.7,1.732,1.627,1.832,1.902,1.973,1.953,1.972,2.027,2.061,1.962,2.037,2.032,2.068,1.951,1.885,1.938,1.835,1.811,1.735,1.645,1.757,1.774,1.54,1.572,1.527
0182,Nacka,2.004,1.795,1.929,2.124,2.05,2.075,1.902,1.816,1.92,1.494,1.548,1.671,1.719,1.756,1.644,1.523,1.658,1.657,1.854,1.895,1.992,2.194,2.317,2.098,2.201,2.173,2.088,2.03,1.813,1.719,1.616,1.636,1.768,1.669,1.821,1.92,1.942,2.104,2.098,2.113,2.211,2.099,2.092,1.991,1.963,2.001,2.026,1.927,1.873,1.9,1.807,1.827,1.712,1.797,1.593,1.516,1.562
0183,Sundbyberg,1.516,1.443,1.471,1.415,1.654,1.505,1.401,1.257,1.263,1.24,1.257,1.318,1.377,1.306,1.37,1.219,1.371,1.568,1.514,1.676,1.72,1.937,1.964,1.878,1.961,1.893,1.592,1.412,1.363,1.293,1.304,1.28,1.381,1.536,1.546,1.67,1.753,1.732,1.797,1.713,1.908,1.875,2.022,1.991,2.064,1.957,1.847,1.858,1.79,1.796,1.683,1.618,1.608,1.721,1.388,1.399,1.422
0184,Solna,1.767,1.567,1.557,1.576,1.62,1.558,1.493,1.477,1.396,1.344,1.169,1.426,1.371,1.286,1.302,1.293,1.223,1.47,1.468,1.577,1.76,1.692,1.822,1.819,1.829,1.794,1.71,1.561,1.487,1.359,1.388,1.301,1.361,1.51,1.506,1.565,1.696,1.665,1.891,1.798,1.914,1.878,1.959,1.856,1.878,1.779,1.785,1.742,1.854,1.634,1.599,1.555,1.531,1.447,1.338,1.337,1.296
0186,Lidingö,1.758,1.783,1.676,1.74,1.749,1.626,1.521,1.553,1.449,1.473,1.554,1.454,1.655,1.451,1.438,1.469,1.367,1.543,1.58,1.737,1.724,1.85,1.846,1.91,2.122,1.826,1.919,1.781,1.688,1.596,1.661,1.676,1.501,1.754,1.8,1.804,2.037,1.986,2.006,1.943,1.794,1.897,2.052,1.75,1.728,1.812,1.68,1.787,1.703,1.743,1.493,1.541,1.521,1.559,1.427,1.4,1.392
0187,Vaxholm,1.784,1.597,1.851,2.408,1.743,1.864,1.728,1.434,1.008,1.376,1.347,1.134,1.625,1.597,1.402,1.483,1.564,1.593,1.807,2.163,1.88,1.969,2.342,2.191,2.499,2.124,1.842,2.047,1.778,1.555,1.79,1.744,1.79,1.852,1.896,1.895,2.21,2.208,2.082,2.425,2.06,2.017,2.024,1.795,1.618,1.855,1.958,1.936,2.061,1.691,1.95,1.468,1.637,1.623,1.646,1.41,1.403
0188,Norrtälje,2.236,2.138,2.0,2.001,1.89,1.775,1.824,1.693,1.65,1.549,1.701,1.816,1.939,2.022,1.787,1.774,2.009,1.875,2.062,1.995,2.104,2.282,2.476,2.301,2.381,2.278,1.987,1.842,1.726,1.585,1.465,1.507,1.548,1.828,1.857,1.719,1.918,1.823,1.831,1.914,1.823,2.12,1.998,1.97,1.88,1.814,1.983,1.805,1.76,1.791,1.732,1.693,1.627,1.618,1.593,1.385,1.343
0191,Sigtuna,2.274,2.057,2.324,2.284,2.161,1.903,1.917,1.77,1.521,1.527,1.526,1.788,1.833,1.547,1.707,1.559,1.754,1.602,1.965,1.809,2.0,1.931,2.208,2.222,2.07,2.137,2.068,1.791,1.76,1.547,1.609,1.519,1.605,1.519,1.767,1.92,1.85,1.908,1.848,2.013,1.989,2.118,2.013,2.221,1.916,2.068,2.101,2.039,2.205,1.917,2.066,1.827,1.692,1.865,1.653,1.551,1.499
0192,Nynäshamn,2.145,2.055,2.195,2.295,1.905,2.129,1.715,1.522,1.604,1.601,1.689,1.437,1.636,1.64,1.586,1.475,1.733,1.667,1.662,1.862,2.022,2.247,2.585,2.487,2.268,1.954,2.197,1.553,1.809,1.539,1.532,1.614,1.635,1.734,1.826,1.733,1.781,1.801,1.886,1.905,2.12,2.124,2.193,2.001,1.932,2.038,1.981,1.968,2.009,1.92,1.858,1.754,1.768,1.739,1.551,1.578,1.537
0305,Håbo,2.158,2.163,2.664,2.499,2.144,2.054,2.072,1.901,1.651,1.736,1.625,1.888,1.861,1.891,1.917,1.843,1.538,1.97,2.196,2.29,1.972,2.415,2.048,2.287,2.325,2.082,2.082,1.937,1.427,1.363,1.69,1.611,1.728,1.878,1.66,2.071,2.168,2.002,2.105,1.901,2.372,1.906,2.07,1.865,1.922,1.835,2.03,1.89,2.355,1.809,1.905,1.827,1.643,1.545,1.681,1.593,1.556
0319,Älvkarleby,1.807,2.155,1.957,2.259,2.015,1.974,1.838,1.742,1.805,1.739,1.306,1.398,1.885,1.51,1.428,1.549,1.386,1.51,1.584,1.913,1.823,1.739,2.616,2.571,2.238,2.463,1.861,1.916,1.566,1.326,1.744,1.318,1.439,1.48,1.859,1.798,1.913,1.717,1.926,2.16,2.162,2.187,2.402,2.075,2.406,1.773,1.932,1.881,1.89,2.308,1.775,1.679,2.108,1.768,1.411,1.735,1.464
0330,Knivsta,,,,,,,,,,,,,,,,,,,,,,,,,,,,,,,,,,,0.0,2.26,2.254,2.321,2.539,2.117,2.293,2.181,2.21,1.914,2.346,1.952,2.117,2.109,2.36,2.265,2.047,1.783,1.753,1.766,1.811,1.415,1.664
0331,Heby,2.389,2.242,2.057,2.147,2.229,1.736,2.226,1.909,1.685,1.729,1.683,1.635,1.818,2.06,1.806,1.892,2.243,2.263,2.32,2.398,2.453,2.361,2.568,2.608,2.57,2.448,2.116,2.145,1.914,1.948,1.71,1.675,2.095,2.283,1.747,1.862,2.17,1.713,1.884,2.123,1.864,1.947,2.239,1.904,2.113,2.198,2.052,2.15,1.777,1.852,1.754,1.909,1.504,1.942,1.375,1.614,1.443
0360,Tierp,2.314,2.051,2.298,2.045,1.962,1.924,2.156,1.914,1.606,1.553,1.683,2.083,1.967,1.79,1.649,1.743,2.072,1.93,2.075,1.932,2.208,2.155,2.338,2.568,2.266,2.191,2.303,2.091,1.886,1.9,1.683,1.678,1.534,1.538,1.914,1.955,2.205,1.8,1.697,1.948,2.124,1.994,1.955,2.053,2.037,1.881,1.941,2.531,2.268,2.015,1.993,2.062,1.969,1.705,1.843,1.388,1.412
0380,Uppsala,2.104,2.057,1.903,2.002,1.954,1.871,1.88,1.747,1.611,1.535,1.5,1.545,1.601,1.528,1.506,1.538,1.548,1.752,1.777,1.798,1.873,1.975,2.007,1.989,1.927,1.834,1.804,1.617,1.48,1.399,1.41,1.327,1.417,1.453,1.583,1.552,1.621,1.603,1.707,1.751,1.854,1.797,1.871,1.777,1.745,1.687,1.654,1.701,1.627,1.549,1.555,1.492,1.43,1.486,1.336,1.299,1.272
0381,Enköping,2.55,2.005,2.192,2.364,1.99,1.869,1.87,1.659,1.691,1.569,1.489,1.584,1.846,1.558,1.654,1.592,1.827,1.902,1.971,2.015,2.073,2.263,2.232,2.279,2.137,2.045,1.992,1.93,1.574,1.704,1.469,1.5,1.742,1.811,1.641,1.831,1.855,1.762,1.997,1.836,1.903,2.102,1.874,2.018,2.236,1.998,2.019,1.806,2.176,2.009,1.95,2.087,1.894,1.78,1.615,1.523,1.658
0382,Östhammar,2.449,2.221,2.232,2.03,2.028,2.113,1.819,2.126,2.068,2.081,1.866,1.984,1.946,1.959,1.754,1.905,1.65,2.131,1.865,2.289,2.344,2.239,2.557,2.437,2.417,2.333,2.423,1.994,1.857,1.739,1.722,1.699,1.491,1.625,1.755,1.713,1.882,2.029,2.163,2.02,2.111,1.986,2.272,2.115,2.417,1.97,1.907,2.216,2.029,1.909,1.892,1.939,1.649,1.663,1.764,1.46,1.613
0428,Vingåker,2.531,1.908,2.009,2.186,1.938,2.108,1.958,1.805,1.894,1.813,1.905,1.771,1.924,1.951,1.522,2.086,2.05,1.774,2.087,2.089,2.221,2.269,2.814,2.43,2.486,2.248,2.427,1.854,2.261,1.657,1.701,1.516,1.658,2.038,2.09,1.959,2.03,1.783,2.151,1.692,1.823,1.684,2.067,1.924,2.121,1.952,2.42,2.408,2.025,2.034,2.568,1.575,2.058,2.006,1.696,1.455,1.466
0461,Gnesta,,,,,,,,,,,,,,,,,,,,,,,,5.055,2.522,2.353,2.156,1.878,1.728,1.496,1.345,1.608,1.701,1.671,1.922,2.204,1.978,2.019,1.829,1.983,2.204,1.9,2.536,2.067,2.206,1.92,2.164,2.029,2.026,1.813,1.984,1.959,1.679,1.826,1.711,1.122,1.754
0480,Nyköping,1.7,1.549,1.629,1.489,1.541,1.444,1.438,1.27,1.153,1.27,1.209,1.269,1.23,1.162,1.183,1.302,1.204,1.366,1.375,1.417,1.552,1.678,1.501,1.857,2.117,2.17,1.872,2.003,1.652,1.608,1.508,1.593,1.682,1.608,1.701,1.889,1.938,1.928,2.025,2.062,1.977,1.902,1.938,1.956,2.003,1.975,1.873,1.997,2.01,1.881,1.868,1.811,1.651,1.833,1.695,1.474,1.613
0481,Oxelösund,2.46,2.068,1.655,2.113,1.739,1.582,1.937,1.36,1.363,1.508,1.588,1.594,1.608,1.608,1.538,1.785,1.735,1.754,1.916,1.805,1.596,1.96,2.109,1.967,1.921,2.068,1.932,2.024,1.799,1.507,0.992,1.665,1.404,1.678,1.822,1.946,2.14,1.826,2.081,2.339,1.861,2.126,2.309,2.041,1.811,1.94,2.197,2.126,2.282,2.667,2.199,2.121,2.063,1.879,1.925,1.509,1.68
0482,Flen,2.367,2.215,1.775,2.259,1.886,1.976,2.098,1.957,1.911,1.663,1.612,1.862,1.812,1.66,1.711,1.677,1.764,1.6,1.994,1.952,2.315,2.411,2.657,2.239,2.384,2.118,2.226,1.947,1.86,1.863,1.824,1.95,1.828,2.403,2.348,2.318,1.974,1.775,1.816,2.16,1.98,1.874,2.1,2.294,2.127,2.111,2.411,1.986,2.373,2.617,2.009,2.096,2.273,2.265,1.855,1.535,1.969
0483,Katrineholm,2.043,1.855,1.9,1.999,2.01,2.106,2.03,1.763,1.646,1.649,1.584,1.752,1.652,1.753,1.512,1.634,1.703,1.803,1.949,1.892,2.055,2.117,2.446,2.395,2.289,2.25,2.004,1.84,1.711,1.481,1.601,1.804,1.649,1.721,1.796,1.911,1.858,2.013,1.75,2.2,2.041,2.031,2.076,1.826,2.207,2.295,2.151,2.201,2.162,2.176,2.071,2.197,1.764,1.682,1.647,1.467,1.534
0484,Eskilstuna,2.147,2.085,1.898,1.96,1.855,1.848,1.872,1.758,1.61,1.507,1.6,1.513,1.655,1.6,1.586,1.545,1.68,1.781,1.762,1.87,1.934,2.068,2.137,2.133,1.998,2.01,1.813,1.728,1.585,1.473,1.423,1.511,1.566,1.568,1.661,1.677,1.656,1.744,1.893,1.902,1.938,1.981,2.008,1.982,1.948,1.983,2.021,1.984,2.036,1.894,1.902,1.802,1.73,1.678,1.65,1.44,1.43
0486,Strängnäs,2.284,2.043,1.685,1.914,1.842,1.87,1.872,1.976,1.493,1.563,1.786,2.005,1.528,1.763,1.854,1.65,1.698,1.873,1.815,1.837,2.084,2.024,2.277,2.255,2.167,2.096,1.996,1.751,1.598,1.495,1.789,1.428,1.754,1.689,1.923,2.14,1.865,2.053,2.313,2.113,2.047,2.185,2.218,1.807,2.153,1.82,1.996,1.872,1.867,1.989,1.761,1.759,1.685,1.784,1.613,1.579,1.485
0488,Trosa,,,,,,,,,,,,,,,,,,,,,,,,4.56,2.532,2.49,2.201,1.738,1.779,1.626,1.512,1.688,1.874,1.916,2.144,1.852,1.869,2.196,1.637,2.316,2.488,1.966,2.374,2.167,1.794,1.914,2.1,2.131,1.683,2.035,1.872,1.608,1.913,1.83,1.484,1.617,1.273
0509,Ödeshög,2.156,2.397,2.275,2.4,2.132,2.123,1.977,2.378,2.167,1.763,1.989,1.914,2.207,1.586,2.207,1.783,1.851,2.551,2.885,2.247,2.443,2.485,2.495,2.927,2.165,2.149,2.381,2.441,2.096,1.968,1.605,1.6,1.66,1.497,1.921,2.045,2.308,2.001,2.388,1.781,1.987,1.777,2.145,1.746,2.108,2.05,2.299,1.79,2.834,2.113,2.025,2.319,2.429,1.539,1.815,1.46,1.311
0512,Ydre,2.372,1.973,1.512,2.706,2.39,2.065,2.093,2.127,2.194,1.974,1.963,1.971,1.684,2.34,2.541,1.684,2.207,2.301,2.326,2.621,2.238,2.869,2.793,2.446,2.781,2.67,2.007,1.981,2.04,2.239,1.832,2.046,2.082,1.832,2.044,1.408,2.312,2.003,1.938,2.903,1.654,2.339,2.238,1.786,2.246,2.56,2.771,2.234,2.563,2.511,1.742,2.661,2.358,2.435,1.949,1.651,1.629
0513,Kinda,2.154,2.363,2.324,2.15,1.865,2.322,2.07,2.029,2.002,1.906,1.926,1.713,1.841,1.499,1.59,1.847,1.737,1.956,2.433,2.197,2.584,2.608,2.76,2.658,2.578,2.199,2.329,2.116,1.804,1.643,1.476,1.352,1.815,1.593,1.825,1.966,2.2,1.846,2.206,1.982,1.995,2.273,2.165,2.192,2.456,1.816,2.368,1.955,3.035,1.926,2.147,2.227,1.903,1.837,2.159,1.874,1.374
0560,Boxholm,2.422,2.501,1.742,2.626,1.856,1.792,1.915,1.627,1.656,1.41,1.606,1.458,2.037,1.334,1.896,1.848,2.095,1.823,1.718,2.204,2.012,2.07,2.512,2.607,2.441,2.172,2.572,1.347,1.956,2.129,1.885,1.807,1.845,1.728,2.012,1.597,1.491,1.719,1.897,2.04,2.138,2.476,2.491,2.488,2.494,2.468,2.931,2.188,2.611,1.814,2.105,1.845,1.527,2.118,2.049,1.604,1.392
0561,Åtvidaberg,2.283,2.003,2.105,1.935,2.013,2.204,1.93,1.793,1.83,1.822,1.544,1.91,2.146,1.693,1.525,1.807,1.624,1.837,1.778,1.958,2.552,2.239,2.581,2.384,2.5,2.295,2.319,2.154,2.074,1.906,1.834,1.889,1.844,1.689,1.97,1.663,1.914,1.787,2.463,1.926,2.356,2.06,1.906,1.989,1.932,1.957,1.993,2.336,2.461,2.023,2.186,1.656,1.65,2.246,1.798,1.916,1.596
0562,Finspång,2.306,2.23,2.278,2.042,2.185,2.162,1.998,2.078,1.865,1.932,1.653,1.948,1.822,1.791,1.799,1.731,1.807,1.8,2.302,2.036,2.243,2.206,2.319,1.954,2.351,2.104,2.189,1.757,1.608,1.561,1.599,1.466,1.842,1.609,1.659,1.898,1.746,1.894,1.948,1.922,1.842,2.289,2.221,2.374,2.217,2.055,2.14,2.117,1.955,1.869,1.973,1.821,1.826,1.668,1.64,1.544,1.43
0563,Valdemarsvik,2.576,2.223,2.316,2.312,1.933,2.25,2.189,2.037,1.667,1.695,1.612,1.596,2.109,2.018,2.014,1.9,2.078,2.451,2.588,1.773,2.234,2.28,2.515,2.522,2.413,2.845,2.113,2.231,2.088,1.771,1.48,1.835,1.842,1.677,2.136,1.412,1.982,2.29,2.008,2.206,1.876,2.148,1.673,2.0,2.21,1.59,2.017,2.106,2.329,2.295,2.135,1.991,1.968,1.737,1.664,1.869,1.496
0580,Linköping,1.928,1.862,1.949,2.035,1.913,1.848,1.875,1.689,1.656,1.641,1.563,1.603,1.637,1.592,1.499,1.61,1.505,1.746,1.817,1.89,1.972,1.872,2.027,2.073,2.043,1.954,1.79,1.729,1.634,1.451,1.386,1.399,1.429,1.499,1.578,1.631,1.652,1.724,1.787,1.782,1.791,1.833,1.851,1.808,1.904,1.839,1.814,1.804,1.758,1.656,1.615,1.652,1.558,1.602,1.4,1.347,1.397
0581,Norrköping,1.936,1.799,1.931,1.881,1.833,1.888,1.938,1.743,1.674,1.711,1.638,1.624,1.669,1.632,1.528,1.503,1.586,1.63,1.781,1.863,1.925,2.06,2.221,2.036,2.028,2.015,1.907,1.823,1.671,1.583,1.551,1.53,1.517,1.529,1.598,1.637,1.714,1.759,1.787,1.851,1.931,2.022,2.046,1.858,2.036,2.059,1.898,1.92,1.91,1.77,1.701,1.697,1.634,1.723,1.548,1.435,1.43
0582,Söderköping,2.362,1.954,1.903,1.964,1.815,2.039,2.119,1.777,1.621,1.744,1.829,1.997,1.853,2.101,1.664,1.787,1.957,1.898,1.899,2.088,2.269,2.278,2.18,2.409,2.589,2.639,2.06,2.042,1.849,1.611,1.657,1.8,1.578,1.583,1.907,1.781,1.804,1.931,1.745,2.242,1.772,1.939,2.223,2.237,2.174,2.249,2.274,1.967,2.076,2.035,2.133,1.918,1.594,2.083,1.521,1.53,1.463
0583,Motala,2.262,2.254,2.361,2.088,2.023,1.836,2.045,1.829,1.796,1.825,1.661,1.645,1.891,1.712,1.781,1.71,1.791,2.014,2.014,1.962,2.028,2.104,2.212,2.436,2.181,2.398,2.097,1.979,1.704,1.635,1.476,1.528,1.611,1.725,1.739,1.921,1.69,1.83,1.946,1.936,1.928,1.917,2.223,1.926,2.015,1.902,1.966,2.081,2.04,2.077,1.922,1.862,1.82,1.828,1.559,1.683,1.46
0584,Vadstena,2.299,1.943,2.268,2.246,2.119,2.055,2.156,1.824,1.638,1.729,1.364,1.671,1.798,1.316,1.548,1.738,1.273,1.61,1.961,2.015,1.716,1.74,2.214,2.458,2.487,1.913,2.19,1.891,1.706,1.449,1.42,1.596,1.502,1.419,1.517,2.092,1.767,1.921,1.454,1.528,1.52,1.456,2.021,1.527,2.408,2.02,2.282,1.712,1.579,1.765,1.96,1.699,2.095,1.425,1.403,1.613,1.544
0586,Mjölby,2.271,1.903,2.191,2.029,2.011,2.023,1.857,1.995,1.825,1.905,1.87,2.151,1.833,1.598,1.834,1.774,1.604,1.964,1.879,1.977,2.147,2.082,2.4,2.337,2.395,2.169,2.014,1.69,1.796,1.621,1.561,1.602,1.774,1.422,1.783,1.731,1.883,1.843,1.984,1.873,2.145,2.075,1.921,1.968,1.864,1.986,1.979,2.114,1.947,1.96,1.811,1.896,1.791,1.867,1.891,1.618,1.747
0604,Aneby,2.944,2.47,2.169,2.615,1.886,2.187,2.042,2.085,2.049,2.091,1.943,1.849,2.1,1.935,2.178,1.991,2.001,2.557,2.266,2.212,2.636,2.669,2.397,2.439,2.699,2.846,1.949,2.009,1.775,1.787,1.316,1.983,1.834,1.398,1.811,1.718,1.558,1.916,2.06,2.203,2.268,1.961,2.237,2.244,2.433,2.318,1.694,2.342,2.431,2.675,1.578,2.516,1.745,1.917,1.731,1.761,1.664
0617,Gnosjö,2.88,2.593,2.722,2.488,2.336,2.491,2.276,1.986,2.028,1.845,2.012,1.921,2.321,1.898,1.864,1.741,2.0,1.977,2.531,2.055,2.501,2.437,2.704,2.521,2.428,2.192,2.241,1.949,1.821,1.941,1.747,1.625,1.754,1.544,1.941,2.002,2.308,2.236,1.729,2.384,1.782,2.139,1.917,2.007,1.941,1.855,2.138,2.249,2.097,2.283,2.452,1.998,1.824,2.186,1.444,1.778,1.591
0642,Mullsjö,2.203,1.732,2.185,2.223,2.513,2.445,2.043,2.356,2.037,1.939,2.172,2.017,1.977,1.812,1.844,2.234,1.771,2.222,2.347,2.287,2.588,2.462,2.169,2.965,2.734,2.265,2.319,2.11,2.243,1.939,1.753,1.755,1.289,1.776,2.127,2.237,1.682,2.438,2.025,2.397,2.623,1.825,2.642,2.306,2.242,2.034,2.053,2.12,2.499,1.37,1.993,1.928,2.093,1.888,1.797,2.304,1.689
0643,Habo,2.204,2.546,2.536,2.455,2.266,2.306,2.452,1.998,2.257,2.206,2.226,2.304,2.242,2.5,2.108,1.993,2.378,2.419,2.173,2.39,2.348,2.315,2.504,2.348,2.307,2.056,1.979,1.504,1.807,1.589,2.038,1.695,1.73,1.715,2.051,2.392,2.562,1.913,2.743,2.48,2.567,2.051,2.8,2.301,2.555,2.439,2.404,2.376,2.449,2.435,2.065,2.155,2.268,2.05,1.585,1.93,1.807
0662,Gislaved,2.297,2.084,2.379,2.335,2.312,2.203,2.273,2.018,1.989,2.197,1.758,2.01,2.037,1.856,1.971,1.946,1.89,2.043,2.029,2.284,2.248,2.082,2.45,2.268,2.283,2.274,2.052,1.78,1.797,1.902,1.614,1.722,1.784,1.876,1.817,1.951,1.941,1.999,2.155,2.083,2.146,2.079,2.117,1.969,1.929,2.131,2.089,2.207,2.074,2.015,1.826,2.153,1.902,1.901,1.702,1.533,1.826
0665,Vaggeryd,2.303,2.371,2.2,2.414,2.165,2.351,2.286,2.265,2.174,1.792,1.65,2.325,1.961,2.126,1.888,1.982,2.114,2.178,2.265,2.314,2.244,2.133,2.185,2.724,2.364,2.261,2.073,1.687,1.712,1.926,1.681,1.874,1.696,2.158,2.021,2.322,2.217,2.003,2.014,2.443,2.298,2.286,2.365,2.495,2.299,2.155,2.061,2.068,2.178,1.952,2.196,1.885,2.097,2.187,2.017,1.71,1.672
0680,Jönköping,2.184,2.122,2.02,2.089,2.024,1.903,1.908,1.836,1.698,1.787,1.631,1.722,1.701,1.638,1.729,1.758,1.886,1.918,1.935,1.889,2.175,2.06,2.248,2.327,2.194,2.195,1.977,1.864,1.672,1.547,1.637,1.545,1.59,1.575,1.661,1.689,1.816,1.745,1.862,1.88,1.963,2.009,2.047,2.006,1.991,1.905,1.934,1.892,1.92,1.769,1.798,1.706,1.702,1.676,1.53,1.528,1.432
0682,Nässjö,2.261,2.03,2.004,2.119,1.991,2.105,1.955,1.768,1.876,2.025,1.748,1.579,1.641,1.564,1.576,1.903,1.82,1.933,2.095,1.997,2.12,2.32,2.334,2.345,2.311,2.332,2.131,1.901,1.59,1.657,1.556,1.555,1.596,1.847,1.902,1.903,1.906,2.127,2.004,2.127,1.993,1.911,2.05,2.219,2.019,2.248,2.276,2.294,2.11,2.363,2.254,2.05,2.14,1.834,1.903,1.614,1.713
0683,Värnamo,2.336,2.055,2.248,2.26,1.847,1.969,1.864,1.802,1.792,1.849,1.695,1.82,1.745,1.737,1.794,1.894,1.766,1.722,1.886,2.059,1.972,2.223,2.003,2.238,2.383,2.327,2.085,1.741,1.668,1.518,1.812,1.503,1.671,1.71,1.956,1.842,2.105,1.898,1.992,1.979,1.969,2.172,2.137,2.13,2.042,2.059,2.125,1.984,1.857,1.828,2.041,1.779,1.708,1.747,1.755,1.701,1.693
0684,Sävsjö,2.166,2.072,2.34,2.329,1.746,2.142,2.046,2.206,2.029,1.914,2.139,1.999,2.05,1.968,1.859,1.927,1.801,2.275,2.05,2.527,2.041,2.4,2.491,2.182,2.711,2.117,2.363,1.791,1.766,1.98,1.843,1.496,1.694,1.554,2.341,2.051,2.345,2.24,1.968,2.062,2.135,2.461,2.385,2.042,1.766,2.234,2.359,2.195,2.546,2.281,2.49,2.255,2.366,2.162,2.262,2.1,1.401
0685,Vetlanda,2.329,2.408,2.148,2.151,2.235,2.192,2.13,1.936,1.866,1.942,1.74,2.017,1.924,1.693,1.655,1.886,1.72,1.963,1.836,1.855,2.267,2.046,2.272,2.586,2.373,2.25,2.09,2.045,1.673,1.68,1.874,1.571,1.598,1.99,1.827,1.82,2.086,1.931,2.065,1.962,2.403,2.393,2.368,2.526,2.139,2.137,2.155,2.169,2.249,1.956,2.083,1.903,2.251,2.034,1.577,1.781,1.98
0686,Eksjö,2.403,2.235,2.145,2.023,1.957,2.097,1.939,1.879,1.809,1.83,1.824,1.863,1.684,1.765,1.846,2.07,1.805,1.903,1.967,2.079,2.354,2.223,2.797,2.53,2.622,2.674,1.961,2.049,1.635,1.476,1.55,1.559,1.646,1.875,2.006,2.03,1.687,2.202,1.917,1.534,1.95,1.938,1.925,2.356,2.096,2.233,2.17,2.146,1.93,2.168,2.016,1.845,2.043,2.005,1.744,1.6,1.595
0687,Tranås,2.123,2.205,2.29,2.242,1.997,1.927,2.147,1.79,2.066,1.793,1.889,1.828,1.857,1.527,1.556,1.739,1.521,1.736,2.004,1.885,1.889,1.977,2.535,2.28,2.234,2.007,1.835,1.99,1.897,1.672,1.699,1.516,1.587,1.709,1.732,1.93,2.044,1.855,2.069,2.1,1.825,1.903,1.949,2.128,2.26,1.666,2.141,1.769,2.015,1.934,1.926,1.962,2.133,1.938,2.033,1.435,1.458
0760,Uppvidinge,2.714,2.527,2.042,2.173,1.964,2.254,2.219,2.003,1.614,2.0,1.847,2.018,1.523,2.005,1.809,1.608,1.984,2.268,2.248,2.013,2.369,2.351,2.322,2.423,2.543,2.276,1.93,2.017,1.817,1.929,1.782,1.892,1.55,1.885,1.963,1.875,1.764,1.567,2.137,2.001,1.973,1.965,2.161,2.106,1.711,2.134,2.257,2.014,2.553,2.145,2.52,2.277,1.774,2.091,2.265,1.82,1.827
0761,Lessebo,2.512,2.205,2.286,2.327,2.351,2.042,2.224,1.932,1.844,1.865,1.777,1.651,2.067,2.023,2.011,1.767,1.796,2.026,2.176,2.0,1.841,1.746,2.023,2.519,2.759,1.985,1.669,2.004,1.821,1.519,1.835,2.011,1.584,2.101,2.073,1.917,2.294,1.9,2.348,2.113,2.302,1.993,2.505,1.74,1.861,2.237,1.903,2.29,3.007,2.402,2.396,2.277,2.216,2.211,1.85,1.79,1.952
0763,Tingsryd,2.148,2.198,2.019,2.015,1.839,2.253,2.286,2.005,2.117,2.05,2.006,2.399,1.826,2.104,1.992,2.043,1.722,1.843,2.553,2.35,2.012,2.408,2.18,2.792,2.104,2.428,1.913,1.863,1.774,1.451,1.575,1.556,1.766,1.649,1.761,1.942,1.515,1.801,2.459,1.64,2.064,1.632,2.26,1.71,2.227,1.854,2.205,1.942,2.216,1.989,2.163,2.02,1.965,1.961,1.789,1.8,1.404
0764,Alvesta,2.544,2.245,2.371,2.083,2.179,1.889,2.142,2.211,2.187,1.812,2.008,2.001,2.011,2.078,2.208,2.07,2.263,1.975,2.239,1.906,2.225,2.192,2.351,2.341,2.464,2.448,2.274,2.039,1.791,1.984,1.638,1.899,1.653,1.848,2.11,1.849,2.285,1.749,2.106,2.114,2.2,2.178,2.23,2.082,2.094,2.242,2.291,2.218,2.542,2.462,2.054,2.067,2.235,1.942,2.041,1.475,1.788
0765,Älmhult,2.137,2.061,2.067,2.258,1.83,2.132,1.91,2.041,1.786,1.884,1.617,2.047,2.074,1.733,1.837,1.586,1.897,1.858,1.881,2.054,2.245,1.893,2.055,2.196,2.165,1.744,2.062,2.01,1.697,1.842,1.717,1.557,1.613,1.901,1.712,1.98,1.804,1.927,1.744,1.914,1.892,2.141,2.109,1.852,2.03,2.076,2.147,1.951,1.924,1.993,1.74,2.071,2.023,2.008,1.667,1.772,1.711
0767,Markaryd,2.681,2.416,2.135,2.289,1.809,2.166,1.922,1.941,1.923,2.025,1.929,1.891,1.686,1.853,1.351,1.936,1.853,1.925,1.878,1.89,2.014,2.131,2.269,2.16,2.259,1.913,1.975,1.79,1.725,1.84,1.455,1.474,1.609,1.725,1.797,1.719,2.291,1.952,1.929,1.866,2.344,2.06,1.987,1.926,1.719,1.81,1.979,1.912,2.251,2.07,1.969,2.219,2.214,1.994,1.592,1.731,1.779
0780,Växjö,2.199,2.085,2.049,2.167,1.982,1.892,1.996,1.894,1.735,1.67,1.649,1.71,1.728,1.543,1.618,1.616,1.572,1.729,1.659,1.877,1.977,1.933,2.084,1.935,2.08,1.93,1.833,1.755,1.499,1.52,1.486,1.473,1.42,1.473,1.618,1.667,1.662,1.769,1.889,1.851,1.86,1.993,1.991,1.901,2.057,1.998,1.922,1.869,1.893,1.738,1.78,1.783,1.868,1.81,1.595,1.556,1.415
0781,Ljungby,2.436,2.323,2.359,2.222,2.2,2.124,2.23,2.057,2.08,2.008,1.948,1.876,1.747,1.963,1.885,1.871,1.762,1.747,2.048,2.175,1.949,2.252,2.508,2.354,2.43,2.209,2.06,1.735,1.715,1.549,1.675,1.407,1.442,1.546,1.744,1.862,2.143,2.021,1.955,2.12,2.132,1.928,1.974,1.89,1.732,1.864,1.831,1.888,1.901,2.088,1.837,1.86,1.833,1.754,1.634,1.706,1.697
0821,Högsby,2.209,2.154,2.082,1.809,2.212,2.065,2.037,1.873,2.06,1.785,1.53,2.373,2.148,1.751,2.606,1.742,1.768,2.165,2.186,2.102,3.078,1.93,3.04,2.495,2.323,2.283,2.242,2.32,1.671,2.059,1.938,1.661,1.738,1.697,2.016,2.148,1.571,2.066,2.256,1.322,2.268,2.321,1.732,2.161,2.748,2.03,1.865,1.466,2.559,2.069,2.13,1.967,1.954,1.778,2.41,1.373,1.893
0834,Torsås,2.125,2.47,2.23,2.267,2.054,1.987,2.145,1.845,1.6,1.731,1.891,2.121,1.845,2.117,1.878,1.909,2.474,2.369,2.236,2.082,2.265,2.126,2.437,2.193,2.608,2.344,1.923,1.935,1.334,1.837,1.728,1.511,1.582,1.943,1.893,1.875,2.223,1.706,2.401,2.297,1.858,2.086,2.297,1.647,1.905,1.901,2.287,2.245,2.14,2.418,1.934,2.101,2.24,2.221,2.098,2.179,2.005
0840,Mörbylånga,2.292,2.044,1.841,2.248,1.938,2.122,1.954,2.015,2.027,1.648,1.789,1.986,1.92,2.302,2.09,1.943,2.047,2.019,2.265,2.346,2.277,2.39,2.693,2.593,2.412,2.544,1.598,2.146,1.848,1.728,1.383,1.635,1.564,1.661,1.848,1.891,1.962,2.142,2.399,1.985,2.12,2.276,2.515,2.429,2.348,2.213,2.144,2.023,1.915,2.472,2.184,1.892,1.876,2.079,1.603,1.68,1.653
0860,Hultsfred,2.233,1.937,1.977,1.985,2.125,1.943,1.913,1.784,1.787,1.784,2.012,1.782,1.762,1.569,1.74,1.72,1.662,2.08,1.96,1.898,1.898,2.334,2.395,2.335,2.349,2.21,1.985,1.975,1.564,1.375,1.592,1.464,1.817,1.565,2.039,1.65,1.735,1.67,1.773,1.953,2.117,1.899,2.501,1.683,2.309,2.06,2.007,2.462,2.316,2.329,2.285,2.035,2.518,1.778,1.742,1.694,1.731
0861,Mönsterås,2.091,2.084,2.321,2.015,1.866,1.88,2.331,1.799,1.771,1.717,1.385,1.775,1.843,1.782,1.833,1.812,1.737,1.976,1.627,1.991,2.334,2.247,2.317,2.483,2.322,2.249,2.169,1.83,1.992,1.472,1.901,1.464,1.892,1.752,1.696,1.627,1.941,1.725,2.093,1.971,1.829,1.767,2.08,1.986,2.371,2.094,2.155,2.246,1.878,2.121,2.004,1.781,2.075,2.152,1.815,1.596,1.442
0862,Emmaboda,2.439,2.255,2.116,2.43,1.698,1.986,1.974,1.811,1.775,1.865,1.578,1.829,1.893,1.726,1.772,1.621,1.922,2.039,1.848,1.721,2.132,2.002,2.388,2.427,2.454,1.978,2.206,1.871,1.573,1.31,1.652,1.701,1.761,1.44,1.833,1.559,1.91,1.841,1.975,1.875,2.074,1.737,1.553,1.933,1.66,2.877,1.837,2.538,1.871,1.746,1.959,1.91,1.794,1.561,1.817,1.823,1.611
0880,Kalmar,2.071,1.833,1.921,1.818,1.812,1.818,1.815,1.844,1.703,1.627,1.594,1.632,1.635,1.705,1.586,1.567,1.727,1.826,1.803,1.884,1.98,2.051,2.16,2.117,2.1,2.089,1.822,1.692,1.503,1.31,1.382,1.368,1.466,1.412,1.398,1.559,1.559,1.6,1.666,1.742,1.809,1.946,1.889,1.727,1.961,1.799,1.836,1.937,1.82,1.709,1.637,1.735,1.643,1.779,1.525,1.419,1.391
0881,Nybro,2.279,2.056,2.025,1.87,2.092,1.969,1.699,1.768,1.733,1.671,1.504,1.833,1.563,1.64,1.641,1.889,1.936,1.892,1.975,1.71,1.857,2.305,2.351,2.401,2.244,2.048,1.951,1.856,1.596,1.365,1.417,1.452,1.602,1.726,1.779,1.77,1.824,1.89,1.879,2.027,1.911,1.804,2.159,2.134,2.147,1.718,2.014,1.863,2.039,2.328,2.015,1.647,2.067,1.753,1.936,1.675,1.628
0882,Oskarshamn,1.981,2.336,1.972,2.282,2.065,2.074,2.127,1.955,1.849,1.821,1.789,1.776,1.615,1.755,1.753,1.542,1.691,1.777,1.734,2.075,1.847,2.018,2.237,2.053,1.938,2.047,2.081,1.728,1.787,1.655,1.47,1.496,1.48,1.703,1.912,1.794,1.655,1.972,1.949,1.966,1.858,1.851,2.09,2.066,2.042,2.06,1.984,1.948,2.034,1.894,2.0,2.061,1.87,1.819,1.464,1.705,1.543
0883,Västervik,2.067,1.931,2.168,1.892,1.956,1.954,1.899,1.743,1.651,1.752,1.566,1.772,1.649,1.797,1.788,1.652,1.59,1.836,1.794,1.87,2.053,2.135,2.519,2.301,2.605,2.493,2.057,1.893,1.63,1.488,1.576,1.659,1.634,1.471,1.798,1.721,1.686,1.837,1.79,1.937,1.947,1.973,1.914,1.917,1.937,2.04,2.021,1.929,1.927,1.83,2.177,1.723,1.814,1.877,1.471,1.649,1.702
0884,Vimmerby,2.316,2.054,2.034,2.227,2.04,2.052,2.137,1.874,1.873,1.824,1.779,1.741,1.778,1.614,1.819,1.587,2.081,1.869,1.845,2.169,2.123,2.206,2.246,2.336,2.462,2.22,2.177,1.876,1.665,1.469,1.504,1.57,1.587,1.611,1.731,1.883,2.017,1.884,1.844,2.035,1.619,2.16,2.039,1.956,2.242,1.893,2.311,2.032,2.253,1.799,1.928,1.83,2.115,1.869,1.877,1.791,1.815
0885,Borgholm,1.928,2.015,1.986,2.028,2.021,2.324,1.964,1.795,1.842,2.001,1.616,1.89,1.744,1.918,1.572,2.167,1.861,2.09,2.067,2.155,2.433,2.317,2.304,2.304,1.994,1.981,1.873,1.768,1.515,1.775,1.528,1.651,1.555,2.121,1.58,1.61,1.863,1.652,1.743,1.92,1.976,1.767,2.102,1.375,1.831,1.687,1.699,1.596,1.567,2.216,1.844,1.651,1.855,1.878,1.291,1.394,1.383
0980,Gotland,2.232,2.018,1.934,2.157,2.111,2.018,2.056,1.772,1.715,1.848,1.573,1.858,1.728,1.857,1.841,1.795,1.782,1.747,1.813,1.946,2.16,2.151,2.504,2.145,2.17,2.046,1.969,1.706,1.579,1.555,1.355,1.533,1.585,1.475,1.715,1.582,1.518,1.661,1.719,1.624,1.876,1.954,2.051,1.873,1.963,1.829,1.848,1.702,1.738,1.761,1.627,1.629,1.453,1.584,1.408,1.387,1.31
1060,Olofström,2.42,2.479,2.354,2.335,2.122,1.869,2.079,2.109,1.599,1.471,1.697,1.895,1.583,1.776,1.479,1.718,1.681,1.85,1.733,1.811,1.879,2.207,2.445,2.418,2.329,1.874,1.947,1.615,1.506,1.45,1.63,1.246,1.514,1.566,1.37,1.849,1.867,2.06,1.81,1.664,1.991,1.923,1.892,1.74,1.923,1.526,1.611,1.988,1.913,1.896,1.953,1.712,1.762,1.801,1.53,1.365,1.274
1080,Karlskrona,2.02,1.979,1.876,1.952,1.881,1.973,1.996,2.078,1.913,1.963,1.761,1.784,1.793,1.7,1.808,1.802,1.855,1.852,2.018,2.006,2.032,2.053,2.21,2.398,2.186,2.144,2.038,1.863,1.732,1.568,1.673,1.571,1.658,1.543,1.874,1.834,1.924,1.953,2.041,1.997,1.979,1.946,2.039,1.917,1.912,1.889,2.06,1.814,1.957,1.736,1.839,1.681,1.693,1.672,1.575,1.567,1.362
1081,Ronneby,2.214,2.358,2.028,2.158,1.968,2.069,1.949,1.895,2.075,1.844,1.894,2.094,1.877,1.777,1.753,1.856,1.865,1.777,1.987,2.088,1.854,2.161,2.387,2.169,1.938,2.164,1.758,1.628,1.404,1.522,1.336,1.572,1.581,1.403,1.656,1.505,1.761,1.59,2.014,1.97,1.935,2.154,1.936,2.059,1.994,2.004,2.244,2.163,2.058,2.268,2.257,2.23,1.986,2.123,1.897,1.678,1.544
1082,Karlshamn,2.252,2.054,2.099,2.093,1.818,1.912,1.916,2.003,1.751,1.679,1.55,1.71,1.797,1.794,1.61,1.736,1.673,1.752,1.868,1.713,1.856,1.819,2.035,1.962,1.953,1.759,1.747,1.743,1.568,1.402,1.53,1.461,1.474,1.351,1.643,1.851,1.77,1.842,1.872,1.848,1.819,2.022,2.026,2.14,1.933,2.015,2.007,1.906,1.836,1.902,1.744,1.788,1.656,1.633,1.635,1.467,1.393
1083,Sölvesborg,2.327,1.893,1.857,1.9,2.102,2.113,1.89,2.012,1.942,1.841,1.744,1.465,1.579,1.876,1.795,1.76,1.538,1.789,1.86,1.833,1.991,1.987,1.996,2.123,2.206,1.794,1.897,1.739,1.613,1.486,1.675,1.439,1.618,1.592,1.711,1.765,1.916,2.1,1.844,1.898,1.83,2.171,1.829,1.975,1.907,2.03,1.73,2.042,1.859,1.605,1.666,1.592,1.567,1.669,1.497,1.564,1.463
1214,Svalöv,2.241,2.2,2.031,2.039,2.143,2.055,2.296,2.178,2.089,2.023,1.668,2.132,2.066,1.576,1.563,1.895,2.039,1.775,1.959,2.2,2.052,2.32,2.362,2.213,2.339,2.496,2.127,1.966,1.642,1.735,1.694,1.786,1.849,1.805,2.102,1.933,2.05,1.981,1.968,2.136,2.383,2.261,2.282,2.108,2.051,1.872,2.367,2.011,2.094,1.762,2.025,1.969,1.898,1.96,1.962,1.574,1.474
1230,Staffanstorp,2.388,2.089,2.343,2.13,2.164,2.224,2.187,2.04,2.132,1.603,1.832,1.861,1.554,1.873,1.584,1.748,1.932,1.606,2.076,2.027,2.291,1.836,2.15,2.107,2.289,1.935,2.035,1.979,1.83,1.505,1.749,1.759,1.622,1.894,1.884,1.877,2.007,2.055,1.994,1.998,2.278,2.005,2.439,1.878,2.064,1.849,2.223,1.874,2.076,1.926,1.959,2.064,1.96,1.89,1.608,1.63,1.637
1231,Burlöv,2.084,1.986,2.071,1.861,1.894,1.891,2.039,1.802,1.788,1.633,1.674,1.778,1.532,1.763,1.745,1.743,1.573,1.815,1.787,2.023,1.984,2.064,2.211,2.004,2.057,1.895,1.824,1.668,1.41,1.652,1.572,1.598,1.576,1.661,1.78,1.946,1.817,1.76,2.224,2.296,2.0,2.155,2.473,2.277,1.887,1.814,2.248,2.023,2.078,1.948,1.881,2.08,1.98,1.914,1.676,1.583,1.809
1233,Vellinge,2.249,2.115,1.857,2.044,1.916,2.078,2.075,1.951,1.708,1.673,1.734,1.594,1.489,1.609,1.776,1.52,1.681,1.928,1.995,2.167,2.126,1.986,2.102,2.039,1.92,2.255,2.02,1.738,1.745,1.617,1.581,1.573,1.464,1.421,1.753,1.998,1.868,1.999,2.177,1.919,2.076,1.921,1.983,1.636,1.749,2.209,2.045,1.986,2.209,1.761,1.967,1.862,1.728,1.88,1.919,1.627,1.643
1256,Östra Göinge,2.941,2.494,2.218,2.2,2.016,2.169,2.327,1.998,2.101,2.11,2.037,1.993,2.175,1.972,1.688,1.761,2.147,1.881,2.156,2.221,2.244,2.545,2.454,2.597,2.547,2.142,2.116,1.884,1.691,1.689,1.634,1.566,1.825,1.409,1.805,2.07,2.106,2.107,1.922,2.069,2.192,1.924,2.034,2.124,2.103,1.949,2.063,2.127,1.901,2.067,2.459,2.346,1.919,2.069,1.443,1.667,1.378
1257,Örkelljunga,2.509,2.008,2.296,2.443,2.249,2.09,2.14,2.157,1.887,2.265,1.898,2.113,2.025,2.083,1.947,2.219,2.062,1.907,2.173,2.223,2.268,2.811,2.455,2.428,2.421,2.228,2.384,1.578,1.793,1.662,1.797,1.314,1.62,1.621,1.833,1.983,1.752,2.326,1.648,2.164,2.363,1.942,1.555,2.412,1.927,1.847,1.768,1.975,1.977,1.989,1.711,1.993,1.966,1.978,1.757,1.795,1.459
1260,Bjuv,2.404,2.262,2.133,2.454,2.216,1.867,2.201,2.003,2.356,1.99,1.867,2.005,1.557,1.636,1.679,1.788,1.827,1.755,1.779,1.852,2.165,2.212,1.975,2.152,2.249,2.021,2.053,1.956,1.866,1.667,1.476,1.594,1.883,1.547,1.858,1.919,1.944,1.902,2.289,2.137,2.25,2.311,2.13,2.141,1.943,2.212,1.936,1.87,2.167,1.901,2.179,2.039,1.831,1.816,1.754,1.532,1.427
1261,Kävlinge,1.986,2.478,2.045,2.233,2.168,2.173,2.278,2.237,2.157,1.992,1.75,2.06,1.956,1.853,1.911,1.8,1.772,1.958,2.123,2.134,2.107,2.322,2.625,2.078,2.312,2.028,2.071,1.839,1.708,1.644,1.529,1.618,1.788,1.722,1.843,1.998,2.022,1.895,2.113,2.034,2.196,1.965,2.33,2.215,2.123,2.189,2.172,1.738,2.001,1.902,1.911,1.856,1.941,1.737,1.741,1.548,1.581
1262,Lomma,2.207,2.411,2.009,2.127,2.204,1.759,1.945,1.786,1.607,1.823,1.704,1.71,1.668,1.666,1.516,1.589,2.133,1.831,1.994,2.021,2.252,1.881,2.594,2.214,2.101,1.976,1.853,2.114,1.773,1.608,1.575,1.637,1.614,1.604,1.708,1.995,2.057,1.896,2.207,2.0,2.3,2.112,2.041,2.076,2.249,2.224,2.313,2.177,2.051,1.715,1.856,1.914,1.763,1.622,1.724,1.604,1.455
1263,Svedala,2.05,2.012,1.873,2.059,1.977,1.93,2.051,2.129,1.987,1.897,1.954,1.978,1.902,1.772,1.711,1.669,2.042,1.714,2.054,2.017,2.041,1.869,2.159,2.136,2.004,2.269,1.993,1.729,1.672,1.522,1.502,1.68,1.708,1.644,1.742,2.045,1.867,2.029,2.093,2.172,2.029,1.987,2.178,1.937,2.258,2.085,1.966,2.191,1.811,1.679,1.928,1.925,1.827,1.873,2.046,1.595,1.72
1264,Skurup,2.159,2.446,1.924,2.119,2.141,1.742,2.115,2.11,1.953,1.909,1.889,2.128,1.873,2.038,1.996,2.115,1.637,1.694,1.72,1.802,2.01,2.234,2.459,2.399,2.194,2.274,2.014,1.738,1.541,1.663,1.662,1.572,1.732,1.969,1.99,1.638,1.951,1.999,2.223,2.077,2.168,1.848,1.898,1.86,1.932,2.044,2.199,1.773,1.992,1.997,1.834,1.69,2.137,1.746,1.733,1.715,1.527
1265,Sjöbo,1.993,2.195,2.103,2.041,1.992,1.941,1.843,2.118,1.905,1.791,1.945,2.031,1.768,1.801,1.947,1.852,1.722,1.991,2.307,2.255,2.433,2.315,2.385,2.419,2.411,2.514,1.931,2.264,1.459,1.596,1.686,1.534,1.801,1.826,1.802,2.093,2.066,1.889,1.94,2.142,2.268,2.017,2.055,2.297,2.248,2.133,1.953,2.079,2.15,1.881,1.961,1.977,1.798,1.779,1.751,1.58,1.595
1266,Hörby,1.848,2.147,2.088,2.095,1.85,2.302,2.03,1.913,2.085,1.656,1.733,1.983,1.857,1.652,2.016,2.27,1.865,1.869,1.882,1.951,2.231,2.472,2.336,2.613,2.315,2.27,2.037,2.252,1.682,1.579,1.778,1.53,1.882,1.509,2.135,1.868,1.993,2.081,2.173,1.689,2.176,1.851,2.134,1.918,2.045,2.182,1.9,2.061,2.123,2.129,1.894,1.996,1.739,1.929,1.607,1.538,1.771
1267,Höör,1.967,2.127,2.167,1.777,1.907,2.023,1.897,1.894,2.127,1.857,1.888,2.344,2.381,2.055,1.964,1.913,1.775,1.866,1.892,2.139,2.361,2.102,2.604,2.394,2.269,1.712,1.938,1.84,1.633,1.717,1.618,1.83,1.667,1.781,2.016,2.068,1.962,1.886,2.006,2.063,1.844,2.141,2.446,1.775,1.951,2.196,1.759,2.056,2.103,2.057,1.923,1.642,1.883,1.968,1.677,1.717,1.759
1270,Tomelilla,2.214,1.865,1.904,1.482,2.011,1.874,1.937,1.95,2.077,1.947,2.092,1.962,2.105,1.93,1.874,1.838,1.915,1.898,1.992,2.056,2.382,2.361,2.228,2.444,2.13,2.024,2.197,1.678,1.669,1.915,1.713,1.801,1.772,1.648,1.719,1.607,2.194,1.991,1.966,2.203,2.038,2.125,2.272,2.012,1.863,2.214,1.889,1.978,1.713,2.003,1.875,1.689,1.979,1.864,1.54,1.57,1.349
1272,Bromölla,2.352,2.38,2.636,2.257,1.89,2.246,2.114,1.848,2.013,1.965,2.017,2.33,1.939,2.05,2.115,2.161,2.017,1.815,1.961,2.154,2.151,2.436,2.152,2.462,2.201,1.838,1.636,1.724,1.404,1.795,1.367,1.381,1.7,1.538,1.748,1.537,2.067,2.273,2.34,2.052,2.148,2.325,2.234,1.94,1.813,2.008,1.892,2.07,2.212,1.996,1.655,1.702,1.834,1.831,1.977,1.605,1.3
1273,Osby,2.212,2.035,2.19,1.869,1.708,2.015,2.088,1.889,2.107,1.821,1.974,1.737,1.876,2.039,1.674,2.016,1.899,1.889,2.261,2.172,2.285,2.184,2.421,2.291,2.304,2.12,2.129,1.742,1.722,1.715,1.741,1.555,1.538,1.395,1.632,2.167,1.861,1.787,1.952,2.133,1.691,2.086,2.324,2.242,2.06,2.005,1.968,1.849,1.906,2.059,1.789,2.071,1.527,1.861,1.606,1.695,1.499
1275,Perstorp,2.222,2.183,1.994,1.916,1.949,1.782,1.743,2.019,1.654,2.065,1.636,2.099,2.068,2.136,1.868,1.821,1.984,1.939,1.751,2.143,2.009,2.146,2.233,2.216,2.214,1.808,2.081,1.394,1.758,1.593,1.532,1.358,2.128,1.531,2.09,1.771,1.806,1.731,2.192,2.146,2.528,2.022,1.618,2.142,2.284,2.063,2.033,2.046,1.938,2.03,2.16,1.75,1.928,2.065,1.836,2.048,1.948
1276,Klippan,2.265,2.112,2.087,2.031,2.051,1.865,1.986,1.874,1.626,1.911,1.881,1.735,1.677,1.758,1.434,1.538,1.765,1.794,1.788,1.764,2.108,1.999,2.115,2.108,2.13,2.052,1.784,1.818,1.852,1.924,1.663,1.793,2.028,1.712,1.637,1.777,2.042,1.761,2.088,1.874,1.812,1.964,2.201,2.015,2.169,1.702,2.186,1.69,1.876,1.743,1.878,2.093,1.685,1.861,1.661,1.467,1.414
1277,Åstorp,2.379,2.275,2.311,1.942,2.291,1.825,2.232,1.928,2.273,1.867,1.729,1.882,1.494,1.617,1.736,1.66,1.531,1.868,1.792,1.943,2.16,2.023,2.41,2.294,2.27,1.912,1.742,1.771,1.767,1.652,1.524,1.608,1.819,1.806,1.782,1.962,2.005,2.168,2.17,2.243,2.084,2.267,1.846,2.3,2.134,2.097,2.119,2.14,2.027,1.812,2.083,1.992,2.008,2.065,1.935,1.766,1.801
1278,Båstad,2.491,2.187,2.083,2.203,2.429,1.747,2.012,2.026,1.828,1.863,1.978,1.924,2.053,1.635,1.896,1.784,1.786,1.912,1.864,1.682,1.636,1.911,2.272,2.105,2.443,1.968,1.843,1.949,1.665,1.274,1.456,1.249,1.571,1.412,1.362,1.54,1.607,1.618,2.059,1.794,1.645,1.957,1.885,1.881,1.925,2.122,1.695,1.703,1.998,1.659,1.795,1.849,1.964,2.018,1.501,1.884,1.62
1280,Malmö,1.839,1.715,1.708,1.749,1.648,1.586,1.575,1.549,1.467,1.397,1.41,1.444,1.413,1.443,1.415,1.464,1.449,1.55,1.603,1.65,1.722,1.807,1.87,1.785,1.785,1.768,1.7,1.676,1.502,1.504,1.49,1.48,1.466,1.506,1.587,1.581,1.624,1.69,1.764,1.823,1.927,1.942,2.022,1.944,1.977,1.929,1.928,1.856,1.827,1.781,1.721,1.702,1.633,1.625,1.499,1.427,1.406
1281,Lund,2.018,1.868,1.959,1.987,1.957,1.827,1.802,1.68,1.556,1.496,1.485,1.509,1.465,1.472,1.489,1.448,1.492,1.59,1.801,1.708,1.812,1.873,1.974,1.877,1.806,1.682,1.598,1.39,1.321,1.342,1.222,1.352,1.302,1.415,1.532,1.516,1.523,1.527,1.666,1.652,1.681,1.738,1.716,1.595,1.686,1.538,1.522,1.548,1.594,1.363,1.45,1.359,1.317,1.329,1.13,1.181,1.134
1282,Landskrona,2.029,1.733,1.742,1.919,1.904,1.84,1.799,1.784,1.806,1.726,1.515,1.607,1.656,1.625,1.658,1.49,1.584,1.657,1.812,1.83,1.808,2.1,2.18,1.994,1.848,1.677,1.789,1.707,1.607,1.444,1.602,1.642,1.615,1.642,1.702,1.813,1.858,1.721,1.881,2.004,1.911,2.227,2.063,2.165,2.112,2.049,1.996,2.063,2.005,2.119,1.883,1.932,1.849,1.838,1.591,1.609,1.687
1283,Helsingborg,2.003,1.897,1.832,1.917,1.803,1.846,1.922,1.829,1.593,1.589,1.574,1.577,1.531,1.472,1.508,1.444,1.518,1.635,1.655,1.751,1.849,1.953,1.93,1.986,2.001,1.894,1.772,1.689,1.517,1.456,1.514,1.5,1.492,1.572,1.508,1.592,1.677,1.667,1.767,1.745,1.894,1.953,1.888,1.903,1.87,1.886,1.881,1.83,1.811,1.823,1.753,1.745,1.68,1.695,1.54,1.522,1.494
1284,Höganäs,2.449,2.15,2.017,1.93,2.105,1.901,1.991,2.196,1.942,1.892,1.66,1.785,1.733,1.576,1.677,1.838,1.634,1.859,1.942,1.711,1.778,1.692,2.128,2.062,2.036,2.08,1.872,1.765,1.839,1.739,1.767,1.748,1.677,1.744,1.658,2.133,1.704,2.026,1.987,1.93,2.135,1.864,2.128,2.232,2.028,2.077,2.018,2.004,2.075,1.816,1.828,2.007,1.849,1.548,1.873,1.705,1.756
1285,Eslöv,2.108,2.035,2.085,2.341,1.918,2.286,1.945,2.032,1.959,1.981,1.939,1.702,1.793,1.705,1.461,1.743,1.644,1.953,1.833,2.21,2.233,1.937,2.411,2.212,2.296,2.004,2.162,1.95,1.822,1.608,1.651,1.465,1.737,1.766,1.784,1.881,1.838,2.022,2.031,2.009,2.106,2.059,2.076,2.097,1.887,2.189,1.891,2.081,2.051,1.927,2.0,1.905,1.754,1.934,1.728,1.597,1.791
1286,Ystad,1.971,2.098,1.889,1.655,1.822,1.803,1.9,1.802,1.676,1.749,1.701,1.611,1.714,1.687,1.691,1.651,1.66,1.778,1.731,1.75,2.02,1.851,2.003,2.183,2.314,1.98,1.908,1.568,1.798,1.404,1.391,1.363,1.586,1.419,1.549,1.607,1.592,1.594,1.937,1.989,1.823,1.914,1.903,1.936,1.896,1.941,1.722,1.858,1.826,1.735,1.615,1.634,1.672,1.76,1.505,1.483,1.416
1287,Trelleborg,2.149,2.044,2.144,1.985,1.872,1.927,1.681,1.821,1.666,1.693,1.711,1.75,1.625,1.658,1.824,1.706,1.852,1.663,1.907,1.952,2.269,2.062,2.141,2.259,2.115,2.035,1.866,1.799,1.629,1.612,1.482,1.524,1.496,1.554,1.603,1.812,1.771,1.883,2.002,1.994,2.074,1.95,2.159,2.03,1.892,1.992,1.96,1.712,2.029,1.927,1.877,1.759,1.884,1.927,1.656,1.583,1.683
1290,Kristianstad,2.158,1.939,1.991,2.015,2.101,1.996,1.791,1.838,1.781,1.722,1.67,1.777,1.69,1.659,1.724,1.601,1.742,1.799,1.893,1.878,2.101,2.013,2.135,2.12,2.172,1.958,1.833,1.703,1.536,1.557,1.487,1.475,1.661,1.652,1.608,1.667,1.653,1.69,1.863,1.868,1.9,1.99,2.025,1.901,1.951,1.864,1.893,1.91,1.879,1.863,1.793,1.683,1.748,1.815,1.559,1.654,1.497
1291,Simrishamn,2.144,2.058,2.026,1.829,1.975,1.778,1.924,2.03,1.776,1.755,1.714,1.734,1.717,1.823,1.519,1.49,1.743,1.607,1.736,1.831,2.241,2.2,2.271,2.262,2.259,2.119,2.022,1.962,1.818,1.613,1.63,1.534,1.617,1.554,1.678,1.699,1.774,1.702,1.985,1.936,2.077,1.986,1.76,1.706,1.829,1.781,1.78,1.755,1.68,2.157,1.91,1.69,1.648,1.641,1.476,1.818,1.544
1292,Ängelholm,1.964,2.036,2.06,1.964,1.884,1.916,2.062,1.951,1.801,1.673,1.841,1.644,1.604,1.666,1.63,1.664,1.844,1.674,1.924,1.761,2.004,1.967,2.134,2.101,2.24,2.032,2.051,1.894,1.623,1.612,1.518,1.48,1.599,1.394,1.563,1.641,1.587,1.737,1.657,1.891,1.859,1.86,1.996,1.825,1.878,1.846,1.947,1.779,1.94,1.926,1.961,1.684,1.795,1.549,1.711,1.548,1.532
1293,Hässleholm,2.379,2.005,2.205,2.134,2.056,1.97,2.108,2.009,1.867,1.742,1.775,1.894,1.748,1.714,1.618,1.863,1.804,1.883,1.985,2.056,2.221,2.025,2.138,2.207,2.264,2.03,1.94,1.807,1.803,1.629,1.525,1.805,1.568,1.555,1.621,1.706,1.685,1.773,1.789,1.858,1.997,1.988,1.962,1.892,1.918,1.804,1.84,1.933,1.884,1.805,1.803,1.824,1.859,1.82,1.617,1.535,1.43
1315,Hylte,2.537,2.15,2.392,2.132,2.121,2.315,2.324,1.725,2.143,2.017,2.067,1.929,1.941,1.883,2.226,2.046,1.96,2.337,2.113,2.442,2.131,2.539,2.58,2.696,2.612,2.212,2.329,2.43,1.815,1.512,1.605,1.368,1.694,1.984,2.082,1.847,2.1,2.195,2.52,2.635,1.867,2.239,2.16,2.044,2.433,1.916,2.433,2.311,2.385,2.265,2.389,2.237,2.336,2.02,1.767,1.659,1.926
1380,Halmstad,1.964,1.845,1.997,1.983,2.072,1.966,1.944,1.915,1.755,1.588,1.742,1.651,1.599,1.7,1.652,1.558,1.758,1.751,1.774,1.675,1.917,1.977,2.016,2.047,1.971,2.048,1.932,1.71,1.591,1.489,1.466,1.462,1.496,1.436,1.571,1.665,1.745,1.787,1.82,1.862,1.77,1.81,2.047,1.826,1.893,1.822,1.871,1.775,1.824,1.774,1.713,1.708,1.66,1.685,1.518,1.433,1.546
1381,Laholm,2.08,2.035,2.116,1.952,2.219,2.28,2.126,2.17,2.22,1.954,1.813,2.022,1.832,1.93,1.91,2.045,2.075,2.185,2.025,2.134,2.222,2.415,2.299,2.385,2.407,2.417,2.015,1.819,1.764,1.725,1.613,1.449,1.751,1.803,2.002,1.783,1.943,1.935,2.136,1.941,1.841,2.013,2.14,1.873,1.98,2.252,1.951,1.961,2.358,2.024,2.032,2.115,1.997,2.016,1.707,1.719,1.713
1382,Falkenberg,2.231,2.162,2.144,2.259,2.161,2.227,2.257,2.129,1.914,1.918,2.035,2.074,1.982,1.761,1.811,1.695,1.88,1.802,1.931,1.96,2.014,2.103,2.328,2.226,2.345,2.324,1.951,1.947,1.949,1.712,1.796,1.721,1.811,1.825,1.867,1.992,1.854,1.837,1.927,1.929,2.143,2.174,2.154,2.338,1.804,1.95,2.13,1.984,2.022,1.915,1.905,1.87,1.924,1.918,1.844,1.72,1.636
1383,Varberg,2.403,2.421,2.253,2.31,2.246,2.174,2.16,2.105,1.913,1.803,1.609,1.927,1.786,1.79,1.766,1.638,1.675,1.801,1.932,1.878,2.06,2.13,2.354,2.12,2.074,2.121,1.987,1.766,1.768,1.693,1.53,1.609,1.618,1.734,1.856,1.994,1.891,1.932,2.086,2.025,2.138,2.156,2.277,2.112,1.94,2.072,1.924,1.866,1.891,1.924,1.82,1.801,1.734,1.848,1.801,1.535,1.614
1384,Kungsbacka,2.118,2.097,2.451,2.116,2.07,2.128,1.831,1.884,1.692,1.725,1.664,1.697,1.688,1.5,1.558,1.631,1.832,1.935,1.856,1.923,2.156,2.069,2.346,2.367,2.347,2.317,2.173,1.863,1.692,1.701,1.724,1.707,1.822,1.854,2.066,2.036,2.012,2.147,2.101,2.092,2.071,2.27,2.3,2.052,2.168,2.08,2.14,1.999,2.015,1.814,1.976,1.884,1.739,1.785,1.678,1.634,1.631
1401,Härryda,2.26,2.061,2.675,2.31,2.387,2.205,2.022,1.969,1.784,1.746,1.58,1.825,1.637,1.632,1.902,1.84,1.814,2.003,2.118,2.074,2.152,2.162,2.219,2.242,2.28,2.156,2.283,1.777,1.994,1.559,1.706,1.645,1.796,1.737,1.885,1.901,1.798,2.063,2.209,2.223,2.431,2.184,2.627,2.035,2.373,2.16,2.114,2.014,2.096,1.846,1.695,1.8,1.685,1.804,1.704,1.621,1.563
1402,Partille,2.069,2.207,2.15,2.256,2.161,2.013,2.001,1.974,1.83,1.718,1.566,1.646,1.662,1.747,1.782,1.745,1.783,1.883,1.896,1.974,2.073,2.174,2.171,2.241,2.289,2.117,2.093,1.897,1.737,1.797,1.551,1.645,1.76,1.821,1.753,1.904,2.042,1.847,1.905,1.949,1.923,2.04,2.176,2.047,2.195,2.071,1.813,1.905,1.997,1.774,1.661,1.813,1.795,1.784,1.646,1.707,1.463
1407,Öckerö,2.462,2.345,2.302,2.181,2.748,2.051,2.189,2.118,2.256,1.824,1.708,2.05,2.108,1.906,1.828,1.73,1.843,2.392,1.872,2.128,2.369,2.74,2.43,2.314,2.347,2.34,2.473,2.035,1.916,1.795,1.675,2.064,1.635,2.042,2.224,1.97,1.962,2.176,2.254,2.248,2.178,1.941,2.428,1.89,2.005,2.014,2.039,1.997,1.955,1.774,1.782,1.943,1.695,1.64,1.393,1.559,1.732
1415,Stenungsund,2.627,2.468,2.344,2.293,2.217,2.025,1.996,1.843,1.524,1.985,1.875,1.571,1.74,1.593,1.703,1.757,1.882,1.858,2.05,1.865,2.217,2.388,2.171,2.349,2.285,2.062,2.081,1.838,1.586,1.732,1.526,1.744,1.721,1.695,1.882,1.912,1.877,2.205,2.097,2.13,1.926,2.257,2.14,2.078,2.108,2.013,2.167,1.926,1.942,1.863,1.961,1.879,1.89,1.831,1.795,1.61,1.559
1419,Tjörn,2.28,2.317,2.072,2.103,2.211,2.262,1.97,1.898,1.659,1.928,1.657,2.012,1.948,2.061,2.174,2.004,2.135,2.273,2.147,2.57,2.431,2.448,2.609,2.48,2.48,2.241,1.954,1.943,1.782,1.699,1.785,1.814,1.777,1.762,1.659,1.842,1.797,2.147,2.25,2.4,2.055,2.235,2.254,1.88,1.753,2.149,2.187,2.033,2.29,2.149,1.883,2.074,2.011,1.642,1.63,1.604,1.648
1421,Orust,2.572,2.353,1.855,2.248,2.251,2.215,2.128,2.256,2.045,1.924,2.049,2.073,2.167,1.866,1.93,1.987,1.874,1.898,2.378,2.089,2.445,2.544,2.361,2.56,2.473,2.221,1.959,2.067,1.699,1.603,1.712,1.695,1.606,1.756,1.514,1.641,1.696,1.662,1.931,1.862,1.953,2.098,1.954,1.827,2.252,1.858,2.019,1.925,1.864,1.752,1.666,1.906,1.765,2.169,1.729,1.57,1.634
1427,Sotenäs,2.154,2.132,1.798,1.769,1.535,1.796,2.109,1.863,1.653,1.882,1.586,2.271,2.051,2.254,1.963,1.691,2.026,2.122,1.999,1.858,2.212,2.198,1.867,2.203,2.524,1.823,2.191,1.762,1.574,1.569,1.726,1.972,1.911,1.454,1.581,1.632,1.918,1.365,1.524,2.089,1.687,1.885,1.863,1.719,1.782,1.295,1.831,2.005,1.454,2.075,1.639,2.141,1.42,1.663,1.385,1.495,1.592
1430,Munkedal,2.779,2.258,2.325,1.865,2.081,1.978,2.135,2.052,1.942,1.859,2.183,1.72,1.932,2.147,2.06,1.799,1.955,2.086,2.321,2.021,2.096,1.993,2.319,2.506,2.342,2.273,2.091,1.853,1.708,2.054,1.771,1.785,1.761,1.806,1.452,1.845,2.0,1.912,1.975,2.125,2.115,2.321,1.895,2.057,2.417,2.018,2.26,2.077,1.972,2.167,2.081,1.776,1.659,1.771,1.749,1.448,1.463
1435,Tanum,2.551,2.45,2.124,2.533,2.32,1.975,2.297,2.022,1.829,2.275,1.995,1.591,1.818,1.944,1.491,1.867,2.089,1.872,1.998,1.837,2.602,2.751,2.644,2.425,2.587,2.378,2.073,1.84,1.792,1.683,1.397,1.604,1.558,1.434,1.78,1.672,2.04,1.865,1.979,1.715,1.934,2.132,2.269,1.946,1.747,2.074,2.083,1.952,2.131,2.129,1.738,1.846,1.658,1.527,1.844,1.223,1.184
1438,Dals-Ed,2.768,2.473,2.568,2.684,2.243,2.091,2.21,2.216,2.027,1.622,1.853,1.709,1.533,1.83,1.801,1.807,1.855,1.69,1.9,1.851,2.183,2.357,2.5,2.446,2.338,1.879,2.007,2.06,1.876,1.787,1.493,1.536,2.103,1.867,2.107,2.239,1.875,2.493,2.222,2.209,1.634,2.013,2.197,1.704,1.938,2.288,1.622,1.759,1.914,1.562,1.951,1.876,1.658,1.782,1.481,1.06,1.783
1439,Färgelanda,2.351,1.87,2.238,1.787,2.361,1.978,2.188,2.011,1.93,2.351,1.777,2.017,1.794,1.966,2.067,1.722,1.951,1.964,2.354,1.979,2.275,2.283,1.827,2.494,2.392,2.639,2.489,1.746,1.832,1.507,1.276,1.42,2.056,1.93,1.745,1.664,1.839,1.973,1.896,2.33,1.925,2.398,2.232,2.101,1.802,1.885,2.315,1.99,2.192,1.963,1.96,1.988,1.862,1.317,2.099,1.46,1.636
1440,Ale,2.434,2.206,2.199,2.301,2.243,2.243,2.222,1.845,1.968,1.855,1.819,1.756,1.748,1.767,1.682,1.603,1.724,1.71,1.595,1.991,1.862,2.199,2.363,2.274,2.227,2.194,2.029,2.018,1.668,1.749,1.423,1.829,1.705,1.727,1.827,1.654,1.986,1.955,2.132,2.116,1.82,2.104,1.954,1.943,2.064,1.997,1.87,1.871,1.82,1.964,2.113,1.833,1.855,1.937,1.617,1.539,1.777
1441,Lerum,2.508,2.365,2.261,2.245,2.178,2.059,1.988,1.871,1.757,1.634,1.663,1.707,1.825,1.667,1.852,1.63,1.802,2.093,2.217,2.225,2.075,2.409,2.427,2.449,2.517,2.273,2.169,1.745,1.86,1.592,1.584,1.581,1.533,1.833,1.938,1.785,2.185,1.877,1.958,2.243,2.355,2.174,2.131,2.142,1.976,2.098,2.223,1.994,1.956,1.875,2.082,1.824,2.059,2.047,1.52,1.735,1.564
1442,Vårgårda,2.403,2.29,2.33,2.329,2.171,1.964,2.042,1.776,1.949,1.945,1.664,2.099,2.002,1.811,1.962,1.848,1.947,2.24,2.461,1.86,2.521,2.206,2.261,2.494,2.353,2.219,2.227,2.393,1.507,1.869,1.723,1.648,1.878,1.489,1.642,1.748,1.814,2.266,2.319,2.327,2.006,2.452,2.069,2.151,2.006,2.064,2.374,2.096,2.496,2.186,1.952,1.904,1.853,1.75,1.672,1.764,1.615
1443,Bollebygd,,,,,,,,,,,,,,,,,,,,,,,,,,,4.004,1.841,1.536,1.907,1.921,1.125,1.572,1.815,1.271,2.047,2.14,2.107,2.17,2.145,2.229,2.35,2.161,2.392,2.171,2.39,1.983,1.913,2.041,1.783,1.706,1.827,1.746,2.027,1.526,1.696,1.536
1444,Grästorp,2.137,2.524,2.257,2.081,1.942,2.04,2.035,2.157,1.875,1.904,1.391,1.93,2.211,1.763,1.677,2.061,1.719,1.925,2.434,2.255,2.845,2.293,2.276,2.459,2.625,2.509,2.126,2.011,1.587,1.701,1.988,1.609,1.551,2.156,1.591,2.29,1.803,2.043,2.606,2.65,2.352,2.132,2.135,2.263,1.923,2.036,2.239,1.846,2.239,2.063,1.565,1.612,1.835,1.743,1.667,1.252,1.344
1445,Essunga,2.394,2.399,2.395,2.277,2.103,2.022,1.478,2.008,1.689,1.505,2.078,1.689,1.583,1.708,1.9,2.158,1.807,2.126,2.1,1.84,2.377,3.089,1.855,2.357,2.757,1.995,2.497,1.945,1.969,1.565,1.639,1.965,1.673,1.687,1.886,2.28,1.675,1.889,1.604,2.467,2.247,2.029,2.377,2.025,1.707,1.966,2.202,1.796,2.24,1.904,1.758,1.907,1.55,1.566,2.058,1.051,1.98
1446,Karlsborg,2.419,2.302,2.373,1.781,1.826,1.928,2.279,2.012,1.971,1.886,2.035,1.75,1.854,2.11,2.266,2.071,1.78,1.91,2.257,2.352,2.19,2.097,2.356,2.243,2.957,2.338,1.784,1.874,1.785,1.63,1.702,1.479,1.509,1.754,1.684,1.742,2.012,2.082,1.945,1.715,1.78,1.721,1.93,1.603,1.557,2.235,2.0,1.738,1.973,2.292,1.82,2.162,2.03,1.677,1.582,1.397,1.557
1447,Gullspång,2.81,2.605,2.5,2.457,2.418,2.008,2.024,2.022,1.479,1.586,1.778,2.268,2.077,1.709,2.22,1.725,1.659,1.975,2.383,2.377,2.538,1.914,2.937,2.149,2.805,1.889,1.776,1.9,1.254,1.528,1.575,1.954,1.615,2.341,1.609,1.725,2.413,1.716,1.479,1.988,1.91,1.727,1.604,2.312,1.671,1.789,2.223,1.275,2.25,2.039,2.282,2.44,1.82,1.907,1.79,1.854,1.428
1452,Tranemo,2.65,2.165,1.999,2.019,2.211,1.995,2.14,1.61,1.959,1.74,1.773,1.98,1.696,1.967,2.048,1.694,1.826,2.28,1.626,2.141,2.088,2.017,2.405,2.161,2.06,2.181,2.012,1.82,1.588,1.695,1.701,2.036,1.914,1.69,2.041,1.634,1.871,1.959,1.823,2.123,2.253,2.2,2.372,1.85,2.375,2.1,2.019,1.889,1.852,1.755,2.065,2.003,1.888,2.155,1.792,1.589,1.636
1460,Bengtsfors,2.038,1.818,2.111,2.15,2.025,1.767,1.946,1.895,1.786,1.854,1.613,1.853,1.648,1.813,1.911,1.841,1.642,1.789,1.916,2.152,2.173,2.133,2.434,2.446,2.376,2.276,1.665,1.83,1.851,1.47,1.477,1.621,1.749,1.303,1.625,1.753,1.827,1.915,1.953,1.427,2.077,2.031,2.022,2.052,1.921,1.744,1.696,1.952,2.019,1.82,1.962,1.934,1.832,1.561,1.58,1.377,1.619
1461,Mellerud,2.227,1.907,2.078,1.902,1.89,2.052,2.106,1.803,1.918,1.701,1.739,1.938,1.65,2.174,1.653,1.624,2.008,1.793,1.837,2.224,1.887,2.263,2.814,2.381,2.546,2.341,2.099,2.109,1.274,1.777,2.121,1.459,1.691,1.915,2.176,1.97,1.852,1.758,1.702,2.336,2.435,1.983,2.178,2.255,1.966,2.104,2.1,2.144,2.178,2.511,2.129,1.628,1.97,1.836,1.895,1.882,1.494
1462,Lilla Edet,2.383,2.296,2.162,1.981,2.267,1.696,2.048,1.81,1.882,1.566,1.898,1.68,2.109,1.927,2.066,1.754,2.319,1.984,2.132,2.033,2.281,2.175,2.396,2.374,2.454,2.368,2.23,1.616,1.959,1.813,1.526,1.665,1.684,1.754,1.923,1.908,2.115,1.729,2.188,2.048,2.411,2.128,2.015,2.228,2.002,1.837,2.321,2.272,2.188,2.081,2.025,1.63,2.045,1.85,1.98,1.781,1.632
1463,Mark,2.349,2.255,2.22,2.076,2.068,1.987,1.843,2.028,1.846,1.635,1.814,1.663,1.785,1.607,1.758,1.792,2.003,2.016,1.87,2.01,2.309,2.16,2.344,2.328,2.39,2.429,1.976,2.011,1.645,1.8,1.854,1.768,1.837,1.879,1.827,2.034,1.991,2.018,2.001,2.307,2.291,2.263,2.253,2.043,1.959,1.919,1.958,1.979,1.892,1.907,1.865,1.8,1.756,1.919,1.76,1.547,1.746
1465,Svenljunga,2.501,2.522,2.14,2.2,2.342,1.942,1.918,2.1,1.755,2.043,1.932,1.548,1.977,1.678,1.672,1.776,1.945,1.691,2.297,1.94,2.312,2.456,2.52,2.325,2.601,2.369,2.304,1.997,1.673,1.816,1.696,1.84,2.029,2.182,1.982,1.899,1.832,1.813,2.161,2.274,2.02,2.587,2.349,2.094,2.173,2.136,2.124,2.224,1.791,2.296,2.115,1.893,1.796,1.975,1.924,2.089,1.622
1466,Herrljunga,2.107,2.256,2.214,2.283,1.825,2.271,2.033,1.793,1.896,1.81,1.499,1.721,1.84,1.852,1.74,2.227,1.941,2.195,2.184,2.174,2.213,2.277,2.342,2.4,2.232,2.24,1.748,2.141,1.637,1.848,1.455,2.012,1.498,1.712,1.968,1.856,1.827,1.703,1.859,2.492,1.662,2.019,2.148,2.038,2.128,2.121,2.094,1.87,2.167,1.865,1.683,1.745,1.689,2.092,1.683,1.712,1.911
1470,Vara,2.562,2.388,2.142,2.044,2.066,2.064,1.919,1.715,1.968,1.973,1.994,1.954,1.905,1.955,2.012,1.573,1.699,1.951,2.12,2.233,1.928,2.32,2.484,2.331,2.452,2.194,2.171,1.768,1.824,1.491,1.739,1.513,1.451,2.016,1.743,1.79,2.131,1.539,2.06,2.076,1.878,2.221,2.177,1.937,2.283,2.134,1.937,2.044,1.946,2.1,1.725,1.909,1.592,2.11,1.585,1.684,1.52
1471,Götene,2.314,2.297,2.279,2.126,1.943,2.512,1.797,2.416,1.92,1.898,2.04,1.958,2.194,2.048,2.21,1.85,1.803,1.874,1.989,1.679,2.352,1.967,2.252,2.486,2.548,2.272,2.254,1.854,1.759,1.794,1.711,1.734,1.513,1.792,1.944,1.951,1.822,1.911,1.995,2.22,2.31,2.402,2.409,1.976,2.038,2.292,2.213,1.971,1.894,1.932,1.895,2.131,1.634,1.657,1.853,1.639,1.635
1472,Tibro,2.294,2.278,2.132,2.376,2.075,1.995,2.389,2.002,1.987,1.832,1.628,1.769,1.877,2.15,1.935,1.71,1.886,1.913,2.2,1.878,2.047,2.039,2.324,2.282,2.454,2.108,2.408,1.987,1.519,1.784,1.685,1.648,1.753,1.522,1.799,1.801,1.851,1.975,2.365,1.907,2.361,2.214,2.291,2.392,1.785,2.379,2.31,1.873,1.737,2.12,1.672,1.966,2.017,1.72,1.927,1.606,1.587
1473,Töreboda,2.162,2.011,2.069,1.969,2.059,2.158,2.069,2.141,2.204,2.021,1.831,2.013,1.854,1.889,1.749,2.004,1.979,1.81,2.238,1.832,2.341,2.488,2.637,2.322,2.523,2.269,2.015,2.078,1.804,1.584,1.581,1.623,1.878,1.44,1.794,1.654,2.175,1.817,2.059,2.236,1.725,2.096,2.074,1.835,1.967,2.029,2.186,1.933,2.422,1.987,1.643,1.783,2.002,1.978,1.659,1.916,1.408
1480,Göteborg,2.05,1.92,1.901,1.955,1.829,1.804,1.715,1.608,1.501,1.466,1.422,1.474,1.484,1.452,1.514,1.445,1.545,1.58,1.594,1.693,1.761,1.791,1.937,1.862,1.827,1.773,1.739,1.564,1.5,1.42,1.445,1.388,1.427,1.465,1.499,1.56,1.619,1.611,1.725,1.741,1.776,1.845,1.897,1.795,1.788,1.767,1.738,1.712,1.726,1.632,1.612,1.577,1.535,1.576,1.403,1.353,1.345
1481,Mölndal,2.228,2.199,2.235,2.114,2.092,2.101,1.941,1.787,1.656,1.61,1.66,1.715,1.631,1.52,1.568,1.705,1.638,1.871,1.8,1.738,1.999,2.073,2.171,2.167,1.904,2.109,1.987,1.73,1.589,1.561,1.657,1.591,1.743,1.639,1.709,1.638,1.765,1.795,1.826,1.94,1.865,2.115,2.174,1.809,1.986,1.788,1.816,1.743,1.938,1.595,1.756,1.716,1.733,1.687,1.49,1.522,1.436
1482,Kungälv,2.385,2.478,2.287,2.221,2.392,2.319,1.938,2.114,1.811,1.776,1.677,1.705,1.653,1.709,1.616,1.874,1.858,1.766,1.894,2.072,2.214,2.112,2.214,2.291,2.37,1.956,2.027,1.865,1.509,1.779,1.571,1.591,1.521,1.667,1.7,1.936,1.95,1.988,2.102,2.011,2.143,2.317,2.261,2.074,2.15,2.104,1.999,2.09,2.033,1.876,1.869,1.767,1.897,1.78,1.751,1.501,1.689
1484,Lysekil,2.441,2.138,2.18,2.048,1.893,2.128,1.872,1.854,1.878,2.001,1.638,1.678,2.034,1.902,1.835,1.709,1.648,1.753,1.604,2.02,2.243,2.431,2.262,2.129,2.002,2.138,2.121,1.649,1.788,1.605,1.62,1.709,1.464,1.829,1.729,1.465,1.861,1.821,1.812,2.05,2.186,1.968,2.088,2.086,2.264,1.86,1.958,1.725,2.028,1.952,1.697,1.918,1.832,1.797,1.337,1.608,1.41
1485,Uddevalla,2.179,1.884,1.832,2.044,2.093,1.927,2.022,1.808,1.681,1.652,1.638,1.637,1.565,1.6,1.573,1.449,1.563,1.826,1.821,1.892,2.105,2.155,2.16,2.353,2.241,2.259,1.804,1.864,1.664,1.582,1.624,1.554,1.669,1.606,1.632,1.689,1.866,1.8,1.887,2.021,1.988,1.989,2.235,2.096,2.066,2.081,2.017,1.974,1.974,2.013,1.828,1.916,1.819,1.837,1.72,1.644,1.496
1486,Strömstad,1.782,2.062,1.967,2.09,2.152,1.697,1.834,2.186,1.932,1.593,1.739,1.375,1.635,1.523,1.382,1.47,1.845,1.62,1.712,1.997,2.168,2.313,2.441,2.499,2.177,1.904,2.028,1.695,1.708,1.559,1.581,1.631,1.914,1.771,1.568,2.078,1.685,1.59,1.692,1.787,1.737,2.007,2.236,1.891,2.322,2.012,1.953,2.091,2.046,2.014,1.818,1.559,1.662,1.923,1.566,1.712,1.843
1487,Vänersborg,2.106,1.798,1.931,1.76,2.001,1.962,1.949,1.798,1.843,1.72,1.788,1.72,1.932,1.729,1.718,1.728,1.759,1.747,2.035,2.004,2.248,2.195,2.311,2.144,1.981,2.042,1.834,1.761,1.592,1.623,1.551,1.551,1.586,1.719,1.779,1.812,1.737,1.866,2.038,1.974,2.042,2.044,2.308,2.161,1.949,2.03,2.241,2.016,1.9,1.975,2.062,1.823,1.959,1.867,1.785,1.745,1.632
1488,Trollhättan,2.059,2.142,2.167,2.06,2.148,1.871,1.992,1.88,1.792,1.74,1.743,1.652,1.632,1.688,1.602,1.709,1.648,1.783,1.739,1.874,2.098,2.112,2.289,2.212,2.448,2.47,2.102,1.92,1.821,1.631,1.563,1.566,1.537,1.584,1.688,1.712,1.743,1.859,1.719,2.033,1.85,1.895,1.963,2.026,1.982,2.024,1.892,1.916,1.946,1.847,1.808,1.638,1.619,1.623,1.741,1.445,1.325
1489,Alingsås,2.219,2.137,2.217,2.101,1.946,2.197,1.996,1.768,1.714,1.684,1.618,1.808,1.67,1.766,1.661,1.855,1.952,1.965,2.099,2.038,1.941,2.238,2.303,2.212,2.047,2.078,1.964,1.919,1.659,1.64,1.539,1.549,1.705,1.626,1.581,1.842,1.73,1.987,2.14,1.966,2.248,2.053,2.098,2.06,1.982,1.874,2.019,1.898,1.968,1.84,1.806,1.796,1.801,1.644,1.593,1.519,1.563
1490,Borås,2.008,1.705,1.743,1.75,1.736,1.641,1.738,1.554,1.428,1.383,1.353,1.417,1.394,1.387,1.404,1.435,1.498,1.583,1.648,1.611,1.835,1.864,1.973,1.899,1.998,1.806,1.788,1.649,1.453,1.451,1.451,1.456,1.534,1.499,1.602,1.625,1.603,1.687,1.807,1.822,1.896,1.863,1.939,1.946,1.952,1.891,1.894,1.828,1.848,1.698,1.74,1.653,1.582,1.686,1.481,1.467,1.482
1491,Ulricehamn,2.294,2.161,2.02,1.85,1.945,2.218,1.952,2.084,1.985,1.953,1.837,1.831,2.009,1.848,1.841,1.969,1.808,1.882,1.919,1.908,1.893,2.3,2.417,2.254,2.378,2.282,1.758,1.882,1.732,1.659,1.592,1.73,1.913,1.704,1.932,2.044,1.994,1.924,1.946,2.33,1.829,2.115,2.121,2.199,1.85,2.019,2.12,1.878,2.286,1.898,1.887,1.93,1.834,1.8,1.948,1.53,1.431
1492,Åmål,2.116,2.053,1.693,2.218,1.845,1.71,1.863,1.618,1.623,1.491,1.518,1.671,1.544,1.415,1.645,1.401,1.658,1.708,1.721,1.694,2.371,2.082,2.34,2.262,2.096,1.79,1.884,1.638,1.704,1.556,1.716,1.562,1.937,2.018,1.876,2.07,2.062,1.936,1.565,2.003,1.828,1.951,2.144,1.82,1.919,1.603,1.867,2.081,2.153,1.647,1.96,1.748,1.913,1.489,1.778,1.379,1.422
1493,Mariestad,2.215,2.416,2.245,1.996,2.093,2.092,1.856,1.909,1.878,1.659,1.505,1.675,1.647,1.686,1.843,1.703,1.812,1.714,1.711,2.048,2.2,2.031,2.28,2.38,2.035,2.092,1.765,1.759,1.679,1.767,1.469,1.598,1.488,1.715,1.965,1.956,1.903,2.06,1.857,1.801,1.809,2.114,2.132,2.012,1.792,1.941,1.936,2.091,1.907,1.756,1.825,1.838,1.628,1.669,1.55,1.411,1.52
1494,Lidköping,2.385,2.314,2.014,1.951,2.049,1.867,2.041,1.895,1.795,1.757,1.63,1.661,1.741,1.804,1.755,1.629,1.707,1.802,1.686,1.912,1.873,2.125,2.234,2.154,2.27,2.215,2.03,1.865,1.758,1.641,1.619,1.418,1.646,1.679,1.588,1.954,1.751,1.763,1.963,2.165,1.905,2.141,2.008,1.924,1.867,2.011,1.954,1.92,1.794,1.874,1.745,1.735,1.824,1.71,1.58,1.602,1.417
1495,Skara,2.346,2.223,2.159,2.145,2.055,1.952,1.981,1.834,1.792,1.808,1.6,1.681,1.993,1.664,1.853,1.725,1.804,1.968,1.757,1.958,1.951,2.03,2.348,2.239,2.204,2.041,2.049,1.8,1.662,1.509,1.373,1.473,1.448,1.706,1.506,1.634,1.788,1.936,1.853,1.744,1.748,1.791,1.936,1.54,2.048,1.927,2.144,1.87,1.987,1.903,1.826,1.878,1.722,1.884,1.54,1.774,1.685
1496,Skövde,2.3,2.258,2.129,2.146,2.014,2.144,1.949,1.789,1.68,1.677,1.5,1.707,1.744,1.767,1.66,1.684,1.787,1.807,1.916,1.914,1.991,2.084,2.194,2.103,2.229,2.062,1.923,1.605,1.642,1.363,1.431,1.469,1.56,1.369,1.554,1.585,1.634,1.655,1.836,1.78,1.776,1.991,1.924,1.764,1.876,1.937,1.849,1.884,1.856,1.86,1.84,1.724,1.703,1.568,1.615,1.42,1.416
1497,Hjo,2.487,2.016,2.064,1.817,1.972,1.728,2.769,2.024,1.749,1.746,1.551,2.013,1.955,1.79,2.069,2.007,1.75,1.755,1.908,2.174,2.019,1.855,2.499,2.545,2.136,1.986,2.093,2.045,1.614,1.534,1.651,1.893,1.621,1.673,1.991,1.783,1.982,1.67,1.766,1.785,2.077,2.267,2.039,2.31,1.976,2.115,2.238,1.92,1.615,1.822,2.191,2.151,1.834,1.846,1.75,1.664,1.669
1498,Tidaholm,2.124,1.978,2.421,2.079,2.138,1.891,1.921,2.182,1.854,1.63,1.757,1.461,1.651,1.724,1.988,1.756,1.6,2.126,1.955,1.966,2.133,2.236,2.342,2.739,2.411,2.085,2.14,1.745,1.71,1.706,1.303,1.973,1.702,1.776,1.839,2.023,1.466,2.152,1.872,1.649,2.003,1.997,2.345,1.966,2.572,2.107,1.918,2.322,1.959,1.951,1.834,1.728,1.829,1.828,1.711,1.721,1.713
1499,Falköping,2.112,2.158,1.971,1.935,1.763,1.861,2.077,1.787,1.904,1.585,1.76,1.721,1.66,1.886,1.761,1.822,1.88,1.872,2.067,2.024,2.038,2.004,2.305,2.3,2.275,2.148,1.927,1.934,1.634,1.635,1.547,1.589,1.701,1.841,1.986,2.118,1.952,1.871,2.209,2.168,1.9,2.013,2.144,2.12,2.128,2.099,2.21,2.116,2.179,2.024,2.081,2.095,1.941,1.766,1.822,1.817,1.618
1715,Kil,2.368,1.947,2.367,2.204,2.235,1.95,2.167,2.109,1.921,1.864,1.65,1.79,1.594,1.637,1.911,1.552,1.458,1.952,1.821,2.253,2.183,2.638,2.553,2.406,2.321,2.078,1.836,1.918,1.959,1.632,1.805,1.784,1.77,1.792,1.255,1.758,1.934,1.963,1.961,2.051,1.971,2.163,2.129,2.195,2.152,2.076,2.233,2.109,1.987,1.959,2.206,1.614,1.825,2.155,1.703,1.684,1.29
1730,Eda,2.36,2.256,1.986,1.981,2.013,1.905,2.014,1.902,1.441,1.582,1.371,1.899,1.951,1.655,1.527,2.111,1.435,1.968,2.048,1.842,2.214,1.829,2.485,2.317,2.088,2.053,2.402,2.043,1.978,1.464,1.467,1.595,1.727,1.761,1.875,1.68,1.961,1.618,1.873,1.661,2.375,1.979,1.926,2.199,2.441,2.215,2.249,2.213,1.752,1.941,2.019,1.745,1.632,1.757,1.79,1.393,1.756
1737,Torsby,2.053,1.909,1.784,1.92,1.695,1.977,2.071,2.012,1.83,1.666,1.642,1.497,1.963,1.922,1.724,1.755,2.12,1.899,1.947,1.8,2.104,2.411,2.379,2.135,2.299,2.066,2.201,1.879,1.647,1.72,1.808,1.626,1.997,1.737,1.575,1.72,1.229,2.082,1.491,1.789,1.79,1.637,2.107,2.13,2.167,1.589,1.991,1.657,2.059,1.865,1.725,1.95,1.574,1.841,2.207,1.48,1.617
1760,Storfors,1.781,1.661,2.406,1.897,2.268,1.595,1.708,1.979,1.524,1.637,1.739,1.907,1.748,2.027,1.95,2.084,1.592,2.133,2.063,1.861,2.295,2.342,2.344,2.561,2.308,2.176,2.003,1.547,2.252,1.829,1.889,1.231,1.442,1.927,2.112,1.981,2.662,1.88,1.916,2.093,1.957,2.257,2.611,1.534,2.428,2.37,2.459,1.652,1.81,2.088,1.948,1.849,1.774,1.974,1.576,1.817,1.433
1761,Hammarö,2.107,1.937,1.633,2.1,1.709,1.884,2.127,1.77,1.489,1.796,1.75,1.669,1.676,1.612,1.894,1.815,1.527,1.885,1.808,2.229,1.922,2.089,2.415,1.964,2.24,2.191,1.826,2.031,1.864,1.6,1.77,1.75,1.982,1.836,1.917,1.701,1.81,2.039,1.922,2.064,2.007,2.257,2.407,2.141,2.372,1.962,2.351,1.983,2.041,2.173,2.064,2.197,1.875,1.67,1.817,1.44,1.554
1762,Munkfors,2.588,1.957,1.494,1.801,1.646,1.925,2.089,1.316,1.547,1.288,1.488,1.344,1.375,1.75,1.374,2.262,1.606,2.334,2.142,1.885,2.631,1.781,2.242,2.043,2.297,1.724,2.001,2.498,1.391,1.454,0.95,1.396,1.537,1.706,1.401,1.947,1.86,1.784,1.785,1.803,1.578,2.438,2.139,1.508,1.613,1.664,1.95,1.663,1.693,2.273,1.537,1.932,1.403,1.933,1.279,1.574,1.799
1763,Forshaga,1.897,2.1,1.671,2.041,1.896,2.017,2.349,2.107,2.122,1.923,1.781,1.847,1.958,1.972,1.91,1.644,2.141,1.738,2.256,1.912,1.997,2.198,2.082,2.518,2.294,2.435,2.012,1.845,1.641,1.809,1.614,1.606,1.89,1.427,1.811,1.965,1.925,1.938,2.187,2.251,1.943,2.202,1.774,2.148,2.214,1.975,2.029,1.7,2.613,2.047,2.344,2.073,1.77,1.72,1.507,1.536,1.778
1764,Grums,1.968,2.021,1.77,2.161,1.901,1.971,2.332,1.751,1.828,1.829,1.753,1.764,1.915,1.814,1.799,1.67,1.501,1.716,1.963,1.565,2.115,2.007,2.37,2.493,2.592,2.401,1.987,2.271,1.631,1.531,1.459,1.72,1.453,1.424,1.535,1.771,2.104,1.773,1.879,2.298,1.92,2.268,1.928,2.076,1.914,2.203,2.087,1.9,1.946,1.821,2.095,1.692,1.657,2.007,1.542,1.451,1.527
1765,Årjäng,1.966,2.452,2.459,2.237,1.99,1.784,1.84,1.985,1.819,1.639,1.567,1.845,2.004,1.494,1.588,1.605,1.67,1.652,1.663,2.154,2.064,2.001,2.59,2.39,2.202,2.198,1.774,1.714,1.876,1.864,1.872,1.775,1.666,1.902,1.878,1.927,2.183,1.955,1.516,1.989,1.967,2.145,2.217,1.903,1.709,1.683,1.62,1.95,2.046,1.78,1.809,2.037,1.501,1.608,1.608,1.728,1.724
1766,Sunne,2.133,1.962,2.096,1.586,1.744,1.955,2.047,1.938,1.81,1.665,1.909,1.85,1.682,1.893,1.65,1.524,1.632,1.897,1.831,1.869,1.89,2.283,2.306,2.8,2.422,2.355,2.007,2.185,1.71,1.701,1.675,1.893,1.814,1.603,1.523,1.903,1.833,1.702,1.834,1.99,1.696,2.157,2.064,1.796,2.133,1.749,1.969,2.039,2.101,2.059,2.327,2.162,1.793,1.596,1.663,1.575,1.33
1780,Karlstad,2.048,1.752,1.768,1.769,1.867,1.806,1.723,1.713,1.505,1.458,1.411,1.458,1.64,1.523,1.487,1.591,1.622,1.619,1.651,1.817,1.882,1.961,2.057,2.08,2.084,2.046,1.761,1.567,1.498,1.387,1.448,1.365,1.37,1.458,1.414,1.587,1.535,1.633,1.717,1.806,1.715,1.823,1.826,1.814,1.836,1.736,1.803,1.748,1.737,1.792,1.671,1.527,1.554,1.481,1.372,1.267,1.313
1781,Kristinehamn,1.886,1.919,1.761,2.032,1.958,1.824,1.777,1.688,1.571,1.677,1.485,1.676,1.749,1.6,1.676,1.7,1.615,1.78,1.713,1.922,1.896,2.037,2.019,2.221,2.03,2.209,1.648,1.764,1.673,1.542,1.624,1.581,1.45,1.426,1.787,1.73,1.744,1.607,1.912,1.877,1.9,1.88,2.01,1.981,1.956,2.028,1.875,2.011,1.732,1.945,1.383,1.849,1.72,1.553,1.584,1.452,1.402
1782,Filipstad,2.365,1.947,1.931,1.981,1.672,1.885,2.058,1.841,1.625,1.68,1.731,1.51,1.652,1.527,1.652,1.747,1.607,1.593,1.588,1.87,2.14,2.018,2.212,2.563,2.252,2.176,2.081,1.655,1.711,1.987,1.706,1.575,1.708,1.813,1.865,2.343,1.801,1.508,2.279,2.025,1.934,1.813,1.972,2.081,1.904,1.785,1.908,2.242,2.368,2.363,2.191,1.758,2.065,1.823,1.949,1.326,1.627
1783,Hagfors,2.025,1.634,1.755,2.034,1.782,1.893,1.689,1.575,1.547,1.622,1.496,1.401,1.421,1.455,1.605,1.428,2.07,1.78,1.957,1.755,2.146,1.896,2.018,2.143,2.243,1.868,1.758,1.765,1.732,1.585,1.709,1.769,1.36,1.593,1.771,1.795,1.728,1.886,1.568,1.724,1.667,1.951,2.116,2.132,1.853,1.761,1.624,1.907,2.117,1.795,1.702,2.161,1.887,1.767,1.593,1.913,1.76
1784,Arvika,2.104,1.832,1.939,1.839,1.826,1.833,1.897,1.617,1.613,1.676,1.311,1.601,1.736,1.611,1.75,1.552,1.567,1.754,1.852,2.041,2.018,2.106,2.201,2.274,2.2,1.953,1.704,1.732,1.62,1.505,1.81,1.644,1.647,1.518,1.607,1.685,1.68,1.754,1.998,1.853,1.805,1.88,1.916,1.761,1.978,2.043,1.969,1.939,2.097,1.877,1.932,1.839,1.763,1.59,1.717,1.263,1.427
1785,Säffle,2.14,2.077,2.083,2.363,1.856,1.977,1.96,1.863,1.664,1.854,1.572,1.595,1.595,1.744,1.489,1.685,1.756,1.855,1.919,1.963,2.37,2.196,2.349,2.55,2.177,2.328,2.002,1.609,1.916,1.428,1.833,1.628,1.376,1.848,1.874,1.613,1.667,2.303,1.996,2.011,2.129,1.942,2.28,1.727,1.831,2.024,1.815,2.054,2.165,1.99,1.965,1.741,2.244,1.861,1.618,1.665,1.585
1814,Lekeberg,,,,,,,,,,,,,,,,,,,,,,,,,,,3.643,2.034,1.99,1.795,1.494,1.498,1.812,2.087,1.825,2.588,2.143,2.326,2.447,2.33,2.949,2.249,3.092,2.819,1.995,2.247,2.395,2.337,2.073,2.24,2.422,2.083,2.233,1.739,1.905,1.483,1.527
1860,Laxå,2.441,2.238,2.242,2.376,2.189,2.045,1.636,2.095,1.581,1.728,1.685,1.985,1.908,1.762,1.809,2.184,1.818,1.832,1.943,1.737,2.107,2.206,2.338,2.254,2.25,1.883,1.737,1.878,1.432,1.777,1.709,1.313,1.412,1.494,2.122,1.94,2.034,2.259,1.864,1.884,2.217,2.326,1.768,2.206,2.288,1.941,1.554,2.402,2.104,1.651,1.836,2.428,1.742,1.746,1.699,1.239,1.71
1861,Hallsberg,2.299,2.22,2.132,1.95,2.132,2.03,1.789,1.715,1.744,1.882,1.714,1.98,2.043,1.78,1.665,2.054,1.734,1.987,1.993,1.995,1.96,2.031,2.303,2.294,2.077,1.93,1.864,2.109,1.718,1.548,1.628,1.626,1.696,1.522,1.813,1.719,1.775,1.883,2.115,1.927,2.117,2.05,2.133,2.046,1.832,2.037,1.936,2.059,1.924,1.909,1.943,2.114,1.953,2.203,1.779,1.552,1.845
1862,Degerfors,2.288,1.788,1.631,1.776,2.098,1.935,1.984,1.803,1.599,1.905,1.626,1.703,1.806,1.72,1.606,1.649,1.642,1.837,1.986,1.845,2.165,2.218,2.34,2.447,2.353,2.282,1.913,1.95,1.83,1.624,1.578,2.065,1.583,1.843,1.805,2.249,1.867,1.938,1.651,1.865,2.282,1.569,1.963,2.112,1.734,2.266,1.773,1.549,1.758,2.054,2.22,1.95,1.838,1.446,2.114,1.447,1.751
1863,Hällefors,2.374,1.956,2.056,2.076,1.988,2.037,1.706,1.763,1.676,1.534,1.643,1.624,1.52,1.595,1.321,1.665,1.766,1.96,1.911,2.002,1.787,2.054,2.219,2.244,2.612,1.987,2.036,1.849,1.518,1.199,1.623,1.156,1.447,1.532,1.493,1.542,1.843,1.643,1.752,2.12,1.982,2.557,2.049,1.93,2.08,2.191,1.941,1.862,2.474,2.184,1.7,2.318,1.622,2.196,1.716,1.132,1.805
1864,Ljusnarsberg,2.215,1.872,2.168,1.553,1.918,2.107,1.635,2.003,2.015,1.692,2.127,1.907,1.831,2.014,1.675,1.485,1.546,1.465,2.13,1.933,2.209,2.472,3.132,2.293,2.545,1.818,2.103,2.003,1.705,1.558,1.817,1.536,1.968,1.588,1.636,2.017,1.745,1.817,1.954,1.714,1.454,1.363,1.869,2.101,1.477,1.95,2.085,2.179,2.267,1.75,2.106,2.15,2.197,2.048,1.809,1.729,1.504
1880,Örebro,1.863,1.804,1.799,1.894,1.796,1.667,1.671,1.548,1.387,1.482,1.365,1.451,1.474,1.454,1.383,1.472,1.417,1.635,1.645,1.694,1.784,1.924,1.937,1.869,1.86,1.908,1.814,1.673,1.745,1.527,1.463,1.528,1.576,1.481,1.534,1.607,1.64,1.643,1.719,1.847,1.949,1.907,1.921,1.986,1.943,1.884,1.951,1.844,1.775,1.753,1.781,1.68,1.651,1.653,1.458,1.427,1.434
1881,Kumla,2.13,2.032,2.029,2.082,1.695,2.045,1.967,1.754,1.596,1.912,1.499,1.814,1.608,1.571,1.627,1.72,1.738,2.06,1.929,1.67,1.911,2.078,2.23,2.272,2.106,1.967,1.919,1.845,1.567,1.517,1.472,1.758,1.896,1.764,1.941,1.861,1.855,1.948,1.662,2.201,2.023,2.223,2.499,2.109,2.117,2.257,2.258,1.868,1.826,1.937,1.872,1.676,1.875,1.576,1.963,1.607,1.488
1882,Askersund,2.023,1.894,1.893,2.169,1.6,1.747,2.344,2.217,1.806,2.14,2.33,1.863,2.152,1.849,2.015,1.785,1.976,1.805,1.87,1.928,2.007,2.274,2.414,2.406,2.627,1.899,1.966,1.824,1.61,1.651,1.736,1.636,1.949,1.859,1.598,1.842,1.868,2.297,2.093,1.786,1.936,2.104,2.143,1.779,2.379,1.828,1.9,1.86,2.024,1.84,2.204,2.34,2.18,1.762,1.767,2.025,1.931
1883,Karlskoga,1.955,1.856,1.993,1.904,1.934,1.713,1.953,1.507,1.558,1.524,1.605,1.44,1.627,1.382,1.413,1.539,1.651,1.608,1.785,1.938,1.92,2.014,2.111,2.089,2.067,2.057,2.026,1.623,1.584,1.612,1.577,1.607,1.674,1.688,1.741,1.794,1.584,1.682,1.999,2.005,2.061,1.999,2.031,1.905,1.964,1.895,1.918,2.045,1.809,1.832,1.786,1.722,1.729,1.958,1.718,1.586,1.473
1884,Nora,2.065,1.729,2.183,2.142,1.749,1.784,2.0,1.792,1.757,2.02,1.684,1.741,1.927,1.705,1.444,2.014,1.667,1.547,1.82,1.854,2.091,2.066,2.297,2.49,1.932,2.212,1.856,1.962,1.802,2.062,2.033,1.347,1.849,1.868,1.738,1.576,1.471,1.907,1.969,1.925,2.175,1.917,2.166,1.859,1.98,2.047,1.732,1.757,1.845,2.043,1.917,2.025,1.446,1.698,1.771,1.677,1.548
1885,Lindesberg,2.256,2.021,1.901,2.03,2.036,1.881,2.277,1.718,1.856,1.687,1.68,1.593,1.86,1.65,1.782,1.714,1.807,1.797,2.055,1.953,2.112,2.093,2.408,2.145,2.384,2.334,2.014,1.785,1.676,1.705,1.68,1.542,1.624,1.816,1.648,1.809,1.653,1.731,1.73,2.104,1.925,2.111,2.013,2.306,1.948,2.11,2.047,1.992,2.114,2.02,2.196,1.814,1.809,1.941,1.673,1.673,1.588
1904,Skinnskatteberg,2.166,1.675,2.407,2.352,1.984,1.661,1.898,1.866,1.894,1.744,1.379,2.225,2.146,1.589,2.177,1.651,1.845,2.601,2.005,1.978,3.019,2.986,1.882,2.732,2.334,2.084,2.408,1.969,1.443,1.591,1.261,1.536,1.722,1.789,2.062,2.955,1.817,2.264,1.724,1.705,1.756,1.767,2.103,1.4,2.189,2.418,2.197,2.287,1.948,1.887,1.631,1.956,1.815,1.255,1.794,1.519,1.515
1907,Surahammar,2.262,2.228,2.015,2.067,2.113,2.09,2.209,2.164,1.703,1.952,1.63,1.762,1.417,1.867,1.456,1.565,1.521,2.002,1.776,1.946,2.039,2.41,2.456,2.514,2.299,2.089,2.083,1.782,1.455,1.397,1.901,1.452,2.026,1.952,1.702,1.99,1.995,2.353,2.392,1.92,1.984,1.884,2.203,1.918,2.228,2.0,1.976,1.993,2.453,1.984,1.76,1.949,1.961,1.945,1.555,1.762,1.479
1960,Kungsör,2.234,2.052,2.139,2.302,1.997,1.718,1.986,1.878,1.755,1.884,1.61,1.463,1.607,1.372,1.816,1.601,1.886,1.533,1.588,2.006,1.692,1.981,1.918,1.835,2.526,1.571,2.021,1.557,1.609,1.645,1.852,1.475,1.772,1.964,1.701,2.205,2.061,1.9,1.51,2.089,1.767,2.127,2.045,2.019,1.905,2.207,2.293,1.851,1.928,2.287,2.25,2.041,2.08,2.063,1.76,1.796,1.845
1961,Hallstahammar,2.304,2.031,1.983,2.076,1.903,1.84,1.758,1.678,1.631,1.558,1.451,1.47,1.519,1.766,1.699,1.694,1.708,1.786,1.649,1.651,2.181,2.09,2.401,2.371,2.224,2.212,2.061,2.006,1.713,1.419,1.598,1.325,1.666,1.5,1.713,1.819,1.897,2.247,2.125,1.727,2.102,2.464,2.474,2.05,2.252,2.42,1.877,1.876,2.014,2.04,2.019,1.782,1.917,1.794,1.821,1.595,1.494
1962,Norberg,2.495,2.037,1.753,2.589,1.832,1.449,2.054,1.528,1.776,1.718,1.546,1.92,2.142,2.093,1.689,1.79,2.018,1.963,2.059,1.82,2.121,1.993,2.094,2.506,2.573,2.516,2.42,1.658,1.614,1.357,1.81,1.707,1.841,1.781,1.975,1.584,1.93,1.611,2.446,1.964,2.167,2.863,1.658,2.137,2.466,1.893,1.522,2.171,1.811,2.007,2.111,1.616,2.086,1.892,1.533,1.238,1.319
1980,Västerås,2.13,1.941,1.95,2.018,1.928,1.825,1.9,1.798,1.737,1.52,1.494,1.531,1.57,1.552,1.491,1.496,1.538,1.616,1.738,1.859,1.991,1.997,2.118,2.098,2.106,2.063,1.912,1.746,1.588,1.515,1.485,1.46,1.492,1.521,1.614,1.73,1.733,1.751,1.783,1.843,1.772,1.835,1.931,1.899,1.911,1.844,1.919,1.846,1.826,1.82,1.799,1.77,1.708,1.614,1.613,1.44,1.46
1981,Sala,1.925,1.716,1.735,2.102,1.805,1.952,1.941,1.687,1.778,1.456,1.66,1.637,1.755,1.547,1.734,1.837,1.724,1.872,2.031,1.948,1.893,2.077,2.317,2.257,2.218,1.957,2.03,1.804,1.625,1.497,1.564,1.555,1.688,1.47,1.659,1.954,1.663,1.766,1.71,2.295,1.853,2.033,2.313,2.325,1.921,1.978,1.888,1.869,1.875,2.011,1.73,1.629,1.459,1.503,1.717,1.57,1.472
1982,Fagersta,2.285,1.953,1.937,1.818,1.987,1.616,1.745,1.671,1.704,1.5,1.69,1.477,1.626,1.438,1.595,1.642,1.819,1.715,1.792,1.799,1.726,1.814,2.262,1.95,2.095,1.683,1.645,1.774,1.434,1.436,1.386,1.573,1.525,1.88,2.081,1.641,1.768,2.198,2.134,1.887,2.227,2.132,2.242,2.186,2.412,2.179,2.206,2.228,1.969,2.243,1.883,1.881,2.051,1.952,1.736,1.412,1.505
1983,Köping,2.309,2.172,1.958,1.975,2.049,1.962,2.038,1.87,1.749,1.702,1.671,1.614,1.458,1.743,1.764,1.493,1.693,1.733,1.982,1.717,2.114,2.184,2.322,2.062,2.078,2.194,1.902,1.728,1.488,1.527,1.411,1.458,1.628,1.642,1.747,1.597,1.866,1.839,2.054,2.016,2.068,2.028,2.033,2.061,1.875,2.076,1.956,1.812,1.997,1.965,1.776,1.854,1.824,1.728,1.753,1.66,1.301
1984,Arboga,2.019,1.925,2.152,2.025,2.125,1.766,2.165,2.09,1.631,1.608,1.795,1.724,1.907,1.771,1.471,1.789,1.778,1.913,1.912,1.914,1.924,2.279,2.061,2.234,2.016,2.096,2.185,1.912,1.748,1.732,1.662,1.802,1.933,1.85,1.865,1.983,1.792,1.805,1.794,1.77,2.087,1.794,1.926,2.02,1.957,1.93,1.98,1.944,1.972,2.036,1.826,1.806,1.801,1.733,1.497,1.514,1.527
2021,Vansbro,2.314,2.078,2.157,1.812,2.039,1.73,1.765,2.087,1.798,1.722,1.666,1.62,1.976,1.858,1.792,1.586,1.938,1.868,1.863,1.993,2.231,2.546,2.107,2.019,2.216,2.079,1.755,1.631,1.814,1.586,1.711,1.868,1.524,1.84,1.81,1.448,2.161,2.03,2.119,2.44,2.262,2.479,1.659,2.287,2.147,1.928,2.077,1.812,1.664,1.818,1.517,1.919,1.888,1.523,1.886,1.653,1.62
2023,Malung-Sälen,2.456,1.856,1.86,1.848,1.858,1.738,1.91,1.727,1.573,1.738,1.486,1.73,1.799,1.603,1.624,1.318,1.729,1.694,1.427,2.027,2.1,1.982,2.068,2.084,2.307,2.069,1.79,1.914,1.685,1.572,1.326,1.73,1.591,1.585,1.649,1.373,1.716,1.626,1.935,1.549,1.867,1.768,2.078,1.865,1.846,1.658,1.666,1.895,1.782,2.088,1.56,1.811,1.651,1.425,1.582,1.648,1.631
2026,Gagnef,2.092,1.568,2.072,1.755,2.131,1.973,2.219,2.025,1.976,1.648,1.774,2.196,2.222,1.586,1.958,2.059,1.973,1.76,1.741,2.014,2.244,2.779,2.594,2.55,2.636,2.327,2.377,1.873,2.201,1.619,2.022,2.011,1.958,1.965,1.875,2.424,2.149,2.142,2.156,2.19,2.561,2.175,2.248,2.361,2.462,2.121,2.552,2.397,2.162,2.653,1.99,2.01,2.564,1.96,1.953,2.18,1.381
2029,Leksand,2.495,2.046,1.791,2.027,1.661,2.105,2.044,1.695,1.694,1.604,1.808,1.552,1.674,1.525,1.693,1.713,1.998,1.894,2.337,2.006,1.997,2.166,2.135,2.301,2.363,2.044,1.641,1.882,1.759,1.874,1.774,1.861,1.532,1.435,1.476,1.781,1.892,1.736,1.817,1.809,1.988,2.022,1.835,2.053,1.709,2.043,1.826,2.14,1.989,1.885,1.944,1.612,1.765,1.479,1.364,1.648,1.475
2031,Rättvik,2.218,1.834,1.829,1.906,1.669,1.588,1.931,1.732,1.8,1.624,1.866,1.584,2.088,1.694,1.383,1.779,1.647,1.684,1.72,2.024,2.023,2.098,2.719,2.464,2.52,1.881,2.096,1.812,1.645,1.949,1.436,1.561,1.486,1.668,1.96,1.916,1.879,1.728,1.83,1.613,2.102,1.761,2.018,1.88,1.682,1.494,1.812,1.404,1.461,1.976,1.827,1.599,1.746,1.733,1.877,1.645,1.607
2034,Orsa,2.114,2.493,1.706,2.397,1.749,1.834,1.883,1.468,1.804,1.611,1.551,1.679,1.902,2.031,2.051,1.689,1.847,1.95,1.648,2.379,2.101,2.089,2.455,2.64,2.236,1.869,1.833,1.714,1.565,2.095,1.404,1.688,1.602,1.9,1.935,1.526,2.025,1.558,2.079,2.149,1.636,1.79,1.846,1.856,1.583,1.192,1.945,1.523,1.654,1.952,1.411,1.767,2.049,1.755,1.29,1.377,1.507
2039,Älvdalen,1.854,1.953,1.624,1.784,2.16,1.85,1.691,1.829,2.02,1.722,1.969,2.098,2.143,2.018,1.89,2.412,2.046,2.304,2.496,1.983,2.168,2.309,2.257,2.535,2.75,1.936,1.866,1.48,1.489,1.578,1.241,1.653,1.817,1.469,2.305,1.963,2.247,2.191,2.165,1.96,2.112,1.968,2.193,2.424,1.88,1.485,2.08,1.44,1.487,1.676,2.075,1.426,1.77,1.703,1.182,1.395,1.466
2061,Smedjebacken,2.669,2.07,1.85,2.131,1.848,2.038,2.024,1.931,2.133,1.843,1.836,1.585,2.072,2.048,1.88,1.696,1.538,2.055,2.183,1.97,1.977,1.91,2.517,2.308,2.036,2.199,1.912,2.347,1.793,1.666,1.584,1.844,1.655,1.26,1.603,1.273,2.097,2.124,1.686,1.916,2.241,2.045,2.023,2.095,2.179,2.072,1.972,2.17,2.304,2.045,1.936,1.854,1.829,1.755,1.901,1.714,1.484
2062,Mora,2.294,1.929,1.988,2.108,1.844,2.039,1.834,1.842,1.883,1.713,1.78,1.495,1.714,1.597,1.572,1.477,1.813,1.871,1.928,1.818,2.032,2.044,2.526,2.324,2.39,2.238,1.924,1.75,1.615,1.408,1.529,1.389,1.619,1.441,1.703,1.733,1.628,2.122,1.911,2.033,1.895,2.195,1.91,2.065,1.823,1.724,1.733,1.555,1.865,1.7,1.767,1.566,1.402,1.626,1.55,1.284,1.384
2080,Falun,1.878,1.798,1.785,1.817,1.747,1.772,1.712,1.64,1.659,1.587,1.571,1.689,1.696,1.595,1.689,1.632,1.76,1.89,1.9,1.978,2.063,2.064,2.327,2.353,2.485,2.454,1.955,1.809,1.738,1.464,1.569,1.495,1.622,1.473,1.728,1.718,1.799,1.932,1.809,1.8,1.853,1.89,1.893,1.89,1.964,1.716,1.929,1.905,1.895,1.802,1.83,1.701,1.751,1.667,1.585,1.533,1.486
2081,Borlänge,2.008,1.962,1.828,1.916,1.898,1.819,1.766,1.669,1.718,1.724,1.494,1.711,1.807,1.733,1.775,1.627,1.802,1.862,1.875,1.964,2.266,1.988,2.14,2.216,2.012,1.796,1.897,1.742,1.639,1.474,1.413,1.451,1.453,1.554,1.673,1.824,1.774,1.908,1.944,2.036,2.141,2.003,2.164,1.983,1.958,2.019,2.149,2.049,2.074,1.892,2.053,2.006,1.734,1.764,1.631,1.466,1.477
2082,Säter,2.231,1.926,1.857,1.901,2.012,2.073,2.139,1.938,1.664,1.603,1.874,1.807,2.089,1.92,1.956,2.062,1.99,2.075,2.271,2.455,2.324,2.594,2.722,2.622,2.269,2.058,2.018,2.057,1.807,1.537,1.375,1.706,1.737,1.406,1.762,1.803,2.068,1.77,2.114,1.806,2.315,2.069,2.244,2.186,1.773,2.107,1.934,1.768,2.264,2.115,1.762,1.624,1.894,1.878,1.83,1.759,1.764
2083,Hedemora,2.382,2.027,1.774,1.889,1.821,1.986,2.137,1.805,1.972,1.814,1.574,1.99,1.658,1.836,1.571,1.613,1.949,2.365,1.85,2.089,2.151,2.351,2.472,2.661,2.221,2.032,1.951,1.909,1.737,1.658,1.39,1.606,1.513,1.935,1.509,1.862,1.892,2.077,1.62,2.122,2.223,2.018,2.127,1.805,2.202,1.857,1.586,2.251,1.874,2.237,2.181,2.047,2.234,1.73,1.714,1.531,1.687
2084,Avesta,2.068,1.961,1.922,1.854,1.916,1.922,1.815,1.653,1.722,1.594,1.773,1.537,1.906,1.734,1.578,1.672,1.663,1.953,2.048,1.867,1.964,2.035,2.329,2.302,2.219,2.054,1.758,1.677,1.551,1.259,1.518,1.366,1.461,1.49,1.408,1.561,1.837,1.684,1.569,2.024,1.644,1.602,2.129,1.795,1.868,1.849,1.967,1.968,2.161,1.936,2.347,1.94,1.833,2.084,1.701,1.633,1.44
2085,Ludvika,2.159,1.741,1.989,1.998,2.024,1.809,2.018,1.829,1.721,1.698,1.637,1.746,1.772,1.839,1.726,1.6,1.611,1.666,1.871,2.026,1.925,1.914,2.279,2.173,2.269,1.874,1.674,1.598,1.793,1.484,1.649,1.436,1.515,1.59,1.871,1.916,1.761,2.035,1.786,2.11,1.963,2.087,2.051,2.108,2.359,2.264,2.234,2.288,2.336,2.302,1.969,2.278,2.001,2.037,1.668,1.603,1.671
2101,Ockelbo,2.298,1.922,2.293,1.804,1.967,1.3,1.79,1.461,2.035,1.808,1.676,1.712,2.005,1.936,1.225,1.89,1.464,1.596,1.906,2.357,2.0,2.39,2.556,2.094,2.121,2.304,2.399,1.651,1.612,1.496,1.344,1.62,1.625,1.698,1.565,2.197,2.093,1.389,2.244,1.782,2.456,1.891,1.708,1.639,2.123,1.905,1.634,2.136,1.258,1.643,2.02,2.057,2.044,1.946,1.563,1.697,1.67
2104,Hofors,1.929,2.124,1.723,1.762,1.878,1.883,1.839,1.84,1.621,1.661,1.465,1.602,1.574,1.606,1.57,1.521,1.68,1.843,1.939,2.035,1.988,2.449,2.128,2.36,2.415,1.942,1.736,1.859,1.672,1.8,1.646,1.637,1.787,1.68,1.618,1.685,2.021,1.68,2.182,2.141,2.121,2.249,2.446,2.128,2.038,1.863,2.268,2.205,2.19,1.911,1.835,1.866,1.686,1.71,1.546,1.405,1.395
2121,Ovanåker,2.453,2.185,1.957,1.928,2.046,2.012,2.035,1.834,1.811,1.797,1.72,1.895,1.744,1.855,2.063,1.885,2.024,1.989,1.884,2.041,2.226,2.369,2.363,2.321,2.114,2.045,1.812,1.757,2.026,1.6,1.424,1.468,1.721,1.726,1.565,1.602,1.69,2.045,1.805,2.357,2.106,2.133,2.088,2.173,2.388,2.283,1.81,2.152,2.094,1.991,2.156,2.268,2.212,2.116,1.755,1.913,1.386
2132,Nordanstig,1.754,2.188,2.011,2.048,1.825,2.032,1.758,1.713,2.02,1.649,1.823,1.628,1.857,1.641,1.971,2.074,1.867,2.215,2.383,2.153,2.33,2.464,2.607,2.609,2.386,2.127,1.849,1.976,1.833,1.698,1.623,1.401,1.506,1.302,1.615,2.548,2.072,2.085,1.968,2.371,2.133,2.511,2.695,2.115,2.139,2.176,1.866,1.721,2.085,2.244,1.958,1.711,2.052,1.545,2.091,1.552,1.758
2161,Ljusdal,1.897,1.742,1.659,2.007,2.154,1.736,1.942,1.859,1.626,1.542,1.576,1.329,1.629,1.63,1.688,1.596,1.66,1.912,1.904,1.877,2.262,2.307,2.127,2.147,2.406,1.875,1.829,1.659,1.785,1.504,1.549,1.755,1.78,1.768,1.965,2.061,1.902,2.092,2.111,2.415,1.851,2.061,2.051,1.924,1.928,1.897,1.826,1.967,1.973,1.858,1.955,1.59,1.855,1.723,1.59,1.365,1.541
2180,Gävle,1.989,1.746,1.788,1.811,1.792,1.661,1.74,1.625,1.471,1.489,1.479,1.375,1.477,1.428,1.45,1.548,1.581,1.554,1.762,1.768,1.874,1.944,2.015,2.103,2.133,2.061,1.797,1.586,1.521,1.369,1.414,1.354,1.364,1.529,1.536,1.627,1.673,1.622,1.73,1.658,1.832,1.909,1.867,1.852,1.894,1.78,1.884,1.853,1.767,1.786,1.839,1.695,1.571,1.621,1.444,1.353,1.403
2181,Sandviken,2.16,2.214,1.926,1.98,1.806,1.822,1.756,1.749,1.632,1.583,1.463,1.505,1.395,1.594,1.386,1.408,1.47,1.591,1.786,1.873,2.005,2.157,2.215,2.309,2.133,1.898,1.832,1.615,1.467,1.53,1.368,1.479,1.587,1.444,1.586,1.812,1.856,1.776,1.85,1.985,1.651,1.831,1.883,1.774,1.976,2.013,2.028,1.864,1.993,1.895,1.961,1.743,1.721,1.599,1.447,1.495,1.422
2182,Söderhamn,2.195,1.964,1.787,2.122,1.914,1.941,1.875,1.794,1.593,1.66,1.531,1.443,1.587,1.535,1.607,1.533,1.503,1.59,1.72,1.899,2.255,2.023,2.386,2.481,2.024,2.145,1.926,1.702,1.524,1.581,1.574,1.337,1.661,1.666,1.695,1.639,1.509,1.651,1.948,1.74,1.935,1.773,2.223,1.998,2.137,2.116,2.161,2.238,1.998,1.805,2.346,2.008,1.845,1.926,1.671,1.394,1.453
2183,Bollnäs,2.089,1.791,1.868,1.979,1.81,1.806,1.831,1.711,1.637,1.774,1.703,1.584,1.654,1.674,1.634,1.644,1.723,1.837,1.785,1.7,1.958,2.047,2.265,2.36,2.032,1.767,1.929,1.75,1.535,1.62,1.652,1.443,1.604,1.618,1.623,1.948,1.895,1.883,1.973,1.823,1.679,1.992,2.241,1.901,2.044,1.814,1.75,2.006,2.01,1.986,2.266,2.055,1.797,1.786,1.598,1.445,1.515
2184,Hudiksvall,1.97,1.778,2.015,2.085,2.088,1.878,1.953,1.771,1.716,1.454,1.547,1.654,1.888,1.683,1.754,1.61,1.732,1.739,1.86,1.845,2.125,2.197,2.321,2.281,2.219,2.03,1.832,1.735,1.598,1.516,1.551,1.531,1.638,1.507,1.849,1.84,1.93,1.832,2.122,2.0,1.942,1.992,2.019,1.964,2.022,1.974,1.855,1.884,1.83,1.876,1.658,1.649,1.631,1.694,1.496,1.51,1.351
2260,Ånge,2.444,1.792,1.722,1.699,1.954,1.874,1.874,1.721,2.186,1.569,1.496,1.867,1.83,1.997,1.588,1.459,1.783,1.841,1.912,1.896,2.134,2.29,2.191,2.377,2.598,2.253,2.135,1.905,1.445,1.567,1.397,1.633,1.459,1.582,1.859,1.686,1.862,2.124,1.957,2.42,1.841,1.651,1.925,1.99,1.621,1.902,1.914,2.177,1.891,1.643,2.079,2.205,1.789,2.184,1.526,1.693,1.209
2262,Timrå,2.399,2.049,1.981,2.083,2.11,2.003,1.939,2.043,1.752,1.736,1.802,1.685,1.829,1.716,1.557,1.645,1.859,1.481,1.734,1.924,2.183,2.207,2.076,2.278,1.866,1.829,2.118,1.805,1.63,1.708,1.587,1.714,1.816,1.739,1.857,1.893,2.194,1.75,2.302,1.943,2.034,1.686,2.089,2.065,1.859,1.881,2.139,1.843,1.857,1.754,1.852,1.852,1.752,1.724,1.494,1.526,1.454
2280,Härnösand,1.849,1.865,1.821,1.783,1.906,1.772,1.801,1.749,1.644,1.583,1.611,1.798,1.908,1.692,1.654,1.645,1.654,1.677,1.737,2.041,1.875,2.045,2.294,1.977,1.91,1.91,1.961,1.667,1.631,1.498,1.497,1.588,1.599,1.461,1.645,1.701,1.83,1.622,1.743,1.823,2.014,1.883,2.051,1.892,1.865,1.861,1.728,1.805,1.734,1.804,1.965,1.87,1.825,1.816,1.826,1.482,1.594
2281,Sundsvall,2.115,1.903,1.885,1.968,1.903,1.905,1.86,1.741,1.623,1.609,1.533,1.584,1.518,1.522,1.555,1.474,1.55,1.665,1.678,1.746,1.908,2.051,2.005,2.059,1.983,1.825,1.772,1.672,1.417,1.434,1.368,1.337,1.369,1.517,1.651,1.831,1.792,1.857,1.814,1.877,1.942,1.982,1.945,1.91,1.825,1.805,1.725,1.876,1.936,1.794,1.841,1.756,1.625,1.662,1.439,1.449,1.36
2282,Kramfors,2.099,2.03,1.952,1.563,1.857,1.493,1.681,1.837,1.479,1.711,1.652,1.757,1.656,1.814,1.831,1.716,1.647,1.646,1.923,1.761,1.912,2.23,2.16,2.47,2.242,1.945,1.88,1.882,1.554,1.486,1.761,1.693,1.707,1.667,1.838,2.019,2.037,1.611,1.77,1.903,1.87,1.85,1.634,1.95,1.961,1.769,1.953,2.015,2.008,2.149,1.992,1.87,1.716,1.965,1.586,1.382,1.223
2283,Sollefteå,1.859,1.655,1.86,1.79,1.77,1.768,1.961,1.753,1.922,1.74,1.727,1.707,1.771,1.725,1.755,1.795,1.778,2.113,2.045,2.114,2.37,1.981,2.395,2.402,2.231,2.077,2.058,1.944,1.65,1.676,1.596,1.852,1.696,1.812,1.88,1.901,1.934,1.793,2.151,1.939,2.237,1.856,2.197,2.17,1.998,2.037,2.156,2.204,2.207,2.017,2.16,1.946,1.681,1.771,1.414,1.567,1.654
2284,Örnsköldsvik,2.166,2.081,1.837,1.983,1.92,1.932,1.891,1.85,1.895,1.881,1.859,1.804,1.937,1.873,1.907,1.775,1.984,2.047,1.914,1.924,1.941,2.318,2.298,2.301,2.221,2.155,2.082,1.837,1.653,1.628,1.581,1.739,1.608,1.718,1.827,1.761,1.989,1.795,1.961,2.054,2.072,2.009,2.187,2.001,2.079,2.062,2.141,1.977,2.045,1.933,1.943,1.913,1.784,1.874,1.649,1.572,1.306
2303,Ragunda,2.238,2.525,1.913,1.759,2.324,1.884,1.592,1.483,1.499,1.817,1.472,1.823,1.888,2.374,2.708,2.234,1.904,2.275,2.284,1.963,2.222,2.378,2.909,2.191,2.794,2.809,2.153,2.298,1.175,1.628,1.486,1.218,1.567,1.807,1.905,1.903,2.062,1.761,2.19,2.335,2.39,2.111,2.717,2.137,2.546,2.142,1.992,2.041,1.447,2.294,1.925,2.198,2.013,1.675,1.382,1.975,1.285
2305,Bräcke,1.958,1.988,2.257,2.098,1.857,2.391,2.038,1.548,1.939,1.513,1.902,1.794,1.976,1.857,1.695,1.917,2.169,2.033,2.036,2.234,3.04,2.308,2.385,2.681,2.075,2.46,2.174,2.094,1.647,1.794,1.647,1.992,1.566,1.583,1.641,2.153,1.786,1.891,2.254,1.643,1.911,1.883,2.098,1.768,2.709,1.862,2.138,2.024,2.418,2.539,2.533,2.309,1.635,1.832,1.889,1.342,1.534
2309,Krokom,2.353,1.647,2.251,1.988,2.037,1.823,1.986,1.798,2.085,1.712,1.736,2.189,2.086,1.985,2.281,1.829,2.29,2.656,2.125,2.238,2.648,2.458,2.614,2.236,2.16,2.39,2.366,1.827,1.66,1.625,1.614,1.716,1.711,2.131,2.118,1.966,2.084,2.203,2.163,2.378,2.557,2.426,2.511,2.095,1.848,2.17,2.171,2.396,2.122,2.258,2.032,1.817,1.959,2.118,1.892,1.771,1.816
2313,Strömsund,2.171,1.777,2.11,1.981,2.031,1.614,1.879,1.683,1.895,1.897,1.78,1.826,1.579,1.955,1.784,1.834,2.022,2.133,2.044,2.441,2.209,2.271,2.927,2.776,2.029,2.177,1.969,1.848,1.708,1.95,1.602,1.836,1.504,1.827,1.568,2.115,1.96,1.941,1.899,1.729,1.938,2.225,2.309,2.449,2.444,2.358,2.219,2.313,2.042,2.425,2.486,2.121,1.934,1.834,1.504,1.482,1.409
2321,Åre,2.334,1.891,2.012,1.871,1.921,1.846,2.144,1.9,1.869,2.019,2.003,1.524,1.882,1.393,1.585,1.793,1.554,1.711,2.354,2.224,1.984,2.171,2.162,2.085,1.956,2.079,2.072,1.833,1.595,1.732,1.364,1.422,1.457,1.622,1.828,1.559,1.551,1.768,1.717,1.691,1.776,1.839,2.066,1.731,1.796,1.496,1.52,1.652,1.761,1.876,1.82,1.667,1.586,1.563,1.521,1.434,1.505
2326,Berg,2.47,2.102,1.93,1.66,1.751,1.839,2.008,1.445,1.815,1.7,1.589,2.125,1.847,1.731,1.714,1.976,1.974,2.103,2.614,2.396,2.334,2.399,2.641,2.439,2.453,2.27,2.259,1.862,1.447,1.736,1.566,1.544,2.16,1.567,1.949,2.346,2.187,1.907,2.441,2.172,2.072,2.16,1.992,2.058,1.791,1.616,2.279,2.42,2.451,2.395,2.394,2.358,2.614,2.368,1.765,1.669,1.374
2361,Härjedalen,1.925,2.168,1.752,1.947,2.051,1.681,1.926,1.715,1.787,1.571,1.62,1.409,1.488,1.767,1.774,1.652,1.852,1.813,1.99,1.74,2.076,2.411,2.547,2.248,2.096,1.77,1.804,2.016,1.454,1.463,1.294,1.496,1.67,1.591,1.992,1.984,1.977,1.992,1.887,1.581,1.937,1.954,1.766,2.005,2.115,2.037,1.665,1.766,1.518,1.77,1.627,1.751,1.758,1.553,1.272,1.328,1.486
2380,Östersund,1.916,1.877,1.791,1.886,1.906,1.94,1.997,1.834,1.61,1.601,1.553,1.654,1.551,1.528,1.446,1.555,1.551,1.606,1.803,1.607,1.917,1.903,2.094,2.127,1.952,1.853,1.707,1.499,1.514,1.34,1.26,1.334,1.348,1.431,1.487,1.667,1.753,1.767,1.806,1.934,1.896,1.922,2.031,1.885,1.713,1.792,1.868,1.903,1.782,1.836,1.739,1.675,1.502,1.638,1.421,1.401,1.423
2401,Nordmaling,2.022,1.788,1.956,1.836,1.614,2.254,1.856,1.622,2.048,1.973,2.078,2.119,2.379,2.259,2.084,1.922,2.525,2.276,2.491,2.299,2.513,2.739,2.599,2.371,2.678,2.734,2.356,2.027,2.207,1.658,1.664,2.025,1.701,1.957,1.956,2.244,2.211,2.333,2.055,1.523,1.996,2.6,1.911,2.152,2.15,2.135,2.299,1.723,2.514,1.909,1.837,2.084,2.005,2.034,1.89,1.623,2.002
2403,Bjurholm,2.691,2.251,1.807,1.732,1.987,2.042,1.885,2.002,1.493,2.775,1.484,1.928,1.982,2.093,0.965,2.558,1.474,2.311,2.339,2.776,2.205,2.681,2.507,2.901,2.059,2.16,2.915,2.646,2.01,2.004,1.096,1.873,1.638,2.593,2.029,2.54,1.648,2.637,2.233,2.073,1.313,2.217,3.014,2.412,2.452,2.103,1.53,1.699,2.32,2.142,1.789,2.218,2.147,1.511,2.378,1.631,1.881
2404,Vindeln,2.112,2.004,1.755,1.606,1.904,2.249,2.008,2.153,1.662,2.178,1.989,2.041,2.132,1.798,1.893,2.037,1.635,2.111,2.648,2.336,2.319,2.751,2.583,2.86,2.454,2.38,2.291,1.219,1.883,1.403,1.945,1.838,1.215,1.584,1.749,1.768,2.002,1.393,1.852,2.285,1.975,2.399,2.33,1.989,2.0,1.906,1.619,2.37,2.343,1.599,2.089,1.874,2.91,2.039,1.983,2.01,1.61
2409,Robertsfors,2.156,1.483,2.045,2.126,1.863,1.946,2.062,1.897,2.151,1.82,2.266,2.321,2.155,2.216,2.486,2.832,2.484,2.433,2.198,2.531,2.712,2.531,2.816,2.524,2.362,2.225,2.582,2.266,1.955,1.948,1.818,1.94,1.742,2.204,2.127,2.178,1.744,2.512,2.085,2.463,2.276,2.352,2.286,2.177,2.107,2.01,2.135,2.502,2.536,2.001,2.042,1.995,1.691,1.862,1.579,1.338,1.596
2417,Norsjö,2.339,1.755,2.159,1.789,2.069,1.416,1.956,1.965,1.925,2.185,1.985,1.904,2.196,2.054,2.571,1.998,1.674,2.548,2.463,2.416,1.824,2.38,2.669,2.796,2.542,1.939,1.91,2.117,1.769,1.617,1.592,1.954,1.791,1.796,2.109,1.823,2.521,2.279,2.216,2.503,2.586,2.796,1.926,2.127,2.159,2.953,2.169,1.97,2.361,1.937,2.13,2.088,1.885,2.365,1.74,1.49,1.721
2418,Malå,2.154,1.923,2.058,2.217,2.352,1.924,2.721,1.765,2.686,2.235,2.437,1.976,2.248,1.482,1.894,2.041,1.427,1.84,1.837,2.001,2.704,2.491,2.383,2.706,2.382,2.513,2.49,1.986,1.745,1.661,1.118,1.18,2.056,1.981,2.247,2.589,3.113,1.84,1.976,2.129,2.223,2.074,2.391,2.501,2.85,1.847,2.035,1.894,2.58,2.194,2.251,2.076,2.785,2.339,1.459,2.189,1.184
2421,Storuman,2.656,2.035,1.683,1.707,1.885,1.813,1.69,1.961,1.939,1.812,2.078,1.906,2.076,2.722,2.102,1.774,1.953,2.123,2.204,1.734,2.545,2.161,2.213,2.116,2.566,1.675,1.717,1.8,1.925,2.363,1.75,1.663,1.863,1.571,1.46,1.786,1.428,1.742,1.865,2.728,2.2,2.04,2.008,1.868,2.018,1.459,1.841,1.757,2.141,2.136,2.523,1.813,1.679,1.779,1.683,1.328,1.341
2422,Sorsele,2.092,2.236,1.737,2.121,1.587,1.871,2.104,1.934,1.305,1.646,2.311,2.546,1.968,2.423,1.453,2.145,2.154,2.536,2.3,2.443,3.084,2.724,2.504,2.421,2.483,1.972,2.528,2.394,1.347,2.158,1.429,2.053,2.331,1.923,0.871,2.628,1.387,2.447,1.451,1.694,2.275,1.987,2.363,2.218,2.552,2.642,2.254,2.159,2.487,2.112,2.676,1.695,2.268,1.937,2.569,1.423,1.037
2425,Dorotea,2.614,1.6,1.675,1.523,2.412,2.542,1.824,2.038,1.342,1.479,2.196,2.395,1.986,1.912,2.357,1.882,1.993,1.832,1.943,2.289,2.383,2.742,2.455,2.364,2.354,2.965,1.655,2.019,1.93,1.608,1.755,1.19,1.999,1.965,1.625,1.759,1.967,1.652,3.029,1.845,2.588,2.671,2.537,2.442,2.29,1.673,1.807,1.406,2.215,1.148,1.639,2.704,1.346,2.065,2.019,0.897,1.82
2460,Vännäs,2.248,2.116,1.833,2.335,1.694,2.015,2.007,1.988,1.876,2.099,1.695,2.067,2.043,1.95,1.805,1.612,2.015,2.214,1.993,2.375,2.778,2.332,2.831,2.918,2.429,2.214,2.404,1.778,1.532,1.628,1.738,1.553,1.856,1.455,2.255,1.743,1.887,1.914,2.573,1.765,2.425,1.931,2.21,2.427,2.126,2.114,1.967,2.25,1.909,2.118,2.06,1.892,2.008,2.011,1.526,1.852,1.443
2462,Vilhelmina,1.935,1.739,1.616,1.612,1.886,1.853,2.001,1.997,1.808,1.735,1.978,2.12,2.071,2.28,2.305,2.093,2.257,2.565,2.059,2.322,2.269,2.848,2.645,2.458,2.338,2.137,2.141,2.175,1.999,1.941,1.772,1.716,2.027,2.121,2.17,2.386,1.983,2.036,2.287,2.482,2.348,2.502,2.242,1.871,2.219,1.92,2.186,1.769,1.927,1.411,1.694,2.036,2.101,1.709,1.818,1.313,1.563
2463,Åsele,1.892,1.796,1.421,2.033,1.722,2.179,1.583,1.665,1.762,1.537,1.912,1.849,1.353,1.798,1.863,2.011,1.509,1.917,1.778,2.043,2.428,2.724,2.169,2.275,2.668,2.882,2.161,2.299,2.021,1.976,1.785,1.958,1.813,2.143,2.562,2.718,1.907,2.532,2.208,2.541,1.536,1.728,1.19,2.05,1.55,1.751,1.571,2.205,1.972,2.565,2.089,1.839,1.22,1.712,2.143,1.612,1.551
2480,Umeå,2.094,1.995,1.957,1.872,1.964,1.896,1.983,1.853,1.546,1.578,1.532,1.558,1.633,1.573,1.632,1.528,1.596,1.808,1.774,1.845,1.995,1.995,2.018,2.173,2.103,1.785,1.782,1.584,1.504,1.424,1.297,1.302,1.336,1.373,1.357,1.543,1.503,1.542,1.672,1.587,1.714,1.794,1.736,1.781,1.701,1.736,1.621,1.644,1.643,1.619,1.56,1.589,1.544,1.466,1.334,1.226,1.218
2481,Lycksele,2.292,1.855,1.82,1.787,1.786,1.966,2.152,1.989,1.556,1.709,1.72,1.715,2.103,1.753,1.669,2.099,1.452,2.018,1.963,2.026,2.186,2.139,2.189,3.109,2.322,2.556,2.08,1.683,1.388,1.755,1.663,1.586,1.688,1.866,1.971,1.558,1.643,1.81,2.013,2.039,2.241,2.23,2.017,2.391,1.984,2.022,1.672,2.37,2.194,2.233,2.032,1.801,1.907,1.81,1.898,1.353,1.294
2482,Skellefteå,2.133,2.006,1.941,1.942,1.8,2.008,2.113,1.932,1.911,2.014,1.838,1.887,1.791,1.832,1.69,1.914,1.825,1.788,1.926,1.756,1.951,2.196,2.202,2.433,2.221,2.166,2.006,1.938,1.73,1.701,1.641,1.597,1.605,1.704,1.787,1.794,1.748,1.89,1.922,1.835,1.942,1.981,2.022,1.968,1.875,2.042,1.884,1.893,1.956,1.959,1.813,1.759,1.768,1.749,1.589,1.444,1.428
2505,Arvidsjaur,1.782,1.685,1.546,1.594,1.721,2.015,2.202,1.69,2.068,1.399,1.808,1.614,1.619,1.774,1.533,1.951,1.63,1.651,1.844,2.035,2.402,2.082,2.326,2.112,2.368,1.662,1.959,1.556,1.917,1.401,1.697,1.904,1.818,1.822,1.638,1.93,2.11,1.761,1.972,2.18,1.952,1.532,2.136,2.13,1.953,2.076,2.478,1.964,1.971,1.9,2.01,1.915,1.863,1.886,1.641,1.671,1.69
2506,Arjeplog,1.885,1.636,1.982,1.872,1.838,2.105,1.948,2.064,1.679,1.733,1.413,1.549,1.887,1.481,2.375,1.678,1.663,2.131,2.978,2.581,2.516,2.344,1.97,2.379,1.811,1.868,1.705,1.612,1.824,1.594,1.985,1.358,1.964,1.222,2.101,1.412,1.573,1.55,1.783,1.968,1.586,1.613,2.191,2.341,2.172,1.721,1.648,1.328,2.044,1.858,1.919,2.566,1.819,1.163,1.861,1.121,1.327
2510,Jokkmokk,2.144,1.803,2.198,2.213,1.864,2.167,1.647,1.54,1.452,1.577,1.43,1.625,1.747,1.733,1.971,1.829,1.679,1.446,1.856,2.248,1.637,2.23,2.425,2.385,2.106,2.141,2.114,1.581,1.919,1.336,1.335,1.182,1.483,1.301,1.608,1.558,2.126,1.17,1.407,1.373,1.349,1.882,1.676,1.71,1.53,1.887,2.451,1.838,1.938,1.712,2.005,1.825,1.351,1.609,1.788,1.8,1.683
2513,Överkalix,1.826,1.429,1.78,1.701,1.737,1.954,1.852,1.624,1.805,1.871,1.463,1.372,1.759,1.89,2.037,1.796,1.909,1.796,1.667,1.891,1.97,2.642,2.903,2.105,2.195,2.729,2.062,1.524,1.848,1.336,1.404,1.622,1.672,1.622,2.374,1.852,1.847,1.895,1.691,1.818,1.968,1.648,2.025,1.759,1.634,1.957,1.156,1.863,2.263,2.016,2.463,2.005,1.579,1.682,1.577,1.858,1.652
2514,Kalix,2.328,2.357,1.806,1.877,2.127,1.72,2.014,2.227,1.558,1.674,1.878,1.904,1.763,1.618,1.719,1.852,1.843,2.034,1.93,2.054,2.045,2.272,2.25,2.325,1.994,2.153,1.677,1.767,1.611,1.628,1.646,1.723,1.664,1.823,1.698,1.874,2.063,1.879,2.185,2.093,2.255,1.88,2.213,1.913,1.865,1.969,1.948,2.106,1.638,2.004,1.867,1.984,2.075,1.918,1.787,1.601,1.799
2518,Övertorneå,2.268,2.257,1.859,1.855,1.851,2.09,1.96,2.459,1.439,1.845,1.909,2.131,2.062,3.047,1.92,2.322,1.862,2.07,1.998,2.544,2.43,2.241,2.363,2.566,2.525,2.747,2.534,2.397,2.102,2.006,2.625,2.056,1.866,2.082,1.663,2.344,1.397,2.015,2.343,1.915,2.458,2.17,2.749,2.27,2.024,1.62,2.301,1.872,1.919,1.733,2.214,2.19,1.523,2.443,1.464,2.007,1.127
2521,Pajala,2.742,2.148,2.033,2.066,2.086,2.336,1.487,1.817,1.873,2.053,1.886,1.676,1.891,2.007,2.168,1.759,2.053,2.362,2.226,2.272,2.574,2.238,2.52,2.607,1.911,2.122,2.049,2.271,2.599,2.105,2.057,2.284,2.122,2.045,2.903,2.349,2.832,2.182,2.425,2.405,2.127,2.459,2.141,3.108,2.267,2.552,2.946,2.154,2.488,2.636,2.189,2.309,2.169,2.391,1.839,1.918,1.981
2523,Gällivare,2.129,2.005,1.838,1.835,1.915,1.7,1.912,1.703,1.684,1.57,1.464,1.621,1.79,1.637,1.629,1.47,1.688,1.661,1.733,1.91,2.126,2.213,2.245,2.266,2.311,2.163,2.121,1.763,1.575,1.533,1.452,1.677,1.809,1.443,1.512,1.674,1.9,1.643,1.96,1.829,1.877,2.132,1.735,1.933,1.915,2.128,1.881,2.061,1.844,1.992,1.703,1.679,1.794,1.964,1.423,1.571,1.273
2560,Älvsbyn,2.308,1.733,2.075,1.646,1.961,1.824,2.253,2.427,1.751,1.753,1.654,1.599,1.749,1.525,1.816,1.977,2.024,1.75,2.305,2.549,2.251,2.485,2.462,2.617,2.309,2.331,1.744,1.835,1.709,1.966,1.32,2.231,1.526,1.851,1.694,2.197,2.079,1.649,1.831,1.677,1.953,1.885,2.11,1.849,2.207,1.562,1.79,1.811,2.11,1.743,1.751,2.068,1.525,1.817,1.793,1.539,1.75
2580,Luleå,2.25,2.068,2.039,2.051,1.947,1.88,1.946,1.81,1.662,1.765,1.583,1.577,1.584,1.658,1.611,1.516,1.573,1.661,1.661,1.718,1.836,1.871,1.936,1.978,1.989,1.719,1.648,1.517,1.424,1.4,1.384,1.33,1.465,1.475,1.484,1.516,1.59,1.639,1.743,1.802,1.747,1.872,1.887,1.835,1.652,1.746,1.857,1.64,1.757,1.619,1.598,1.6,1.581,1.623,1.354,1.324,1.234
2581,Piteå,2.154,2.062,1.884,2.03,2.058,2.028,2.179,1.83,1.913,1.817,1.718,1.697,1.826,1.678,1.664,1.614,1.637,1.935,1.677,1.886,2.021,2.382,2.215,2.299,2.165,1.978,1.968,1.727,1.668,1.456,1.518,1.562,1.78,1.668,1.689,1.741,1.8,1.693,1.869,1.771,1.934,1.642,1.811,1.81,1.841,1.988,1.884,1.787,1.837,1.824,1.601,1.813,1.656,1.791,1.55,1.531,1.445
2582,Boden,1.848,1.908,1.72,1.906,1.821,1.794,1.811,2.021,1.654,1.58,1.717,1.625,1.836,1.669,1.556,1.683,1.608,1.729,1.71,1.876,1.887,2.074,2.27,2.175,2.114,2.106,2.052,1.698,1.76,1.587,1.463,1.573,1.635,1.655,1.712,1.702,1.919,1.704,1.831,1.974,1.799,1.888,1.894,1.868,1.834,1.877,1.767,2.029,1.964,1.742,1.768,1.861,1.688,1.737,1.613,1.459,1.534
2583,Haparanda,2.808,2.264,2.106,1.728,2.065,2.055,2.259,1.851,1.896,1.754,2.097,2.03,1.908,2.124,1.625,1.739,1.803,1.966,1.951,1.882,2.004,1.984,2.011,2.438,2.105,2.404,1.806,1.814,1.524,1.508,1.67,1.352,1.946,1.609,1.793,1.794,1.74,2.454,2.043,1.884,2.156,2.18,2.418,2.482,1.921,2.05,2.041,2.18,2.004,1.612,1.655,1.997,1.487,1.729,1.535,1.306,1.668
2584,Kiruna,2.467,2.251,2.548,2.305,2.405,2.177,2.227,2.069,1.846,1.749,1.656,1.721,1.819,1.757,1.854,1.778,1.713,1.782,1.881,1.853,1.93,2.179,2.416,2.374,2.296,2.065,2.07,1.86,1.586,1.758,1.757,1.685,1.728,1.874,1.784,1.714,2.018,1.872,2.246,1.959,2.087,2.125,2.208,2.249,2.266,2.297,1.969,2.08,2.232,1.712,2.003,1.902,1.797,1.751,1.718,1.576,1.605
