variant,kommuntyp,indikator,period,villkor,utfall,vald_i_traning,rader,villkor_rader,regel_rader,villkor_ar,regel_ar,support,confidence,basfrekvens,lift,skillnad_bas
exakt_noll,A,Arbetade timmar,traning,under_trend,minskning,False,552,368,167,8,8,0.302536231884058,0.453804347826087,0.49094202898550726,0.9243542435424354,-0.03713768115942029
exakt_noll,A,Arbetade timmar,traning,under_trend,stabilt,False,552,368,7,8,5,0.012681159420289856,0.019021739130434784,0.012681159420289856,1.5,0.006340579710144928
exakt_noll,A,Arbetade timmar,traning,under_trend,okning,False,552,368,194,8,8,0.35144927536231885,0.5271739130434783,0.4963768115942029,1.062043795620438,0.030797101449275388
exakt_noll,A,Arbetade timmar,traning,vid_eller_over_trend,minskning,False,552,184,104,4,4,0.18840579710144928,0.5652173913043478,0.49094202898550726,1.151291512915129,0.07427536231884052
exakt_noll,A,Arbetade timmar,traning,vid_eller_over_trend,stabilt,False,552,184,0,4,0,0.0,0.0,0.012681159420289856,0.0,-0.012681159420289856
exakt_noll,A,Arbetade timmar,traning,vid_eller_over_trend,okning,False,552,184,80,4,4,0.14492753623188406,0.43478260869565216,0.4963768115942029,0.8759124087591241,-0.06159420289855072
exakt_noll,A,Arbetade timmar,validering,under_trend,minskning,False,184,46,22,1,1,0.11956521739130435,0.4782608695652174,0.625,0.7652173913043478,-0.1467391304347826
exakt_noll,A,Arbetade timmar,validering,under_trend,stabilt,False,184,46,0,1,0,0.0,0.0,0.021739130434782608,0.0,-0.021739130434782608
exakt_noll,A,Arbetade timmar,validering,under_trend,okning,False,184,46,24,1,1,0.13043478260869565,0.5217391304347826,0.3532608695652174,1.4769230769230768,0.1684782608695652
exakt_noll,A,Arbetade timmar,validering,vid_eller_over_trend,minskning,False,184,138,93,3,3,0.5054347826086957,0.6739130434782609,0.625,1.0782608695652174,0.048913043478260865
exakt_noll,A,Arbetade timmar,validering,vid_eller_over_trend,stabilt,False,184,138,4,3,2,0.021739130434782608,0.028985507246376812,0.021739130434782608,1.3333333333333335,0.007246376811594204
exakt_noll,A,Arbetade timmar,validering,vid_eller_over_trend,okning,False,184,138,41,3,3,0.22282608695652173,0.2971014492753623,0.3532608695652174,0.8410256410256409,-0.0561594202898551
exakt_noll,A,Arbetade timmar,senare_ar,under_trend,minskning,False,276,92,58,2,2,0.21014492753623187,0.6304347826086957,0.5942028985507246,1.0609756097560976,0.036231884057971064
exakt_noll,A,Arbetade timmar,senare_ar,under_trend,stabilt,False,276,92,3,2,2,0.010869565217391304,0.03260869565217391,0.036231884057971016,0.8999999999999999,-0.0036231884057971037
exakt_noll,A,Arbetade timmar,senare_ar,under_trend,okning,False,276,92,31,2,2,0.11231884057971014,0.33695652173913043,0.3695652173913043,0.911764705882353,-0.03260869565217389
exakt_noll,A,Arbetade timmar,senare_ar,vid_eller_over_trend,minskning,False,276,184,106,4,4,0.38405797101449274,0.5760869565217391,0.5942028985507246,0.9695121951219513,-0.018115942028985477
exakt_noll,A,Arbetade timmar,senare_ar,vid_eller_over_trend,stabilt,False,276,184,7,4,4,0.025362318840579712,0.03804347826086957,0.036231884057971016,1.05,0.0018115942028985518
exakt_noll,A,Arbetade timmar,senare_ar,vid_eller_over_trend,okning,False,276,184,71,4,4,0.2572463768115942,0.3858695652173913,0.3695652173913043,1.0441176470588236,0.016304347826086973
exakt_noll,A,BNP kvartal,traning,under_trend,minskning,False,552,322,178,7,7,0.322463768115942,0.5527950310559007,0.49094202898550726,1.1259884027411704,0.061853002070393404
exakt_noll,A,BNP kvartal,traning,under_trend,stabilt,False,552,322,4,7,3,0.007246376811594203,0.012422360248447204,0.012681159420289856,0.9795918367346937,-0.00025879917184265175
exakt_noll,A,BNP kvartal,traning,under_trend,okning,False,552,322,140,7,7,0.2536231884057971,0.43478260869565216,0.4963768115942029,0.8759124087591241,-0.06159420289855072
exakt_noll,A,BNP kvartal,traning,vid_eller_over_trend,minskning,False,552,230,93,5,5,0.16847826086956522,0.4043478260869565,0.49094202898550726,0.8236162361623616,-0.08659420289855074
exakt_noll,A,BNP kvartal,traning,vid_eller_over_trend,stabilt,False,552,230,3,5,2,0.005434782608695652,0.013043478260869565,0.012681159420289856,1.0285714285714285,0.00036231884057970863
exakt_noll,A,BNP kvartal,traning,vid_eller_over_trend,okning,False,552,230,134,5,5,0.2427536231884058,0.5826086956521739,0.4963768115942029,1.1737226277372264,0.086231884057971
exakt_noll,A,BNP kvartal,validering,under_trend,minskning,False,184,0,0,0,0,0.0,,0.625,,
exakt_noll,A,BNP kvartal,validering,under_trend,stabilt,False,184,0,0,0,0,0.0,,0.021739130434782608,,
exakt_noll,A,BNP kvartal,validering,under_trend,okning,False,184,0,0,0,0,0.0,,0.3532608695652174,,
exakt_noll,A,BNP kvartal,validering,vid_eller_over_trend,minskning,False,184,184,115,4,4,0.625,0.625,0.625,1.0,0.0
exakt_noll,A,BNP kvartal,validering,vid_eller_over_trend,stabilt,False,184,184,4,4,2,0.021739130434782608,0.021739130434782608,0.021739130434782608,1.0,0.0
exakt_noll,A,BNP kvartal,validering,vid_eller_over_trend,okning,False,184,184,65,4,4,0.3532608695652174,0.3532608695652174,0.3532608695652174,1.0,0.0
exakt_noll,A,BNP kvartal,senare_ar,under_trend,minskning,False,276,92,44,2,2,0.15942028985507245,0.4782608695652174,0.5942028985507246,0.8048780487804879,-0.1159420289855072
exakt_noll,A,BNP kvartal,senare_ar,under_trend,stabilt,False,276,92,5,2,2,0.018115942028985508,0.05434782608695652,0.036231884057971016,1.5,0.018115942028985504
exakt_noll,A,BNP kvartal,senare_ar,under_trend,okning,False,276,92,43,2,2,0.15579710144927536,0.4673913043478261,0.3695652173913043,1.2647058823529413,0.09782608695652178
exakt_noll,A,BNP kvartal,senare_ar,vid_eller_over_trend,minskning,False,276,184,120,4,4,0.43478260869565216,0.6521739130434783,0.5942028985507246,1.0975609756097562,0.05797101449275366
exakt_noll,A,BNP kvartal,senare_ar,vid_eller_over_trend,stabilt,False,276,184,5,4,4,0.018115942028985508,0.02717391304347826,0.036231884057971016,0.75,-0.009057971014492756
exakt_noll,A,BNP kvartal,senare_ar,vid_eller_over_trend,okning,False,276,184,59,4,4,0.213768115942029,0.32065217391304346,0.3695652173913043,0.8676470588235294,-0.048913043478260865
exakt_noll,A,BNP-indikator månad,traning,under_trend,minskning,False,552,322,178,7,7,0.322463768115942,0.5527950310559007,0.49094202898550726,1.1259884027411704,0.061853002070393404
exakt_noll,A,BNP-indikator månad,traning,under_trend,stabilt,False,552,322,4,7,3,0.007246376811594203,0.012422360248447204,0.012681159420289856,0.9795918367346937,-0.00025879917184265175
exakt_noll,A,BNP-indikator månad,traning,under_trend,okning,False,552,322,140,7,7,0.2536231884057971,0.43478260869565216,0.4963768115942029,0.8759124087591241,-0.06159420289855072
exakt_noll,A,BNP-indikator månad,traning,vid_eller_over_trend,minskning,False,552,230,93,5,5,0.16847826086956522,0.4043478260869565,0.49094202898550726,0.8236162361623616,-0.08659420289855074
exakt_noll,A,BNP-indikator månad,traning,vid_eller_over_trend,stabilt,False,552,230,3,5,2,0.005434782608695652,0.013043478260869565,0.012681159420289856,1.0285714285714285,0.00036231884057970863
exakt_noll,A,BNP-indikator månad,traning,vid_eller_over_trend,okning,False,552,230,134,5,5,0.2427536231884058,0.5826086956521739,0.4963768115942029,1.1737226277372264,0.086231884057971
exakt_noll,A,BNP-indikator månad,validering,under_trend,minskning,False,184,0,0,0,0,0.0,,0.625,,
exakt_noll,A,BNP-indikator månad,validering,under_trend,stabilt,False,184,0,0,0,0,0.0,,0.021739130434782608,,
exakt_noll,A,BNP-indikator månad,validering,under_trend,okning,False,184,0,0,0,0,0.0,,0.3532608695652174,,
exakt_noll,A,BNP-indikator månad,validering,vid_eller_over_trend,minskning,False,184,184,115,4,4,0.625,0.625,0.625,1.0,0.0
exakt_noll,A,BNP-indikator månad,validering,vid_eller_over_trend,stabilt,False,184,184,4,4,2,0.021739130434782608,0.021739130434782608,0.021739130434782608,1.0,0.0
exakt_noll,A,BNP-indikator månad,validering,vid_eller_over_trend,okning,False,184,184,65,4,4,0.3532608695652174,0.3532608695652174,0.3532608695652174,1.0,0.0
exakt_noll,A,BNP-indikator månad,senare_ar,under_trend,minskning,False,276,138,69,3,3,0.25,0.5,0.5942028985507246,0.8414634146341464,-0.09420289855072461
exakt_noll,A,BNP-indikator månad,senare_ar,under_trend,stabilt,False,276,138,6,3,3,0.021739130434782608,0.043478260869565216,0.036231884057971016,1.2,0.0072463768115942
exakt_noll,A,BNP-indikator månad,senare_ar,under_trend,okning,False,276,138,63,3,3,0.22826086956521738,0.45652173913043476,0.3695652173913043,1.2352941176470589,0.08695652173913043
exakt_noll,A,BNP-indikator månad,senare_ar,vid_eller_over_trend,minskning,False,276,138,95,3,3,0.3442028985507246,0.6884057971014492,0.5942028985507246,1.1585365853658536,0.09420289855072461
exakt_noll,A,BNP-indikator månad,senare_ar,vid_eller_over_trend,stabilt,False,276,138,4,3,3,0.014492753623188406,0.028985507246376812,0.036231884057971016,0.7999999999999999,-0.007246376811594204
exakt_noll,A,BNP-indikator månad,senare_ar,vid_eller_over_trend,okning,False,276,138,39,3,3,0.14130434782608695,0.2826086956521739,0.3695652173913043,0.7647058823529411,-0.08695652173913043
exakt_noll,A,Detaljhandel sällanköpsvaror,traning,under_trend,minskning,False,552,368,168,8,8,0.30434782608695654,0.45652173913043476,0.49094202898550726,0.9298892988929889,-0.034420289855072506
exakt_noll,A,Detaljhandel sällanköpsvaror,traning,under_trend,stabilt,False,552,368,5,8,4,0.009057971014492754,0.01358695652173913,0.012681159420289856,1.0714285714285714,0.0009057971014492742
exakt_noll,A,Detaljhandel sällanköpsvaror,traning,under_trend,okning,False,552,368,195,8,8,0.3532608695652174,0.529891304347826,0.4963768115942029,1.0675182481751824,0.03351449275362317
exakt_noll,A,Detaljhandel sällanköpsvaror,traning,vid_eller_over_trend,minskning,False,552,184,103,4,4,0.18659420289855072,0.5597826086956522,0.49094202898550726,1.1402214022140222,0.06884057971014496
exakt_noll,A,Detaljhandel sällanköpsvaror,traning,vid_eller_over_trend,stabilt,False,552,184,2,4,1,0.0036231884057971015,0.010869565217391304,0.012681159420289856,0.8571428571428571,-0.0018115942028985518
exakt_noll,A,Detaljhandel sällanköpsvaror,traning,vid_eller_over_trend,okning,False,552,184,79,4,4,0.1431159420289855,0.42934782608695654,0.4963768115942029,0.8649635036496351,-0.06702898550724634
exakt_noll,A,Detaljhandel sällanköpsvaror,validering,under_trend,minskning,False,184,46,33,1,1,0.1793478260869565,0.717391304347826,0.625,1.1478260869565218,0.09239130434782605
exakt_noll,A,Detaljhandel sällanköpsvaror,validering,under_trend,stabilt,False,184,46,0,1,0,0.0,0.0,0.021739130434782608,0.0,-0.021739130434782608
exakt_noll,A,Detaljhandel sällanköpsvaror,validering,under_trend,okning,False,184,46,13,1,1,0.07065217391304347,0.2826086956521739,0.3532608695652174,0.7999999999999999,-0.07065217391304351
exakt_noll,A,Detaljhandel sällanköpsvaror,validering,vid_eller_over_trend,minskning,False,184,138,82,3,3,0.44565217391304346,0.5942028985507246,0.625,0.9507246376811593,-0.030797101449275388
exakt_noll,A,Detaljhandel sällanköpsvaror,validering,vid_eller_over_trend,stabilt,False,184,138,4,3,2,0.021739130434782608,0.028985507246376812,0.021739130434782608,1.3333333333333335,0.007246376811594204
exakt_noll,A,Detaljhandel sällanköpsvaror,validering,vid_eller_over_trend,okning,False,184,138,52,3,3,0.2826086956521739,0.37681159420289856,0.3532608695652174,1.0666666666666667,0.023550724637681153
exakt_noll,A,Detaljhandel sällanköpsvaror,senare_ar,under_trend,minskning,False,276,92,44,2,2,0.15942028985507245,0.4782608695652174,0.5942028985507246,0.8048780487804879,-0.1159420289855072
exakt_noll,A,Detaljhandel sällanköpsvaror,senare_ar,under_trend,stabilt,False,276,92,5,2,2,0.018115942028985508,0.05434782608695652,0.036231884057971016,1.5,0.018115942028985504
exakt_noll,A,Detaljhandel sällanköpsvaror,senare_ar,under_trend,okning,False,276,92,43,2,2,0.15579710144927536,0.4673913043478261,0.3695652173913043,1.2647058823529413,0.09782608695652178
exakt_noll,A,Detaljhandel sällanköpsvaror,senare_ar,vid_eller_over_trend,minskning,False,276,184,120,4,4,0.43478260869565216,0.6521739130434783,0.5942028985507246,1.0975609756097562,0.05797101449275366
exakt_noll,A,Detaljhandel sällanköpsvaror,senare_ar,vid_eller_over_trend,stabilt,False,276,184,5,4,4,0.018115942028985508,0.02717391304347826,0.036231884057971016,0.75,-0.009057971014492756
exakt_noll,A,Detaljhandel sällanköpsvaror,senare_ar,vid_eller_over_trend,okning,False,276,184,59,4,4,0.213768115942029,0.32065217391304346,0.3695652173913043,0.8676470588235294,-0.048913043478260865
exakt_noll,A,Hushållens konfidensindikator,traning,under_trend,minskning,False,552,138,66,3,3,0.11956521739130435,0.4782608695652174,0.49094202898550726,0.974169741697417,-0.012681159420289856
exakt_noll,A,Hushållens konfidensindikator,traning,under_trend,stabilt,False,552,138,1,3,1,0.0018115942028985507,0.007246376811594203,0.012681159420289856,0.5714285714285714,-0.005434782608695653
exakt_noll,A,Hushållens konfidensindikator,traning,under_trend,okning,False,552,138,71,3,3,0.1286231884057971,0.5144927536231884,0.4963768115942029,1.0364963503649633,0.018115942028985477
exakt_noll,A,Hushållens konfidensindikator,traning,vid_eller_over_trend,minskning,False,552,414,205,9,9,0.3713768115942029,0.49516908212560384,0.49094202898550726,1.008610086100861,0.004227053140096582
exakt_noll,A,Hushållens konfidensindikator,traning,vid_eller_over_trend,stabilt,False,552,414,6,9,4,0.010869565217391304,0.014492753623188406,0.012681159420289856,1.1428571428571428,0.00181159420289855
exakt_noll,A,Hushållens konfidensindikator,traning,vid_eller_over_trend,okning,False,552,414,203,9,9,0.3677536231884058,0.49033816425120774,0.4963768115942029,0.9878345498783455,-0.00603864734299514
exakt_noll,A,Hushållens konfidensindikator,validering,under_trend,minskning,False,184,0,0,0,0,0.0,,0.625,,
exakt_noll,A,Hushållens konfidensindikator,validering,under_trend,stabilt,False,184,0,0,0,0,0.0,,0.021739130434782608,,
exakt_noll,A,Hushållens konfidensindikator,validering,under_trend,okning,False,184,0,0,0,0,0.0,,0.3532608695652174,,
exakt_noll,A,Hushållens konfidensindikator,validering,vid_eller_over_trend,minskning,False,184,184,115,4,4,0.625,0.625,0.625,1.0,0.0
exakt_noll,A,Hushållens konfidensindikator,validering,vid_eller_over_trend,stabilt,False,184,184,4,4,2,0.021739130434782608,0.021739130434782608,0.021739130434782608,1.0,0.0
exakt_noll,A,Hushållens konfidensindikator,validering,vid_eller_over_trend,okning,False,184,184,65,4,4,0.3532608695652174,0.3532608695652174,0.3532608695652174,1.0,0.0
exakt_noll,A,Hushållens konfidensindikator,senare_ar,under_trend,minskning,False,276,230,125,5,5,0.4528985507246377,0.5434782608695652,0.5942028985507246,0.9146341463414634,-0.050724637681159424
exakt_noll,A,Hushållens konfidensindikator,senare_ar,under_trend,stabilt,False,276,230,9,5,5,0.03260869565217391,0.0391304347826087,0.036231884057971016,1.08,0.002898550724637683
exakt_noll,A,Hushållens konfidensindikator,senare_ar,under_trend,okning,False,276,230,96,5,5,0.34782608695652173,0.41739130434782606,0.3695652173913043,1.1294117647058823,0.04782608695652174
exakt_noll,A,Hushållens konfidensindikator,senare_ar,vid_eller_over_trend,minskning,False,276,46,39,1,1,0.14130434782608695,0.8478260869565217,0.5942028985507246,1.4268292682926829,0.2536231884057971
exakt_noll,A,Hushållens konfidensindikator,senare_ar,vid_eller_over_trend,stabilt,False,276,46,1,1,1,0.0036231884057971015,0.021739130434782608,0.036231884057971016,0.6,-0.014492753623188408
exakt_noll,A,Hushållens konfidensindikator,senare_ar,vid_eller_over_trend,okning,False,276,46,6,1,1,0.021739130434782608,0.13043478260869565,0.3695652173913043,0.35294117647058826,-0.23913043478260868
exakt_noll,A,Hushållens konsumtion,traning,under_trend,minskning,False,552,414,207,9,9,0.375,0.5,0.49094202898550726,1.018450184501845,0.009057971014492738
exakt_noll,A,Hushållens konsumtion,traning,under_trend,stabilt,False,552,414,5,9,4,0.009057971014492754,0.012077294685990338,0.012681159420289856,0.9523809523809523,-0.0006038647342995179
exakt_noll,A,Hushållens konsumtion,traning,under_trend,okning,False,552,414,202,9,9,0.36594202898550726,0.48792270531400966,0.4963768115942029,0.9829683698296837,-0.008454106280193219
exakt_noll,A,Hushållens konsumtion,traning,vid_eller_over_trend,minskning,False,552,138,64,3,3,0.11594202898550725,0.463768115942029,0.49094202898550726,0.9446494464944649,-0.02717391304347827
exakt_noll,A,Hushållens konsumtion,traning,vid_eller_over_trend,stabilt,False,552,138,2,3,1,0.0036231884057971015,0.014492753623188406,0.012681159420289856,1.1428571428571428,0.00181159420289855
exakt_noll,A,Hushållens konsumtion,traning,vid_eller_over_trend,okning,False,552,138,72,3,3,0.13043478260869565,0.5217391304347826,0.4963768115942029,1.051094890510949,0.025362318840579712
exakt_noll,A,Hushållens konsumtion,validering,under_trend,minskning,False,184,46,22,1,1,0.11956521739130435,0.4782608695652174,0.625,0.7652173913043478,-0.1467391304347826
exakt_noll,A,Hushållens konsumtion,validering,under_trend,stabilt,False,184,46,0,1,0,0.0,0.0,0.021739130434782608,0.0,-0.021739130434782608
exakt_noll,A,Hushållens konsumtion,validering,under_trend,okning,False,184,46,24,1,1,0.13043478260869565,0.5217391304347826,0.3532608695652174,1.4769230769230768,0.1684782608695652
exakt_noll,A,Hushållens konsumtion,validering,vid_eller_over_trend,minskning,False,184,138,93,3,3,0.5054347826086957,0.6739130434782609,0.625,1.0782608695652174,0.048913043478260865
exakt_noll,A,Hushållens konsumtion,validering,vid_eller_over_trend,stabilt,False,184,138,4,3,2,0.021739130434782608,0.028985507246376812,0.021739130434782608,1.3333333333333335,0.007246376811594204
exakt_noll,A,Hushållens konsumtion,validering,vid_eller_over_trend,okning,False,184,138,41,3,3,0.22282608695652173,0.2971014492753623,0.3532608695652174,0.8410256410256409,-0.0561594202898551
exakt_noll,A,Hushållens konsumtion,senare_ar,under_trend,minskning,False,276,92,44,2,2,0.15942028985507245,0.4782608695652174,0.5942028985507246,0.8048780487804879,-0.1159420289855072
exakt_noll,A,Hushållens konsumtion,senare_ar,under_trend,stabilt,False,276,92,5,2,2,0.018115942028985508,0.05434782608695652,0.036231884057971016,1.5,0.018115942028985504
exakt_noll,A,Hushållens konsumtion,senare_ar,under_trend,okning,False,276,92,43,2,2,0.15579710144927536,0.4673913043478261,0.3695652173913043,1.2647058823529413,0.09782608695652178
exakt_noll,A,Hushållens konsumtion,senare_ar,vid_eller_over_trend,minskning,False,276,184,120,4,4,0.43478260869565216,0.6521739130434783,0.5942028985507246,1.0975609756097562,0.05797101449275366
exakt_noll,A,Hushållens konsumtion,senare_ar,vid_eller_over_trend,stabilt,False,276,184,5,4,4,0.018115942028985508,0.02717391304347826,0.036231884057971016,0.75,-0.009057971014492756
exakt_noll,A,Hushållens konsumtion,senare_ar,vid_eller_over_trend,okning,False,276,184,59,4,4,0.213768115942029,0.32065217391304346,0.3695652173913043,0.8676470588235294,-0.048913043478260865
exakt_noll,A,Industrins orderingång,traning,under_trend,minskning,False,552,322,178,7,7,0.322463768115942,0.5527950310559007,0.49094202898550726,1.1259884027411704,0.061853002070393404
exakt_noll,A,Industrins orderingång,traning,under_trend,stabilt,False,552,322,4,7,3,0.007246376811594203,0.012422360248447204,0.012681159420289856,0.9795918367346937,-0.00025879917184265175
exakt_noll,A,Industrins orderingång,traning,under_trend,okning,False,552,322,140,7,7,0.2536231884057971,0.43478260869565216,0.4963768115942029,0.8759124087591241,-0.06159420289855072
exakt_noll,A,Industrins orderingång,traning,vid_eller_over_trend,minskning,False,552,230,93,5,5,0.16847826086956522,0.4043478260869565,0.49094202898550726,0.8236162361623616,-0.08659420289855074
exakt_noll,A,Industrins orderingång,traning,vid_eller_over_trend,stabilt,False,552,230,3,5,2,0.005434782608695652,0.013043478260869565,0.012681159420289856,1.0285714285714285,0.00036231884057970863
exakt_noll,A,Industrins orderingång,traning,vid_eller_over_trend,okning,False,552,230,134,5,5,0.2427536231884058,0.5826086956521739,0.4963768115942029,1.1737226277372264,0.086231884057971
exakt_noll,A,Industrins orderingång,validering,under_trend,minskning,False,184,92,58,2,2,0.31521739130434784,0.6304347826086957,0.625,1.008695652173913,0.005434782608695676
exakt_noll,A,Industrins orderingång,validering,under_trend,stabilt,False,184,92,2,2,1,0.010869565217391304,0.021739130434782608,0.021739130434782608,1.0,0.0
exakt_noll,A,Industrins orderingång,validering,under_trend,okning,False,184,92,32,2,2,0.17391304347826086,0.34782608695652173,0.3532608695652174,0.9846153846153846,-0.005434782608695676
exakt_noll,A,Industrins orderingång,validering,vid_eller_over_trend,minskning,False,184,92,57,2,2,0.30978260869565216,0.6195652173913043,0.625,0.9913043478260869,-0.005434782608695676
exakt_noll,A,Industrins orderingång,validering,vid_eller_over_trend,stabilt,False,184,92,2,2,1,0.010869565217391304,0.021739130434782608,0.021739130434782608,1.0,0.0
exakt_noll,A,Industrins orderingång,validering,vid_eller_over_trend,okning,False,184,92,33,2,2,0.1793478260869565,0.358695652173913,0.3532608695652174,1.0153846153846153,0.005434782608695621
exakt_noll,A,Industrins orderingång,senare_ar,under_trend,minskning,False,276,92,44,2,2,0.15942028985507245,0.4782608695652174,0.5942028985507246,0.8048780487804879,-0.1159420289855072
exakt_noll,A,Industrins orderingång,senare_ar,under_trend,stabilt,False,276,92,5,2,2,0.018115942028985508,0.05434782608695652,0.036231884057971016,1.5,0.018115942028985504
exakt_noll,A,Industrins orderingång,senare_ar,under_trend,okning,False,276,92,43,2,2,0.15579710144927536,0.4673913043478261,0.3695652173913043,1.2647058823529413,0.09782608695652178
exakt_noll,A,Industrins orderingång,senare_ar,vid_eller_over_trend,minskning,False,276,184,120,4,4,0.43478260869565216,0.6521739130434783,0.5942028985507246,1.0975609756097562,0.05797101449275366
exakt_noll,A,Industrins orderingång,senare_ar,vid_eller_over_trend,stabilt,False,276,184,5,4,4,0.018115942028985508,0.02717391304347826,0.036231884057971016,0.75,-0.009057971014492756
exakt_noll,A,Industrins orderingång,senare_ar,vid_eller_over_trend,okning,False,276,184,59,4,4,0.213768115942029,0.32065217391304346,0.3695652173913043,0.8676470588235294,-0.048913043478260865
exakt_noll,A,Nyregistrerade lastbilar,traning,under_trend,minskning,False,552,322,178,7,7,0.322463768115942,0.5527950310559007,0.49094202898550726,1.1259884027411704,0.061853002070393404
exakt_noll,A,Nyregistrerade lastbilar,traning,under_trend,stabilt,False,552,322,4,7,3,0.007246376811594203,0.012422360248447204,0.012681159420289856,0.9795918367346937,-0.00025879917184265175
exakt_noll,A,Nyregistrerade lastbilar,traning,under_trend,okning,False,552,322,140,7,7,0.2536231884057971,0.43478260869565216,0.4963768115942029,0.8759124087591241,-0.06159420289855072
exakt_noll,A,Nyregistrerade lastbilar,traning,vid_eller_over_trend,minskning,False,552,230,93,5,5,0.16847826086956522,0.4043478260869565,0.49094202898550726,0.8236162361623616,-0.08659420289855074
exakt_noll,A,Nyregistrerade lastbilar,traning,vid_eller_over_trend,stabilt,False,552,230,3,5,2,0.005434782608695652,0.013043478260869565,0.012681159420289856,1.0285714285714285,0.00036231884057970863
exakt_noll,A,Nyregistrerade lastbilar,traning,vid_eller_over_trend,okning,False,552,230,134,5,5,0.2427536231884058,0.5826086956521739,0.4963768115942029,1.1737226277372264,0.086231884057971
exakt_noll,A,Nyregistrerade lastbilar,validering,under_trend,minskning,False,184,46,22,1,1,0.11956521739130435,0.4782608695652174,0.625,0.7652173913043478,-0.1467391304347826
exakt_noll,A,Nyregistrerade lastbilar,validering,under_trend,stabilt,False,184,46,0,1,0,0.0,0.0,0.021739130434782608,0.0,-0.021739130434782608
exakt_noll,A,Nyregistrerade lastbilar,validering,under_trend,okning,False,184,46,24,1,1,0.13043478260869565,0.5217391304347826,0.3532608695652174,1.4769230769230768,0.1684782608695652
exakt_noll,A,Nyregistrerade lastbilar,validering,vid_eller_over_trend,minskning,False,184,138,93,3,3,0.5054347826086957,0.6739130434782609,0.625,1.0782608695652174,0.048913043478260865
exakt_noll,A,Nyregistrerade lastbilar,validering,vid_eller_over_trend,stabilt,False,184,138,4,3,2,0.021739130434782608,0.028985507246376812,0.021739130434782608,1.3333333333333335,0.007246376811594204
exakt_noll,A,Nyregistrerade lastbilar,validering,vid_eller_over_trend,okning,False,184,138,41,3,3,0.22282608695652173,0.2971014492753623,0.3532608695652174,0.8410256410256409,-0.0561594202898551
exakt_noll,A,Nyregistrerade lastbilar,senare_ar,under_trend,minskning,False,276,138,95,3,3,0.3442028985507246,0.6884057971014492,0.5942028985507246,1.1585365853658536,0.09420289855072461
exakt_noll,A,Nyregistrerade lastbilar,senare_ar,under_trend,stabilt,False,276,138,3,3,3,0.010869565217391304,0.021739130434782608,0.036231884057971016,0.6,-0.014492753623188408
exakt_noll,A,Nyregistrerade lastbilar,senare_ar,under_trend,okning,False,276,138,40,3,3,0.14492753623188406,0.2898550724637681,0.3695652173913043,0.7843137254901962,-0.0797101449275362
exakt_noll,A,Nyregistrerade lastbilar,senare_ar,vid_eller_over_trend,minskning,False,276,138,69,3,3,0.25,0.5,0.5942028985507246,0.8414634146341464,-0.09420289855072461
exakt_noll,A,Nyregistrerade lastbilar,senare_ar,vid_eller_over_trend,stabilt,False,276,138,7,3,3,0.025362318840579712,0.050724637681159424,0.036231884057971016,1.4000000000000001,0.014492753623188408
exakt_noll,A,Nyregistrerade lastbilar,senare_ar,vid_eller_over_trend,okning,False,276,138,62,3,3,0.2246376811594203,0.4492753623188406,0.3695652173913043,1.215686274509804,0.07971014492753625
exakt_noll,A,Nyregistrerade personbilar,traning,under_trend,minskning,False,552,276,145,6,6,0.26268115942028986,0.5253623188405797,0.49094202898550726,1.070110701107011,0.03442028985507245
exakt_noll,A,Nyregistrerade personbilar,traning,under_trend,stabilt,False,552,276,2,6,2,0.0036231884057971015,0.007246376811594203,0.012681159420289856,0.5714285714285714,-0.005434782608695653
exakt_noll,A,Nyregistrerade personbilar,traning,under_trend,okning,False,552,276,129,6,6,0.23369565217391305,0.4673913043478261,0.4963768115942029,0.9416058394160585,-0.028985507246376774
exakt_noll,A,Nyregistrerade personbilar,traning,vid_eller_over_trend,minskning,False,552,276,126,6,6,0.22826086956521738,0.45652173913043476,0.49094202898550726,0.9298892988929889,-0.034420289855072506
exakt_noll,A,Nyregistrerade personbilar,traning,vid_eller_over_trend,stabilt,False,552,276,5,6,3,0.009057971014492754,0.018115942028985508,0.012681159420289856,1.4285714285714286,0.005434782608695652
exakt_noll,A,Nyregistrerade personbilar,traning,vid_eller_over_trend,okning,False,552,276,145,6,6,0.26268115942028986,0.5253623188405797,0.4963768115942029,1.0583941605839415,0.02898550724637683
exakt_noll,A,Nyregistrerade personbilar,validering,under_trend,minskning,False,184,0,0,0,0,0.0,,0.625,,
exakt_noll,A,Nyregistrerade personbilar,validering,under_trend,stabilt,False,184,0,0,0,0,0.0,,0.021739130434782608,,
exakt_noll,A,Nyregistrerade personbilar,validering,under_trend,okning,False,184,0,0,0,0,0.0,,0.3532608695652174,,
exakt_noll,A,Nyregistrerade personbilar,validering,vid_eller_over_trend,minskning,False,184,184,115,4,4,0.625,0.625,0.625,1.0,0.0
exakt_noll,A,Nyregistrerade personbilar,validering,vid_eller_over_trend,stabilt,False,184,184,4,4,2,0.021739130434782608,0.021739130434782608,0.021739130434782608,1.0,0.0
exakt_noll,A,Nyregistrerade personbilar,validering,vid_eller_over_trend,okning,False,184,184,65,4,4,0.3532608695652174,0.3532608695652174,0.3532608695652174,1.0,0.0
exakt_noll,A,Nyregistrerade personbilar,senare_ar,under_trend,minskning,False,276,230,139,5,5,0.5036231884057971,0.6043478260869565,0.5942028985507246,1.0170731707317073,0.010144927536231862
exakt_noll,A,Nyregistrerade personbilar,senare_ar,under_trend,stabilt,False,276,230,8,5,5,0.028985507246376812,0.034782608695652174,0.036231884057971016,0.96,-0.0014492753623188415
exakt_noll,A,Nyregistrerade personbilar,senare_ar,under_trend,okning,False,276,230,83,5,5,0.3007246376811594,0.36086956521739133,0.3695652173913043,0.9764705882352942,-0.008695652173912993
exakt_noll,A,Nyregistrerade personbilar,senare_ar,vid_eller_over_trend,minskning,False,276,46,25,1,1,0.09057971014492754,0.5434782608695652,0.5942028985507246,0.9146341463414634,-0.050724637681159424
exakt_noll,A,Nyregistrerade personbilar,senare_ar,vid_eller_over_trend,stabilt,False,276,46,2,1,1,0.007246376811594203,0.043478260869565216,0.036231884057971016,1.2,0.0072463768115942
exakt_noll,A,Nyregistrerade personbilar,senare_ar,vid_eller_over_trend,okning,False,276,46,19,1,1,0.06884057971014493,0.41304347826086957,0.3695652173913043,1.1176470588235294,0.043478260869565244
exakt_noll,A,Näringslivets efterfrågan,traning,under_trend,minskning,False,552,322,178,7,7,0.322463768115942,0.5527950310559007,0.49094202898550726,1.1259884027411704,0.061853002070393404
exakt_noll,A,Näringslivets efterfrågan,traning,under_trend,stabilt,False,552,322,4,7,3,0.007246376811594203,0.012422360248447204,0.012681159420289856,0.9795918367346937,-0.00025879917184265175
exakt_noll,A,Näringslivets efterfrågan,traning,under_trend,okning,False,552,322,140,7,7,0.2536231884057971,0.43478260869565216,0.4963768115942029,0.8759124087591241,-0.06159420289855072
exakt_noll,A,Näringslivets efterfrågan,traning,vid_eller_over_trend,minskning,False,552,230,93,5,5,0.16847826086956522,0.4043478260869565,0.49094202898550726,0.8236162361623616,-0.08659420289855074
exakt_noll,A,Näringslivets efterfrågan,traning,vid_eller_over_trend,stabilt,False,552,230,3,5,2,0.005434782608695652,0.013043478260869565,0.012681159420289856,1.0285714285714285,0.00036231884057970863
exakt_noll,A,Näringslivets efterfrågan,traning,vid_eller_over_trend,okning,False,552,230,134,5,5,0.2427536231884058,0.5826086956521739,0.4963768115942029,1.1737226277372264,0.086231884057971
exakt_noll,A,Näringslivets efterfrågan,validering,under_trend,minskning,False,184,0,0,0,0,0.0,,0.625,,
exakt_noll,A,Näringslivets efterfrågan,validering,under_trend,stabilt,False,184,0,0,0,0,0.0,,0.021739130434782608,,
exakt_noll,A,Näringslivets efterfrågan,validering,under_trend,okning,False,184,0,0,0,0,0.0,,0.3532608695652174,,
exakt_noll,A,Näringslivets efterfrågan,validering,vid_eller_over_trend,minskning,False,184,184,115,4,4,0.625,0.625,0.625,1.0,0.0
exakt_noll,A,Näringslivets efterfrågan,validering,vid_eller_over_trend,stabilt,False,184,184,4,4,2,0.021739130434782608,0.021739130434782608,0.021739130434782608,1.0,0.0
exakt_noll,A,Näringslivets efterfrågan,validering,vid_eller_over_trend,okning,False,184,184,65,4,4,0.3532608695652174,0.3532608695652174,0.3532608695652174,1.0,0.0
exakt_noll,A,Näringslivets efterfrågan,senare_ar,under_trend,minskning,False,276,138,69,3,3,0.25,0.5,0.5942028985507246,0.8414634146341464,-0.09420289855072461
exakt_noll,A,Näringslivets efterfrågan,senare_ar,under_trend,stabilt,False,276,138,6,3,3,0.021739130434782608,0.043478260869565216,0.036231884057971016,1.2,0.0072463768115942
exakt_noll,A,Näringslivets efterfrågan,senare_ar,under_trend,okning,False,276,138,63,3,3,0.22826086956521738,0.45652173913043476,0.3695652173913043,1.2352941176470589,0.08695652173913043
exakt_noll,A,Näringslivets efterfrågan,senare_ar,vid_eller_over_trend,minskning,False,276,138,95,3,3,0.3442028985507246,0.6884057971014492,0.5942028985507246,1.1585365853658536,0.09420289855072461
exakt_noll,A,Näringslivets efterfrågan,senare_ar,vid_eller_over_trend,stabilt,False,276,138,4,3,3,0.014492753623188406,0.028985507246376812,0.036231884057971016,0.7999999999999999,-0.007246376811594204
exakt_noll,A,Näringslivets efterfrågan,senare_ar,vid_eller_over_trend,okning,False,276,138,39,3,3,0.14130434782608695,0.2826086956521739,0.3695652173913043,0.7647058823529411,-0.08695652173913043
exakt_noll,A,Näringslivets produktion,traning,under_trend,minskning,False,552,322,178,7,7,0.322463768115942,0.5527950310559007,0.49094202898550726,1.1259884027411704,0.061853002070393404
exakt_noll,A,Näringslivets produktion,traning,under_trend,stabilt,False,552,322,4,7,3,0.007246376811594203,0.012422360248447204,0.012681159420289856,0.9795918367346937,-0.00025879917184265175
exakt_noll,A,Näringslivets produktion,traning,under_trend,okning,False,552,322,140,7,7,0.2536231884057971,0.43478260869565216,0.4963768115942029,0.8759124087591241,-0.06159420289855072
exakt_noll,A,Näringslivets produktion,traning,vid_eller_over_trend,minskning,False,552,230,93,5,5,0.16847826086956522,0.4043478260869565,0.49094202898550726,0.8236162361623616,-0.08659420289855074
exakt_noll,A,Näringslivets produktion,traning,vid_eller_over_trend,stabilt,False,552,230,3,5,2,0.005434782608695652,0.013043478260869565,0.012681159420289856,1.0285714285714285,0.00036231884057970863
exakt_noll,A,Näringslivets produktion,traning,vid_eller_over_trend,okning,False,552,230,134,5,5,0.2427536231884058,0.5826086956521739,0.4963768115942029,1.1737226277372264,0.086231884057971
exakt_noll,A,Näringslivets produktion,validering,under_trend,minskning,False,184,46,22,1,1,0.11956521739130435,0.4782608695652174,0.625,0.7652173913043478,-0.1467391304347826
exakt_noll,A,Näringslivets produktion,validering,under_trend,stabilt,False,184,46,0,1,0,0.0,0.0,0.021739130434782608,0.0,-0.021739130434782608
exakt_noll,A,Näringslivets produktion,validering,under_trend,okning,False,184,46,24,1,1,0.13043478260869565,0.5217391304347826,0.3532608695652174,1.4769230769230768,0.1684782608695652
exakt_noll,A,Näringslivets produktion,validering,vid_eller_over_trend,minskning,False,184,138,93,3,3,0.5054347826086957,0.6739130434782609,0.625,1.0782608695652174,0.048913043478260865
exakt_noll,A,Näringslivets produktion,validering,vid_eller_over_trend,stabilt,False,184,138,4,3,2,0.021739130434782608,0.028985507246376812,0.021739130434782608,1.3333333333333335,0.007246376811594204
exakt_noll,A,Näringslivets produktion,validering,vid_eller_over_trend,okning,False,184,138,41,3,3,0.22282608695652173,0.2971014492753623,0.3532608695652174,0.8410256410256409,-0.0561594202898551
exakt_noll,A,Näringslivets produktion,senare_ar,under_trend,minskning,False,276,138,69,3,3,0.25,0.5,0.5942028985507246,0.8414634146341464,-0.09420289855072461
exakt_noll,A,Näringslivets produktion,senare_ar,under_trend,stabilt,False,276,138,6,3,3,0.021739130434782608,0.043478260869565216,0.036231884057971016,1.2,0.0072463768115942
exakt_noll,A,Näringslivets produktion,senare_ar,under_trend,okning,False,276,138,63,3,3,0.22826086956521738,0.45652173913043476,0.3695652173913043,1.2352941176470589,0.08695652173913043
exakt_noll,A,Näringslivets produktion,senare_ar,vid_eller_over_trend,minskning,False,276,138,95,3,3,0.3442028985507246,0.6884057971014492,0.5942028985507246,1.1585365853658536,0.09420289855072461
exakt_noll,A,Näringslivets produktion,senare_ar,vid_eller_over_trend,stabilt,False,276,138,4,3,3,0.014492753623188406,0.028985507246376812,0.036231884057971016,0.7999999999999999,-0.007246376811594204
exakt_noll,A,Näringslivets produktion,senare_ar,vid_eller_over_trend,okning,False,276,138,39,3,3,0.14130434782608695,0.2826086956521739,0.3695652173913043,0.7647058823529411,-0.08695652173913043
exakt_noll,A,Sysselsättning,traning,under_trend,minskning,False,552,460,226,10,10,0.40942028985507245,0.49130434782608695,0.49094202898550726,1.0007380073800738,0.00036231884057968955
exakt_noll,A,Sysselsättning,traning,under_trend,stabilt,False,552,460,7,10,5,0.012681159420289856,0.015217391304347827,0.012681159420289856,1.2,0.002536231884057971
exakt_noll,A,Sysselsättning,traning,under_trend,okning,False,552,460,227,10,10,0.411231884057971,0.4934782608695652,0.4963768115942029,0.9941605839416059,-0.002898550724637683
exakt_noll,A,Sysselsättning,traning,vid_eller_over_trend,minskning,False,552,92,45,2,2,0.08152173913043478,0.4891304347826087,0.49094202898550726,0.9963099630996309,-0.0018115942028985588
exakt_noll,A,Sysselsättning,traning,vid_eller_over_trend,stabilt,False,552,92,0,2,0,0.0,0.0,0.012681159420289856,0.0,-0.012681159420289856
exakt_noll,A,Sysselsättning,traning,vid_eller_over_trend,okning,False,552,92,47,2,2,0.08514492753623189,0.5108695652173914,0.4963768115942029,1.029197080291971,0.01449275362318847
exakt_noll,A,Sysselsättning,validering,under_trend,minskning,False,184,92,58,2,2,0.31521739130434784,0.6304347826086957,0.625,1.008695652173913,0.005434782608695676
exakt_noll,A,Sysselsättning,validering,under_trend,stabilt,False,184,92,2,2,1,0.010869565217391304,0.021739130434782608,0.021739130434782608,1.0,0.0
exakt_noll,A,Sysselsättning,validering,under_trend,okning,False,184,92,32,2,2,0.17391304347826086,0.34782608695652173,0.3532608695652174,0.9846153846153846,-0.005434782608695676
exakt_noll,A,Sysselsättning,validering,vid_eller_over_trend,minskning,False,184,92,57,2,2,0.30978260869565216,0.6195652173913043,0.625,0.9913043478260869,-0.005434782608695676
exakt_noll,A,Sysselsättning,validering,vid_eller_over_trend,stabilt,False,184,92,2,2,1,0.010869565217391304,0.021739130434782608,0.021739130434782608,1.0,0.0
exakt_noll,A,Sysselsättning,validering,vid_eller_over_trend,okning,False,184,92,33,2,2,0.1793478260869565,0.358695652173913,0.3532608695652174,1.0153846153846153,0.005434782608695621
exakt_noll,A,Sysselsättning,senare_ar,under_trend,minskning,False,276,138,83,3,3,0.3007246376811594,0.6014492753623188,0.5942028985507246,1.0121951219512195,0.007246376811594235
exakt_noll,A,Sysselsättning,senare_ar,under_trend,stabilt,False,276,138,4,3,3,0.014492753623188406,0.028985507246376812,0.036231884057971016,0.7999999999999999,-0.007246376811594204
exakt_noll,A,Sysselsättning,senare_ar,under_trend,okning,False,276,138,51,3,3,0.18478260869565216,0.3695652173913043,0.3695652173913043,1.0,0.0
exakt_noll,A,Sysselsättning,senare_ar,vid_eller_over_trend,minskning,False,276,138,81,3,3,0.29347826086956524,0.5869565217391305,0.5942028985507246,0.9878048780487806,-0.007246376811594124
exakt_noll,A,Sysselsättning,senare_ar,vid_eller_over_trend,stabilt,False,276,138,6,3,3,0.021739130434782608,0.043478260869565216,0.036231884057971016,1.2,0.0072463768115942
exakt_noll,A,Sysselsättning,senare_ar,vid_eller_over_trend,okning,False,276,138,51,3,3,0.18478260869565216,0.3695652173913043,0.3695652173913043,1.0,0.0
exakt_noll,A,Varuexport,traning,under_trend,minskning,False,552,230,133,5,5,0.24094202898550723,0.5782608695652174,0.49094202898550726,1.177859778597786,0.08731884057971012
exakt_noll,A,Varuexport,traning,under_trend,stabilt,False,552,230,1,5,1,0.0018115942028985507,0.004347826086956522,0.012681159420289856,0.34285714285714286,-0.008333333333333335
exakt_noll,A,Varuexport,traning,under_trend,okning,False,552,230,96,5,5,0.17391304347826086,0.41739130434782606,0.4963768115942029,0.8408759124087591,-0.07898550724637682
exakt_noll,A,Varuexport,traning,vid_eller_over_trend,minskning,False,552,322,138,7,7,0.25,0.42857142857142855,0.49094202898550726,0.8729573010015814,-0.062370600414078714
exakt_noll,A,Varuexport,traning,vid_eller_over_trend,stabilt,False,552,322,6,7,4,0.010869565217391304,0.018633540372670808,0.012681159420289856,1.4693877551020407,0.005952380952380952
exakt_noll,A,Varuexport,traning,vid_eller_over_trend,okning,False,552,322,178,7,7,0.322463768115942,0.5527950310559007,0.4963768115942029,1.1136600625651722,0.05641821946169778
exakt_noll,A,Varuexport,validering,under_trend,minskning,False,184,138,82,3,3,0.44565217391304346,0.5942028985507246,0.625,0.9507246376811593,-0.030797101449275388
exakt_noll,A,Varuexport,validering,under_trend,stabilt,False,184,138,4,3,2,0.021739130434782608,0.028985507246376812,0.021739130434782608,1.3333333333333335,0.007246376811594204
exakt_noll,A,Varuexport,validering,under_trend,okning,False,184,138,52,3,3,0.2826086956521739,0.37681159420289856,0.3532608695652174,1.0666666666666667,0.023550724637681153
exakt_noll,A,Varuexport,validering,vid_eller_over_trend,minskning,False,184,46,33,1,1,0.1793478260869565,0.717391304347826,0.625,1.1478260869565218,0.09239130434782605
exakt_noll,A,Varuexport,validering,vid_eller_over_trend,stabilt,False,184,46,0,1,0,0.0,0.0,0.021739130434782608,0.0,-0.021739130434782608
exakt_noll,A,Varuexport,validering,vid_eller_over_trend,okning,False,184,46,13,1,1,0.07065217391304347,0.2826086956521739,0.3532608695652174,0.7999999999999999,-0.07065217391304351
exakt_noll,A,Varuexport,senare_ar,under_trend,minskning,False,276,46,19,1,1,0.06884057971014493,0.41304347826086957,0.5942028985507246,0.6951219512195123,-0.18115942028985504
exakt_noll,A,Varuexport,senare_ar,under_trend,stabilt,False,276,46,2,1,1,0.007246376811594203,0.043478260869565216,0.036231884057971016,1.2,0.0072463768115942
exakt_noll,A,Varuexport,senare_ar,under_trend,okning,False,276,46,25,1,1,0.09057971014492754,0.5434782608695652,0.3695652173913043,1.4705882352941178,0.17391304347826086
exakt_noll,A,Varuexport,senare_ar,vid_eller_over_trend,minskning,False,276,230,145,5,5,0.5253623188405797,0.6304347826086957,0.5942028985507246,1.0609756097560976,0.036231884057971064
exakt_noll,A,Varuexport,senare_ar,vid_eller_over_trend,stabilt,False,276,230,8,5,5,0.028985507246376812,0.034782608695652174,0.036231884057971016,0.96,-0.0014492753623188415
exakt_noll,A,Varuexport,senare_ar,vid_eller_over_trend,okning,False,276,230,77,5,5,0.27898550724637683,0.3347826086956522,0.3695652173913043,0.9058823529411766,-0.03478260869565214
exakt_noll,A,Varuimport,traning,under_trend,minskning,False,552,276,123,6,6,0.22282608695652173,0.44565217391304346,0.49094202898550726,0.9077490774907748,-0.0452898550724638
exakt_noll,A,Varuimport,traning,under_trend,stabilt,False,552,276,4,6,3,0.007246376811594203,0.014492753623188406,0.012681159420289856,1.1428571428571428,0.00181159420289855
exakt_noll,A,Varuimport,traning,under_trend,okning,False,552,276,149,6,6,0.26992753623188404,0.5398550724637681,0.4963768115942029,1.0875912408759123,0.04347826086956519
exakt_noll,A,Varuimport,traning,vid_eller_over_trend,minskning,False,552,276,148,6,6,0.26811594202898553,0.5362318840579711,0.49094202898550726,1.0922509225092252,0.0452898550724638
exakt_noll,A,Varuimport,traning,vid_eller_over_trend,stabilt,False,552,276,3,6,2,0.005434782608695652,0.010869565217391304,0.012681159420289856,0.8571428571428571,-0.0018115942028985518
exakt_noll,A,Varuimport,traning,vid_eller_over_trend,okning,False,552,276,125,6,6,0.22644927536231885,0.4528985507246377,0.4963768115942029,0.9124087591240877,-0.04347826086956519
exakt_noll,A,Varuimport,validering,under_trend,minskning,False,184,92,58,2,2,0.31521739130434784,0.6304347826086957,0.625,1.008695652173913,0.005434782608695676
exakt_noll,A,Varuimport,validering,under_trend,stabilt,False,184,92,2,2,1,0.010869565217391304,0.021739130434782608,0.021739130434782608,1.0,0.0
exakt_noll,A,Varuimport,validering,under_trend,okning,False,184,92,32,2,2,0.17391304347826086,0.34782608695652173,0.3532608695652174,0.9846153846153846,-0.005434782608695676
exakt_noll,A,Varuimport,validering,vid_eller_over_trend,minskning,False,184,92,57,2,2,0.30978260869565216,0.6195652173913043,0.625,0.9913043478260869,-0.005434782608695676
exakt_noll,A,Varuimport,validering,vid_eller_over_trend,stabilt,False,184,92,2,2,1,0.010869565217391304,0.021739130434782608,0.021739130434782608,1.0,0.0
exakt_noll,A,Varuimport,validering,vid_eller_over_trend,okning,False,184,92,33,2,2,0.1793478260869565,0.358695652173913,0.3532608695652174,1.0153846153846153,0.005434782608695621
exakt_noll,A,Varuimport,senare_ar,under_trend,minskning,False,276,138,69,3,3,0.25,0.5,0.5942028985507246,0.8414634146341464,-0.09420289855072461
exakt_noll,A,Varuimport,senare_ar,under_trend,stabilt,False,276,138,6,3,3,0.021739130434782608,0.043478260869565216,0.036231884057971016,1.2,0.0072463768115942
exakt_noll,A,Varuimport,senare_ar,under_trend,okning,False,276,138,63,3,3,0.22826086956521738,0.45652173913043476,0.3695652173913043,1.2352941176470589,0.08695652173913043
exakt_noll,A,Varuimport,senare_ar,vid_eller_over_trend,minskning,False,276,138,95,3,3,0.3442028985507246,0.6884057971014492,0.5942028985507246,1.1585365853658536,0.09420289855072461
exakt_noll,A,Varuimport,senare_ar,vid_eller_over_trend,stabilt,False,276,138,4,3,3,0.014492753623188406,0.028985507246376812,0.036231884057971016,0.7999999999999999,-0.007246376811594204
exakt_noll,A,Varuimport,senare_ar,vid_eller_over_trend,okning,False,276,138,39,3,3,0.14130434782608695,0.2826086956521739,0.3695652173913043,0.7647058823529411,-0.08695652173913043
exakt_noll,B,Arbetade timmar,traning,under_trend,minskning,False,1300,868,369,8,8,0.28384615384615386,0.4251152073732719,0.44846153846153847,0.9479412857379991,-0.02334633108826656
exakt_noll,B,Arbetade timmar,traning,under_trend,stabilt,False,1300,868,19,8,7,0.014615384615384615,0.021889400921658985,0.021538461538461538,1.0162936142198815,0.0003509393831974475
exakt_noll,B,Arbetade timmar,traning,under_trend,okning,False,1300,868,480,8,8,0.36923076923076925,0.5529953917050692,0.53,1.0433875315189984,0.022995391705069146
exakt_noll,B,Arbetade timmar,traning,vid_eller_over_trend,minskning,False,1300,432,214,4,4,0.1646153846153846,0.49537037037037035,0.44846153846153847,1.1045994536560573,0.04690883190883188
exakt_noll,B,Arbetade timmar,traning,vid_eller_over_trend,stabilt,False,1300,432,9,4,4,0.006923076923076923,0.020833333333333332,0.021538461538461538,0.9672619047619048,-0.0007051282051282054
exakt_noll,B,Arbetade timmar,traning,vid_eller_over_trend,okning,False,1300,432,209,4,4,0.16076923076923078,0.4837962962962963,0.53,0.9128232005590495,-0.04620370370370375
exakt_noll,B,Arbetade timmar,validering,under_trend,minskning,False,432,108,47,1,1,0.1087962962962963,0.4351851851851852,0.5393518518518519,0.8068669527896996,-0.10416666666666669
exakt_noll,B,Arbetade timmar,validering,under_trend,stabilt,False,432,108,4,1,1,0.009259259259259259,0.037037037037037035,0.03009259259259259,1.2307692307692308,0.006944444444444444
exakt_noll,B,Arbetade timmar,validering,under_trend,okning,False,432,108,57,1,1,0.13194444444444445,0.5277777777777778,0.4305555555555556,1.2258064516129032,0.09722222222222221
exakt_noll,B,Arbetade timmar,validering,vid_eller_over_trend,minskning,False,432,324,186,3,3,0.4305555555555556,0.5740740740740741,0.5393518518518519,1.0643776824034334,0.03472222222222221
exakt_noll,B,Arbetade timmar,validering,vid_eller_over_trend,stabilt,False,432,324,9,3,2,0.020833333333333332,0.027777777777777776,0.03009259259259259,0.9230769230769231,-0.0023148148148148147
exakt_noll,B,Arbetade timmar,validering,vid_eller_over_trend,okning,False,432,324,129,3,3,0.2986111111111111,0.39814814814814814,0.4305555555555556,0.9247311827956989,-0.03240740740740744
exakt_noll,B,Arbetade timmar,senare_ar,under_trend,minskning,False,644,214,136,2,2,0.2111801242236025,0.6355140186915887,0.6040372670807453,1.0521106119212935,0.0314767516108434
exakt_noll,B,Arbetade timmar,senare_ar,under_trend,stabilt,False,644,214,4,2,2,0.006211180124223602,0.018691588785046728,0.023291925465838508,0.8024922118380062,-0.004600336680791781
exakt_noll,B,Arbetade timmar,senare_ar,under_trend,okning,False,644,214,74,2,2,0.11490683229813664,0.34579439252336447,0.37267080745341613,0.9278816199376947,-0.026876414930051662
exakt_noll,B,Arbetade timmar,senare_ar,vid_eller_over_trend,minskning,False,644,430,253,4,4,0.39285714285714285,0.5883720930232558,0.6040372670807453,0.9740658815089376,-0.015665174057489573
exakt_noll,B,Arbetade timmar,senare_ar,vid_eller_over_trend,stabilt,False,644,430,11,4,4,0.017080745341614908,0.02558139534883721,0.023291925465838508,1.0982945736434109,0.0022894698829987008
exakt_noll,B,Arbetade timmar,senare_ar,vid_eller_over_trend,okning,False,644,430,166,4,4,0.2577639751552795,0.386046511627907,0.37267080745341613,1.0358914728682171,0.013375704174490854
exakt_noll,B,BNP kvartal,traning,under_trend,minskning,False,1300,759,363,7,7,0.2792307692307692,0.4782608695652174,0.44846153846153847,1.066447908121411,0.02979933110367894
exakt_noll,B,BNP kvartal,traning,under_trend,stabilt,False,1300,759,18,7,6,0.013846153846153847,0.023715415019762844,0.021538461538461538,1.101072840203275,0.0021769534813013067
exakt_noll,B,BNP kvartal,traning,under_trend,okning,False,1300,759,378,7,7,0.2907692307692308,0.4980237154150198,0.53,0.9396673875755089,-0.03197628458498025
exakt_noll,B,BNP kvartal,traning,vid_eller_over_trend,minskning,False,1300,541,220,5,5,0.16923076923076924,0.4066543438077634,0.44846153846153847,0.9067764098629372,-0.04180719465377508
exakt_noll,B,BNP kvartal,traning,vid_eller_over_trend,stabilt,False,1300,541,10,5,5,0.007692307692307693,0.018484288354898338,0.021538461538461538,0.8581991021917086,-0.0030541731835631997
exakt_noll,B,BNP kvartal,traning,vid_eller_over_trend,okning,False,1300,541,311,5,5,0.23923076923076922,0.5748613678373382,0.53,1.0846440902591286,0.044861367837338184
exakt_noll,B,BNP kvartal,validering,under_trend,minskning,False,432,0,0,0,0,0.0,,0.5393518518518519,,
exakt_noll,B,BNP kvartal,validering,under_trend,stabilt,False,432,0,0,0,0,0.0,,0.03009259259259259,,
exakt_noll,B,BNP kvartal,validering,under_trend,okning,False,432,0,0,0,0,0.0,,0.4305555555555556,,
exakt_noll,B,BNP kvartal,validering,vid_eller_over_trend,minskning,False,432,432,233,4,4,0.5393518518518519,0.5393518518518519,0.5393518518518519,1.0,0.0
exakt_noll,B,BNP kvartal,validering,vid_eller_over_trend,stabilt,False,432,432,13,4,3,0.03009259259259259,0.03009259259259259,0.03009259259259259,1.0,0.0
exakt_noll,B,BNP kvartal,validering,vid_eller_over_trend,okning,False,432,432,186,4,4,0.4305555555555556,0.4305555555555556,0.4305555555555556,1.0,0.0
exakt_noll,B,BNP kvartal,senare_ar,under_trend,minskning,False,644,213,117,2,2,0.18167701863354038,0.5492957746478874,0.6040372670807453,0.9093739816792789,-0.054741492432857974
exakt_noll,B,BNP kvartal,senare_ar,under_trend,stabilt,False,644,213,5,2,2,0.007763975155279503,0.023474178403755867,0.023291925465838508,1.0078247261345852,0.00018225293791735916
exakt_noll,B,BNP kvartal,senare_ar,under_trend,okning,False,644,213,91,2,2,0.14130434782608695,0.4272300469483568,0.37267080745341613,1.1464006259780908,0.05455923949494068
exakt_noll,B,BNP kvartal,senare_ar,vid_eller_over_trend,minskning,False,644,431,272,4,4,0.422360248447205,0.6310904872389791,0.6040372670807453,1.0447873362002635,0.02705322015823375
exakt_noll,B,BNP kvartal,senare_ar,vid_eller_over_trend,stabilt,False,644,431,10,4,4,0.015527950310559006,0.02320185614849188,0.023291925465838508,0.9961330239752514,-9.006931734662979e-05
exakt_noll,B,BNP kvartal,senare_ar,vid_eller_over_trend,okning,False,644,431,149,4,4,0.23136645962732919,0.345707656612529,0.37267080745341613,0.9276488785769529,-0.02696315084088713
exakt_noll,B,BNP-indikator månad,traning,under_trend,minskning,False,1300,759,363,7,7,0.2792307692307692,0.4782608695652174,0.44846153846153847,1.066447908121411,0.02979933110367894
exakt_noll,B,BNP-indikator månad,traning,under_trend,stabilt,False,1300,759,18,7,6,0.013846153846153847,0.023715415019762844,0.021538461538461538,1.101072840203275,0.0021769534813013067
exakt_noll,B,BNP-indikator månad,traning,under_trend,okning,False,1300,759,378,7,7,0.2907692307692308,0.4980237154150198,0.53,0.9396673875755089,-0.03197628458498025
exakt_noll,B,BNP-indikator månad,traning,vid_eller_over_trend,minskning,False,1300,541,220,5,5,0.16923076923076924,0.4066543438077634,0.44846153846153847,0.9067764098629372,-0.04180719465377508
exakt_noll,B,BNP-indikator månad,traning,vid_eller_over_trend,stabilt,False,1300,541,10,5,5,0.007692307692307693,0.018484288354898338,0.021538461538461538,0.8581991021917086,-0.0030541731835631997
exakt_noll,B,BNP-indikator månad,traning,vid_eller_over_trend,okning,False,1300,541,311,5,5,0.23923076923076922,0.5748613678373382,0.53,1.0846440902591286,0.044861367837338184
exakt_noll,B,BNP-indikator månad,validering,under_trend,minskning,False,432,0,0,0,0,0.0,,0.5393518518518519,,
exakt_noll,B,BNP-indikator månad,validering,under_trend,stabilt,False,432,0,0,0,0,0.0,,0.03009259259259259,,
exakt_noll,B,BNP-indikator månad,validering,under_trend,okning,False,432,0,0,0,0,0.0,,0.4305555555555556,,
exakt_noll,B,BNP-indikator månad,validering,vid_eller_over_trend,minskning,False,432,432,233,4,4,0.5393518518518519,0.5393518518518519,0.5393518518518519,1.0,0.0
exakt_noll,B,BNP-indikator månad,validering,vid_eller_over_trend,stabilt,False,432,432,13,4,3,0.03009259259259259,0.03009259259259259,0.03009259259259259,1.0,0.0
exakt_noll,B,BNP-indikator månad,validering,vid_eller_over_trend,okning,False,432,432,186,4,4,0.4305555555555556,0.4305555555555556,0.4305555555555556,1.0,0.0
exakt_noll,B,BNP-indikator månad,senare_ar,under_trend,minskning,False,644,321,162,3,3,0.2515527950310559,0.5046728971962616,0.6040372670807453,0.8354996035845565,-0.09936436988448372
exakt_noll,B,BNP-indikator månad,senare_ar,under_trend,stabilt,False,644,321,9,3,3,0.013975155279503106,0.028037383177570093,0.023291925465838508,1.2037383177570093,0.004745457711731585
exakt_noll,B,BNP-indikator månad,senare_ar,under_trend,okning,False,644,321,150,3,3,0.2329192546583851,0.4672897196261682,0.37267080745341613,1.2538940809968848,0.09461891217275209
exakt_noll,B,BNP-indikator månad,senare_ar,vid_eller_over_trend,minskning,False,644,323,227,3,3,0.35248447204968947,0.7027863777089783,0.6040372670807453,1.1634818181094655,0.098749110628233
exakt_noll,B,BNP-indikator månad,senare_ar,vid_eller_over_trend,stabilt,False,644,323,6,3,3,0.009316770186335404,0.018575851393188854,0.023291925465838508,0.7975232198142415,-0.004716074072649654
exakt_noll,B,BNP-indikator månad,senare_ar,vid_eller_over_trend,okning,False,644,323,90,3,3,0.13975155279503104,0.2786377708978328,0.37267080745341613,0.7476780185758515,-0.09403303655558332
exakt_noll,B,Detaljhandel sällanköpsvaror,traning,under_trend,minskning,False,1300,868,372,8,8,0.28615384615384615,0.42857142857142855,0.44846153846153847,0.9556481254594461,-0.01989010989010992
exakt_noll,B,Detaljhandel sällanköpsvaror,traning,under_trend,stabilt,False,1300,868,21,8,7,0.016153846153846154,0.024193548387096774,0.021538461538461538,1.1232718894009217,0.002655086848635236
exakt_noll,B,Detaljhandel sällanköpsvaror,traning,under_trend,okning,False,1300,868,475,8,8,0.36538461538461536,0.5472350230414746,0.53,1.0325189113990088,0.017235023041474618
exakt_noll,B,Detaljhandel sällanköpsvaror,traning,vid_eller_over_trend,minskning,False,1300,432,211,4,4,0.16230769230769232,0.48842592592592593,0.44846153846153847,1.0891144145861127,0.03996438746438746
exakt_noll,B,Detaljhandel sällanköpsvaror,traning,vid_eller_over_trend,stabilt,False,1300,432,7,4,4,0.005384615384615384,0.016203703703703703,0.021538461538461538,0.7523148148148148,-0.005334757834757835
exakt_noll,B,Detaljhandel sällanköpsvaror,traning,vid_eller_over_trend,okning,False,1300,432,214,4,4,0.1646153846153846,0.49537037037037035,0.53,0.9346610761705101,-0.03462962962962968
exakt_noll,B,Detaljhandel sällanköpsvaror,validering,under_trend,minskning,False,432,108,62,1,1,0.14351851851851852,0.5740740740740741,0.5393518518518519,1.0643776824034334,0.03472222222222221
exakt_noll,B,Detaljhandel sällanköpsvaror,validering,under_trend,stabilt,False,432,108,6,1,1,0.013888888888888888,0.05555555555555555,0.03009259259259259,1.8461538461538463,0.02546296296296296
exakt_noll,B,Detaljhandel sällanköpsvaror,validering,under_trend,okning,False,432,108,40,1,1,0.09259259259259259,0.37037037037037035,0.4305555555555556,0.8602150537634408,-0.06018518518518523
exakt_noll,B,Detaljhandel sällanköpsvaror,validering,vid_eller_over_trend,minskning,False,432,324,171,3,3,0.3958333333333333,0.5277777777777778,0.5393518518518519,0.9785407725321889,-0.01157407407407407
exakt_noll,B,Detaljhandel sällanköpsvaror,validering,vid_eller_over_trend,stabilt,False,432,324,7,3,2,0.016203703703703703,0.021604938271604937,0.03009259259259259,0.717948717948718,-0.008487654320987654
exakt_noll,B,Detaljhandel sällanköpsvaror,validering,vid_eller_over_trend,okning,False,432,324,146,3,3,0.33796296296296297,0.4506172839506173,0.4305555555555556,1.046594982078853,0.020061728395061706
exakt_noll,B,Detaljhandel sällanköpsvaror,senare_ar,under_trend,minskning,False,644,213,117,2,2,0.18167701863354038,0.5492957746478874,0.6040372670807453,0.9093739816792789,-0.054741492432857974
exakt_noll,B,Detaljhandel sällanköpsvaror,senare_ar,under_trend,stabilt,False,644,213,5,2,2,0.007763975155279503,0.023474178403755867,0.023291925465838508,1.0078247261345852,0.00018225293791735916
exakt_noll,B,Detaljhandel sällanköpsvaror,senare_ar,under_trend,okning,False,644,213,91,2,2,0.14130434782608695,0.4272300469483568,0.37267080745341613,1.1464006259780908,0.05455923949494068
exakt_noll,B,Detaljhandel sällanköpsvaror,senare_ar,vid_eller_over_trend,minskning,False,644,431,272,4,4,0.422360248447205,0.6310904872389791,0.6040372670807453,1.0447873362002635,0.02705322015823375
exakt_noll,B,Detaljhandel sällanköpsvaror,senare_ar,vid_eller_over_trend,stabilt,False,644,431,10,4,4,0.015527950310559006,0.02320185614849188,0.023291925465838508,0.9961330239752514,-9.006931734662979e-05
exakt_noll,B,Detaljhandel sällanköpsvaror,senare_ar,vid_eller_over_trend,okning,False,644,431,149,4,4,0.23136645962732919,0.345707656612529,0.37267080745341613,0.9276488785769529,-0.02696315084088713
exakt_noll,B,Hushållens konfidensindikator,traning,under_trend,minskning,False,1300,325,150,3,3,0.11538461538461539,0.46153846153846156,0.44846153846153847,1.0291595197255574,0.013076923076923097
exakt_noll,B,Hushållens konfidensindikator,traning,under_trend,stabilt,False,1300,325,9,3,2,0.006923076923076923,0.027692307692307693,0.021538461538461538,1.2857142857142858,0.006153846153846156
exakt_noll,B,Hushållens konfidensindikator,traning,under_trend,okning,False,1300,325,166,3,3,0.1276923076923077,0.5107692307692308,0.53,0.9637155297532656,-0.019230769230769273
exakt_noll,B,Hushållens konfidensindikator,traning,vid_eller_over_trend,minskning,False,1300,975,433,9,9,0.3330769230769231,0.4441025641025641,0.44846153846153847,0.9902801600914808,-0.004358974358974366
exakt_noll,B,Hushållens konfidensindikator,traning,vid_eller_over_trend,stabilt,False,1300,975,19,9,9,0.014615384615384615,0.019487179487179488,0.021538461538461538,0.9047619047619049,-0.0020512820512820495
exakt_noll,B,Hushållens konfidensindikator,traning,vid_eller_over_trend,okning,False,1300,975,523,9,9,0.4023076923076923,0.5364102564102564,0.53,1.012094823415578,0.0064102564102563875
exakt_noll,B,Hushållens konfidensindikator,validering,under_trend,minskning,False,432,0,0,0,0,0.0,,0.5393518518518519,,
exakt_noll,B,Hushållens konfidensindikator,validering,under_trend,stabilt,False,432,0,0,0,0,0.0,,0.03009259259259259,,
exakt_noll,B,Hushållens konfidensindikator,validering,under_trend,okning,False,432,0,0,0,0,0.0,,0.4305555555555556,,
exakt_noll,B,Hushållens konfidensindikator,validering,vid_eller_over_trend,minskning,False,432,432,233,4,4,0.5393518518518519,0.5393518518518519,0.5393518518518519,1.0,0.0
exakt_noll,B,Hushållens konfidensindikator,validering,vid_eller_over_trend,stabilt,False,432,432,13,4,3,0.03009259259259259,0.03009259259259259,0.03009259259259259,1.0,0.0
exakt_noll,B,Hushållens konfidensindikator,validering,vid_eller_over_trend,okning,False,432,432,186,4,4,0.4305555555555556,0.4305555555555556,0.4305555555555556,1.0,0.0
exakt_noll,B,Hushållens konfidensindikator,senare_ar,under_trend,minskning,False,644,536,307,5,5,0.4767080745341615,0.5727611940298507,0.6040372670807453,0.9482216168514752,-0.03127607305089464
exakt_noll,B,Hushållens konfidensindikator,senare_ar,under_trend,stabilt,False,644,536,13,5,5,0.020186335403726708,0.024253731343283583,0.023291925465838508,1.0412935323383086,0.0009618058774450745
exakt_noll,B,Hushållens konfidensindikator,senare_ar,under_trend,okning,False,644,536,216,5,5,0.33540372670807456,0.40298507462686567,0.37267080745341613,1.0813432835820895,0.03031426717344954
exakt_noll,B,Hushållens konfidensindikator,senare_ar,vid_eller_over_trend,minskning,False,644,108,82,1,1,0.12732919254658384,0.7592592592592593,0.6040372670807453,1.2569741978482338,0.15522199217851396
exakt_noll,B,Hushållens konfidensindikator,senare_ar,vid_eller_over_trend,stabilt,False,644,108,2,1,1,0.003105590062111801,0.018518518518518517,0.023291925465838508,0.7950617283950617,-0.004773406947319991
exakt_noll,B,Hushållens konfidensindikator,senare_ar,vid_eller_over_trend,okning,False,644,108,24,1,1,0.037267080745341616,0.2222222222222222,0.37267080745341613,0.5962962962962963,-0.15044858523119392
exakt_noll,B,Hushållens konsumtion,traning,under_trend,minskning,False,1300,976,442,9,9,0.34,0.45286885245901637,0.44846153846153847,1.0098276298400022,0.004407313997477902
exakt_noll,B,Hushållens konsumtion,traning,under_trend,stabilt,False,1300,976,23,9,8,0.01769230769230769,0.0235655737704918,0.021538461538461538,1.094115925058548,0.002027112232030264
exakt_noll,B,Hushållens konsumtion,traning,under_trend,okning,False,1300,976,511,9,9,0.3930769230769231,0.5235655737704918,0.53,0.9878595731518713,-0.006434426229508183
exakt_noll,B,Hushållens konsumtion,traning,vid_eller_over_trend,minskning,False,1300,324,141,3,3,0.10846153846153846,0.4351851851851852,0.44846153846153847,0.9703957817165364,-0.013276353276353292
exakt_noll,B,Hushållens konsumtion,traning,vid_eller_over_trend,stabilt,False,1300,324,5,3,3,0.0038461538461538464,0.015432098765432098,0.021538461538461538,0.7164902998236331,-0.00610636277302944
exakt_noll,B,Hushållens konsumtion,traning,vid_eller_over_trend,okning,False,1300,324,178,3,3,0.13692307692307693,0.5493827160493827,0.53,1.0365711623573257,0.019382716049382687
exakt_noll,B,Hushållens konsumtion,validering,under_trend,minskning,False,432,108,47,1,1,0.1087962962962963,0.4351851851851852,0.5393518518518519,0.8068669527896996,-0.10416666666666669
exakt_noll,B,Hushållens konsumtion,validering,under_trend,stabilt,False,432,108,4,1,1,0.009259259259259259,0.037037037037037035,0.03009259259259259,1.2307692307692308,0.006944444444444444
exakt_noll,B,Hushållens konsumtion,validering,under_trend,okning,False,432,108,57,1,1,0.13194444444444445,0.5277777777777778,0.4305555555555556,1.2258064516129032,0.09722222222222221
exakt_noll,B,Hushållens konsumtion,validering,vid_eller_over_trend,minskning,False,432,324,186,3,3,0.4305555555555556,0.5740740740740741,0.5393518518518519,1.0643776824034334,0.03472222222222221
exakt_noll,B,Hushållens konsumtion,validering,vid_eller_over_trend,stabilt,False,432,324,9,3,2,0.020833333333333332,0.027777777777777776,0.03009259259259259,0.9230769230769231,-0.0023148148148148147
exakt_noll,B,Hushållens konsumtion,validering,vid_eller_over_trend,okning,False,432,324,129,3,3,0.2986111111111111,0.39814814814814814,0.4305555555555556,0.9247311827956989,-0.03240740740740744
exakt_noll,B,Hushållens konsumtion,senare_ar,under_trend,minskning,False,644,213,117,2,2,0.18167701863354038,0.5492957746478874,0.6040372670807453,0.9093739816792789,-0.054741492432857974
exakt_noll,B,Hushållens konsumtion,senare_ar,under_trend,stabilt,False,644,213,5,2,2,0.007763975155279503,0.023474178403755867,0.023291925465838508,1.0078247261345852,0.00018225293791735916
exakt_noll,B,Hushållens konsumtion,senare_ar,under_trend,okning,False,644,213,91,2,2,0.14130434782608695,0.4272300469483568,0.37267080745341613,1.1464006259780908,0.05455923949494068
exakt_noll,B,Hushållens konsumtion,senare_ar,vid_eller_over_trend,minskning,False,644,431,272,4,4,0.422360248447205,0.6310904872389791,0.6040372670807453,1.0447873362002635,0.02705322015823375
exakt_noll,B,Hushållens konsumtion,senare_ar,vid_eller_over_trend,stabilt,False,644,431,10,4,4,0.015527950310559006,0.02320185614849188,0.023291925465838508,0.9961330239752514,-9.006931734662979e-05
exakt_noll,B,Hushållens konsumtion,senare_ar,vid_eller_over_trend,okning,False,644,431,149,4,4,0.23136645962732919,0.345707656612529,0.37267080745341613,0.9276488785769529,-0.02696315084088713
exakt_noll,B,Industrins orderingång,traning,under_trend,minskning,False,1300,759,363,7,7,0.2792307692307692,0.4782608695652174,0.44846153846153847,1.066447908121411,0.02979933110367894
exakt_noll,B,Industrins orderingång,traning,under_trend,stabilt,False,1300,759,18,7,6,0.013846153846153847,0.023715415019762844,0.021538461538461538,1.101072840203275,0.0021769534813013067
exakt_noll,B,Industrins orderingång,traning,under_trend,okning,False,1300,759,378,7,7,0.2907692307692308,0.4980237154150198,0.53,0.9396673875755089,-0.03197628458498025
exakt_noll,B,Industrins orderingång,traning,vid_eller_over_trend,minskning,False,1300,541,220,5,5,0.16923076923076924,0.4066543438077634,0.44846153846153847,0.9067764098629372,-0.04180719465377508
exakt_noll,B,Industrins orderingång,traning,vid_eller_over_trend,stabilt,False,1300,541,10,5,5,0.007692307692307693,0.018484288354898338,0.021538461538461538,0.8581991021917086,-0.0030541731835631997
exakt_noll,B,Industrins orderingång,traning,vid_eller_over_trend,okning,False,1300,541,311,5,5,0.23923076923076922,0.5748613678373382,0.53,1.0846440902591286,0.044861367837338184
exakt_noll,B,Industrins orderingång,validering,under_trend,minskning,False,432,216,116,2,2,0.26851851851851855,0.5370370370370371,0.5393518518518519,0.9957081545064379,-0.0023148148148147696
exakt_noll,B,Industrins orderingång,validering,under_trend,stabilt,False,432,216,4,2,1,0.009259259259259259,0.018518518518518517,0.03009259259259259,0.6153846153846154,-0.011574074074074073
exakt_noll,B,Industrins orderingång,validering,under_trend,okning,False,432,216,96,2,2,0.2222222222222222,0.4444444444444444,0.4305555555555556,1.032258064516129,0.01388888888888884
exakt_noll,B,Industrins orderingång,validering,vid_eller_over_trend,minskning,False,432,216,117,2,2,0.2708333333333333,0.5416666666666666,0.5393518518518519,1.004291845493562,0.0023148148148147696
exakt_noll,B,Industrins orderingång,validering,vid_eller_over_trend,stabilt,False,432,216,9,2,2,0.020833333333333332,0.041666666666666664,0.03009259259259259,1.3846153846153846,0.011574074074074073
exakt_noll,B,Industrins orderingång,validering,vid_eller_over_trend,okning,False,432,216,90,2,2,0.20833333333333334,0.4166666666666667,0.4305555555555556,0.967741935483871,-0.013888888888888895
exakt_noll,B,Industrins orderingång,senare_ar,under_trend,minskning,False,644,213,117,2,2,0.18167701863354038,0.5492957746478874,0.6040372670807453,0.9093739816792789,-0.054741492432857974
exakt_noll,B,Industrins orderingång,senare_ar,under_trend,stabilt,False,644,213,5,2,2,0.007763975155279503,0.023474178403755867,0.023291925465838508,1.0078247261345852,0.00018225293791735916
exakt_noll,B,Industrins orderingång,senare_ar,under_trend,okning,False,644,213,91,2,2,0.14130434782608695,0.4272300469483568,0.37267080745341613,1.1464006259780908,0.05455923949494068
exakt_noll,B,Industrins orderingång,senare_ar,vid_eller_over_trend,minskning,False,644,431,272,4,4,0.422360248447205,0.6310904872389791,0.6040372670807453,1.0447873362002635,0.02705322015823375
exakt_noll,B,Industrins orderingång,senare_ar,vid_eller_over_trend,stabilt,False,644,431,10,4,4,0.015527950310559006,0.02320185614849188,0.023291925465838508,0.9961330239752514,-9.006931734662979e-05
exakt_noll,B,Industrins orderingång,senare_ar,vid_eller_over_trend,okning,False,644,431,149,4,4,0.23136645962732919,0.345707656612529,0.37267080745341613,0.9276488785769529,-0.02696315084088713
exakt_noll,B,Nyregistrerade lastbilar,traning,under_trend,minskning,False,1300,759,363,7,7,0.2792307692307692,0.4782608695652174,0.44846153846153847,1.066447908121411,0.02979933110367894
exakt_noll,B,Nyregistrerade lastbilar,traning,under_trend,stabilt,False,1300,759,18,7,6,0.013846153846153847,0.023715415019762844,0.021538461538461538,1.101072840203275,0.0021769534813013067
exakt_noll,B,Nyregistrerade lastbilar,traning,under_trend,okning,False,1300,759,378,7,7,0.2907692307692308,0.4980237154150198,0.53,0.9396673875755089,-0.03197628458498025
exakt_noll,B,Nyregistrerade lastbilar,traning,vid_eller_over_trend,minskning,False,1300,541,220,5,5,0.16923076923076924,0.4066543438077634,0.44846153846153847,0.9067764098629372,-0.04180719465377508
exakt_noll,B,Nyregistrerade lastbilar,traning,vid_eller_over_trend,stabilt,False,1300,541,10,5,5,0.007692307692307693,0.018484288354898338,0.021538461538461538,0.8581991021917086,-0.0030541731835631997
exakt_noll,B,Nyregistrerade lastbilar,traning,vid_eller_over_trend,okning,False,1300,541,311,5,5,0.23923076923076922,0.5748613678373382,0.53,1.0846440902591286,0.044861367837338184
exakt_noll,B,Nyregistrerade lastbilar,validering,under_trend,minskning,False,432,108,47,1,1,0.1087962962962963,0.4351851851851852,0.5393518518518519,0.8068669527896996,-0.10416666666666669
exakt_noll,B,Nyregistrerade lastbilar,validering,under_trend,stabilt,False,432,108,4,1,1,0.009259259259259259,0.037037037037037035,0.03009259259259259,1.2307692307692308,0.006944444444444444
exakt_noll,B,Nyregistrerade lastbilar,validering,under_trend,okning,False,432,108,57,1,1,0.13194444444444445,0.5277777777777778,0.4305555555555556,1.2258064516129032,0.09722222222222221
exakt_noll,B,Nyregistrerade lastbilar,validering,vid_eller_over_trend,minskning,False,432,324,186,3,3,0.4305555555555556,0.5740740740740741,0.5393518518518519,1.0643776824034334,0.03472222222222221
exakt_noll,B,Nyregistrerade lastbilar,validering,vid_eller_over_trend,stabilt,False,432,324,9,3,2,0.020833333333333332,0.027777777777777776,0.03009259259259259,0.9230769230769231,-0.0023148148148148147
exakt_noll,B,Nyregistrerade lastbilar,validering,vid_eller_over_trend,okning,False,432,324,129,3,3,0.2986111111111111,0.39814814814814814,0.4305555555555556,0.9247311827956989,-0.03240740740740744
exakt_noll,B,Nyregistrerade lastbilar,senare_ar,under_trend,minskning,False,644,323,200,3,3,0.3105590062111801,0.6191950464396285,0.6040372670807453,1.0250941128717757,0.015157779358883183
exakt_noll,B,Nyregistrerade lastbilar,senare_ar,under_trend,stabilt,False,644,323,8,3,3,0.012422360248447204,0.02476780185758514,0.023291925465838508,1.0633642930856555,0.0014758763917466326
exakt_noll,B,Nyregistrerade lastbilar,senare_ar,under_trend,okning,False,644,323,115,3,3,0.17857142857142858,0.3560371517027864,0.37267080745341613,0.9553663570691435,-0.01663365575062975
exakt_noll,B,Nyregistrerade lastbilar,senare_ar,vid_eller_over_trend,minskning,False,644,321,189,3,3,0.29347826086956524,0.5887850467289719,0.6040372670807453,0.974749537515316,-0.015252220351773427
exakt_noll,B,Nyregistrerade lastbilar,senare_ar,vid_eller_over_trend,stabilt,False,644,321,7,3,3,0.010869565217391304,0.021806853582554516,0.023291925465838508,0.9362409138110073,-0.001485071883283992
exakt_noll,B,Nyregistrerade lastbilar,senare_ar,vid_eller_over_trend,okning,False,644,321,125,3,3,0.19409937888198758,0.3894080996884735,0.37267080745341613,1.0449117341640706,0.016737292235057377
exakt_noll,B,Nyregistrerade personbilar,traning,under_trend,minskning,False,1300,650,301,6,6,0.23153846153846153,0.46307692307692305,0.44846153846153847,1.032590051457976,0.014615384615384586
exakt_noll,B,Nyregistrerade personbilar,traning,under_trend,stabilt,False,1300,650,18,6,5,0.013846153846153847,0.027692307692307693,0.021538461538461538,1.2857142857142858,0.006153846153846156
exakt_noll,B,Nyregistrerade personbilar,traning,under_trend,okning,False,1300,650,331,6,6,0.25461538461538463,0.5092307692307693,0.53,0.9608127721335269,-0.020769230769230762
exakt_noll,B,Nyregistrerade personbilar,traning,vid_eller_over_trend,minskning,False,1300,650,282,6,6,0.2169230769230769,0.4338461538461538,0.44846153846153847,0.967409948542024,-0.014615384615384641
exakt_noll,B,Nyregistrerade personbilar,traning,vid_eller_over_trend,stabilt,False,1300,650,10,6,6,0.007692307692307693,0.015384615384615385,0.021538461538461538,0.7142857142857143,-0.006153846153846152
exakt_noll,B,Nyregistrerade personbilar,traning,vid_eller_over_trend,okning,False,1300,650,358,6,6,0.2753846153846154,0.5507692307692308,0.53,1.039187227866473,0.020769230769230762
exakt_noll,B,Nyregistrerade personbilar,validering,under_trend,minskning,False,432,0,0,0,0,0.0,,0.5393518518518519,,
exakt_noll,B,Nyregistrerade personbilar,validering,under_trend,stabilt,False,432,0,0,0,0,0.0,,0.03009259259259259,,
exakt_noll,B,Nyregistrerade personbilar,validering,under_trend,okning,False,432,0,0,0,0,0.0,,0.4305555555555556,,
exakt_noll,B,Nyregistrerade personbilar,validering,vid_eller_over_trend,minskning,False,432,432,233,4,4,0.5393518518518519,0.5393518518518519,0.5393518518518519,1.0,0.0
exakt_noll,B,Nyregistrerade personbilar,validering,vid_eller_over_trend,stabilt,False,432,432,13,4,3,0.03009259259259259,0.03009259259259259,0.03009259259259259,1.0,0.0
exakt_noll,B,Nyregistrerade personbilar,validering,vid_eller_over_trend,okning,False,432,432,186,4,4,0.4305555555555556,0.4305555555555556,0.4305555555555556,1.0,0.0
exakt_noll,B,Nyregistrerade personbilar,senare_ar,under_trend,minskning,False,644,536,317,5,5,0.4922360248447205,0.5914179104477612,0.6040372670807453,0.9791083144687871,-0.012619356632984191
exakt_noll,B,Nyregistrerade personbilar,senare_ar,under_trend,stabilt,False,644,536,13,5,5,0.020186335403726708,0.024253731343283583,0.023291925465838508,1.0412935323383086,0.0009618058774450745
exakt_noll,B,Nyregistrerade personbilar,senare_ar,under_trend,okning,False,644,536,206,5,5,0.3198757763975155,0.3843283582089552,0.37267080745341613,1.0312810945273632,0.011657550755539092
exakt_noll,B,Nyregistrerade personbilar,senare_ar,vid_eller_over_trend,minskning,False,644,108,72,1,1,0.11180124223602485,0.6666666666666666,0.6040372670807453,1.1036846615252784,0.06262939958592129
exakt_noll,B,Nyregistrerade personbilar,senare_ar,vid_eller_over_trend,stabilt,False,644,108,2,1,1,0.003105590062111801,0.018518518518518517,0.023291925465838508,0.7950617283950617,-0.004773406947319991
exakt_noll,B,Nyregistrerade personbilar,senare_ar,vid_eller_over_trend,okning,False,644,108,34,1,1,0.052795031055900624,0.3148148148148148,0.37267080745341613,0.8447530864197531,-0.057855992638601306
exakt_noll,B,Näringslivets efterfrågan,traning,under_trend,minskning,False,1300,759,363,7,7,0.2792307692307692,0.4782608695652174,0.44846153846153847,1.066447908121411,0.02979933110367894
exakt_noll,B,Näringslivets efterfrågan,traning,under_trend,stabilt,False,1300,759,18,7,6,0.013846153846153847,0.023715415019762844,0.021538461538461538,1.101072840203275,0.0021769534813013067
exakt_noll,B,Näringslivets efterfrågan,traning,under_trend,okning,False,1300,759,378,7,7,0.2907692307692308,0.4980237154150198,0.53,0.9396673875755089,-0.03197628458498025
exakt_noll,B,Näringslivets efterfrågan,traning,vid_eller_over_trend,minskning,False,1300,541,220,5,5,0.16923076923076924,0.4066543438077634,0.44846153846153847,0.9067764098629372,-0.04180719465377508
exakt_noll,B,Näringslivets efterfrågan,traning,vid_eller_over_trend,stabilt,False,1300,541,10,5,5,0.007692307692307693,0.018484288354898338,0.021538461538461538,0.8581991021917086,-0.0030541731835631997
exakt_noll,B,Näringslivets efterfrågan,traning,vid_eller_over_trend,okning,False,1300,541,311,5,5,0.23923076923076922,0.5748613678373382,0.53,1.0846440902591286,0.044861367837338184
exakt_noll,B,Näringslivets efterfrågan,validering,under_trend,minskning,False,432,0,0,0,0,0.0,,0.5393518518518519,,
exakt_noll,B,Näringslivets efterfrågan,validering,under_trend,stabilt,False,432,0,0,0,0,0.0,,0.03009259259259259,,
exakt_noll,B,Näringslivets efterfrågan,validering,under_trend,okning,False,432,0,0,0,0,0.0,,0.4305555555555556,,
exakt_noll,B,Näringslivets efterfrågan,validering,vid_eller_over_trend,minskning,False,432,432,233,4,4,0.5393518518518519,0.5393518518518519,0.5393518518518519,1.0,0.0
exakt_noll,B,Näringslivets efterfrågan,validering,vid_eller_over_trend,stabilt,False,432,432,13,4,3,0.03009259259259259,0.03009259259259259,0.03009259259259259,1.0,0.0
exakt_noll,B,Näringslivets efterfrågan,validering,vid_eller_over_trend,okning,False,432,432,186,4,4,0.4305555555555556,0.4305555555555556,0.4305555555555556,1.0,0.0
exakt_noll,B,Näringslivets efterfrågan,senare_ar,under_trend,minskning,False,644,321,162,3,3,0.2515527950310559,0.5046728971962616,0.6040372670807453,0.8354996035845565,-0.09936436988448372
exakt_noll,B,Näringslivets efterfrågan,senare_ar,under_trend,stabilt,False,644,321,9,3,3,0.013975155279503106,0.028037383177570093,0.023291925465838508,1.2037383177570093,0.004745457711731585
exakt_noll,B,Näringslivets efterfrågan,senare_ar,under_trend,okning,False,644,321,150,3,3,0.2329192546583851,0.4672897196261682,0.37267080745341613,1.2538940809968848,0.09461891217275209
exakt_noll,B,Näringslivets efterfrågan,senare_ar,vid_eller_over_trend,minskning,False,644,323,227,3,3,0.35248447204968947,0.7027863777089783,0.6040372670807453,1.1634818181094655,0.098749110628233
exakt_noll,B,Näringslivets efterfrågan,senare_ar,vid_eller_over_trend,stabilt,False,644,323,6,3,3,0.009316770186335404,0.018575851393188854,0.023291925465838508,0.7975232198142415,-0.004716074072649654
exakt_noll,B,Näringslivets efterfrågan,senare_ar,vid_eller_over_trend,okning,False,644,323,90,3,3,0.13975155279503104,0.2786377708978328,0.37267080745341613,0.7476780185758515,-0.09403303655558332
exakt_noll,B,Näringslivets produktion,traning,under_trend,minskning,False,1300,759,363,7,7,0.2792307692307692,0.4782608695652174,0.44846153846153847,1.066447908121411,0.02979933110367894
exakt_noll,B,Näringslivets produktion,traning,under_trend,stabilt,False,1300,759,18,7,6,0.013846153846153847,0.023715415019762844,0.021538461538461538,1.101072840203275,0.0021769534813013067
exakt_noll,B,Näringslivets produktion,traning,under_trend,okning,False,1300,759,378,7,7,0.2907692307692308,0.4980237154150198,0.53,0.9396673875755089,-0.03197628458498025
exakt_noll,B,Näringslivets produktion,traning,vid_eller_over_trend,minskning,False,1300,541,220,5,5,0.16923076923076924,0.4066543438077634,0.44846153846153847,0.9067764098629372,-0.04180719465377508
exakt_noll,B,Näringslivets produktion,traning,vid_eller_over_trend,stabilt,False,1300,541,10,5,5,0.007692307692307693,0.018484288354898338,0.021538461538461538,0.8581991021917086,-0.0030541731835631997
exakt_noll,B,Näringslivets produktion,traning,vid_eller_over_trend,okning,False,1300,541,311,5,5,0.23923076923076922,0.5748613678373382,0.53,1.0846440902591286,0.044861367837338184
exakt_noll,B,Näringslivets produktion,validering,under_trend,minskning,False,432,108,47,1,1,0.1087962962962963,0.4351851851851852,0.5393518518518519,0.8068669527896996,-0.10416666666666669
exakt_noll,B,Näringslivets produktion,validering,under_trend,stabilt,False,432,108,4,1,1,0.009259259259259259,0.037037037037037035,0.03009259259259259,1.2307692307692308,0.006944444444444444
exakt_noll,B,Näringslivets produktion,validering,under_trend,okning,False,432,108,57,1,1,0.13194444444444445,0.5277777777777778,0.4305555555555556,1.2258064516129032,0.09722222222222221
exakt_noll,B,Näringslivets produktion,validering,vid_eller_over_trend,minskning,False,432,324,186,3,3,0.4305555555555556,0.5740740740740741,0.5393518518518519,1.0643776824034334,0.03472222222222221
exakt_noll,B,Näringslivets produktion,validering,vid_eller_over_trend,stabilt,False,432,324,9,3,2,0.020833333333333332,0.027777777777777776,0.03009259259259259,0.9230769230769231,-0.0023148148148148147
exakt_noll,B,Näringslivets produktion,validering,vid_eller_over_trend,okning,False,432,324,129,3,3,0.2986111111111111,0.39814814814814814,0.4305555555555556,0.9247311827956989,-0.03240740740740744
exakt_noll,B,Näringslivets produktion,senare_ar,under_trend,minskning,False,644,321,162,3,3,0.2515527950310559,0.5046728971962616,0.6040372670807453,0.8354996035845565,-0.09936436988448372
exakt_noll,B,Näringslivets produktion,senare_ar,under_trend,stabilt,False,644,321,9,3,3,0.013975155279503106,0.028037383177570093,0.023291925465838508,1.2037383177570093,0.004745457711731585
exakt_noll,B,Näringslivets produktion,senare_ar,under_trend,okning,False,644,321,150,3,3,0.2329192546583851,0.4672897196261682,0.37267080745341613,1.2538940809968848,0.09461891217275209
exakt_noll,B,Näringslivets produktion,senare_ar,vid_eller_over_trend,minskning,False,644,323,227,3,3,0.35248447204968947,0.7027863777089783,0.6040372670807453,1.1634818181094655,0.098749110628233
exakt_noll,B,Näringslivets produktion,senare_ar,vid_eller_over_trend,stabilt,False,644,323,6,3,3,0.009316770186335404,0.018575851393188854,0.023291925465838508,0.7975232198142415,-0.004716074072649654
exakt_noll,B,Näringslivets produktion,senare_ar,vid_eller_over_trend,okning,False,644,323,90,3,3,0.13975155279503104,0.2786377708978328,0.37267080745341613,0.7476780185758515,-0.09403303655558332
exakt_noll,B,Sysselsättning,traning,under_trend,minskning,False,1300,1084,490,10,10,0.3769230769230769,0.45202952029520294,0.44846153846153847,1.0079560486857013,0.0035679818336644686
exakt_noll,B,Sysselsättning,traning,under_trend,stabilt,False,1300,1084,24,10,9,0.018461538461538463,0.02214022140221402,0.021538461538461538,1.0279388508170795,0.000601759863752483
exakt_noll,B,Sysselsättning,traning,under_trend,okning,False,1300,1084,570,10,10,0.43846153846153846,0.525830258302583,0.53,0.9921325628350622,-0.004169741697417018
exakt_noll,B,Sysselsättning,traning,vid_eller_over_trend,minskning,False,1300,216,93,2,2,0.07153846153846154,0.4305555555555556,0.44846153846153847,0.9600724223365733,-0.017905982905982887
exakt_noll,B,Sysselsättning,traning,vid_eller_over_trend,stabilt,False,1300,216,4,2,2,0.003076923076923077,0.018518518518518517,0.021538461538461538,0.8597883597883598,-0.00301994301994302
exakt_noll,B,Sysselsättning,traning,vid_eller_over_trend,okning,False,1300,216,119,2,2,0.09153846153846154,0.5509259259259259,0.53,1.0394828791055206,0.020925925925925903
exakt_noll,B,Sysselsättning,validering,under_trend,minskning,False,432,216,116,2,2,0.26851851851851855,0.5370370370370371,0.5393518518518519,0.9957081545064379,-0.0023148148148147696
exakt_noll,B,Sysselsättning,validering,under_trend,stabilt,False,432,216,4,2,1,0.009259259259259259,0.018518518518518517,0.03009259259259259,0.6153846153846154,-0.011574074074074073
exakt_noll,B,Sysselsättning,validering,under_trend,okning,False,432,216,96,2,2,0.2222222222222222,0.4444444444444444,0.4305555555555556,1.032258064516129,0.01388888888888884
exakt_noll,B,Sysselsättning,validering,vid_eller_over_trend,minskning,False,432,216,117,2,2,0.2708333333333333,0.5416666666666666,0.5393518518518519,1.004291845493562,0.0023148148148147696
exakt_noll,B,Sysselsättning,validering,vid_eller_over_trend,stabilt,False,432,216,9,2,2,0.020833333333333332,0.041666666666666664,0.03009259259259259,1.3846153846153846,0.011574074074074073
exakt_noll,B,Sysselsättning,validering,vid_eller_over_trend,okning,False,432,216,90,2,2,0.20833333333333334,0.4166666666666667,0.4305555555555556,0.967741935483871,-0.013888888888888895
exakt_noll,B,Sysselsättning,senare_ar,under_trend,minskning,False,644,322,181,3,3,0.281055900621118,0.562111801242236,0.6040372670807453,0.9305912596401028,-0.04192546583850931
exakt_noll,B,Sysselsättning,senare_ar,under_trend,stabilt,False,644,322,8,3,3,0.012422360248447204,0.024844720496894408,0.023291925465838508,1.0666666666666667,0.0015527950310559
exakt_noll,B,Sysselsättning,senare_ar,under_trend,okning,False,644,322,133,3,3,0.20652173913043478,0.41304347826086957,0.37267080745341613,1.1083333333333334,0.04037267080745344
exakt_noll,B,Sysselsättning,senare_ar,vid_eller_over_trend,minskning,False,644,322,208,3,3,0.32298136645962733,0.6459627329192547,0.6040372670807453,1.069408740359897,0.04192546583850931
exakt_noll,B,Sysselsättning,senare_ar,vid_eller_over_trend,stabilt,False,644,322,7,3,3,0.010869565217391304,0.021739130434782608,0.023291925465838508,0.9333333333333333,-0.0015527950310559
exakt_noll,B,Sysselsättning,senare_ar,vid_eller_over_trend,okning,False,644,322,107,3,3,0.16614906832298137,0.33229813664596275,0.37267080745341613,0.8916666666666667,-0.04037267080745338
exakt_noll,B,Varuexport,traning,under_trend,minskning,False,1300,542,258,5,5,0.19846153846153847,0.47601476014760147,0.44846153846153847,1.0614394308608608,0.027553221686063
exakt_noll,B,Varuexport,traning,under_trend,stabilt,False,1300,542,17,5,5,0.013076923076923076,0.03136531365313653,0.021538461538461538,1.456246705324196,0.009826852114674992
exakt_noll,B,Varuexport,traning,under_trend,okning,False,1300,542,267,5,5,0.2053846153846154,0.492619926199262,0.53,0.929471558866532,-0.037380073800738045
exakt_noll,B,Varuexport,traning,vid_eller_over_trend,minskning,False,1300,758,325,7,7,0.25,0.4287598944591029,0.44846153846153847,0.9560683752947405,-0.01970164400243557
exakt_noll,B,Varuexport,traning,vid_eller_over_trend,stabilt,False,1300,758,11,7,6,0.008461538461538461,0.014511873350923483,0.021538461538461538,0.6737655484357331,-0.007026588187538055
exakt_noll,B,Varuexport,traning,vid_eller_over_trend,okning,False,1300,758,422,7,7,0.32461538461538464,0.5567282321899736,0.53,1.050430626773535,0.026728232189973555
exakt_noll,B,Varuexport,validering,under_trend,minskning,False,432,324,171,3,3,0.3958333333333333,0.5277777777777778,0.5393518518518519,0.9785407725321889,-0.01157407407407407
exakt_noll,B,Varuexport,validering,under_trend,stabilt,False,432,324,7,3,2,0.016203703703703703,0.021604938271604937,0.03009259259259259,0.717948717948718,-0.008487654320987654
exakt_noll,B,Varuexport,validering,under_trend,okning,False,432,324,146,3,3,0.33796296296296297,0.4506172839506173,0.4305555555555556,1.046594982078853,0.020061728395061706
exakt_noll,B,Varuexport,validering,vid_eller_over_trend,minskning,False,432,108,62,1,1,0.14351851851851852,0.5740740740740741,0.5393518518518519,1.0643776824034334,0.03472222222222221
exakt_noll,B,Varuexport,validering,vid_eller_over_trend,stabilt,False,432,108,6,1,1,0.013888888888888888,0.05555555555555555,0.03009259259259259,1.8461538461538463,0.02546296296296296
exakt_noll,B,Varuexport,validering,vid_eller_over_trend,okning,False,432,108,40,1,1,0.09259259259259259,0.37037037037037035,0.4305555555555556,0.8602150537634408,-0.06018518518518523
exakt_noll,B,Varuexport,senare_ar,under_trend,minskning,False,644,106,54,1,1,0.08385093167701864,0.5094339622641509,0.6040372670807453,0.8433816753164863,-0.0946033048165944
exakt_noll,B,Varuexport,senare_ar,under_trend,stabilt,False,644,106,2,1,1,0.003105590062111801,0.018867924528301886,0.023291925465838508,0.810062893081761,-0.004424000937536622
exakt_noll,B,Varuexport,senare_ar,under_trend,okning,False,644,106,50,1,1,0.07763975155279502,0.4716981132075472,0.37267080745341613,1.2657232704402517,0.09902730575413105
exakt_noll,B,Varuexport,senare_ar,vid_eller_over_trend,minskning,False,644,538,335,5,5,0.5201863354037267,0.6226765799256505,0.6040372670807453,1.0308578855324393,0.018639312844905165
exakt_noll,B,Varuexport,senare_ar,vid_eller_over_trend,stabilt,False,644,538,13,5,5,0.020186335403726708,0.024163568773234202,0.023291925465838508,1.0374225526641885,0.000871643307395694
exakt_noll,B,Varuexport,senare_ar,vid_eller_over_trend,okning,False,644,538,190,5,5,0.2950310559006211,0.35315985130111527,0.37267080745341613,0.947645600991326,-0.019510956152300862
exakt_noll,B,Varuimport,traning,under_trend,minskning,False,1300,652,258,6,6,0.19846153846153847,0.39570552147239263,0.44846153846153847,0.8823622262677708,-0.05275601698914584
exakt_noll,B,Varuimport,traning,under_trend,stabilt,False,1300,652,18,6,6,0.013846153846153847,0.027607361963190184,0.021538461538461538,1.2817703768624014,0.006068900424728647
exakt_noll,B,Varuimport,traning,under_trend,okning,False,1300,652,376,6,6,0.28923076923076924,0.5766871165644172,0.53,1.0880888991781457,0.04668711656441715
exakt_noll,B,Varuimport,traning,vid_eller_over_trend,minskning,False,1300,648,325,6,6,0.25,0.5015432098765432,0.44846153846153847,1.1183639328293415,0.05308167141500475
exakt_noll,B,Varuimport,traning,vid_eller_over_trend,stabilt,False,1300,648,10,6,5,0.007692307692307693,0.015432098765432098,0.021538461538461538,0.7164902998236331,-0.00610636277302944
exakt_noll,B,Varuimport,traning,vid_eller_over_trend,okning,False,1300,648,313,6,6,0.24076923076923076,0.48302469135802467,0.53,0.9113673421849522,-0.046975308641975355
exakt_noll,B,Varuimport,validering,under_trend,minskning,False,432,216,116,2,2,0.26851851851851855,0.5370370370370371,0.5393518518518519,0.9957081545064379,-0.0023148148148147696
exakt_noll,B,Varuimport,validering,under_trend,stabilt,False,432,216,4,2,1,0.009259259259259259,0.018518518518518517,0.03009259259259259,0.6153846153846154,-0.011574074074074073
exakt_noll,B,Varuimport,validering,under_trend,okning,False,432,216,96,2,2,0.2222222222222222,0.4444444444444444,0.4305555555555556,1.032258064516129,0.01388888888888884
exakt_noll,B,Varuimport,validering,vid_eller_over_trend,minskning,False,432,216,117,2,2,0.2708333333333333,0.5416666666666666,0.5393518518518519,1.004291845493562,0.0023148148148147696
exakt_noll,B,Varuimport,validering,vid_eller_over_trend,stabilt,False,432,216,9,2,2,0.020833333333333332,0.041666666666666664,0.03009259259259259,1.3846153846153846,0.011574074074074073
exakt_noll,B,Varuimport,validering,vid_eller_over_trend,okning,False,432,216,90,2,2,0.20833333333333334,0.4166666666666667,0.4305555555555556,0.967741935483871,-0.013888888888888895
exakt_noll,B,Varuimport,senare_ar,under_trend,minskning,False,644,321,162,3,3,0.2515527950310559,0.5046728971962616,0.6040372670807453,0.8354996035845565,-0.09936436988448372
exakt_noll,B,Varuimport,senare_ar,under_trend,stabilt,False,644,321,9,3,3,0.013975155279503106,0.028037383177570093,0.023291925465838508,1.2037383177570093,0.004745457711731585
exakt_noll,B,Varuimport,senare_ar,under_trend,okning,False,644,321,150,3,3,0.2329192546583851,0.4672897196261682,0.37267080745341613,1.2538940809968848,0.09461891217275209
exakt_noll,B,Varuimport,senare_ar,vid_eller_over_trend,minskning,False,644,323,227,3,3,0.35248447204968947,0.7027863777089783,0.6040372670807453,1.1634818181094655,0.098749110628233
exakt_noll,B,Varuimport,senare_ar,vid_eller_over_trend,stabilt,False,644,323,6,3,3,0.009316770186335404,0.018575851393188854,0.023291925465838508,0.7975232198142415,-0.004716074072649654
exakt_noll,B,Varuimport,senare_ar,vid_eller_over_trend,okning,False,644,323,90,3,3,0.13975155279503104,0.2786377708978328,0.37267080745341613,0.7476780185758515,-0.09403303655558332
exakt_noll,C,Arbetade timmar,traning,under_trend,minskning,False,1519,1015,474,8,8,0.3120473996050033,0.4669950738916256,0.47860434496379195,0.9757434900156524,-0.01160927107216636
exakt_noll,C,Arbetade timmar,traning,under_trend,stabilt,False,1519,1015,16,8,7,0.01053324555628703,0.015763546798029555,0.018433179723502304,0.8551724137931034,-0.0026696329254727487
exakt_noll,C,Arbetade timmar,traning,under_trend,okning,False,1519,1015,525,8,8,0.3456221198156682,0.5172413793103449,0.5029624753127058,1.0283896010110127,0.014278903997639092
exakt_noll,C,Arbetade timmar,traning,vid_eller_over_trend,minskning,False,1519,504,253,4,4,0.16655694535878868,0.501984126984127,0.47860434496379195,1.0488499159407,0.023379782020335027
exakt_noll,C,Arbetade timmar,traning,vid_eller_over_trend,stabilt,False,1519,504,12,4,4,0.007899934167215274,0.023809523809523808,0.018433179723502304,1.2916666666666665,0.005376344086021504
exakt_noll,C,Arbetade timmar,traning,vid_eller_over_trend,okning,False,1519,504,239,4,4,0.15734035549703754,0.4742063492063492,0.5029624753127058,0.9428264979639324,-0.028756126106356583
exakt_noll,C,Arbetade timmar,validering,under_trend,minskning,False,507,125,58,1,1,0.11439842209072978,0.464,0.5384615384615384,0.8617142857142858,-0.07446153846153841
exakt_noll,C,Arbetade timmar,validering,under_trend,stabilt,False,507,125,1,1,1,0.0019723865877712033,0.008,0.015779092702169626,0.507,-0.007779092702169626
exakt_noll,C,Arbetade timmar,validering,under_trend,okning,False,507,125,66,1,1,0.1301775147928994,0.528,0.4457593688362919,1.184495575221239,0.08224063116370811
exakt_noll,C,Arbetade timmar,validering,vid_eller_over_trend,minskning,False,507,382,215,3,3,0.4240631163708087,0.56282722513089,0.5384615384615384,1.0452505609573672,0.02436568666935157
exakt_noll,C,Arbetade timmar,validering,vid_eller_over_trend,stabilt,False,507,382,7,3,3,0.013806706114398421,0.01832460732984293,0.015779092702169626,1.1613219895287956,0.0025455146276733044
exakt_noll,C,Arbetade timmar,validering,vid_eller_over_trend,okning,False,507,382,160,3,3,0.3155818540433925,0.418848167539267,0.4457593688362919,0.9396284112495946,-0.0269112012970249
exakt_noll,C,Arbetade timmar,senare_ar,under_trend,minskning,False,739,244,152,2,2,0.20568335588633288,0.6229508196721312,0.5859269282814614,1.063188581380381,0.03702389139066975
exakt_noll,C,Arbetade timmar,senare_ar,under_trend,stabilt,False,739,244,3,2,2,0.0040595399188092015,0.012295081967213115,0.018944519621109608,0.6490046838407494,-0.006649437653896494
exakt_noll,C,Arbetade timmar,senare_ar,under_trend,okning,False,739,244,89,2,2,0.12043301759133965,0.36475409836065575,0.395128552097429,0.9231276667415226,-0.03037445373677322
exakt_noll,C,Arbetade timmar,senare_ar,vid_eller_over_trend,minskning,False,739,495,281,4,4,0.38024357239512857,0.5676767676767677,0.5859269282814614,0.9688524972589638,-0.018250160604693755
exakt_noll,C,Arbetade timmar,senare_ar,vid_eller_over_trend,stabilt,False,739,495,11,4,4,0.014884979702300407,0.022222222222222223,0.018944519621109608,1.173015873015873,0.003277702601112615
exakt_noll,C,Arbetade timmar,senare_ar,vid_eller_over_trend,okning,False,739,495,203,4,4,0.2746955345060893,0.4101010101010101,0.395128552097429,1.0378926248789262,0.014972458003581102
exakt_noll,C,BNP kvartal,traning,under_trend,minskning,False,1519,886,441,7,7,0.2903225806451613,0.49774266365688485,0.47860434496379195,1.0399877662927208,0.019138318693092904
exakt_noll,C,BNP kvartal,traning,under_trend,stabilt,False,1519,886,16,7,6,0.01053324555628703,0.01805869074492099,0.018433179723502304,0.9796839729119639,-0.0003744889785813124
exakt_noll,C,BNP kvartal,traning,under_trend,okning,False,1519,886,429,7,7,0.282422646477946,0.48419864559819414,0.5029624753127058,0.9626933804498127,-0.018763829714511626
exakt_noll,C,BNP kvartal,traning,vid_eller_over_trend,minskning,False,1519,633,286,5,5,0.18828176431863067,0.4518167456556082,0.47860434496379195,0.944029761555528,-0.02678759930818375
exakt_noll,C,BNP kvartal,traning,vid_eller_over_trend,stabilt,False,1519,633,12,5,5,0.007899934167215274,0.018957345971563982,0.018433179723502304,1.028436018957346,0.0005241662480616784
exakt_noll,C,BNP kvartal,traning,vid_eller_over_trend,okning,False,1519,633,335,5,5,0.2205398288347597,0.5292259083728278,0.5029624753127058,1.052217480128698,0.02626343306012202
exakt_noll,C,BNP kvartal,validering,under_trend,minskning,False,507,0,0,0,0,0.0,,0.5384615384615384,,
exakt_noll,C,BNP kvartal,validering,under_trend,stabilt,False,507,0,0,0,0,0.0,,0.015779092702169626,,
exakt_noll,C,BNP kvartal,validering,under_trend,okning,False,507,0,0,0,0,0.0,,0.4457593688362919,,
exakt_noll,C,BNP kvartal,validering,vid_eller_over_trend,minskning,False,507,507,273,4,4,0.5384615384615384,0.5384615384615384,0.5384615384615384,1.0,0.0
exakt_noll,C,BNP kvartal,validering,vid_eller_over_trend,stabilt,False,507,507,8,4,4,0.015779092702169626,0.015779092702169626,0.015779092702169626,1.0,0.0
exakt_noll,C,BNP kvartal,validering,vid_eller_over_trend,okning,False,507,507,226,4,4,0.4457593688362919,0.4457593688362919,0.4457593688362919,1.0,0.0
exakt_noll,C,BNP kvartal,senare_ar,under_trend,minskning,False,739,239,120,2,2,0.16238159675236807,0.502092050209205,0.5859269282814614,0.8569192265695208,-0.08383487807225642
exakt_noll,C,BNP kvartal,senare_ar,under_trend,stabilt,False,739,239,5,2,2,0.006765899864682003,0.02092050209205021,0.018944519621109608,1.1043036461446503,0.0019759824709406
exakt_noll,C,BNP kvartal,senare_ar,under_trend,okning,False,739,239,114,2,2,0.15426251691474965,0.4769874476987448,0.395128552097429,1.2071702871553849,0.08185889560131582
exakt_noll,C,BNP kvartal,senare_ar,vid_eller_over_trend,minskning,False,739,500,313,4,4,0.42354533152909335,0.626,0.5859269282814614,1.0683926096997691,0.04007307171853858
exakt_noll,C,BNP kvartal,senare_ar,vid_eller_over_trend,stabilt,False,739,500,9,4,4,0.012178619756427604,0.018,0.018944519621109608,0.9501428571428571,-0.0009445196211096095
exakt_noll,C,BNP kvartal,senare_ar,vid_eller_over_trend,okning,False,739,500,178,4,4,0.2408660351826793,0.356,0.395128552097429,0.9009726027397259,-0.03912855209742899
exakt_noll,C,BNP-indikator månad,traning,under_trend,minskning,False,1519,886,441,7,7,0.2903225806451613,0.49774266365688485,0.47860434496379195,1.0399877662927208,0.019138318693092904
exakt_noll,C,BNP-indikator månad,traning,under_trend,stabilt,False,1519,886,16,7,6,0.01053324555628703,0.01805869074492099,0.018433179723502304,0.9796839729119639,-0.0003744889785813124
exakt_noll,C,BNP-indikator månad,traning,under_trend,okning,False,1519,886,429,7,7,0.282422646477946,0.48419864559819414,0.5029624753127058,0.9626933804498127,-0.018763829714511626
exakt_noll,C,BNP-indikator månad,traning,vid_eller_over_trend,minskning,False,1519,633,286,5,5,0.18828176431863067,0.4518167456556082,0.47860434496379195,0.944029761555528,-0.02678759930818375
exakt_noll,C,BNP-indikator månad,traning,vid_eller_over_trend,stabilt,False,1519,633,12,5,5,0.007899934167215274,0.018957345971563982,0.018433179723502304,1.028436018957346,0.0005241662480616784
exakt_noll,C,BNP-indikator månad,traning,vid_eller_over_trend,okning,False,1519,633,335,5,5,0.2205398288347597,0.5292259083728278,0.5029624753127058,1.052217480128698,0.02626343306012202
exakt_noll,C,BNP-indikator månad,validering,under_trend,minskning,False,507,0,0,0,0,0.0,,0.5384615384615384,,
exakt_noll,C,BNP-indikator månad,validering,under_trend,stabilt,False,507,0,0,0,0,0.0,,0.015779092702169626,,
exakt_noll,C,BNP-indikator månad,validering,under_trend,okning,False,507,0,0,0,0,0.0,,0.4457593688362919,,
exakt_noll,C,BNP-indikator månad,validering,vid_eller_over_trend,minskning,False,507,507,273,4,4,0.5384615384615384,0.5384615384615384,0.5384615384615384,1.0,0.0
exakt_noll,C,BNP-indikator månad,validering,vid_eller_over_trend,stabilt,False,507,507,8,4,4,0.015779092702169626,0.015779092702169626,0.015779092702169626,1.0,0.0
exakt_noll,C,BNP-indikator månad,validering,vid_eller_over_trend,okning,False,507,507,226,4,4,0.4457593688362919,0.4457593688362919,0.4457593688362919,1.0,0.0
exakt_noll,C,BNP-indikator månad,senare_ar,under_trend,minskning,False,739,366,190,3,3,0.2571041948579161,0.5191256830601093,0.5859269282814614,0.8859904844836508,-0.06680124522135211
exakt_noll,C,BNP-indikator månad,senare_ar,under_trend,stabilt,False,739,366,8,3,3,0.010825439783491205,0.02185792349726776,0.018944519621109608,1.1537861046057767,0.0029134038761581514
exakt_noll,C,BNP-indikator månad,senare_ar,under_trend,okning,False,739,366,168,3,3,0.2273342354533153,0.45901639344262296,0.395128552097429,1.1616887491578711,0.06388784134519399
exakt_noll,C,BNP-indikator månad,senare_ar,vid_eller_over_trend,minskning,False,739,373,243,3,3,0.32882273342354534,0.6514745308310992,0.5859269282814614,1.1118699267533079,0.06554760254963776
exakt_noll,C,BNP-indikator månad,senare_ar,vid_eller_over_trend,stabilt,False,739,373,6,3,3,0.008119079837618403,0.0160857908847185,0.018944519621109608,0.8490999617004978,-0.002858728736391109
exakt_noll,C,BNP-indikator månad,senare_ar,vid_eller_over_trend,okning,False,739,373,124,3,3,0.16779431664411368,0.3324396782841823,0.395128552097429,0.8413456241507217,-0.06268887381324667
exakt_noll,C,Detaljhandel sällanköpsvaror,traning,under_trend,minskning,False,1519,1012,478,8,8,0.3146807109940751,0.4723320158102767,0.47860434496379195,0.9868945419749797,-0.006272329153515277
exakt_noll,C,Detaljhandel sällanköpsvaror,traning,under_trend,stabilt,False,1519,1012,16,8,7,0.01053324555628703,0.015810276679841896,0.018433179723502304,0.8577075098814229,-0.002622903043660408
exakt_noll,C,Detaljhandel sällanköpsvaror,traning,under_trend,okning,False,1519,1012,518,8,8,0.34101382488479265,0.5118577075098815,0.5029624753127058,1.0176856776276306,0.008895232197175695
exakt_noll,C,Detaljhandel sällanköpsvaror,traning,vid_eller_over_trend,minskning,False,1519,507,249,4,4,0.16392363396971693,0.4911242603550296,0.47860434496379195,1.0261592179907704,0.012519915391237646
exakt_noll,C,Detaljhandel sällanköpsvaror,traning,vid_eller_over_trend,stabilt,False,1519,507,12,4,4,0.007899934167215274,0.023668639053254437,0.018433179723502304,1.2840236686390532,0.005235459329752133
exakt_noll,C,Detaljhandel sällanköpsvaror,traning,vid_eller_over_trend,okning,False,1519,507,246,4,4,0.1619486504279131,0.48520710059171596,0.5029624753127058,0.9646984107314351,-0.017755374720989814
exakt_noll,C,Detaljhandel sällanköpsvaror,validering,under_trend,minskning,False,507,127,74,1,1,0.14595660749506903,0.5826771653543307,0.5384615384615384,1.0821147356580427,0.04421562689279224
exakt_noll,C,Detaljhandel sällanköpsvaror,validering,under_trend,stabilt,False,507,127,3,1,1,0.005917159763313609,0.023622047244094488,0.015779092702169626,1.4970472440944882,0.007842954541924862
exakt_noll,C,Detaljhandel sällanköpsvaror,validering,under_trend,okning,False,507,127,50,1,1,0.09861932938856016,0.3937007874015748,0.4457593688362919,0.8832137133300816,-0.05205858143471709
exakt_noll,C,Detaljhandel sällanköpsvaror,validering,vid_eller_over_trend,minskning,False,507,380,199,3,3,0.39250493096646943,0.5236842105263158,0.5384615384615384,0.9725563909774436,-0.014777327935222684
exakt_noll,C,Detaljhandel sällanköpsvaror,validering,vid_eller_over_trend,stabilt,False,507,380,5,3,3,0.009861932938856016,0.013157894736842105,0.015779092702169626,0.8338815789473684,-0.0026211979653275215
exakt_noll,C,Detaljhandel sällanköpsvaror,validering,vid_eller_over_trend,okning,False,507,380,176,3,3,0.34714003944773175,0.4631578947368421,0.4457593688362919,1.03903120633442,0.017398525900550188
exakt_noll,C,Detaljhandel sällanköpsvaror,senare_ar,under_trend,minskning,False,739,239,120,2,2,0.16238159675236807,0.502092050209205,0.5859269282814614,0.8569192265695208,-0.08383487807225642
exakt_noll,C,Detaljhandel sällanköpsvaror,senare_ar,under_trend,stabilt,False,739,239,5,2,2,0.006765899864682003,0.02092050209205021,0.018944519621109608,1.1043036461446503,0.0019759824709406
exakt_noll,C,Detaljhandel sällanköpsvaror,senare_ar,under_trend,okning,False,739,239,114,2,2,0.15426251691474965,0.4769874476987448,0.395128552097429,1.2071702871553849,0.08185889560131582
exakt_noll,C,Detaljhandel sällanköpsvaror,senare_ar,vid_eller_over_trend,minskning,False,739,500,313,4,4,0.42354533152909335,0.626,0.5859269282814614,1.0683926096997691,0.04007307171853858
exakt_noll,C,Detaljhandel sällanköpsvaror,senare_ar,vid_eller_over_trend,stabilt,False,739,500,9,4,4,0.012178619756427604,0.018,0.018944519621109608,0.9501428571428571,-0.0009445196211096095
exakt_noll,C,Detaljhandel sällanköpsvaror,senare_ar,vid_eller_over_trend,okning,False,739,500,178,4,4,0.2408660351826793,0.356,0.395128552097429,0.9009726027397259,-0.03912855209742899
exakt_noll,C,Hushållens konfidensindikator,traning,under_trend,minskning,False,1519,379,169,3,3,0.11125740618828177,0.44591029023746703,0.47860434496379195,0.9316887632334422,-0.03269405472632492
exakt_noll,C,Hushållens konfidensindikator,traning,under_trend,stabilt,False,1519,379,6,3,2,0.003949967083607637,0.0158311345646438,0.018433179723502304,0.8588390501319262,-0.0026020451588585035
exakt_noll,C,Hushållens konfidensindikator,traning,under_trend,okning,False,1519,379,204,3,3,0.13429888084265965,0.5382585751978892,0.5029624753127058,1.0701764080177927,0.03529609988518345
exakt_noll,C,Hushållens konfidensindikator,traning,vid_eller_over_trend,minskning,False,1519,1140,558,9,9,0.3673469387755102,0.48947368421052634,0.47860434496379195,1.0227104901180049,0.010869339246734389
exakt_noll,C,Hushållens konfidensindikator,traning,vid_eller_over_trend,stabilt,False,1519,1140,22,9,9,0.014483212639894667,0.01929824561403509,0.018433179723502304,1.0469298245614036,0.0008650658905327846
exakt_noll,C,Hushållens konfidensindikator,traning,vid_eller_over_trend,okning,False,1519,1140,560,9,9,0.3686635944700461,0.49122807017543857,0.5029624753127058,0.9766694222467162,-0.011734405137267201
exakt_noll,C,Hushållens konfidensindikator,validering,under_trend,minskning,False,507,0,0,0,0,0.0,,0.5384615384615384,,
exakt_noll,C,Hushållens konfidensindikator,validering,under_trend,stabilt,False,507,0,0,0,0,0.0,,0.015779092702169626,,
exakt_noll,C,Hushållens konfidensindikator,validering,under_trend,okning,False,507,0,0,0,0,0.0,,0.4457593688362919,,
exakt_noll,C,Hushållens konfidensindikator,validering,vid_eller_over_trend,minskning,False,507,507,273,4,4,0.5384615384615384,0.5384615384615384,0.5384615384615384,1.0,0.0
exakt_noll,C,Hushållens konfidensindikator,validering,vid_eller_over_trend,stabilt,False,507,507,8,4,4,0.015779092702169626,0.015779092702169626,0.015779092702169626,1.0,0.0
exakt_noll,C,Hushållens konfidensindikator,validering,vid_eller_over_trend,okning,False,507,507,226,4,4,0.4457593688362919,0.4457593688362919,0.4457593688362919,1.0,0.0
exakt_noll,C,Hushållens konfidensindikator,senare_ar,under_trend,minskning,False,739,615,343,5,5,0.46414073071718537,0.5577235772357724,0.5859269282814614,0.9518654124185584,-0.02820335104568905
exakt_noll,C,Hushållens konfidensindikator,senare_ar,under_trend,stabilt,False,739,615,13,5,5,0.017591339648173207,0.02113821138211382,0.018944519621109608,1.1157955865272937,0.002193691761004212
exakt_noll,C,Hushållens konfidensindikator,senare_ar,under_trend,okning,False,739,615,259,5,5,0.35047361299052776,0.4211382113821138,0.395128552097429,1.0658258157924045,0.02600965928468485
exakt_noll,C,Hushållens konfidensindikator,senare_ar,vid_eller_over_trend,minskning,False,739,124,90,1,1,0.12178619756427606,0.7258064516129032,0.5859269282814614,1.238732027117634,0.13987952333144182
exakt_noll,C,Hushållens konfidensindikator,senare_ar,vid_eller_over_trend,stabilt,False,739,124,1,1,1,0.0013531799729364006,0.008064516129032258,0.018944519621109608,0.42569124423963134,-0.01088000349207735
exakt_noll,C,Hushållens konfidensindikator,senare_ar,vid_eller_over_trend,okning,False,739,124,33,1,1,0.044654939106901215,0.2661290322580645,0.395128552097429,0.6735251878038002,-0.12899951983936447
exakt_noll,C,Hushållens konsumtion,traning,under_trend,minskning,False,1519,1139,552,9,9,0.36339697169190255,0.48463564530289727,0.47860434496379195,1.0126018503646506,0.006031300339105317
exakt_noll,C,Hushållens konsumtion,traning,under_trend,stabilt,False,1519,1139,21,9,8,0.013824884792626729,0.018437225636523266,0.018433179723502304,1.0002194907813873,4.04591302096205e-06
exakt_noll,C,Hushållens konsumtion,traning,under_trend,okning,False,1519,1139,566,9,9,0.3726135615536537,0.49692712906057945,0.5029624753127058,0.9880004045065709,-0.006035346252126317
exakt_noll,C,Hushållens konsumtion,traning,vid_eller_over_trend,minskning,False,1519,380,175,3,3,0.1152073732718894,0.4605263157894737,0.47860434496379195,0.9622276116701658,-0.018078029174318277
exakt_noll,C,Hushållens konsumtion,traning,vid_eller_over_trend,stabilt,False,1519,380,7,3,3,0.004608294930875576,0.018421052631578946,0.018433179723502304,0.9993421052631578,-1.212709192335848e-05
exakt_noll,C,Hushållens konsumtion,traning,vid_eller_over_trend,okning,False,1519,380,198,3,3,0.130348913759052,0.5210526315789473,0.5029624753127058,1.0359672085974097,0.018090156266241553
exakt_noll,C,Hushållens konsumtion,validering,under_trend,minskning,False,507,125,58,1,1,0.11439842209072978,0.464,0.5384615384615384,0.8617142857142858,-0.07446153846153841
exakt_noll,C,Hushållens konsumtion,validering,under_trend,stabilt,False,507,125,1,1,1,0.0019723865877712033,0.008,0.015779092702169626,0.507,-0.007779092702169626
exakt_noll,C,Hushållens konsumtion,validering,under_trend,okning,False,507,125,66,1,1,0.1301775147928994,0.528,0.4457593688362919,1.184495575221239,0.08224063116370811
exakt_noll,C,Hushållens konsumtion,validering,vid_eller_over_trend,minskning,False,507,382,215,3,3,0.4240631163708087,0.56282722513089,0.5384615384615384,1.0452505609573672,0.02436568666935157
exakt_noll,C,Hushållens konsumtion,validering,vid_eller_over_trend,stabilt,False,507,382,7,3,3,0.013806706114398421,0.01832460732984293,0.015779092702169626,1.1613219895287956,0.0025455146276733044
exakt_noll,C,Hushållens konsumtion,validering,vid_eller_over_trend,okning,False,507,382,160,3,3,0.3155818540433925,0.418848167539267,0.4457593688362919,0.9396284112495946,-0.0269112012970249
exakt_noll,C,Hushållens konsumtion,senare_ar,under_trend,minskning,False,739,239,120,2,2,0.16238159675236807,0.502092050209205,0.5859269282814614,0.8569192265695208,-0.08383487807225642
exakt_noll,C,Hushållens konsumtion,senare_ar,under_trend,stabilt,False,739,239,5,2,2,0.006765899864682003,0.02092050209205021,0.018944519621109608,1.1043036461446503,0.0019759824709406
exakt_noll,C,Hushållens konsumtion,senare_ar,under_trend,okning,False,739,239,114,2,2,0.15426251691474965,0.4769874476987448,0.395128552097429,1.2071702871553849,0.08185889560131582
exakt_noll,C,Hushållens konsumtion,senare_ar,vid_eller_over_trend,minskning,False,739,500,313,4,4,0.42354533152909335,0.626,0.5859269282814614,1.0683926096997691,0.04007307171853858
exakt_noll,C,Hushållens konsumtion,senare_ar,vid_eller_over_trend,stabilt,False,739,500,9,4,4,0.012178619756427604,0.018,0.018944519621109608,0.9501428571428571,-0.0009445196211096095
exakt_noll,C,Hushållens konsumtion,senare_ar,vid_eller_over_trend,okning,False,739,500,178,4,4,0.2408660351826793,0.356,0.395128552097429,0.9009726027397259,-0.03912855209742899
exakt_noll,C,Industrins orderingång,traning,under_trend,minskning,False,1519,886,441,7,7,0.2903225806451613,0.49774266365688485,0.47860434496379195,1.0399877662927208,0.019138318693092904
exakt_noll,C,Industrins orderingång,traning,under_trend,stabilt,False,1519,886,16,7,6,0.01053324555628703,0.01805869074492099,0.018433179723502304,0.9796839729119639,-0.0003744889785813124
exakt_noll,C,Industrins orderingång,traning,under_trend,okning,False,1519,886,429,7,7,0.282422646477946,0.48419864559819414,0.5029624753127058,0.9626933804498127,-0.018763829714511626
exakt_noll,C,Industrins orderingång,traning,vid_eller_over_trend,minskning,False,1519,633,286,5,5,0.18828176431863067,0.4518167456556082,0.47860434496379195,0.944029761555528,-0.02678759930818375
exakt_noll,C,Industrins orderingång,traning,vid_eller_over_trend,stabilt,False,1519,633,12,5,5,0.007899934167215274,0.018957345971563982,0.018433179723502304,1.028436018957346,0.0005241662480616784
exakt_noll,C,Industrins orderingång,traning,vid_eller_over_trend,okning,False,1519,633,335,5,5,0.2205398288347597,0.5292259083728278,0.5029624753127058,1.052217480128698,0.02626343306012202
exakt_noll,C,Industrins orderingång,validering,under_trend,minskning,False,507,253,125,2,2,0.2465483234714004,0.49407114624505927,0.5384615384615384,0.9175607001693958,-0.04439039221647917
exakt_noll,C,Industrins orderingång,validering,under_trend,stabilt,False,507,253,4,2,2,0.007889546351084813,0.015810276679841896,0.015779092702169626,1.0019762845849802,3.118397767227013e-05
exakt_noll,C,Industrins orderingång,validering,under_trend,okning,False,507,253,124,2,2,0.2445759368836292,0.4901185770750988,0.4457593688362919,1.0995137990136066,0.0443592082388069
exakt_noll,C,Industrins orderingång,validering,vid_eller_over_trend,minskning,False,507,254,148,2,2,0.29191321499013806,0.5826771653543307,0.5384615384615384,1.0821147356580427,0.04421562689279224
exakt_noll,C,Industrins orderingång,validering,vid_eller_over_trend,stabilt,False,507,254,4,2,2,0.007889546351084813,0.015748031496062992,0.015779092702169626,0.998031496062992,-3.1061206106634126e-05
exakt_noll,C,Industrins orderingång,validering,vid_eller_over_trend,okning,False,507,254,102,2,2,0.20118343195266272,0.4015748031496063,0.4457593688362919,0.9008779875966831,-0.044184565686685606
exakt_noll,C,Industrins orderingång,senare_ar,under_trend,minskning,False,739,239,120,2,2,0.16238159675236807,0.502092050209205,0.5859269282814614,0.8569192265695208,-0.08383487807225642
exakt_noll,C,Industrins orderingång,senare_ar,under_trend,stabilt,False,739,239,5,2,2,0.006765899864682003,0.02092050209205021,0.018944519621109608,1.1043036461446503,0.0019759824709406
exakt_noll,C,Industrins orderingång,senare_ar,under_trend,okning,False,739,239,114,2,2,0.15426251691474965,0.4769874476987448,0.395128552097429,1.2071702871553849,0.08185889560131582
exakt_noll,C,Industrins orderingång,senare_ar,vid_eller_over_trend,minskning,False,739,500,313,4,4,0.42354533152909335,0.626,0.5859269282814614,1.0683926096997691,0.04007307171853858
exakt_noll,C,Industrins orderingång,senare_ar,vid_eller_over_trend,stabilt,False,739,500,9,4,4,0.012178619756427604,0.018,0.018944519621109608,0.9501428571428571,-0.0009445196211096095
exakt_noll,C,Industrins orderingång,senare_ar,vid_eller_over_trend,okning,False,739,500,178,4,4,0.2408660351826793,0.356,0.395128552097429,0.9009726027397259,-0.03912855209742899
exakt_noll,C,Nyregistrerade lastbilar,traning,under_trend,minskning,False,1519,886,441,7,7,0.2903225806451613,0.49774266365688485,0.47860434496379195,1.0399877662927208,0.019138318693092904
exakt_noll,C,Nyregistrerade lastbilar,traning,under_trend,stabilt,False,1519,886,16,7,6,0.01053324555628703,0.01805869074492099,0.018433179723502304,0.9796839729119639,-0.0003744889785813124
exakt_noll,C,Nyregistrerade lastbilar,traning,under_trend,okning,False,1519,886,429,7,7,0.282422646477946,0.48419864559819414,0.5029624753127058,0.9626933804498127,-0.018763829714511626
exakt_noll,C,Nyregistrerade lastbilar,traning,vid_eller_over_trend,minskning,False,1519,633,286,5,5,0.18828176431863067,0.4518167456556082,0.47860434496379195,0.944029761555528,-0.02678759930818375
exakt_noll,C,Nyregistrerade lastbilar,traning,vid_eller_over_trend,stabilt,False,1519,633,12,5,5,0.007899934167215274,0.018957345971563982,0.018433179723502304,1.028436018957346,0.0005241662480616784
exakt_noll,C,Nyregistrerade lastbilar,traning,vid_eller_over_trend,okning,False,1519,633,335,5,5,0.2205398288347597,0.5292259083728278,0.5029624753127058,1.052217480128698,0.02626343306012202
exakt_noll,C,Nyregistrerade lastbilar,validering,under_trend,minskning,False,507,125,58,1,1,0.11439842209072978,0.464,0.5384615384615384,0.8617142857142858,-0.07446153846153841
exakt_noll,C,Nyregistrerade lastbilar,validering,under_trend,stabilt,False,507,125,1,1,1,0.0019723865877712033,0.008,0.015779092702169626,0.507,-0.007779092702169626
exakt_noll,C,Nyregistrerade lastbilar,validering,under_trend,okning,False,507,125,66,1,1,0.1301775147928994,0.528,0.4457593688362919,1.184495575221239,0.08224063116370811
exakt_noll,C,Nyregistrerade lastbilar,validering,vid_eller_over_trend,minskning,False,507,382,215,3,3,0.4240631163708087,0.56282722513089,0.5384615384615384,1.0452505609573672,0.02436568666935157
exakt_noll,C,Nyregistrerade lastbilar,validering,vid_eller_over_trend,stabilt,False,507,382,7,3,3,0.013806706114398421,0.01832460732984293,0.015779092702169626,1.1613219895287956,0.0025455146276733044
exakt_noll,C,Nyregistrerade lastbilar,validering,vid_eller_over_trend,okning,False,507,382,160,3,3,0.3155818540433925,0.418848167539267,0.4457593688362919,0.9396284112495946,-0.0269112012970249
exakt_noll,C,Nyregistrerade lastbilar,senare_ar,under_trend,minskning,False,739,373,238,3,3,0.32205683355886333,0.6380697050938338,0.5859269282814614,1.0889919447213467,0.05214277681237234
exakt_noll,C,Nyregistrerade lastbilar,senare_ar,under_trend,stabilt,False,739,373,6,3,3,0.008119079837618403,0.0160857908847185,0.018944519621109608,0.8490999617004978,-0.002858728736391109
exakt_noll,C,Nyregistrerade lastbilar,senare_ar,under_trend,okning,False,739,373,129,3,3,0.17456021650879566,0.34584450402144773,0.395128552097429,0.8752708509309927,-0.049284048075981246
exakt_noll,C,Nyregistrerade lastbilar,senare_ar,vid_eller_over_trend,minskning,False,739,366,195,3,3,0.2638700947225981,0.5327868852459017,0.5859269282814614,0.90930602354901,-0.05314004303555975
exakt_noll,C,Nyregistrerade lastbilar,senare_ar,vid_eller_over_trend,stabilt,False,739,366,8,3,3,0.010825439783491205,0.02185792349726776,0.018944519621109608,1.1537861046057767,0.0029134038761581514
exakt_noll,C,Nyregistrerade lastbilar,senare_ar,vid_eller_over_trend,okning,False,739,366,163,3,3,0.22056833558863329,0.4453551912568306,0.395128552097429,1.1271146792424582,0.05022663915940162
exakt_noll,C,Nyregistrerade personbilar,traning,under_trend,minskning,False,1519,758,348,6,6,0.22909809084924293,0.45910290237467016,0.47860434496379195,0.9592535195421238,-0.019501442589121787
exakt_noll,C,Nyregistrerade personbilar,traning,under_trend,stabilt,False,1519,758,11,6,5,0.007241606319947334,0.014511873350923483,0.018433179723502304,0.787269129287599,-0.003921306372578821
exakt_noll,C,Nyregistrerade personbilar,traning,under_trend,okning,False,1519,758,399,6,6,0.2626728110599078,0.5263852242744064,0.5029624753127058,1.0465695754879885,0.0234227489617006
exakt_noll,C,Nyregistrerade personbilar,traning,vid_eller_over_trend,minskning,False,1519,761,379,6,6,0.24950625411454905,0.4980289093298292,0.47860434496379195,1.0405858504429306,0.019424564366037234
exakt_noll,C,Nyregistrerade personbilar,traning,vid_eller_over_trend,stabilt,False,1519,761,17,6,6,0.01119157340355497,0.022339027595269383,0.018433179723502304,1.211892247043364,0.003905847871767079
exakt_noll,C,Nyregistrerade personbilar,traning,vid_eller_over_trend,okning,False,1519,761,365,6,6,0.24028966425279788,0.47963206307490147,0.5029624753127058,0.9536140102235279,-0.0233304122378043
exakt_noll,C,Nyregistrerade personbilar,validering,under_trend,minskning,False,507,0,0,0,0,0.0,,0.5384615384615384,,
exakt_noll,C,Nyregistrerade personbilar,validering,under_trend,stabilt,False,507,0,0,0,0,0.0,,0.015779092702169626,,
exakt_noll,C,Nyregistrerade personbilar,validering,under_trend,okning,False,507,0,0,0,0,0.0,,0.4457593688362919,,
exakt_noll,C,Nyregistrerade personbilar,validering,vid_eller_over_trend,minskning,False,507,507,273,4,4,0.5384615384615384,0.5384615384615384,0.5384615384615384,1.0,0.0
exakt_noll,C,Nyregistrerade personbilar,validering,vid_eller_over_trend,stabilt,False,507,507,8,4,4,0.015779092702169626,0.015779092702169626,0.015779092702169626,1.0,0.0
exakt_noll,C,Nyregistrerade personbilar,validering,vid_eller_over_trend,okning,False,507,507,226,4,4,0.4457593688362919,0.4457593688362919,0.4457593688362919,1.0,0.0
exakt_noll,C,Nyregistrerade personbilar,senare_ar,under_trend,minskning,False,739,612,358,5,5,0.4844384303112314,0.5849673202614379,0.5859269282814614,0.9983622394300292,-0.0009596080200234836
exakt_noll,C,Nyregistrerade personbilar,senare_ar,under_trend,stabilt,False,739,612,11,5,5,0.014884979702300407,0.017973856209150325,0.018944519621109608,0.9487628384687207,-0.0009706634119592827
exakt_noll,C,Nyregistrerade personbilar,senare_ar,under_trend,okning,False,739,612,243,5,5,0.32882273342354534,0.39705882352941174,0.395128552097429,1.0048851732473811,0.0019302714319827663
exakt_noll,C,Nyregistrerade personbilar,senare_ar,vid_eller_over_trend,minskning,False,739,127,75,1,1,0.10148849797023005,0.5905511811023622,0.5859269282814614,1.0078922005419069,0.004624252820900732
exakt_noll,C,Nyregistrerade personbilar,senare_ar,vid_eller_over_trend,stabilt,False,739,127,3,1,1,0.0040595399188092015,0.023622047244094488,0.018944519621109608,1.2469066366704162,0.00467752762298488
exakt_noll,C,Nyregistrerade personbilar,senare_ar,vid_eller_over_trend,okning,False,739,127,49,1,1,0.06630581867388363,0.3858267716535433,0.395128552097429,0.9764588501779743,-0.009301780443885688
exakt_noll,C,Näringslivets efterfrågan,traning,under_trend,minskning,False,1519,886,441,7,7,0.2903225806451613,0.49774266365688485,0.47860434496379195,1.0399877662927208,0.019138318693092904
exakt_noll,C,Näringslivets efterfrågan,traning,under_trend,stabilt,False,1519,886,16,7,6,0.01053324555628703,0.01805869074492099,0.018433179723502304,0.9796839729119639,-0.0003744889785813124
exakt_noll,C,Näringslivets efterfrågan,traning,under_trend,okning,False,1519,886,429,7,7,0.282422646477946,0.48419864559819414,0.5029624753127058,0.9626933804498127,-0.018763829714511626
exakt_noll,C,Näringslivets efterfrågan,traning,vid_eller_over_trend,minskning,False,1519,633,286,5,5,0.18828176431863067,0.4518167456556082,0.47860434496379195,0.944029761555528,-0.02678759930818375
exakt_noll,C,Näringslivets efterfrågan,traning,vid_eller_over_trend,stabilt,False,1519,633,12,5,5,0.007899934167215274,0.018957345971563982,0.018433179723502304,1.028436018957346,0.0005241662480616784
exakt_noll,C,Näringslivets efterfrågan,traning,vid_eller_over_trend,okning,False,1519,633,335,5,5,0.2205398288347597,0.5292259083728278,0.5029624753127058,1.052217480128698,0.02626343306012202
exakt_noll,C,Näringslivets efterfrågan,validering,under_trend,minskning,False,507,0,0,0,0,0.0,,0.5384615384615384,,
exakt_noll,C,Näringslivets efterfrågan,validering,under_trend,stabilt,False,507,0,0,0,0,0.0,,0.015779092702169626,,
exakt_noll,C,Näringslivets efterfrågan,validering,under_trend,okning,False,507,0,0,0,0,0.0,,0.4457593688362919,,
exakt_noll,C,Näringslivets efterfrågan,validering,vid_eller_over_trend,minskning,False,507,507,273,4,4,0.5384615384615384,0.5384615384615384,0.5384615384615384,1.0,0.0
exakt_noll,C,Näringslivets efterfrågan,validering,vid_eller_over_trend,stabilt,False,507,507,8,4,4,0.015779092702169626,0.015779092702169626,0.015779092702169626,1.0,0.0
exakt_noll,C,Näringslivets efterfrågan,validering,vid_eller_over_trend,okning,False,507,507,226,4,4,0.4457593688362919,0.4457593688362919,0.4457593688362919,1.0,0.0
exakt_noll,C,Näringslivets efterfrågan,senare_ar,under_trend,minskning,False,739,366,190,3,3,0.2571041948579161,0.5191256830601093,0.5859269282814614,0.8859904844836508,-0.06680124522135211
exakt_noll,C,Näringslivets efterfrågan,senare_ar,under_trend,stabilt,False,739,366,8,3,3,0.010825439783491205,0.02185792349726776,0.018944519621109608,1.1537861046057767,0.0029134038761581514
exakt_noll,C,Näringslivets efterfrågan,senare_ar,under_trend,okning,False,739,366,168,3,3,0.2273342354533153,0.45901639344262296,0.395128552097429,1.1616887491578711,0.06388784134519399
exakt_noll,C,Näringslivets efterfrågan,senare_ar,vid_eller_over_trend,minskning,False,739,373,243,3,3,0.32882273342354534,0.6514745308310992,0.5859269282814614,1.1118699267533079,0.06554760254963776
exakt_noll,C,Näringslivets efterfrågan,senare_ar,vid_eller_over_trend,stabilt,False,739,373,6,3,3,0.008119079837618403,0.0160857908847185,0.018944519621109608,0.8490999617004978,-0.002858728736391109
exakt_noll,C,Näringslivets efterfrågan,senare_ar,vid_eller_over_trend,okning,False,739,373,124,3,3,0.16779431664411368,0.3324396782841823,0.395128552097429,0.8413456241507217,-0.06268887381324667
exakt_noll,C,Näringslivets produktion,traning,under_trend,minskning,False,1519,886,441,7,7,0.2903225806451613,0.49774266365688485,0.47860434496379195,1.0399877662927208,0.019138318693092904
exakt_noll,C,Näringslivets produktion,traning,under_trend,stabilt,False,1519,886,16,7,6,0.01053324555628703,0.01805869074492099,0.018433179723502304,0.9796839729119639,-0.0003744889785813124
exakt_noll,C,Näringslivets produktion,traning,under_trend,okning,False,1519,886,429,7,7,0.282422646477946,0.48419864559819414,0.5029624753127058,0.9626933804498127,-0.018763829714511626
exakt_noll,C,Näringslivets produktion,traning,vid_eller_over_trend,minskning,False,1519,633,286,5,5,0.18828176431863067,0.4518167456556082,0.47860434496379195,0.944029761555528,-0.02678759930818375
exakt_noll,C,Näringslivets produktion,traning,vid_eller_over_trend,stabilt,False,1519,633,12,5,5,0.007899934167215274,0.018957345971563982,0.018433179723502304,1.028436018957346,0.0005241662480616784
exakt_noll,C,Näringslivets produktion,traning,vid_eller_over_trend,okning,False,1519,633,335,5,5,0.2205398288347597,0.5292259083728278,0.5029624753127058,1.052217480128698,0.02626343306012202
exakt_noll,C,Näringslivets produktion,validering,under_trend,minskning,False,507,125,58,1,1,0.11439842209072978,0.464,0.5384615384615384,0.8617142857142858,-0.07446153846153841
exakt_noll,C,Näringslivets produktion,validering,under_trend,stabilt,False,507,125,1,1,1,0.0019723865877712033,0.008,0.015779092702169626,0.507,-0.007779092702169626
exakt_noll,C,Näringslivets produktion,validering,under_trend,okning,False,507,125,66,1,1,0.1301775147928994,0.528,0.4457593688362919,1.184495575221239,0.08224063116370811
exakt_noll,C,Näringslivets produktion,validering,vid_eller_over_trend,minskning,False,507,382,215,3,3,0.4240631163708087,0.56282722513089,0.5384615384615384,1.0452505609573672,0.02436568666935157
exakt_noll,C,Näringslivets produktion,validering,vid_eller_over_trend,stabilt,False,507,382,7,3,3,0.013806706114398421,0.01832460732984293,0.015779092702169626,1.1613219895287956,0.0025455146276733044
exakt_noll,C,Näringslivets produktion,validering,vid_eller_over_trend,okning,False,507,382,160,3,3,0.3155818540433925,0.418848167539267,0.4457593688362919,0.9396284112495946,-0.0269112012970249
exakt_noll,C,Näringslivets produktion,senare_ar,under_trend,minskning,False,739,366,190,3,3,0.2571041948579161,0.5191256830601093,0.5859269282814614,0.8859904844836508,-0.06680124522135211
exakt_noll,C,Näringslivets produktion,senare_ar,under_trend,stabilt,False,739,366,8,3,3,0.010825439783491205,0.02185792349726776,0.018944519621109608,1.1537861046057767,0.0029134038761581514
exakt_noll,C,Näringslivets produktion,senare_ar,under_trend,okning,False,739,366,168,3,3,0.2273342354533153,0.45901639344262296,0.395128552097429,1.1616887491578711,0.06388784134519399
exakt_noll,C,Näringslivets produktion,senare_ar,vid_eller_over_trend,minskning,False,739,373,243,3,3,0.32882273342354534,0.6514745308310992,0.5859269282814614,1.1118699267533079,0.06554760254963776
exakt_noll,C,Näringslivets produktion,senare_ar,vid_eller_over_trend,stabilt,False,739,373,6,3,3,0.008119079837618403,0.0160857908847185,0.018944519621109608,0.8490999617004978,-0.002858728736391109
exakt_noll,C,Näringslivets produktion,senare_ar,vid_eller_over_trend,okning,False,739,373,124,3,3,0.16779431664411368,0.3324396782841823,0.395128552097429,0.8413456241507217,-0.06268887381324667
exakt_noll,C,Sysselsättning,traning,under_trend,minskning,False,1519,1267,611,10,10,0.402238314680711,0.48224151539068666,0.47860434496379195,1.0075995349084637,0.003637170426894709
exakt_noll,C,Sysselsättning,traning,under_trend,stabilt,False,1519,1267,24,10,9,0.015799868334430547,0.018942383583267563,0.018433179723502304,1.0276243093922652,0.0005092038597652587
exakt_noll,C,Sysselsättning,traning,under_trend,okning,False,1519,1267,632,10,10,0.4160631994733377,0.4988161010260458,0.5029624753127058,0.9917560961499522,-0.004146374286659982
exakt_noll,C,Sysselsättning,traning,vid_eller_over_trend,minskning,False,1519,252,116,2,2,0.07636603028308098,0.4603174603174603,0.47860434496379195,0.9617912272657803,-0.018286884646331658
exakt_noll,C,Sysselsättning,traning,vid_eller_over_trend,stabilt,False,1519,252,4,2,2,0.0026333113890717576,0.015873015873015872,0.018433179723502304,0.861111111111111,-0.002560163850486432
exakt_noll,C,Sysselsättning,traning,vid_eller_over_trend,okning,False,1519,252,132,2,2,0.086899275839368,0.5238095238095238,0.5029624753127058,1.0414485165794065,0.020847048496818066
exakt_noll,C,Sysselsättning,validering,under_trend,minskning,False,507,253,125,2,2,0.2465483234714004,0.49407114624505927,0.5384615384615384,0.9175607001693958,-0.04439039221647917
exakt_noll,C,Sysselsättning,validering,under_trend,stabilt,False,507,253,4,2,2,0.007889546351084813,0.015810276679841896,0.015779092702169626,1.0019762845849802,3.118397767227013e-05
exakt_noll,C,Sysselsättning,validering,under_trend,okning,False,507,253,124,2,2,0.2445759368836292,0.4901185770750988,0.4457593688362919,1.0995137990136066,0.0443592082388069
exakt_noll,C,Sysselsättning,validering,vid_eller_over_trend,minskning,False,507,254,148,2,2,0.29191321499013806,0.5826771653543307,0.5384615384615384,1.0821147356580427,0.04421562689279224
exakt_noll,C,Sysselsättning,validering,vid_eller_over_trend,stabilt,False,507,254,4,2,2,0.007889546351084813,0.015748031496062992,0.015779092702169626,0.998031496062992,-3.1061206106634126e-05
exakt_noll,C,Sysselsättning,validering,vid_eller_over_trend,okning,False,507,254,102,2,2,0.20118343195266272,0.4015748031496063,0.4457593688362919,0.9008779875966831,-0.044184565686685606
exakt_noll,C,Sysselsättning,senare_ar,under_trend,minskning,False,739,371,222,3,3,0.3004059539918809,0.5983827493261455,0.5859269282814614,1.021258318133999,0.012455821044684123
exakt_noll,C,Sysselsättning,senare_ar,under_trend,stabilt,False,739,371,6,3,3,0.008119079837618403,0.016172506738544475,0.018944519621109608,0.8536773199845976,-0.002772012882565133
exakt_noll,C,Sysselsättning,senare_ar,under_trend,okning,False,739,371,143,3,3,0.19350473612990526,0.38544474393531,0.395128552097429,0.9754920060554592,-0.009683808162119
exakt_noll,C,Sysselsättning,senare_ar,vid_eller_over_trend,minskning,False,739,368,211,3,3,0.2855209742895805,0.5733695652173914,0.5859269282814614,0.9785683803594739,-0.01255736306407007
exakt_noll,C,Sysselsättning,senare_ar,vid_eller_over_trend,stabilt,False,739,368,8,3,3,0.010825439783491205,0.021739130434782608,0.018944519621109608,1.1475155279503104,0.002794610813673
exakt_noll,C,Sysselsättning,senare_ar,vid_eller_over_trend,okning,False,739,368,149,3,3,0.20162381596752368,0.4048913043478261,0.395128552097429,1.0247077873734365,0.009762752250397133
exakt_noll,C,Varuexport,traning,under_trend,minskning,False,1519,633,301,5,5,0.19815668202764977,0.4755134281200632,0.47860434496379195,0.9935418119867621,-0.0030909168437287526
exakt_noll,C,Varuexport,traning,under_trend,stabilt,False,1519,633,14,5,5,0.009216589861751152,0.022116903633491312,0.018433179723502304,1.1998420221169037,0.0036837239099890076
exakt_noll,C,Varuexport,traning,under_trend,okning,False,1519,633,318,5,5,0.20934825543120475,0.5023696682464455,0.5029624753127058,0.998821369196794,-0.0005928070662603036
exakt_noll,C,Varuexport,traning,vid_eller_over_trend,minskning,False,1519,886,426,7,7,0.2804476629361422,0.48081264108352145,0.47860434496379195,1.0046140327453494,0.0022082961197295026
exakt_noll,C,Varuexport,traning,vid_eller_over_trend,stabilt,False,1519,886,14,7,6,0.009216589861751152,0.01580135440180587,0.018433179723502304,0.8572234762979685,-0.002631825321696434
exakt_noll,C,Varuexport,traning,vid_eller_over_trend,okning,False,1519,886,446,7,7,0.293614219881501,0.5033860045146726,0.5029624753127058,1.000842069185586,0.0004235292019668657
exakt_noll,C,Varuexport,validering,under_trend,minskning,False,507,380,199,3,3,0.39250493096646943,0.5236842105263158,0.5384615384615384,0.9725563909774436,-0.014777327935222684
exakt_noll,C,Varuexport,validering,under_trend,stabilt,False,507,380,5,3,3,0.009861932938856016,0.013157894736842105,0.015779092702169626,0.8338815789473684,-0.0026211979653275215
exakt_noll,C,Varuexport,validering,under_trend,okning,False,507,380,176,3,3,0.34714003944773175,0.4631578947368421,0.4457593688362919,1.03903120633442,0.017398525900550188
exakt_noll,C,Varuexport,validering,vid_eller_over_trend,minskning,False,507,127,74,1,1,0.14595660749506903,0.5826771653543307,0.5384615384615384,1.0821147356580427,0.04421562689279224
exakt_noll,C,Varuexport,validering,vid_eller_over_trend,stabilt,False,507,127,3,1,1,0.005917159763313609,0.023622047244094488,0.015779092702169626,1.4970472440944882,0.007842954541924862
exakt_noll,C,Varuexport,validering,vid_eller_over_trend,okning,False,507,127,50,1,1,0.09861932938856016,0.3937007874015748,0.4457593688362919,0.8832137133300816,-0.05205858143471709
exakt_noll,C,Varuexport,senare_ar,under_trend,minskning,False,739,120,62,1,1,0.08389715832205684,0.5166666666666667,0.5859269282814614,0.8817936874518861,-0.0692602616147947
exakt_noll,C,Varuexport,senare_ar,under_trend,stabilt,False,739,120,2,1,1,0.0027063599458728013,0.016666666666666666,0.018944519621109608,0.8797619047619047,-0.0022778529544429417
exakt_noll,C,Varuexport,senare_ar,under_trend,okning,False,739,120,56,1,1,0.07577807848443843,0.4666666666666667,0.395128552097429,1.1810502283105022,0.0715381145692377
exakt_noll,C,Varuexport,senare_ar,vid_eller_over_trend,minskning,False,739,619,371,5,5,0.5020297699594046,0.5993537964458805,0.5859269282814614,1.0229156017863872,0.01342686816441907
exakt_noll,C,Varuexport,senare_ar,vid_eller_over_trend,stabilt,False,739,619,12,5,5,0.016238159675236806,0.01938610662358643,0.018944519621109608,1.0233094853450264,0.00044158700247682106
exakt_noll,C,Varuexport,senare_ar,vid_eller_over_trend,okning,False,739,619,236,5,5,0.3193504736129905,0.38126009693053314,0.395128552097429,0.9649014096974794,-0.013868455166895832
exakt_noll,C,Varuimport,traning,under_trend,minskning,False,1519,761,346,6,6,0.22778143515470706,0.45466491458607095,0.47860434496379195,0.9499807500085857,-0.023939430377721005
exakt_noll,C,Varuimport,traning,under_trend,stabilt,False,1519,761,13,6,6,0.008558262014483212,0.017082785808147174,0.018433179723502304,0.9267411300919842,-0.0013503939153551303
exakt_noll,C,Varuimport,traning,under_trend,okning,False,1519,761,402,6,6,0.2646477946017117,0.5282522996057819,0.5029624753127058,1.0502817318078308,0.025289824293076135
exakt_noll,C,Varuimport,traning,vid_eller_over_trend,minskning,False,1519,758,381,6,6,0.25082290980908495,0.5026385224274407,0.47860434496379195,1.0502172153607736,0.02403417746364872
exakt_noll,C,Varuimport,traning,vid_eller_over_trend,stabilt,False,1519,758,15,6,5,0.009874917709019092,0.01978891820580475,0.018433179723502304,1.0735488126649078,0.0013557384823024467
exakt_noll,C,Varuimport,traning,vid_eller_over_trend,okning,False,1519,758,362,6,6,0.23831468071099407,0.47757255936675463,0.5029624753127058,0.9495192639765709,-0.025389915945951136
exakt_noll,C,Varuimport,validering,under_trend,minskning,False,507,253,125,2,2,0.2465483234714004,0.49407114624505927,0.5384615384615384,0.9175607001693958,-0.04439039221647917
exakt_noll,C,Varuimport,validering,under_trend,stabilt,False,507,253,4,2,2,0.007889546351084813,0.015810276679841896,0.015779092702169626,1.0019762845849802,3.118397767227013e-05
exakt_noll,C,Varuimport,validering,under_trend,okning,False,507,253,124,2,2,0.2445759368836292,0.4901185770750988,0.4457593688362919,1.0995137990136066,0.0443592082388069
exakt_noll,C,Varuimport,validering,vid_eller_over_trend,minskning,False,507,254,148,2,2,0.29191321499013806,0.5826771653543307,0.5384615384615384,1.0821147356580427,0.04421562689279224
exakt_noll,C,Varuimport,validering,vid_eller_over_trend,stabilt,False,507,254,4,2,2,0.007889546351084813,0.015748031496062992,0.015779092702169626,0.998031496062992,-3.1061206106634126e-05
exakt_noll,C,Varuimport,validering,vid_eller_over_trend,okning,False,507,254,102,2,2,0.20118343195266272,0.4015748031496063,0.4457593688362919,0.9008779875966831,-0.044184565686685606
exakt_noll,C,Varuimport,senare_ar,under_trend,minskning,False,739,366,190,3,3,0.2571041948579161,0.5191256830601093,0.5859269282814614,0.8859904844836508,-0.06680124522135211
exakt_noll,C,Varuimport,senare_ar,under_trend,stabilt,False,739,366,8,3,3,0.010825439783491205,0.02185792349726776,0.018944519621109608,1.1537861046057767,0.0029134038761581514
exakt_noll,C,Varuimport,senare_ar,under_trend,okning,False,739,366,168,3,3,0.2273342354533153,0.45901639344262296,0.395128552097429,1.1616887491578711,0.06388784134519399
exakt_noll,C,Varuimport,senare_ar,vid_eller_over_trend,minskning,False,739,373,243,3,3,0.32882273342354534,0.6514745308310992,0.5859269282814614,1.1118699267533079,0.06554760254963776
exakt_noll,C,Varuimport,senare_ar,vid_eller_over_trend,stabilt,False,739,373,6,3,3,0.008119079837618403,0.0160857908847185,0.018944519621109608,0.8490999617004978,-0.002858728736391109
exakt_noll,C,Varuimport,senare_ar,vid_eller_over_trend,okning,False,739,373,124,3,3,0.16779431664411368,0.3324396782841823,0.395128552097429,0.8413456241507217,-0.06268887381324667
neutral_002,A,Arbetade timmar,traning,under_trend,minskning,False,552,368,137,8,8,0.24818840579710144,0.37228260869565216,0.42391304347826086,0.8782051282051282,-0.0516304347826087
neutral_002,A,Arbetade timmar,traning,under_trend,stabilt,False,552,368,53,8,8,0.09601449275362318,0.14402173913043478,0.125,1.1521739130434783,0.019021739130434784
neutral_002,A,Arbetade timmar,traning,under_trend,okning,False,552,368,178,8,8,0.322463768115942,0.483695652173913,0.45108695652173914,1.072289156626506,0.03260869565217389
neutral_002,A,Arbetade timmar,traning,vid_eller_over_trend,minskning,False,552,184,97,4,4,0.17572463768115942,0.5271739130434783,0.42391304347826086,1.2435897435897436,0.1032608695652174
neutral_002,A,Arbetade timmar,traning,vid_eller_over_trend,stabilt,False,552,184,16,4,4,0.028985507246376812,0.08695652173913043,0.125,0.6956521739130435,-0.03804347826086957
neutral_002,A,Arbetade timmar,traning,vid_eller_over_trend,okning,False,552,184,71,4,4,0.1286231884057971,0.3858695652173913,0.45108695652173914,0.8554216867469879,-0.06521739130434784
neutral_002,A,Arbetade timmar,validering,under_trend,minskning,False,184,46,21,1,1,0.11413043478260869,0.45652173913043476,0.592391304347826,0.7706422018348624,-0.1358695652173913
neutral_002,A,Arbetade timmar,validering,under_trend,stabilt,False,184,46,6,1,1,0.03260869565217391,0.13043478260869565,0.11956521739130435,1.0909090909090908,0.010869565217391297
neutral_002,A,Arbetade timmar,validering,under_trend,okning,False,184,46,19,1,1,0.10326086956521739,0.41304347826086957,0.28804347826086957,1.4339622641509433,0.125
neutral_002,A,Arbetade timmar,validering,vid_eller_over_trend,minskning,False,184,138,88,3,3,0.4782608695652174,0.6376811594202898,0.592391304347826,1.0764525993883791,0.04528985507246375
neutral_002,A,Arbetade timmar,validering,vid_eller_over_trend,stabilt,False,184,138,16,3,3,0.08695652173913043,0.11594202898550725,0.11956521739130435,0.9696969696969697,-0.0036231884057971037
neutral_002,A,Arbetade timmar,validering,vid_eller_over_trend,okning,False,184,138,34,3,3,0.18478260869565216,0.2463768115942029,0.28804347826086957,0.8553459119496856,-0.04166666666666666
neutral_002,A,Arbetade timmar,senare_ar,under_trend,minskning,False,276,92,50,2,2,0.18115942028985507,0.5434782608695652,0.5108695652173914,1.0638297872340423,0.032608695652173836
neutral_002,A,Arbetade timmar,senare_ar,under_trend,stabilt,False,276,92,16,2,2,0.057971014492753624,0.17391304347826086,0.17028985507246377,1.0212765957446808,0.00362318840579709
neutral_002,A,Arbetade timmar,senare_ar,under_trend,okning,False,276,92,26,2,2,0.09420289855072464,0.2826086956521739,0.3188405797101449,0.8863636363636364,-0.03623188405797101
neutral_002,A,Arbetade timmar,senare_ar,vid_eller_over_trend,minskning,False,276,184,91,4,4,0.32971014492753625,0.4945652173913043,0.5108695652173914,0.9680851063829786,-0.01630434782608703
neutral_002,A,Arbetade timmar,senare_ar,vid_eller_over_trend,stabilt,False,276,184,31,4,4,0.11231884057971014,0.16847826086956522,0.17028985507246377,0.9893617021276595,-0.0018115942028985588
neutral_002,A,Arbetade timmar,senare_ar,vid_eller_over_trend,okning,False,276,184,62,4,4,0.2246376811594203,0.33695652173913043,0.3188405797101449,1.0568181818181819,0.018115942028985532
neutral_002,A,BNP kvartal,traning,under_trend,minskning,False,552,322,151,7,7,0.27355072463768115,0.468944099378882,0.42391304347826086,1.1062271062271063,0.04503105590062112
neutral_002,A,BNP kvartal,traning,under_trend,stabilt,False,552,322,44,7,7,0.07971014492753623,0.13664596273291926,0.125,1.093167701863354,0.011645962732919263
neutral_002,A,BNP kvartal,traning,under_trend,okning,False,552,322,127,7,7,0.23007246376811594,0.3944099378881988,0.45108695652173914,0.8743545611015491,-0.056677018633540355
neutral_002,A,BNP kvartal,traning,vid_eller_over_trend,minskning,False,552,230,83,5,5,0.1503623188405797,0.36086956521739133,0.42391304347826086,0.8512820512820514,-0.06304347826086953
neutral_002,A,BNP kvartal,traning,vid_eller_over_trend,stabilt,False,552,230,25,5,5,0.04528985507246377,0.10869565217391304,0.125,0.8695652173913043,-0.01630434782608696
neutral_002,A,BNP kvartal,traning,vid_eller_over_trend,okning,False,552,230,122,5,5,0.2210144927536232,0.5304347826086957,0.45108695652173914,1.1759036144578314,0.07934782608695656
neutral_002,A,BNP kvartal,validering,under_trend,minskning,False,184,0,0,0,0,0.0,,0.592391304347826,,
neutral_002,A,BNP kvartal,validering,under_trend,stabilt,False,184,0,0,0,0,0.0,,0.11956521739130435,,
neutral_002,A,BNP kvartal,validering,under_trend,okning,False,184,0,0,0,0,0.0,,0.28804347826086957,,
neutral_002,A,BNP kvartal,validering,vid_eller_over_trend,minskning,False,184,184,109,4,4,0.592391304347826,0.592391304347826,0.592391304347826,1.0,0.0
neutral_002,A,BNP kvartal,validering,vid_eller_over_trend,stabilt,False,184,184,22,4,4,0.11956521739130435,0.11956521739130435,0.11956521739130435,1.0,0.0
neutral_002,A,BNP kvartal,validering,vid_eller_over_trend,okning,False,184,184,53,4,4,0.28804347826086957,0.28804347826086957,0.28804347826086957,1.0,0.0
neutral_002,A,BNP kvartal,senare_ar,under_trend,minskning,False,276,92,34,2,2,0.12318840579710146,0.3695652173913043,0.5108695652173914,0.7234042553191489,-0.14130434782608703
neutral_002,A,BNP kvartal,senare_ar,under_trend,stabilt,False,276,92,20,2,2,0.07246376811594203,0.21739130434782608,0.17028985507246377,1.276595744680851,0.047101449275362306
neutral_002,A,BNP kvartal,senare_ar,under_trend,okning,False,276,92,38,2,2,0.13768115942028986,0.41304347826086957,0.3188405797101449,1.2954545454545456,0.09420289855072467
neutral_002,A,BNP kvartal,senare_ar,vid_eller_over_trend,minskning,False,276,184,107,4,4,0.38768115942028986,0.5815217391304348,0.5108695652173914,1.1382978723404256,0.07065217391304346
neutral_002,A,BNP kvartal,senare_ar,vid_eller_over_trend,stabilt,False,276,184,27,4,4,0.09782608695652174,0.14673913043478262,0.17028985507246377,0.8617021276595745,-0.023550724637681153
neutral_002,A,BNP kvartal,senare_ar,vid_eller_over_trend,okning,False,276,184,50,4,4,0.18115942028985507,0.2717391304347826,0.3188405797101449,0.8522727272727273,-0.047101449275362306
neutral_002,A,BNP-indikator månad,traning,under_trend,minskning,False,552,322,151,7,7,0.27355072463768115,0.468944099378882,0.42391304347826086,1.1062271062271063,0.04503105590062112
neutral_002,A,BNP-indikator månad,traning,under_trend,stabilt,False,552,322,44,7,7,0.07971014492753623,0.13664596273291926,0.125,1.093167701863354,0.011645962732919263
neutral_002,A,BNP-indikator månad,traning,under_trend,okning,False,552,322,127,7,7,0.23007246376811594,0.3944099378881988,0.45108695652173914,0.8743545611015491,-0.056677018633540355
neutral_002,A,BNP-indikator månad,traning,vid_eller_over_trend,minskning,False,552,230,83,5,5,0.1503623188405797,0.36086956521739133,0.42391304347826086,0.8512820512820514,-0.06304347826086953
neutral_002,A,BNP-indikator månad,traning,vid_eller_over_trend,stabilt,False,552,230,25,5,5,0.04528985507246377,0.10869565217391304,0.125,0.8695652173913043,-0.01630434782608696
neutral_002,A,BNP-indikator månad,traning,vid_eller_over_trend,okning,False,552,230,122,5,5,0.2210144927536232,0.5304347826086957,0.45108695652173914,1.1759036144578314,0.07934782608695656
neutral_002,A,BNP-indikator månad,validering,under_trend,minskning,False,184,0,0,0,0,0.0,,0.592391304347826,,
neutral_002,A,BNP-indikator månad,validering,under_trend,stabilt,False,184,0,0,0,0,0.0,,0.11956521739130435,,
neutral_002,A,BNP-indikator månad,validering,under_trend,okning,False,184,0,0,0,0,0.0,,0.28804347826086957,,
neutral_002,A,BNP-indikator månad,validering,vid_eller_over_trend,minskning,False,184,184,109,4,4,0.592391304347826,0.592391304347826,0.592391304347826,1.0,0.0
neutral_002,A,BNP-indikator månad,validering,vid_eller_over_trend,stabilt,False,184,184,22,4,4,0.11956521739130435,0.11956521739130435,0.11956521739130435,1.0,0.0
neutral_002,A,BNP-indikator månad,validering,vid_eller_over_trend,okning,False,184,184,53,4,4,0.28804347826086957,0.28804347826086957,0.28804347826086957,1.0,0.0
neutral_002,A,BNP-indikator månad,senare_ar,under_trend,minskning,False,276,138,55,3,3,0.19927536231884058,0.39855072463768115,0.5108695652173914,0.7801418439716311,-0.1123188405797102
neutral_002,A,BNP-indikator månad,senare_ar,under_trend,stabilt,False,276,138,27,3,3,0.09782608695652174,0.1956521739130435,0.17028985507246377,1.148936170212766,0.025362318840579712
neutral_002,A,BNP-indikator månad,senare_ar,under_trend,okning,False,276,138,56,3,3,0.2028985507246377,0.4057971014492754,0.3188405797101449,1.272727272727273,0.08695652173913049
neutral_002,A,BNP-indikator månad,senare_ar,vid_eller_over_trend,minskning,False,276,138,86,3,3,0.3115942028985507,0.6231884057971014,0.5108695652173914,1.2198581560283686,0.11231884057971009
neutral_002,A,BNP-indikator månad,senare_ar,vid_eller_over_trend,stabilt,False,276,138,20,3,3,0.07246376811594203,0.14492753623188406,0.17028985507246377,0.851063829787234,-0.025362318840579712
neutral_002,A,BNP-indikator månad,senare_ar,vid_eller_over_trend,okning,False,276,138,32,3,3,0.11594202898550725,0.2318840579710145,0.3188405797101449,0.7272727272727273,-0.0869565217391304
neutral_002,A,Detaljhandel sällanköpsvaror,traning,under_trend,minskning,False,552,368,138,8,8,0.25,0.375,0.42391304347826086,0.8846153846153846,-0.048913043478260865
neutral_002,A,Detaljhandel sällanköpsvaror,traning,under_trend,stabilt,False,552,368,50,8,8,0.09057971014492754,0.1358695652173913,0.125,1.0869565217391304,0.010869565217391297
neutral_002,A,Detaljhandel sällanköpsvaror,traning,under_trend,okning,False,552,368,180,8,8,0.32608695652173914,0.4891304347826087,0.45108695652173914,1.0843373493975903,0.03804347826086957
neutral_002,A,Detaljhandel sällanköpsvaror,traning,vid_eller_over_trend,minskning,False,552,184,96,4,4,0.17391304347826086,0.5217391304347826,0.42391304347826086,1.2307692307692308,0.09782608695652173
neutral_002,A,Detaljhandel sällanköpsvaror,traning,vid_eller_over_trend,stabilt,False,552,184,19,4,4,0.034420289855072464,0.10326086956521739,0.125,0.8260869565217391,-0.021739130434782608
neutral_002,A,Detaljhandel sällanköpsvaror,traning,vid_eller_over_trend,okning,False,552,184,69,4,4,0.125,0.375,0.45108695652173914,0.8313253012048193,-0.07608695652173914
neutral_002,A,Detaljhandel sällanköpsvaror,validering,under_trend,minskning,False,184,46,29,1,1,0.15760869565217392,0.6304347826086957,0.592391304347826,1.0642201834862386,0.03804347826086962
neutral_002,A,Detaljhandel sällanköpsvaror,validering,under_trend,stabilt,False,184,46,7,1,1,0.03804347826086957,0.15217391304347827,0.11956521739130435,1.2727272727272727,0.03260869565217392
neutral_002,A,Detaljhandel sällanköpsvaror,validering,under_trend,okning,False,184,46,10,1,1,0.05434782608695652,0.21739130434782608,0.28804347826086957,0.7547169811320754,-0.07065217391304349
neutral_002,A,Detaljhandel sällanköpsvaror,validering,vid_eller_over_trend,minskning,False,184,138,80,3,3,0.43478260869565216,0.5797101449275363,0.592391304347826,0.9785932721712539,-0.0126811594202898
neutral_002,A,Detaljhandel sällanköpsvaror,validering,vid_eller_over_trend,stabilt,False,184,138,15,3,3,0.08152173913043478,0.10869565217391304,0.11956521739130435,0.9090909090909091,-0.010869565217391311
neutral_002,A,Detaljhandel sällanköpsvaror,validering,vid_eller_over_trend,okning,False,184,138,43,3,3,0.23369565217391305,0.3115942028985507,0.28804347826086957,1.0817610062893082,0.023550724637681153
neutral_002,A,Detaljhandel sällanköpsvaror,senare_ar,under_trend,minskning,False,276,92,34,2,2,0.12318840579710146,0.3695652173913043,0.5108695652173914,0.7234042553191489,-0.14130434782608703
neutral_002,A,Detaljhandel sällanköpsvaror,senare_ar,under_trend,stabilt,False,276,92,20,2,2,0.07246376811594203,0.21739130434782608,0.17028985507246377,1.276595744680851,0.047101449275362306
neutral_002,A,Detaljhandel sällanköpsvaror,senare_ar,under_trend,okning,False,276,92,38,2,2,0.13768115942028986,0.41304347826086957,0.3188405797101449,1.2954545454545456,0.09420289855072467
neutral_002,A,Detaljhandel sällanköpsvaror,senare_ar,vid_eller_over_trend,minskning,False,276,184,107,4,4,0.38768115942028986,0.5815217391304348,0.5108695652173914,1.1382978723404256,0.07065217391304346
neutral_002,A,Detaljhandel sällanköpsvaror,senare_ar,vid_eller_over_trend,stabilt,False,276,184,27,4,4,0.09782608695652174,0.14673913043478262,0.17028985507246377,0.8617021276595745,-0.023550724637681153
neutral_002,A,Detaljhandel sällanköpsvaror,senare_ar,vid_eller_over_trend,okning,False,276,184,50,4,4,0.18115942028985507,0.2717391304347826,0.3188405797101449,0.8522727272727273,-0.047101449275362306
neutral_002,A,Hushållens konfidensindikator,traning,under_trend,minskning,False,552,138,54,3,3,0.09782608695652174,0.391304347826087,0.42391304347826086,0.9230769230769231,-0.03260869565217389
neutral_002,A,Hushållens konfidensindikator,traning,under_trend,stabilt,False,552,138,16,3,3,0.028985507246376812,0.11594202898550725,0.125,0.927536231884058,-0.009057971014492752
neutral_002,A,Hushållens konfidensindikator,traning,under_trend,okning,False,552,138,68,3,3,0.12318840579710146,0.4927536231884058,0.45108695652173914,1.0923694779116466,0.041666666666666685
neutral_002,A,Hushållens konfidensindikator,traning,vid_eller_over_trend,minskning,False,552,414,180,9,9,0.32608695652173914,0.43478260869565216,0.42391304347826086,1.0256410256410255,0.010869565217391297
neutral_002,A,Hushållens konfidensindikator,traning,vid_eller_over_trend,stabilt,False,552,414,53,9,9,0.09601449275362318,0.1280193236714976,0.125,1.0241545893719808,0.003019323671497598
neutral_002,A,Hushållens konfidensindikator,traning,vid_eller_over_trend,okning,False,552,414,181,9,9,0.3278985507246377,0.43719806763285024,0.45108695652173914,0.9692101740294511,-0.013888888888888895
neutral_002,A,Hushållens konfidensindikator,validering,under_trend,minskning,False,184,0,0,0,0,0.0,,0.592391304347826,,
neutral_002,A,Hushållens konfidensindikator,validering,under_trend,stabilt,False,184,0,0,0,0,0.0,,0.11956521739130435,,
neutral_002,A,Hushållens konfidensindikator,validering,under_trend,okning,False,184,0,0,0,0,0.0,,0.28804347826086957,,
neutral_002,A,Hushållens konfidensindikator,validering,vid_eller_over_trend,minskning,False,184,184,109,4,4,0.592391304347826,0.592391304347826,0.592391304347826,1.0,0.0
neutral_002,A,Hushållens konfidensindikator,validering,vid_eller_over_trend,stabilt,False,184,184,22,4,4,0.11956521739130435,0.11956521739130435,0.11956521739130435,1.0,0.0
neutral_002,A,Hushållens konfidensindikator,validering,vid_eller_over_trend,okning,False,184,184,53,4,4,0.28804347826086957,0.28804347826086957,0.28804347826086957,1.0,0.0
neutral_002,A,Hushållens konfidensindikator,senare_ar,under_trend,minskning,False,276,230,105,5,5,0.3804347826086957,0.45652173913043476,0.5108695652173914,0.8936170212765956,-0.0543478260869566
neutral_002,A,Hushållens konfidensindikator,senare_ar,under_trend,stabilt,False,276,230,43,5,5,0.15579710144927536,0.18695652173913044,0.17028985507246377,1.097872340425532,0.016666666666666663
neutral_002,A,Hushållens konfidensindikator,senare_ar,under_trend,okning,False,276,230,82,5,5,0.2971014492753623,0.3565217391304348,0.3188405797101449,1.1181818181818182,0.03768115942028988
neutral_002,A,Hushållens konfidensindikator,senare_ar,vid_eller_over_trend,minskning,False,276,46,36,1,1,0.13043478260869565,0.782608695652174,0.5108695652173914,1.5319148936170213,0.2717391304347826
neutral_002,A,Hushållens konfidensindikator,senare_ar,vid_eller_over_trend,stabilt,False,276,46,4,1,1,0.014492753623188406,0.08695652173913043,0.17028985507246377,0.5106382978723404,-0.08333333333333334
neutral_002,A,Hushållens konfidensindikator,senare_ar,vid_eller_over_trend,okning,False,276,46,6,1,1,0.021739130434782608,0.13043478260869565,0.3188405797101449,0.4090909090909091,-0.18840579710144925
neutral_002,A,Hushållens konsumtion,traning,under_trend,minskning,False,552,414,177,9,9,0.32065217391304346,0.427536231884058,0.42391304347826086,1.0085470085470085,0.0036231884057971175
neutral_002,A,Hushållens konsumtion,traning,under_trend,stabilt,False,552,414,52,9,9,0.09420289855072464,0.12560386473429952,0.125,1.0048309178743962,0.0006038647342995196
neutral_002,A,Hushållens konsumtion,traning,under_trend,okning,False,552,414,185,9,9,0.3351449275362319,0.4468599033816425,0.45108695652173914,0.9906291834002677,-0.004227053140096637
neutral_002,A,Hushållens konsumtion,traning,vid_eller_over_trend,minskning,False,552,138,57,3,3,0.10326086956521739,0.41304347826086957,0.42391304347826086,0.9743589743589743,-0.010869565217391297
neutral_002,A,Hushållens konsumtion,traning,vid_eller_over_trend,stabilt,False,552,138,17,3,3,0.030797101449275364,0.12318840579710146,0.125,0.9855072463768116,-0.001811594202898545
neutral_002,A,Hushållens konsumtion,traning,vid_eller_over_trend,okning,False,552,138,64,3,3,0.11594202898550725,0.463768115942029,0.45108695652173914,1.0281124497991967,0.012681159420289856
neutral_002,A,Hushållens konsumtion,validering,under_trend,minskning,False,184,46,21,1,1,0.11413043478260869,0.45652173913043476,0.592391304347826,0.7706422018348624,-0.1358695652173913
neutral_002,A,Hushållens konsumtion,validering,under_trend,stabilt,False,184,46,6,1,1,0.03260869565217391,0.13043478260869565,0.11956521739130435,1.0909090909090908,0.010869565217391297
neutral_002,A,Hushållens konsumtion,validering,under_trend,okning,False,184,46,19,1,1,0.10326086956521739,0.41304347826086957,0.28804347826086957,1.4339622641509433,0.125
neutral_002,A,Hushållens konsumtion,validering,vid_eller_over_trend,minskning,False,184,138,88,3,3,0.4782608695652174,0.6376811594202898,0.592391304347826,1.0764525993883791,0.04528985507246375
neutral_002,A,Hushållens konsumtion,validering,vid_eller_over_trend,stabilt,False,184,138,16,3,3,0.08695652173913043,0.11594202898550725,0.11956521739130435,0.9696969696969697,-0.0036231884057971037
neutral_002,A,Hushållens konsumtion,validering,vid_eller_over_trend,okning,False,184,138,34,3,3,0.18478260869565216,0.2463768115942029,0.28804347826086957,0.8553459119496856,-0.04166666666666666
neutral_002,A,Hushållens konsumtion,senare_ar,under_trend,minskning,False,276,92,34,2,2,0.12318840579710146,0.3695652173913043,0.5108695652173914,0.7234042553191489,-0.14130434782608703
neutral_002,A,Hushållens konsumtion,senare_ar,under_trend,stabilt,False,276,92,20,2,2,0.07246376811594203,0.21739130434782608,0.17028985507246377,1.276595744680851,0.047101449275362306
neutral_002,A,Hushållens konsumtion,senare_ar,under_trend,okning,False,276,92,38,2,2,0.13768115942028986,0.41304347826086957,0.3188405797101449,1.2954545454545456,0.09420289855072467
neutral_002,A,Hushållens konsumtion,senare_ar,vid_eller_over_trend,minskning,False,276,184,107,4,4,0.38768115942028986,0.5815217391304348,0.5108695652173914,1.1382978723404256,0.07065217391304346
neutral_002,A,Hushållens konsumtion,senare_ar,vid_eller_over_trend,stabilt,False,276,184,27,4,4,0.09782608695652174,0.14673913043478262,0.17028985507246377,0.8617021276595745,-0.023550724637681153
neutral_002,A,Hushållens konsumtion,senare_ar,vid_eller_over_trend,okning,False,276,184,50,4,4,0.18115942028985507,0.2717391304347826,0.3188405797101449,0.8522727272727273,-0.047101449275362306
neutral_002,A,Industrins orderingång,traning,under_trend,minskning,False,552,322,151,7,7,0.27355072463768115,0.468944099378882,0.42391304347826086,1.1062271062271063,0.04503105590062112
neutral_002,A,Industrins orderingång,traning,under_trend,stabilt,False,552,322,44,7,7,0.07971014492753623,0.13664596273291926,0.125,1.093167701863354,0.011645962732919263
neutral_002,A,Industrins orderingång,traning,under_trend,okning,False,552,322,127,7,7,0.23007246376811594,0.3944099378881988,0.45108695652173914,0.8743545611015491,-0.056677018633540355
neutral_002,A,Industrins orderingång,traning,vid_eller_over_trend,minskning,False,552,230,83,5,5,0.1503623188405797,0.36086956521739133,0.42391304347826086,0.8512820512820514,-0.06304347826086953
neutral_002,A,Industrins orderingång,traning,vid_eller_over_trend,stabilt,False,552,230,25,5,5,0.04528985507246377,0.10869565217391304,0.125,0.8695652173913043,-0.01630434782608696
neutral_002,A,Industrins orderingång,traning,vid_eller_over_trend,okning,False,552,230,122,5,5,0.2210144927536232,0.5304347826086957,0.45108695652173914,1.1759036144578314,0.07934782608695656
neutral_002,A,Industrins orderingång,validering,under_trend,minskning,False,184,92,57,2,2,0.30978260869565216,0.6195652173913043,0.592391304347826,1.0458715596330275,0.02717391304347827
neutral_002,A,Industrins orderingång,validering,under_trend,stabilt,False,184,92,10,2,2,0.05434782608695652,0.10869565217391304,0.11956521739130435,0.9090909090909091,-0.010869565217391311
neutral_002,A,Industrins orderingång,validering,under_trend,okning,False,184,92,25,2,2,0.1358695652173913,0.2717391304347826,0.28804347826086957,0.9433962264150942,-0.016304347826086973
neutral_002,A,Industrins orderingång,validering,vid_eller_over_trend,minskning,False,184,92,52,2,2,0.2826086956521739,0.5652173913043478,0.592391304347826,0.9541284403669724,-0.02717391304347827
neutral_002,A,Industrins orderingång,validering,vid_eller_over_trend,stabilt,False,184,92,12,2,2,0.06521739130434782,0.13043478260869565,0.11956521739130435,1.0909090909090908,0.010869565217391297
neutral_002,A,Industrins orderingång,validering,vid_eller_over_trend,okning,False,184,92,28,2,2,0.15217391304347827,0.30434782608695654,0.28804347826086957,1.0566037735849056,0.016304347826086973
neutral_002,A,Industrins orderingång,senare_ar,under_trend,minskning,False,276,92,34,2,2,0.12318840579710146,0.3695652173913043,0.5108695652173914,0.7234042553191489,-0.14130434782608703
neutral_002,A,Industrins orderingång,senare_ar,under_trend,stabilt,False,276,92,20,2,2,0.07246376811594203,0.21739130434782608,0.17028985507246377,1.276595744680851,0.047101449275362306
neutral_002,A,Industrins orderingång,senare_ar,under_trend,okning,False,276,92,38,2,2,0.13768115942028986,0.41304347826086957,0.3188405797101449,1.2954545454545456,0.09420289855072467
neutral_002,A,Industrins orderingång,senare_ar,vid_eller_over_trend,minskning,False,276,184,107,4,4,0.38768115942028986,0.5815217391304348,0.5108695652173914,1.1382978723404256,0.07065217391304346
neutral_002,A,Industrins orderingång,senare_ar,vid_eller_over_trend,stabilt,False,276,184,27,4,4,0.09782608695652174,0.14673913043478262,0.17028985507246377,0.8617021276595745,-0.023550724637681153
neutral_002,A,Industrins orderingång,senare_ar,vid_eller_over_trend,okning,False,276,184,50,4,4,0.18115942028985507,0.2717391304347826,0.3188405797101449,0.8522727272727273,-0.047101449275362306
neutral_002,A,Nyregistrerade lastbilar,traning,under_trend,minskning,False,552,322,151,7,7,0.27355072463768115,0.468944099378882,0.42391304347826086,1.1062271062271063,0.04503105590062112
neutral_002,A,Nyregistrerade lastbilar,traning,under_trend,stabilt,False,552,322,44,7,7,0.07971014492753623,0.13664596273291926,0.125,1.093167701863354,0.011645962732919263
neutral_002,A,Nyregistrerade lastbilar,traning,under_trend,okning,False,552,322,127,7,7,0.23007246376811594,0.3944099378881988,0.45108695652173914,0.8743545611015491,-0.056677018633540355
neutral_002,A,Nyregistrerade lastbilar,traning,vid_eller_over_trend,minskning,False,552,230,83,5,5,0.1503623188405797,0.36086956521739133,0.42391304347826086,0.8512820512820514,-0.06304347826086953
neutral_002,A,Nyregistrerade lastbilar,traning,vid_eller_over_trend,stabilt,False,552,230,25,5,5,0.04528985507246377,0.10869565217391304,0.125,0.8695652173913043,-0.01630434782608696
neutral_002,A,Nyregistrerade lastbilar,traning,vid_eller_over_trend,okning,False,552,230,122,5,5,0.2210144927536232,0.5304347826086957,0.45108695652173914,1.1759036144578314,0.07934782608695656
neutral_002,A,Nyregistrerade lastbilar,validering,under_trend,minskning,False,184,46,21,1,1,0.11413043478260869,0.45652173913043476,0.592391304347826,0.7706422018348624,-0.1358695652173913
neutral_002,A,Nyregistrerade lastbilar,validering,under_trend,stabilt,False,184,46,6,1,1,0.03260869565217391,0.13043478260869565,0.11956521739130435,1.0909090909090908,0.010869565217391297
neutral_002,A,Nyregistrerade lastbilar,validering,under_trend,okning,False,184,46,19,1,1,0.10326086956521739,0.41304347826086957,0.28804347826086957,1.4339622641509433,0.125
neutral_002,A,Nyregistrerade lastbilar,validering,vid_eller_over_trend,minskning,False,184,138,88,3,3,0.4782608695652174,0.6376811594202898,0.592391304347826,1.0764525993883791,0.04528985507246375
neutral_002,A,Nyregistrerade lastbilar,validering,vid_eller_over_trend,stabilt,False,184,138,16,3,3,0.08695652173913043,0.11594202898550725,0.11956521739130435,0.9696969696969697,-0.0036231884057971037
neutral_002,A,Nyregistrerade lastbilar,validering,vid_eller_over_trend,okning,False,184,138,34,3,3,0.18478260869565216,0.2463768115942029,0.28804347826086957,0.8553459119496856,-0.04166666666666666
neutral_002,A,Nyregistrerade lastbilar,senare_ar,under_trend,minskning,False,276,138,86,3,3,0.3115942028985507,0.6231884057971014,0.5108695652173914,1.2198581560283686,0.11231884057971009
neutral_002,A,Nyregistrerade lastbilar,senare_ar,under_trend,stabilt,False,276,138,15,3,3,0.05434782608695652,0.10869565217391304,0.17028985507246377,0.6382978723404255,-0.061594202898550734
neutral_002,A,Nyregistrerade lastbilar,senare_ar,under_trend,okning,False,276,138,37,3,3,0.13405797101449277,0.26811594202898553,0.3188405797101449,0.840909090909091,-0.05072463768115937
neutral_002,A,Nyregistrerade lastbilar,senare_ar,vid_eller_over_trend,minskning,False,276,138,55,3,3,0.19927536231884058,0.39855072463768115,0.5108695652173914,0.7801418439716311,-0.1123188405797102
neutral_002,A,Nyregistrerade lastbilar,senare_ar,vid_eller_over_trend,stabilt,False,276,138,32,3,3,0.11594202898550725,0.2318840579710145,0.17028985507246377,1.3617021276595744,0.06159420289855072
neutral_002,A,Nyregistrerade lastbilar,senare_ar,vid_eller_over_trend,okning,False,276,138,51,3,3,0.18478260869565216,0.3695652173913043,0.3188405797101449,1.1590909090909092,0.050724637681159424
neutral_002,A,Nyregistrerade personbilar,traning,under_trend,minskning,False,552,276,121,6,6,0.21920289855072464,0.4384057971014493,0.42391304347826086,1.0341880341880343,0.014492753623188415
neutral_002,A,Nyregistrerade personbilar,traning,under_trend,stabilt,False,552,276,37,6,6,0.06702898550724638,0.13405797101449277,0.125,1.0724637681159421,0.009057971014492766
neutral_002,A,Nyregistrerade personbilar,traning,under_trend,okning,False,552,276,118,6,6,0.213768115942029,0.427536231884058,0.45108695652173914,0.9477911646586346,-0.023550724637681153
neutral_002,A,Nyregistrerade personbilar,traning,vid_eller_over_trend,minskning,False,552,276,113,6,6,0.20471014492753623,0.40942028985507245,0.42391304347826086,0.9658119658119658,-0.014492753623188415
neutral_002,A,Nyregistrerade personbilar,traning,vid_eller_over_trend,stabilt,False,552,276,32,6,6,0.057971014492753624,0.11594202898550725,0.125,0.927536231884058,-0.009057971014492752
neutral_002,A,Nyregistrerade personbilar,traning,vid_eller_over_trend,okning,False,552,276,131,6,6,0.23731884057971014,0.4746376811594203,0.45108695652173914,1.0522088353413654,0.023550724637681153
neutral_002,A,Nyregistrerade personbilar,validering,under_trend,minskning,False,184,0,0,0,0,0.0,,0.592391304347826,,
neutral_002,A,Nyregistrerade personbilar,validering,under_trend,stabilt,False,184,0,0,0,0,0.0,,0.11956521739130435,,
neutral_002,A,Nyregistrerade personbilar,validering,under_trend,okning,False,184,0,0,0,0,0.0,,0.28804347826086957,,
neutral_002,A,Nyregistrerade personbilar,validering,vid_eller_over_trend,minskning,False,184,184,109,4,4,0.592391304347826,0.592391304347826,0.592391304347826,1.0,0.0
neutral_002,A,Nyregistrerade personbilar,validering,vid_eller_over_trend,stabilt,False,184,184,22,4,4,0.11956521739130435,0.11956521739130435,0.11956521739130435,1.0,0.0
neutral_002,A,Nyregistrerade personbilar,validering,vid_eller_over_trend,okning,False,184,184,53,4,4,0.28804347826086957,0.28804347826086957,0.28804347826086957,1.0,0.0
neutral_002,A,Nyregistrerade personbilar,senare_ar,under_trend,minskning,False,276,230,120,5,5,0.43478260869565216,0.5217391304347826,0.5108695652173914,1.0212765957446808,0.010869565217391242
neutral_002,A,Nyregistrerade personbilar,senare_ar,under_trend,stabilt,False,276,230,35,5,5,0.12681159420289856,0.15217391304347827,0.17028985507246377,0.8936170212765958,-0.018115942028985504
neutral_002,A,Nyregistrerade personbilar,senare_ar,under_trend,okning,False,276,230,75,5,5,0.2717391304347826,0.32608695652173914,0.3188405797101449,1.022727272727273,0.007246376811594235
neutral_002,A,Nyregistrerade personbilar,senare_ar,vid_eller_over_trend,minskning,False,276,46,21,1,1,0.07608695652173914,0.45652173913043476,0.5108695652173914,0.8936170212765956,-0.0543478260869566
neutral_002,A,Nyregistrerade personbilar,senare_ar,vid_eller_over_trend,stabilt,False,276,46,12,1,1,0.043478260869565216,0.2608695652173913,0.17028985507246377,1.5319148936170213,0.09057971014492752
neutral_002,A,Nyregistrerade personbilar,senare_ar,vid_eller_over_trend,okning,False,276,46,13,1,1,0.04710144927536232,0.2826086956521739,0.3188405797101449,0.8863636363636364,-0.03623188405797101
neutral_002,A,Näringslivets efterfrågan,traning,under_trend,minskning,False,552,322,151,7,7,0.27355072463768115,0.468944099378882,0.42391304347826086,1.1062271062271063,0.04503105590062112
neutral_002,A,Näringslivets efterfrågan,traning,under_trend,stabilt,False,552,322,44,7,7,0.07971014492753623,0.13664596273291926,0.125,1.093167701863354,0.011645962732919263
neutral_002,A,Näringslivets efterfrågan,traning,under_trend,okning,False,552,322,127,7,7,0.23007246376811594,0.3944099378881988,0.45108695652173914,0.8743545611015491,-0.056677018633540355
neutral_002,A,Näringslivets efterfrågan,traning,vid_eller_over_trend,minskning,False,552,230,83,5,5,0.1503623188405797,0.36086956521739133,0.42391304347826086,0.8512820512820514,-0.06304347826086953
neutral_002,A,Näringslivets efterfrågan,traning,vid_eller_over_trend,stabilt,False,552,230,25,5,5,0.04528985507246377,0.10869565217391304,0.125,0.8695652173913043,-0.01630434782608696
neutral_002,A,Näringslivets efterfrågan,traning,vid_eller_over_trend,okning,False,552,230,122,5,5,0.2210144927536232,0.5304347826086957,0.45108695652173914,1.1759036144578314,0.07934782608695656
neutral_002,A,Näringslivets efterfrågan,validering,under_trend,minskning,False,184,0,0,0,0,0.0,,0.592391304347826,,
neutral_002,A,Näringslivets efterfrågan,validering,under_trend,stabilt,False,184,0,0,0,0,0.0,,0.11956521739130435,,
neutral_002,A,Näringslivets efterfrågan,validering,under_trend,okning,False,184,0,0,0,0,0.0,,0.28804347826086957,,
neutral_002,A,Näringslivets efterfrågan,validering,vid_eller_over_trend,minskning,False,184,184,109,4,4,0.592391304347826,0.592391304347826,0.592391304347826,1.0,0.0
neutral_002,A,Näringslivets efterfrågan,validering,vid_eller_over_trend,stabilt,False,184,184,22,4,4,0.11956521739130435,0.11956521739130435,0.11956521739130435,1.0,0.0
neutral_002,A,Näringslivets efterfrågan,validering,vid_eller_over_trend,okning,False,184,184,53,4,4,0.28804347826086957,0.28804347826086957,0.28804347826086957,1.0,0.0
neutral_002,A,Näringslivets efterfrågan,senare_ar,under_trend,minskning,False,276,138,55,3,3,0.19927536231884058,0.39855072463768115,0.5108695652173914,0.7801418439716311,-0.1123188405797102
neutral_002,A,Näringslivets efterfrågan,senare_ar,under_trend,stabilt,False,276,138,27,3,3,0.09782608695652174,0.1956521739130435,0.17028985507246377,1.148936170212766,0.025362318840579712
neutral_002,A,Näringslivets efterfrågan,senare_ar,under_trend,okning,False,276,138,56,3,3,0.2028985507246377,0.4057971014492754,0.3188405797101449,1.272727272727273,0.08695652173913049
neutral_002,A,Näringslivets efterfrågan,senare_ar,vid_eller_over_trend,minskning,False,276,138,86,3,3,0.3115942028985507,0.6231884057971014,0.5108695652173914,1.2198581560283686,0.11231884057971009
neutral_002,A,Näringslivets efterfrågan,senare_ar,vid_eller_over_trend,stabilt,False,276,138,20,3,3,0.07246376811594203,0.14492753623188406,0.17028985507246377,0.851063829787234,-0.025362318840579712
neutral_002,A,Näringslivets efterfrågan,senare_ar,vid_eller_over_trend,okning,False,276,138,32,3,3,0.11594202898550725,0.2318840579710145,0.3188405797101449,0.7272727272727273,-0.0869565217391304
neutral_002,A,Näringslivets produktion,traning,under_trend,minskning,False,552,322,151,7,7,0.27355072463768115,0.468944099378882,0.42391304347826086,1.1062271062271063,0.04503105590062112
neutral_002,A,Näringslivets produktion,traning,under_trend,stabilt,False,552,322,44,7,7,0.07971014492753623,0.13664596273291926,0.125,1.093167701863354,0.011645962732919263
neutral_002,A,Näringslivets produktion,traning,under_trend,okning,False,552,322,127,7,7,0.23007246376811594,0.3944099378881988,0.45108695652173914,0.8743545611015491,-0.056677018633540355
neutral_002,A,Näringslivets produktion,traning,vid_eller_over_trend,minskning,False,552,230,83,5,5,0.1503623188405797,0.36086956521739133,0.42391304347826086,0.8512820512820514,-0.06304347826086953
neutral_002,A,Näringslivets produktion,traning,vid_eller_over_trend,stabilt,False,552,230,25,5,5,0.04528985507246377,0.10869565217391304,0.125,0.8695652173913043,-0.01630434782608696
neutral_002,A,Näringslivets produktion,traning,vid_eller_over_trend,okning,False,552,230,122,5,5,0.2210144927536232,0.5304347826086957,0.45108695652173914,1.1759036144578314,0.07934782608695656
neutral_002,A,Näringslivets produktion,validering,under_trend,minskning,False,184,46,21,1,1,0.11413043478260869,0.45652173913043476,0.592391304347826,0.7706422018348624,-0.1358695652173913
neutral_002,A,Näringslivets produktion,validering,under_trend,stabilt,False,184,46,6,1,1,0.03260869565217391,0.13043478260869565,0.11956521739130435,1.0909090909090908,0.010869565217391297
neutral_002,A,Näringslivets produktion,validering,under_trend,okning,False,184,46,19,1,1,0.10326086956521739,0.41304347826086957,0.28804347826086957,1.4339622641509433,0.125
neutral_002,A,Näringslivets produktion,validering,vid_eller_over_trend,minskning,False,184,138,88,3,3,0.4782608695652174,0.6376811594202898,0.592391304347826,1.0764525993883791,0.04528985507246375
neutral_002,A,Näringslivets produktion,validering,vid_eller_over_trend,stabilt,False,184,138,16,3,3,0.08695652173913043,0.11594202898550725,0.11956521739130435,0.9696969696969697,-0.0036231884057971037
neutral_002,A,Näringslivets produktion,validering,vid_eller_over_trend,okning,False,184,138,34,3,3,0.18478260869565216,0.2463768115942029,0.28804347826086957,0.8553459119496856,-0.04166666666666666
neutral_002,A,Näringslivets produktion,senare_ar,under_trend,minskning,False,276,138,55,3,3,0.19927536231884058,0.39855072463768115,0.5108695652173914,0.7801418439716311,-0.1123188405797102
neutral_002,A,Näringslivets produktion,senare_ar,under_trend,stabilt,False,276,138,27,3,3,0.09782608695652174,0.1956521739130435,0.17028985507246377,1.148936170212766,0.025362318840579712
neutral_002,A,Näringslivets produktion,senare_ar,under_trend,okning,False,276,138,56,3,3,0.2028985507246377,0.4057971014492754,0.3188405797101449,1.272727272727273,0.08695652173913049
neutral_002,A,Näringslivets produktion,senare_ar,vid_eller_over_trend,minskning,False,276,138,86,3,3,0.3115942028985507,0.6231884057971014,0.5108695652173914,1.2198581560283686,0.11231884057971009
neutral_002,A,Näringslivets produktion,senare_ar,vid_eller_over_trend,stabilt,False,276,138,20,3,3,0.07246376811594203,0.14492753623188406,0.17028985507246377,0.851063829787234,-0.025362318840579712
neutral_002,A,Näringslivets produktion,senare_ar,vid_eller_over_trend,okning,False,276,138,32,3,3,0.11594202898550725,0.2318840579710145,0.3188405797101449,0.7272727272727273,-0.0869565217391304
neutral_002,A,Sysselsättning,traning,under_trend,minskning,False,552,460,194,10,10,0.35144927536231885,0.4217391304347826,0.42391304347826086,0.9948717948717949,-0.0021739130434782483
neutral_002,A,Sysselsättning,traning,under_trend,stabilt,False,552,460,60,10,10,0.10869565217391304,0.13043478260869565,0.125,1.0434782608695652,0.0054347826086956486
neutral_002,A,Sysselsättning,traning,under_trend,okning,False,552,460,206,10,10,0.37318840579710144,0.44782608695652176,0.45108695652173914,0.9927710843373494,-0.0032608695652173725
neutral_002,A,Sysselsättning,traning,vid_eller_over_trend,minskning,False,552,92,40,2,2,0.07246376811594203,0.43478260869565216,0.42391304347826086,1.0256410256410255,0.010869565217391297
neutral_002,A,Sysselsättning,traning,vid_eller_over_trend,stabilt,False,552,92,9,2,2,0.016304347826086956,0.09782608695652174,0.125,0.782608695652174,-0.027173913043478257
neutral_002,A,Sysselsättning,traning,vid_eller_over_trend,okning,False,552,92,43,2,2,0.07789855072463768,0.4673913043478261,0.45108695652173914,1.036144578313253,0.016304347826086973
neutral_002,A,Sysselsättning,validering,under_trend,minskning,False,184,92,57,2,2,0.30978260869565216,0.6195652173913043,0.592391304347826,1.0458715596330275,0.02717391304347827
neutral_002,A,Sysselsättning,validering,under_trend,stabilt,False,184,92,10,2,2,0.05434782608695652,0.10869565217391304,0.11956521739130435,0.9090909090909091,-0.010869565217391311
neutral_002,A,Sysselsättning,validering,under_trend,okning,False,184,92,25,2,2,0.1358695652173913,0.2717391304347826,0.28804347826086957,0.9433962264150942,-0.016304347826086973
neutral_002,A,Sysselsättning,validering,vid_eller_over_trend,minskning,False,184,92,52,2,2,0.2826086956521739,0.5652173913043478,0.592391304347826,0.9541284403669724,-0.02717391304347827
neutral_002,A,Sysselsättning,validering,vid_eller_over_trend,stabilt,False,184,92,12,2,2,0.06521739130434782,0.13043478260869565,0.11956521739130435,1.0909090909090908,0.010869565217391297
neutral_002,A,Sysselsättning,validering,vid_eller_over_trend,okning,False,184,92,28,2,2,0.15217391304347827,0.30434782608695654,0.28804347826086957,1.0566037735849056,0.016304347826086973
neutral_002,A,Sysselsättning,senare_ar,under_trend,minskning,False,276,138,71,3,3,0.2572463768115942,0.5144927536231884,0.5108695652173914,1.0070921985815602,0.0036231884057970065
neutral_002,A,Sysselsättning,senare_ar,under_trend,stabilt,False,276,138,23,3,3,0.08333333333333333,0.16666666666666666,0.17028985507246377,0.978723404255319,-0.0036231884057971175
neutral_002,A,Sysselsättning,senare_ar,under_trend,okning,False,276,138,44,3,3,0.15942028985507245,0.3188405797101449,0.3188405797101449,1.0,0.0
neutral_002,A,Sysselsättning,senare_ar,vid_eller_over_trend,minskning,False,276,138,70,3,3,0.2536231884057971,0.5072463768115942,0.5108695652173914,0.9929078014184397,-0.0036231884057971175
neutral_002,A,Sysselsättning,senare_ar,vid_eller_over_trend,stabilt,False,276,138,24,3,3,0.08695652173913043,0.17391304347826086,0.17028985507246377,1.0212765957446808,0.00362318840579709
neutral_002,A,Sysselsättning,senare_ar,vid_eller_over_trend,okning,False,276,138,44,3,3,0.15942028985507245,0.3188405797101449,0.3188405797101449,1.0,0.0
neutral_002,A,Varuexport,traning,under_trend,minskning,False,552,230,117,5,5,0.21195652173913043,0.508695652173913,0.42391304347826086,1.2,0.08478260869565213
neutral_002,A,Varuexport,traning,under_trend,stabilt,False,552,230,27,5,5,0.04891304347826087,0.11739130434782609,0.125,0.9391304347826087,-0.007608695652173911
neutral_002,A,Varuexport,traning,under_trend,okning,False,552,230,86,5,5,0.15579710144927536,0.3739130434782609,0.45108695652173914,0.8289156626506025,-0.07717391304347826
neutral_002,A,Varuexport,traning,vid_eller_over_trend,minskning,False,552,322,117,7,7,0.21195652173913043,0.36335403726708076,0.42391304347826086,0.8571428571428572,-0.0605590062111801
neutral_002,A,Varuexport,traning,vid_eller_over_trend,stabilt,False,552,322,42,7,7,0.07608695652173914,0.13043478260869565,0.125,1.0434782608695652,0.0054347826086956486
neutral_002,A,Varuexport,traning,vid_eller_over_trend,okning,False,552,322,163,7,7,0.29528985507246375,0.5062111801242236,0.45108695652173914,1.1222030981067126,0.05512422360248448
neutral_002,A,Varuexport,validering,under_trend,minskning,False,184,138,80,3,3,0.43478260869565216,0.5797101449275363,0.592391304347826,0.9785932721712539,-0.0126811594202898
neutral_002,A,Varuexport,validering,under_trend,stabilt,False,184,138,15,3,3,0.08152173913043478,0.10869565217391304,0.11956521739130435,0.9090909090909091,-0.010869565217391311
neutral_002,A,Varuexport,validering,under_trend,okning,False,184,138,43,3,3,0.23369565217391305,0.3115942028985507,0.28804347826086957,1.0817610062893082,0.023550724637681153
neutral_002,A,Varuexport,validering,vid_eller_over_trend,minskning,False,184,46,29,1,1,0.15760869565217392,0.6304347826086957,0.592391304347826,1.0642201834862386,0.03804347826086962
neutral_002,A,Varuexport,validering,vid_eller_over_trend,stabilt,False,184,46,7,1,1,0.03804347826086957,0.15217391304347827,0.11956521739130435,1.2727272727272727,0.03260869565217392
neutral_002,A,Varuexport,validering,vid_eller_over_trend,okning,False,184,46,10,1,1,0.05434782608695652,0.21739130434782608,0.28804347826086957,0.7547169811320754,-0.07065217391304349
neutral_002,A,Varuexport,senare_ar,under_trend,minskning,False,276,46,14,1,1,0.050724637681159424,0.30434782608695654,0.5108695652173914,0.5957446808510638,-0.2065217391304348
neutral_002,A,Varuexport,senare_ar,under_trend,stabilt,False,276,46,12,1,1,0.043478260869565216,0.2608695652173913,0.17028985507246377,1.5319148936170213,0.09057971014492752
neutral_002,A,Varuexport,senare_ar,under_trend,okning,False,276,46,20,1,1,0.07246376811594203,0.43478260869565216,0.3188405797101449,1.3636363636363638,0.11594202898550726
neutral_002,A,Varuexport,senare_ar,vid_eller_over_trend,minskning,False,276,230,127,5,5,0.4601449275362319,0.5521739130434783,0.5108695652173914,1.0808510638297872,0.04130434782608694
neutral_002,A,Varuexport,senare_ar,vid_eller_over_trend,stabilt,False,276,230,35,5,5,0.12681159420289856,0.15217391304347827,0.17028985507246377,0.8936170212765958,-0.018115942028985504
neutral_002,A,Varuexport,senare_ar,vid_eller_over_trend,okning,False,276,230,68,5,5,0.2463768115942029,0.2956521739130435,0.3188405797101449,0.9272727272727274,-0.023188405797101408
neutral_002,A,Varuimport,traning,under_trend,minskning,False,552,276,100,6,6,0.18115942028985507,0.36231884057971014,0.42391304347826086,0.8547008547008547,-0.06159420289855072
neutral_002,A,Varuimport,traning,under_trend,stabilt,False,552,276,38,6,6,0.06884057971014493,0.13768115942028986,0.125,1.1014492753623188,0.012681159420289856
neutral_002,A,Varuimport,traning,under_trend,okning,False,552,276,138,6,6,0.25,0.5,0.45108695652173914,1.108433734939759,0.048913043478260865
neutral_002,A,Varuimport,traning,vid_eller_over_trend,minskning,False,552,276,134,6,6,0.2427536231884058,0.4855072463768116,0.42391304347826086,1.1452991452991452,0.06159420289855072
neutral_002,A,Varuimport,traning,vid_eller_over_trend,stabilt,False,552,276,31,6,6,0.05615942028985507,0.11231884057971014,0.125,0.8985507246376812,-0.012681159420289856
neutral_002,A,Varuimport,traning,vid_eller_over_trend,okning,False,552,276,111,6,6,0.20108695652173914,0.40217391304347827,0.45108695652173914,0.891566265060241,-0.048913043478260865
neutral_002,A,Varuimport,validering,under_trend,minskning,False,184,92,57,2,2,0.30978260869565216,0.6195652173913043,0.592391304347826,1.0458715596330275,0.02717391304347827
neutral_002,A,Varuimport,validering,under_trend,stabilt,False,184,92,10,2,2,0.05434782608695652,0.10869565217391304,0.11956521739130435,0.9090909090909091,-0.010869565217391311
neutral_002,A,Varuimport,validering,under_trend,okning,False,184,92,25,2,2,0.1358695652173913,0.2717391304347826,0.28804347826086957,0.9433962264150942,-0.016304347826086973
neutral_002,A,Varuimport,validering,vid_eller_over_trend,minskning,False,184,92,52,2,2,0.2826086956521739,0.5652173913043478,0.592391304347826,0.9541284403669724,-0.02717391304347827
neutral_002,A,Varuimport,validering,vid_eller_over_trend,stabilt,False,184,92,12,2,2,0.06521739130434782,0.13043478260869565,0.11956521739130435,1.0909090909090908,0.010869565217391297
neutral_002,A,Varuimport,validering,vid_eller_over_trend,okning,False,184,92,28,2,2,0.15217391304347827,0.30434782608695654,0.28804347826086957,1.0566037735849056,0.016304347826086973
neutral_002,A,Varuimport,senare_ar,under_trend,minskning,False,276,138,55,3,3,0.19927536231884058,0.39855072463768115,0.5108695652173914,0.7801418439716311,-0.1123188405797102
neutral_002,A,Varuimport,senare_ar,under_trend,stabilt,False,276,138,27,3,3,0.09782608695652174,0.1956521739130435,0.17028985507246377,1.148936170212766,0.025362318840579712
neutral_002,A,Varuimport,senare_ar,under_trend,okning,False,276,138,56,3,3,0.2028985507246377,0.4057971014492754,0.3188405797101449,1.272727272727273,0.08695652173913049
neutral_002,A,Varuimport,senare_ar,vid_eller_over_trend,minskning,False,276,138,86,3,3,0.3115942028985507,0.6231884057971014,0.5108695652173914,1.2198581560283686,0.11231884057971009
neutral_002,A,Varuimport,senare_ar,vid_eller_over_trend,stabilt,False,276,138,20,3,3,0.07246376811594203,0.14492753623188406,0.17028985507246377,0.851063829787234,-0.025362318840579712
neutral_002,A,Varuimport,senare_ar,vid_eller_over_trend,okning,False,276,138,32,3,3,0.11594202898550725,0.2318840579710145,0.3188405797101449,0.7272727272727273,-0.0869565217391304
neutral_002,B,Arbetade timmar,traning,under_trend,minskning,False,1300,868,336,8,8,0.25846153846153846,0.3870967741935484,0.4076923076923077,0.9494826536822885,-0.02059553349875931
neutral_002,B,Arbetade timmar,traning,under_trend,stabilt,False,1300,868,104,8,8,0.08,0.11981566820276497,0.11461538461538462,1.0453716017690904,0.005200283587380353
neutral_002,B,Arbetade timmar,traning,under_trend,okning,False,1300,868,428,8,8,0.3292307692307692,0.4930875576036866,0.4776923076923077,1.0322283814569928,0.015395249911378917
neutral_002,B,Arbetade timmar,traning,vid_eller_over_trend,minskning,False,1300,432,194,4,4,0.14923076923076922,0.44907407407407407,0.4076923076923077,1.1015024458420686,0.04138176638176638
neutral_002,B,Arbetade timmar,traning,vid_eller_over_trend,stabilt,False,1300,432,45,4,4,0.03461538461538462,0.10416666666666667,0.11461538461538462,0.9088366890380314,-0.010448717948717948
neutral_002,B,Arbetade timmar,traning,vid_eller_over_trend,okning,False,1300,432,193,4,4,0.14846153846153845,0.44675925925925924,0.4776923076923077,0.9352448261465974,-0.03093304843304845
neutral_002,B,Arbetade timmar,validering,under_trend,minskning,False,432,108,40,1,1,0.09259259259259259,0.37037037037037035,0.48148148148148145,0.7692307692307693,-0.1111111111111111
neutral_002,B,Arbetade timmar,validering,under_trend,stabilt,False,432,108,16,1,1,0.037037037037037035,0.14814814814814814,0.13194444444444445,1.1228070175438596,0.016203703703703692
neutral_002,B,Arbetade timmar,validering,under_trend,okning,False,432,108,52,1,1,0.12037037037037036,0.48148148148148145,0.38657407407407407,1.2455089820359282,0.09490740740740738
neutral_002,B,Arbetade timmar,validering,vid_eller_over_trend,minskning,False,432,324,168,3,3,0.3888888888888889,0.5185185185185185,0.48148148148148145,1.0769230769230769,0.037037037037037035
neutral_002,B,Arbetade timmar,validering,vid_eller_over_trend,stabilt,False,432,324,41,3,3,0.09490740740740741,0.12654320987654322,0.13194444444444445,0.9590643274853802,-0.005401234567901231
neutral_002,B,Arbetade timmar,validering,vid_eller_over_trend,okning,False,432,324,115,3,3,0.2662037037037037,0.3549382716049383,0.38657407407407407,0.9181636726546907,-0.031635802469135776
neutral_002,B,Arbetade timmar,senare_ar,under_trend,minskning,False,644,214,127,2,2,0.1972049689440994,0.5934579439252337,0.5543478260869565,1.0705515851200293,0.039110117838277114
neutral_002,B,Arbetade timmar,senare_ar,under_trend,stabilt,False,644,214,20,2,2,0.031055900621118012,0.09345794392523364,0.11801242236024845,0.7919331037875061,-0.024554478435014807
neutral_002,B,Arbetade timmar,senare_ar,under_trend,okning,False,644,214,67,2,2,0.10403726708074534,0.3130841121495327,0.327639751552795,0.9555742569871993,-0.014555639403262322
neutral_002,B,Arbetade timmar,senare_ar,vid_eller_over_trend,minskning,False,644,430,230,4,4,0.35714285714285715,0.5348837209302325,0.5543478260869565,0.9648882808937528,-0.019464105156724032
neutral_002,B,Arbetade timmar,senare_ar,vid_eller_over_trend,stabilt,False,644,430,56,4,4,0.08695652173913043,0.13023255813953488,0.11801242236024845,1.1035495716034271,0.012220135779286434
neutral_002,B,Arbetade timmar,senare_ar,vid_eller_over_trend,okning,False,644,430,144,4,4,0.2236024844720497,0.33488372093023255,0.327639751552795,1.0221095558249753,0.0072439693774375424
neutral_002,B,BNP kvartal,traning,under_trend,minskning,False,1300,759,331,7,7,0.25461538461538463,0.43610013175230566,0.4076923076923077,1.0696795684490517,0.028407824059997977
neutral_002,B,BNP kvartal,traning,under_trend,stabilt,False,1300,759,94,7,7,0.07230769230769231,0.12384716732542819,0.11461538461538462,1.0805457551882995,0.009231782710043573
neutral_002,B,BNP kvartal,traning,under_trend,okning,False,1300,759,334,7,7,0.2569230769230769,0.4400527009222661,0.4776923076923077,0.9212053320433912,-0.03763960677004158
neutral_002,B,BNP kvartal,traning,vid_eller_over_trend,minskning,False,1300,541,199,5,5,0.15307692307692308,0.3678373382624769,0.4076923076923077,0.9022425278136226,-0.0398549694298308
neutral_002,B,BNP kvartal,traning,vid_eller_over_trend,stabilt,False,1300,541,55,5,5,0.04230769230769231,0.10166358595194085,0.11461538461538462,0.8869977297820342,-0.012951798663443773
neutral_002,B,BNP kvartal,traning,vid_eller_over_trend,okning,False,1300,541,287,5,5,0.22076923076923077,0.5304990757855823,0.4776923076923077,1.1105455692773865,0.052806768093274614
neutral_002,B,BNP kvartal,validering,under_trend,minskning,False,432,0,0,0,0,0.0,,0.48148148148148145,,
neutral_002,B,BNP kvartal,validering,under_trend,stabilt,False,432,0,0,0,0,0.0,,0.13194444444444445,,
neutral_002,B,BNP kvartal,validering,under_trend,okning,False,432,0,0,0,0,0.0,,0.38657407407407407,,
neutral_002,B,BNP kvartal,validering,vid_eller_over_trend,minskning,False,432,432,208,4,4,0.48148148148148145,0.48148148148148145,0.48148148148148145,1.0,0.0
neutral_002,B,BNP kvartal,validering,vid_eller_over_trend,stabilt,False,432,432,57,4,4,0.13194444444444445,0.13194444444444445,0.13194444444444445,1.0,0.0
neutral_002,B,BNP kvartal,validering,vid_eller_over_trend,okning,False,432,432,167,4,4,0.38657407407407407,0.38657407407407407,0.38657407407407407,1.0,0.0
neutral_002,B,BNP kvartal,senare_ar,under_trend,minskning,False,644,213,105,2,2,0.16304347826086957,0.49295774647887325,0.5543478260869565,0.8892571112952223,-0.06139007960808329
neutral_002,B,BNP kvartal,senare_ar,under_trend,stabilt,False,644,213,29,2,2,0.04503105590062112,0.13615023474178403,0.11801242236024845,1.1536940943909069,0.018137812381535584
neutral_002,B,BNP kvartal,senare_ar,under_trend,okning,False,644,213,79,2,2,0.12267080745341614,0.37089201877934275,0.327639751552795,1.1320116592127807,0.043252267226547736
neutral_002,B,BNP kvartal,senare_ar,vid_eller_over_trend,minskning,False,644,431,252,4,4,0.391304347826087,0.5846867749419954,0.5543478260869565,1.0547290842090897,0.03033894885503885
neutral_002,B,BNP kvartal,senare_ar,vid_eller_over_trend,stabilt,False,644,431,47,4,4,0.07298136645962733,0.10904872389791183,0.11801242236024845,0.9240444498717791,-0.00896369846233662
neutral_002,B,BNP kvartal,senare_ar,vid_eller_over_trend,okning,False,644,431,132,4,4,0.20496894409937888,0.3062645011600928,0.327639751552795,0.9347598992753544,-0.021375250392702216
neutral_002,B,BNP-indikator månad,traning,under_trend,minskning,False,1300,759,331,7,7,0.25461538461538463,0.43610013175230566,0.4076923076923077,1.0696795684490517,0.028407824059997977
neutral_002,B,BNP-indikator månad,traning,under_trend,stabilt,False,1300,759,94,7,7,0.07230769230769231,0.12384716732542819,0.11461538461538462,1.0805457551882995,0.009231782710043573
neutral_002,B,BNP-indikator månad,traning,under_trend,okning,False,1300,759,334,7,7,0.2569230769230769,0.4400527009222661,0.4776923076923077,0.9212053320433912,-0.03763960677004158
neutral_002,B,BNP-indikator månad,traning,vid_eller_over_trend,minskning,False,1300,541,199,5,5,0.15307692307692308,0.3678373382624769,0.4076923076923077,0.9022425278136226,-0.0398549694298308
neutral_002,B,BNP-indikator månad,traning,vid_eller_over_trend,stabilt,False,1300,541,55,5,5,0.04230769230769231,0.10166358595194085,0.11461538461538462,0.8869977297820342,-0.012951798663443773
neutral_002,B,BNP-indikator månad,traning,vid_eller_over_trend,okning,False,1300,541,287,5,5,0.22076923076923077,0.5304990757855823,0.4776923076923077,1.1105455692773865,0.052806768093274614
neutral_002,B,BNP-indikator månad,validering,under_trend,minskning,False,432,0,0,0,0,0.0,,0.48148148148148145,,
neutral_002,B,BNP-indikator månad,validering,under_trend,stabilt,False,432,0,0,0,0,0.0,,0.13194444444444445,,
neutral_002,B,BNP-indikator månad,validering,under_trend,okning,False,432,0,0,0,0,0.0,,0.38657407407407407,,
neutral_002,B,BNP-indikator månad,validering,vid_eller_over_trend,minskning,False,432,432,208,4,4,0.48148148148148145,0.48148148148148145,0.48148148148148145,1.0,0.0
neutral_002,B,BNP-indikator månad,validering,vid_eller_over_trend,stabilt,False,432,432,57,4,4,0.13194444444444445,0.13194444444444445,0.13194444444444445,1.0,0.0
neutral_002,B,BNP-indikator månad,validering,vid_eller_over_trend,okning,False,432,432,167,4,4,0.38657407407407407,0.38657407407407407,0.38657407407407407,1.0,0.0
neutral_002,B,BNP-indikator månad,senare_ar,under_trend,minskning,False,644,321,146,3,3,0.2267080745341615,0.45482866043613707,0.5543478260869565,0.8204752305906786,-0.09951916565081947
neutral_002,B,BNP-indikator månad,senare_ar,under_trend,stabilt,False,644,321,44,3,3,0.06832298136645963,0.13707165109034267,0.11801242236024845,1.161501885555009,0.01905922873009422
neutral_002,B,BNP-indikator månad,senare_ar,under_trend,okning,False,644,321,131,3,3,0.20341614906832298,0.40809968847352024,0.327639751552795,1.2455744046300807,0.08045993692072523
neutral_002,B,BNP-indikator månad,senare_ar,vid_eller_over_trend,minskning,False,644,323,211,3,3,0.327639751552795,0.653250773993808,0.5543478260869565,1.1784131609300066,0.0989029479068515
neutral_002,B,BNP-indikator månad,senare_ar,vid_eller_over_trend,stabilt,False,644,323,32,3,3,0.049689440993788817,0.09907120743034056,0.11801242236024845,0.8394981261202542,-0.018941214929907885
neutral_002,B,BNP-indikator månad,senare_ar,vid_eller_over_trend,okning,False,644,323,80,3,3,0.12422360248447205,0.2476780185758514,0.327639751552795,0.7559461799187124,-0.07996173297694362
neutral_002,B,Detaljhandel sällanköpsvaror,traning,under_trend,minskning,False,1300,868,340,8,8,0.26153846153846155,0.391705069124424,0.4076923076923077,0.9607860186070777,-0.0159872385678837
neutral_002,B,Detaljhandel sällanköpsvaror,traning,under_trend,stabilt,False,1300,868,108,8,8,0.08307692307692308,0.12442396313364056,0.11461538461538462,1.0855782018371323,0.009808578518255937
neutral_002,B,Detaljhandel sällanköpsvaror,traning,under_trend,okning,False,1300,868,420,8,8,0.3230769230769231,0.4838709677419355,0.4776923076923077,1.0129343930185446,0.006178660049627804
neutral_002,B,Detaljhandel sällanköpsvaror,traning,vid_eller_over_trend,minskning,False,1300,432,190,4,4,0.14615384615384616,0.4398148148148148,0.4076923076923077,1.0787910552061495,0.03212250712250714
neutral_002,B,Detaljhandel sällanköpsvaror,traning,vid_eller_over_trend,stabilt,False,1300,432,41,4,4,0.031538461538461536,0.09490740740740741,0.11461538461538462,0.8280512055679841,-0.019707977207977206
neutral_002,B,Detaljhandel sällanköpsvaror,traning,vid_eller_over_trend,okning,False,1300,432,201,4,4,0.15461538461538463,0.4652777777777778,0.4776923076923077,0.9740114510645912,-0.012414529914529904
neutral_002,B,Detaljhandel sällanköpsvaror,validering,under_trend,minskning,False,432,108,57,1,1,0.13194444444444445,0.5277777777777778,0.48148148148148145,1.0961538461538463,0.046296296296296335
neutral_002,B,Detaljhandel sällanköpsvaror,validering,under_trend,stabilt,False,432,108,14,1,1,0.032407407407407406,0.12962962962962962,0.13194444444444445,0.9824561403508771,-0.002314814814814825
neutral_002,B,Detaljhandel sällanköpsvaror,validering,under_trend,okning,False,432,108,37,1,1,0.08564814814814815,0.3425925925925926,0.38657407407407407,0.8862275449101797,-0.043981481481481455
neutral_002,B,Detaljhandel sällanköpsvaror,validering,vid_eller_over_trend,minskning,False,432,324,151,3,3,0.34953703703703703,0.4660493827160494,0.48148148148148145,0.9679487179487181,-0.015432098765432056
neutral_002,B,Detaljhandel sällanköpsvaror,validering,vid_eller_over_trend,stabilt,False,432,324,43,3,3,0.09953703703703703,0.13271604938271606,0.13194444444444445,1.0058479532163742,0.0007716049382716084
neutral_002,B,Detaljhandel sällanköpsvaror,validering,vid_eller_over_trend,okning,False,432,324,130,3,3,0.30092592592592593,0.4012345679012346,0.38657407407407407,1.037924151696607,0.014660493827160503
neutral_002,B,Detaljhandel sällanköpsvaror,senare_ar,under_trend,minskning,False,644,213,105,2,2,0.16304347826086957,0.49295774647887325,0.5543478260869565,0.8892571112952223,-0.06139007960808329
neutral_002,B,Detaljhandel sällanköpsvaror,senare_ar,under_trend,stabilt,False,644,213,29,2,2,0.04503105590062112,0.13615023474178403,0.11801242236024845,1.1536940943909069,0.018137812381535584
neutral_002,B,Detaljhandel sällanköpsvaror,senare_ar,under_trend,okning,False,644,213,79,2,2,0.12267080745341614,0.37089201877934275,0.327639751552795,1.1320116592127807,0.043252267226547736
neutral_002,B,Detaljhandel sällanköpsvaror,senare_ar,vid_eller_over_trend,minskning,False,644,431,252,4,4,0.391304347826087,0.5846867749419954,0.5543478260869565,1.0547290842090897,0.03033894885503885
neutral_002,B,Detaljhandel sällanköpsvaror,senare_ar,vid_eller_over_trend,stabilt,False,644,431,47,4,4,0.07298136645962733,0.10904872389791183,0.11801242236024845,0.9240444498717791,-0.00896369846233662
neutral_002,B,Detaljhandel sällanköpsvaror,senare_ar,vid_eller_over_trend,okning,False,644,431,132,4,4,0.20496894409937888,0.3062645011600928,0.327639751552795,0.9347598992753544,-0.021375250392702216
neutral_002,B,Hushållens konfidensindikator,traning,under_trend,minskning,False,1300,325,138,3,3,0.10615384615384615,0.4246153846153846,0.4076923076923077,1.0415094339622641,0.01692307692307693
neutral_002,B,Hushållens konfidensindikator,traning,under_trend,stabilt,False,1300,325,35,3,3,0.026923076923076925,0.1076923076923077,0.11461538461538462,0.9395973154362416,-0.006923076923076921
neutral_002,B,Hushållens konfidensindikator,traning,under_trend,okning,False,1300,325,152,3,3,0.11692307692307692,0.4676923076923077,0.4776923076923077,0.9790660225442834,-0.010000000000000009
neutral_002,B,Hushållens konfidensindikator,traning,vid_eller_over_trend,minskning,False,1300,975,392,9,9,0.30153846153846153,0.40205128205128204,0.4076923076923077,0.9861635220125786,-0.005641025641025643
neutral_002,B,Hushållens konfidensindikator,traning,vid_eller_over_trend,stabilt,False,1300,975,114,9,9,0.0876923076923077,0.11692307692307692,0.11461538461538462,1.0201342281879193,0.0023076923076923023
neutral_002,B,Hushållens konfidensindikator,traning,vid_eller_over_trend,okning,False,1300,975,469,9,9,0.3607692307692308,0.48102564102564105,0.4776923076923077,1.006977992485239,0.003333333333333355
neutral_002,B,Hushållens konfidensindikator,validering,under_trend,minskning,False,432,0,0,0,0,0.0,,0.48148148148148145,,
neutral_002,B,Hushållens konfidensindikator,validering,under_trend,stabilt,False,432,0,0,0,0,0.0,,0.13194444444444445,,
neutral_002,B,Hushållens konfidensindikator,validering,under_trend,okning,False,432,0,0,0,0,0.0,,0.38657407407407407,,
neutral_002,B,Hushållens konfidensindikator,validering,vid_eller_over_trend,minskning,False,432,432,208,4,4,0.48148148148148145,0.48148148148148145,0.48148148148148145,1.0,0.0
neutral_002,B,Hushållens konfidensindikator,validering,vid_eller_over_trend,stabilt,False,432,432,57,4,4,0.13194444444444445,0.13194444444444445,0.13194444444444445,1.0,0.0
neutral_002,B,Hushållens konfidensindikator,validering,vid_eller_over_trend,okning,False,432,432,167,4,4,0.38657407407407407,0.38657407407407407,0.38657407407407407,1.0,0.0
neutral_002,B,Hushållens konfidensindikator,senare_ar,under_trend,minskning,False,644,536,278,5,5,0.43167701863354035,0.5186567164179104,0.5543478260869565,0.93561603745976,-0.035691109669046095
neutral_002,B,Hushållens konfidensindikator,senare_ar,under_trend,stabilt,False,644,536,69,5,5,0.10714285714285714,0.1287313432835821,0.11801242236024845,1.0908287509819325,0.010718920923333652
neutral_002,B,Hushållens konfidensindikator,senare_ar,under_trend,okning,False,644,536,189,5,5,0.29347826086956524,0.35261194029850745,0.327639751552795,1.0762184338968663,0.024972188745712443
neutral_002,B,Hushållens konfidensindikator,senare_ar,vid_eller_over_trend,minskning,False,644,108,79,1,1,0.12267080745341614,0.7314814814814815,0.5543478260869565,1.3195352214960059,0.17713365539452497
neutral_002,B,Hushållens konfidensindikator,senare_ar,vid_eller_over_trend,stabilt,False,644,108,7,1,1,0.010869565217391304,0.06481481481481481,0.11801242236024845,0.5492202729044834,-0.05319760754543364
neutral_002,B,Hushållens konfidensindikator,senare_ar,vid_eller_over_trend,okning,False,644,108,22,1,1,0.034161490683229816,0.2037037037037037,0.327639751552795,0.6217307354748113,-0.12393604784909132
neutral_002,B,Hushållens konsumtion,traning,under_trend,minskning,False,1300,976,404,9,9,0.31076923076923074,0.4139344262295082,0.4076923076923077,1.0153108567893598,0.006242118537200525
neutral_002,B,Hushållens konsumtion,traning,under_trend,stabilt,False,1300,976,120,9,9,0.09230769230769231,0.12295081967213115,0.11461538461538462,1.0727252723071845,0.008335435056746526
neutral_002,B,Hushållens konsumtion,traning,under_trend,okning,False,1300,976,452,9,9,0.3476923076923077,0.46311475409836067,0.4776923076923077,0.9694833821704812,-0.014577553593947024
neutral_002,B,Hushållens konsumtion,traning,vid_eller_over_trend,minskning,False,1300,324,126,3,3,0.09692307692307692,0.3888888888888889,0.4076923076923077,0.9538784067085954,-0.018803418803418792
neutral_002,B,Hushållens konsumtion,traning,vid_eller_over_trend,stabilt,False,1300,324,29,3,3,0.022307692307692306,0.08950617283950617,0.11461538461538462,0.7809263402104565,-0.02510921177587845
neutral_002,B,Hushållens konsumtion,traning,vid_eller_over_trend,okning,False,1300,324,169,3,3,0.13,0.5216049382716049,0.4776923076923077,1.0919266018568219,0.04391263057929723
neutral_002,B,Hushållens konsumtion,validering,under_trend,minskning,False,432,108,40,1,1,0.09259259259259259,0.37037037037037035,0.48148148148148145,0.7692307692307693,-0.1111111111111111
neutral_002,B,Hushållens konsumtion,validering,under_trend,stabilt,False,432,108,16,1,1,0.037037037037037035,0.14814814814814814,0.13194444444444445,1.1228070175438596,0.016203703703703692
neutral_002,B,Hushållens konsumtion,validering,under_trend,okning,False,432,108,52,1,1,0.12037037037037036,0.48148148148148145,0.38657407407407407,1.2455089820359282,0.09490740740740738
neutral_002,B,Hushållens konsumtion,validering,vid_eller_over_trend,minskning,False,432,324,168,3,3,0.3888888888888889,0.5185185185185185,0.48148148148148145,1.0769230769230769,0.037037037037037035
neutral_002,B,Hushållens konsumtion,validering,vid_eller_over_trend,stabilt,False,432,324,41,3,3,0.09490740740740741,0.12654320987654322,0.13194444444444445,0.9590643274853802,-0.005401234567901231
neutral_002,B,Hushållens konsumtion,validering,vid_eller_over_trend,okning,False,432,324,115,3,3,0.2662037037037037,0.3549382716049383,0.38657407407407407,0.9181636726546907,-0.031635802469135776
neutral_002,B,Hushållens konsumtion,senare_ar,under_trend,minskning,False,644,213,105,2,2,0.16304347826086957,0.49295774647887325,0.5543478260869565,0.8892571112952223,-0.06139007960808329
neutral_002,B,Hushållens konsumtion,senare_ar,under_trend,stabilt,False,644,213,29,2,2,0.04503105590062112,0.13615023474178403,0.11801242236024845,1.1536940943909069,0.018137812381535584
neutral_002,B,Hushållens konsumtion,senare_ar,under_trend,okning,False,644,213,79,2,2,0.12267080745341614,0.37089201877934275,0.327639751552795,1.1320116592127807,0.043252267226547736
neutral_002,B,Hushållens konsumtion,senare_ar,vid_eller_over_trend,minskning,False,644,431,252,4,4,0.391304347826087,0.5846867749419954,0.5543478260869565,1.0547290842090897,0.03033894885503885
neutral_002,B,Hushållens konsumtion,senare_ar,vid_eller_over_trend,stabilt,False,644,431,47,4,4,0.07298136645962733,0.10904872389791183,0.11801242236024845,0.9240444498717791,-0.00896369846233662
neutral_002,B,Hushållens konsumtion,senare_ar,vid_eller_over_trend,okning,False,644,431,132,4,4,0.20496894409937888,0.3062645011600928,0.327639751552795,0.9347598992753544,-0.021375250392702216
neutral_002,B,Industrins orderingång,traning,under_trend,minskning,False,1300,759,331,7,7,0.25461538461538463,0.43610013175230566,0.4076923076923077,1.0696795684490517,0.028407824059997977
neutral_002,B,Industrins orderingång,traning,under_trend,stabilt,False,1300,759,94,7,7,0.07230769230769231,0.12384716732542819,0.11461538461538462,1.0805457551882995,0.009231782710043573
neutral_002,B,Industrins orderingång,traning,under_trend,okning,False,1300,759,334,7,7,0.2569230769230769,0.4400527009222661,0.4776923076923077,0.9212053320433912,-0.03763960677004158
neutral_002,B,Industrins orderingång,traning,vid_eller_over_trend,minskning,False,1300,541,199,5,5,0.15307692307692308,0.3678373382624769,0.4076923076923077,0.9022425278136226,-0.0398549694298308
neutral_002,B,Industrins orderingång,traning,vid_eller_over_trend,stabilt,False,1300,541,55,5,5,0.04230769230769231,0.10166358595194085,0.11461538461538462,0.8869977297820342,-0.012951798663443773
neutral_002,B,Industrins orderingång,traning,vid_eller_over_trend,okning,False,1300,541,287,5,5,0.22076923076923077,0.5304990757855823,0.4776923076923077,1.1105455692773865,0.052806768093274614
neutral_002,B,Industrins orderingång,validering,under_trend,minskning,False,432,216,102,2,2,0.2361111111111111,0.4722222222222222,0.48148148148148145,0.9807692307692308,-0.009259259259259245
neutral_002,B,Industrins orderingång,validering,under_trend,stabilt,False,432,216,29,2,2,0.06712962962962964,0.13425925925925927,0.13194444444444445,1.0175438596491229,0.002314814814814825
neutral_002,B,Industrins orderingång,validering,under_trend,okning,False,432,216,85,2,2,0.19675925925925927,0.39351851851851855,0.38657407407407407,1.0179640718562875,0.006944444444444475
neutral_002,B,Industrins orderingång,validering,vid_eller_over_trend,minskning,False,432,216,106,2,2,0.24537037037037038,0.49074074074074076,0.48148148148148145,1.0192307692307694,0.0092592592592593
neutral_002,B,Industrins orderingång,validering,vid_eller_over_trend,stabilt,False,432,216,28,2,2,0.06481481481481481,0.12962962962962962,0.13194444444444445,0.9824561403508771,-0.002314814814814825
neutral_002,B,Industrins orderingång,validering,vid_eller_over_trend,okning,False,432,216,82,2,2,0.18981481481481483,0.37962962962962965,0.38657407407407407,0.9820359281437127,-0.00694444444444442
neutral_002,B,Industrins orderingång,senare_ar,under_trend,minskning,False,644,213,105,2,2,0.16304347826086957,0.49295774647887325,0.5543478260869565,0.8892571112952223,-0.06139007960808329
neutral_002,B,Industrins orderingång,senare_ar,under_trend,stabilt,False,644,213,29,2,2,0.04503105590062112,0.13615023474178403,0.11801242236024845,1.1536940943909069,0.018137812381535584
neutral_002,B,Industrins orderingång,senare_ar,under_trend,okning,False,644,213,79,2,2,0.12267080745341614,0.37089201877934275,0.327639751552795,1.1320116592127807,0.043252267226547736
neutral_002,B,Industrins orderingång,senare_ar,vid_eller_over_trend,minskning,False,644,431,252,4,4,0.391304347826087,0.5846867749419954,0.5543478260869565,1.0547290842090897,0.03033894885503885
neutral_002,B,Industrins orderingång,senare_ar,vid_eller_over_trend,stabilt,False,644,431,47,4,4,0.07298136645962733,0.10904872389791183,0.11801242236024845,0.9240444498717791,-0.00896369846233662
neutral_002,B,Industrins orderingång,senare_ar,vid_eller_over_trend,okning,False,644,431,132,4,4,0.20496894409937888,0.3062645011600928,0.327639751552795,0.9347598992753544,-0.021375250392702216
neutral_002,B,Nyregistrerade lastbilar,traning,under_trend,minskning,False,1300,759,331,7,7,0.25461538461538463,0.43610013175230566,0.4076923076923077,1.0696795684490517,0.028407824059997977
neutral_002,B,Nyregistrerade lastbilar,traning,under_trend,stabilt,False,1300,759,94,7,7,0.07230769230769231,0.12384716732542819,0.11461538461538462,1.0805457551882995,0.009231782710043573
neutral_002,B,Nyregistrerade lastbilar,traning,under_trend,okning,False,1300,759,334,7,7,0.2569230769230769,0.4400527009222661,0.4776923076923077,0.9212053320433912,-0.03763960677004158
neutral_002,B,Nyregistrerade lastbilar,traning,vid_eller_over_trend,minskning,False,1300,541,199,5,5,0.15307692307692308,0.3678373382624769,0.4076923076923077,0.9022425278136226,-0.0398549694298308
neutral_002,B,Nyregistrerade lastbilar,traning,vid_eller_over_trend,stabilt,False,1300,541,55,5,5,0.04230769230769231,0.10166358595194085,0.11461538461538462,0.8869977297820342,-0.012951798663443773
neutral_002,B,Nyregistrerade lastbilar,traning,vid_eller_over_trend,okning,False,1300,541,287,5,5,0.22076923076923077,0.5304990757855823,0.4776923076923077,1.1105455692773865,0.052806768093274614
neutral_002,B,Nyregistrerade lastbilar,validering,under_trend,minskning,False,432,108,40,1,1,0.09259259259259259,0.37037037037037035,0.48148148148148145,0.7692307692307693,-0.1111111111111111
neutral_002,B,Nyregistrerade lastbilar,validering,under_trend,stabilt,False,432,108,16,1,1,0.037037037037037035,0.14814814814814814,0.13194444444444445,1.1228070175438596,0.016203703703703692
neutral_002,B,Nyregistrerade lastbilar,validering,under_trend,okning,False,432,108,52,1,1,0.12037037037037036,0.48148148148148145,0.38657407407407407,1.2455089820359282,0.09490740740740738
neutral_002,B,Nyregistrerade lastbilar,validering,vid_eller_over_trend,minskning,False,432,324,168,3,3,0.3888888888888889,0.5185185185185185,0.48148148148148145,1.0769230769230769,0.037037037037037035
neutral_002,B,Nyregistrerade lastbilar,validering,vid_eller_over_trend,stabilt,False,432,324,41,3,3,0.09490740740740741,0.12654320987654322,0.13194444444444445,0.9590643274853802,-0.005401234567901231
neutral_002,B,Nyregistrerade lastbilar,validering,vid_eller_over_trend,okning,False,432,324,115,3,3,0.2662037037037037,0.3549382716049383,0.38657407407407407,0.9181636726546907,-0.031635802469135776
neutral_002,B,Nyregistrerade lastbilar,senare_ar,under_trend,minskning,False,644,323,189,3,3,0.29347826086956524,0.5851393188854489,0.5543478260869565,1.0555454379894371,0.03079149279849236
neutral_002,B,Nyregistrerade lastbilar,senare_ar,under_trend,stabilt,False,644,323,33,3,3,0.05124223602484472,0.1021671826625387,0.11801242236024845,0.8657324425615122,-0.015845239697709748
neutral_002,B,Nyregistrerade lastbilar,senare_ar,under_trend,okning,False,644,323,101,3,3,0.15683229813664595,0.3126934984520124,0.327639751552795,0.9543820521473744,-0.014946253100782625
neutral_002,B,Nyregistrerade lastbilar,senare_ar,vid_eller_over_trend,minskning,False,644,321,168,3,3,0.2608695652173913,0.5233644859813084,0.5543478260869565,0.9441084845153013,-0.030983340105648183
neutral_002,B,Nyregistrerade lastbilar,senare_ar,vid_eller_over_trend,stabilt,False,644,321,43,3,3,0.06677018633540373,0.13395638629283488,0.11801242236024845,1.1351041154287587,0.01594396393258643
neutral_002,B,Nyregistrerade lastbilar,senare_ar,vid_eller_over_trend,okning,False,644,321,110,3,3,0.17080745341614906,0.3426791277258567,0.327639751552795,1.0459021718267854,0.01503937617306167
neutral_002,B,Nyregistrerade personbilar,traning,under_trend,minskning,False,1300,650,274,6,6,0.21076923076923076,0.42153846153846153,0.4076923076923077,1.0339622641509434,0.013846153846153841
neutral_002,B,Nyregistrerade personbilar,traning,under_trend,stabilt,False,1300,650,78,6,6,0.06,0.12,0.11461538461538462,1.046979865771812,0.005384615384615377
neutral_002,B,Nyregistrerade personbilar,traning,under_trend,okning,False,1300,650,298,6,6,0.22923076923076924,0.4584615384615385,0.4776923076923077,0.9597423510466989,-0.019230769230769218
neutral_002,B,Nyregistrerade personbilar,traning,vid_eller_over_trend,minskning,False,1300,650,256,6,6,0.19692307692307692,0.39384615384615385,0.4076923076923077,0.9660377358490566,-0.013846153846153841
neutral_002,B,Nyregistrerade personbilar,traning,vid_eller_over_trend,stabilt,False,1300,650,71,6,6,0.054615384615384614,0.10923076923076923,0.11461538461538462,0.9530201342281879,-0.0053846153846153905
neutral_002,B,Nyregistrerade personbilar,traning,vid_eller_over_trend,okning,False,1300,650,323,6,6,0.24846153846153846,0.4969230769230769,0.4776923076923077,1.040257648953301,0.019230769230769218
neutral_002,B,Nyregistrerade personbilar,validering,under_trend,minskning,False,432,0,0,0,0,0.0,,0.48148148148148145,,
neutral_002,B,Nyregistrerade personbilar,validering,under_trend,stabilt,False,432,0,0,0,0,0.0,,0.13194444444444445,,
neutral_002,B,Nyregistrerade personbilar,validering,under_trend,okning,False,432,0,0,0,0,0.0,,0.38657407407407407,,
neutral_002,B,Nyregistrerade personbilar,validering,vid_eller_over_trend,minskning,False,432,432,208,4,4,0.48148148148148145,0.48148148148148145,0.48148148148148145,1.0,0.0
neutral_002,B,Nyregistrerade personbilar,validering,vid_eller_over_trend,stabilt,False,432,432,57,4,4,0.13194444444444445,0.13194444444444445,0.13194444444444445,1.0,0.0
neutral_002,B,Nyregistrerade personbilar,validering,vid_eller_over_trend,okning,False,432,432,167,4,4,0.38657407407407407,0.38657407407407407,0.38657407407407407,1.0,0.0
neutral_002,B,Nyregistrerade personbilar,senare_ar,under_trend,minskning,False,644,536,294,5,5,0.45652173913043476,0.5485074626865671,0.5543478260869565,0.9894644424934151,-0.005840363400389403
neutral_002,B,Nyregistrerade personbilar,senare_ar,under_trend,stabilt,False,644,536,62,5,5,0.09627329192546584,0.11567164179104478,0.11801242236024845,0.980164964650432,-0.002340780569203671
neutral_002,B,Nyregistrerade personbilar,senare_ar,under_trend,okning,False,644,536,180,5,5,0.2795031055900621,0.3358208955223881,0.327639751552795,1.0249699370446348,0.008181143969593074
neutral_002,B,Nyregistrerade personbilar,senare_ar,vid_eller_over_trend,minskning,False,644,108,63,1,1,0.09782608695652174,0.5833333333333334,0.5543478260869565,1.0522875816993464,0.02898550724637683
neutral_002,B,Nyregistrerade personbilar,senare_ar,vid_eller_over_trend,stabilt,False,644,108,14,1,1,0.021739130434782608,0.12962962962962962,0.11801242236024845,1.0984405458089668,0.011617207269381175
neutral_002,B,Nyregistrerade personbilar,senare_ar,vid_eller_over_trend,okning,False,644,108,31,1,1,0.04813664596273292,0.28703703703703703,0.327639751552795,0.8760751272599614,-0.040602714515757976
neutral_002,B,Näringslivets efterfrågan,traning,under_trend,minskning,False,1300,759,331,7,7,0.25461538461538463,0.43610013175230566,0.4076923076923077,1.0696795684490517,0.028407824059997977
neutral_002,B,Näringslivets efterfrågan,traning,under_trend,stabilt,False,1300,759,94,7,7,0.07230769230769231,0.12384716732542819,0.11461538461538462,1.0805457551882995,0.009231782710043573
neutral_002,B,Näringslivets efterfrågan,traning,under_trend,okning,False,1300,759,334,7,7,0.2569230769230769,0.4400527009222661,0.4776923076923077,0.9212053320433912,-0.03763960677004158
neutral_002,B,Näringslivets efterfrågan,traning,vid_eller_over_trend,minskning,False,1300,541,199,5,5,0.15307692307692308,0.3678373382624769,0.4076923076923077,0.9022425278136226,-0.0398549694298308
neutral_002,B,Näringslivets efterfrågan,traning,vid_eller_over_trend,stabilt,False,1300,541,55,5,5,0.04230769230769231,0.10166358595194085,0.11461538461538462,0.8869977297820342,-0.012951798663443773
neutral_002,B,Näringslivets efterfrågan,traning,vid_eller_over_trend,okning,False,1300,541,287,5,5,0.22076923076923077,0.5304990757855823,0.4776923076923077,1.1105455692773865,0.052806768093274614
neutral_002,B,Näringslivets efterfrågan,validering,under_trend,minskning,False,432,0,0,0,0,0.0,,0.48148148148148145,,
neutral_002,B,Näringslivets efterfrågan,validering,under_trend,stabilt,False,432,0,0,0,0,0.0,,0.13194444444444445,,
neutral_002,B,Näringslivets efterfrågan,validering,under_trend,okning,False,432,0,0,0,0,0.0,,0.38657407407407407,,
neutral_002,B,Näringslivets efterfrågan,validering,vid_eller_over_trend,minskning,False,432,432,208,4,4,0.48148148148148145,0.48148148148148145,0.48148148148148145,1.0,0.0
neutral_002,B,Näringslivets efterfrågan,validering,vid_eller_over_trend,stabilt,False,432,432,57,4,4,0.13194444444444445,0.13194444444444445,0.13194444444444445,1.0,0.0
neutral_002,B,Näringslivets efterfrågan,validering,vid_eller_over_trend,okning,False,432,432,167,4,4,0.38657407407407407,0.38657407407407407,0.38657407407407407,1.0,0.0
neutral_002,B,Näringslivets efterfrågan,senare_ar,under_trend,minskning,False,644,321,146,3,3,0.2267080745341615,0.45482866043613707,0.5543478260869565,0.8204752305906786,-0.09951916565081947
neutral_002,B,Näringslivets efterfrågan,senare_ar,under_trend,stabilt,False,644,321,44,3,3,0.06832298136645963,0.13707165109034267,0.11801242236024845,1.161501885555009,0.01905922873009422
neutral_002,B,Näringslivets efterfrågan,senare_ar,under_trend,okning,False,644,321,131,3,3,0.20341614906832298,0.40809968847352024,0.327639751552795,1.2455744046300807,0.08045993692072523
neutral_002,B,Näringslivets efterfrågan,senare_ar,vid_eller_over_trend,minskning,False,644,323,211,3,3,0.327639751552795,0.653250773993808,0.5543478260869565,1.1784131609300066,0.0989029479068515
neutral_002,B,Näringslivets efterfrågan,senare_ar,vid_eller_over_trend,stabilt,False,644,323,32,3,3,0.049689440993788817,0.09907120743034056,0.11801242236024845,0.8394981261202542,-0.018941214929907885
neutral_002,B,Näringslivets efterfrågan,senare_ar,vid_eller_over_trend,okning,False,644,323,80,3,3,0.12422360248447205,0.2476780185758514,0.327639751552795,0.7559461799187124,-0.07996173297694362
neutral_002,B,Näringslivets produktion,traning,under_trend,minskning,False,1300,759,331,7,7,0.25461538461538463,0.43610013175230566,0.4076923076923077,1.0696795684490517,0.028407824059997977
neutral_002,B,Näringslivets produktion,traning,under_trend,stabilt,False,1300,759,94,7,7,0.07230769230769231,0.12384716732542819,0.11461538461538462,1.0805457551882995,0.009231782710043573
neutral_002,B,Näringslivets produktion,traning,under_trend,okning,False,1300,759,334,7,7,0.2569230769230769,0.4400527009222661,0.4776923076923077,0.9212053320433912,-0.03763960677004158
neutral_002,B,Näringslivets produktion,traning,vid_eller_over_trend,minskning,False,1300,541,199,5,5,0.15307692307692308,0.3678373382624769,0.4076923076923077,0.9022425278136226,-0.0398549694298308
neutral_002,B,Näringslivets produktion,traning,vid_eller_over_trend,stabilt,False,1300,541,55,5,5,0.04230769230769231,0.10166358595194085,0.11461538461538462,0.8869977297820342,-0.012951798663443773
neutral_002,B,Näringslivets produktion,traning,vid_eller_over_trend,okning,False,1300,541,287,5,5,0.22076923076923077,0.5304990757855823,0.4776923076923077,1.1105455692773865,0.052806768093274614
neutral_002,B,Näringslivets produktion,validering,under_trend,minskning,False,432,108,40,1,1,0.09259259259259259,0.37037037037037035,0.48148148148148145,0.7692307692307693,-0.1111111111111111
neutral_002,B,Näringslivets produktion,validering,under_trend,stabilt,False,432,108,16,1,1,0.037037037037037035,0.14814814814814814,0.13194444444444445,1.1228070175438596,0.016203703703703692
neutral_002,B,Näringslivets produktion,validering,under_trend,okning,False,432,108,52,1,1,0.12037037037037036,0.48148148148148145,0.38657407407407407,1.2455089820359282,0.09490740740740738
neutral_002,B,Näringslivets produktion,validering,vid_eller_over_trend,minskning,False,432,324,168,3,3,0.3888888888888889,0.5185185185185185,0.48148148148148145,1.0769230769230769,0.037037037037037035
neutral_002,B,Näringslivets produktion,validering,vid_eller_over_trend,stabilt,False,432,324,41,3,3,0.09490740740740741,0.12654320987654322,0.13194444444444445,0.9590643274853802,-0.005401234567901231
neutral_002,B,Näringslivets produktion,validering,vid_eller_over_trend,okning,False,432,324,115,3,3,0.2662037037037037,0.3549382716049383,0.38657407407407407,0.9181636726546907,-0.031635802469135776
neutral_002,B,Näringslivets produktion,senare_ar,under_trend,minskning,False,644,321,146,3,3,0.2267080745341615,0.45482866043613707,0.5543478260869565,0.8204752305906786,-0.09951916565081947
neutral_002,B,Näringslivets produktion,senare_ar,under_trend,stabilt,False,644,321,44,3,3,0.06832298136645963,0.13707165109034267,0.11801242236024845,1.161501885555009,0.01905922873009422
neutral_002,B,Näringslivets produktion,senare_ar,under_trend,okning,False,644,321,131,3,3,0.20341614906832298,0.40809968847352024,0.327639751552795,1.2455744046300807,0.08045993692072523
neutral_002,B,Näringslivets produktion,senare_ar,vid_eller_over_trend,minskning,False,644,323,211,3,3,0.327639751552795,0.653250773993808,0.5543478260869565,1.1784131609300066,0.0989029479068515
neutral_002,B,Näringslivets produktion,senare_ar,vid_eller_over_trend,stabilt,False,644,323,32,3,3,0.049689440993788817,0.09907120743034056,0.11801242236024845,0.8394981261202542,-0.018941214929907885
neutral_002,B,Näringslivets produktion,senare_ar,vid_eller_over_trend,okning,False,644,323,80,3,3,0.12422360248447205,0.2476780185758514,0.327639751552795,0.7559461799187124,-0.07996173297694362
neutral_002,B,Sysselsättning,traning,under_trend,minskning,False,1300,1084,448,10,10,0.3446153846153846,0.4132841328413284,0.4076923076923077,1.013715797535334,0.005591825149020735
neutral_002,B,Sysselsättning,traning,under_trend,stabilt,False,1300,1084,130,10,10,0.1,0.11992619926199262,0.11461538461538462,1.0463359667153718,0.005310814646608
neutral_002,B,Sysselsättning,traning,under_trend,okning,False,1300,1084,506,10,10,0.3892307692307692,0.466789667896679,0.4776923076923077,0.977176438431051,-0.010902639795628721
neutral_002,B,Sysselsättning,traning,vid_eller_over_trend,minskning,False,1300,216,82,2,2,0.06307692307692307,0.37962962962962965,0.4076923076923077,0.9311670160726765,-0.028062678062678037
neutral_002,B,Sysselsättning,traning,vid_eller_over_trend,stabilt,False,1300,216,19,2,2,0.014615384615384615,0.08796296296296297,0.11461538461538462,0.7674620929654487,-0.026652421652421654
neutral_002,B,Sysselsättning,traning,vid_eller_over_trend,okning,False,1300,216,115,2,2,0.08846153846153847,0.5324074074074074,0.4776923076923077,1.1145404663923184,0.054715099715099746
neutral_002,B,Sysselsättning,validering,under_trend,minskning,False,432,216,102,2,2,0.2361111111111111,0.4722222222222222,0.48148148148148145,0.9807692307692308,-0.009259259259259245
neutral_002,B,Sysselsättning,validering,under_trend,stabilt,False,432,216,29,2,2,0.06712962962962964,0.13425925925925927,0.13194444444444445,1.0175438596491229,0.002314814814814825
neutral_002,B,Sysselsättning,validering,under_trend,okning,False,432,216,85,2,2,0.19675925925925927,0.39351851851851855,0.38657407407407407,1.0179640718562875,0.006944444444444475
neutral_002,B,Sysselsättning,validering,vid_eller_over_trend,minskning,False,432,216,106,2,2,0.24537037037037038,0.49074074074074076,0.48148148148148145,1.0192307692307694,0.0092592592592593
neutral_002,B,Sysselsättning,validering,vid_eller_over_trend,stabilt,False,432,216,28,2,2,0.06481481481481481,0.12962962962962962,0.13194444444444445,0.9824561403508771,-0.002314814814814825
neutral_002,B,Sysselsättning,validering,vid_eller_over_trend,okning,False,432,216,82,2,2,0.18981481481481483,0.37962962962962965,0.38657407407407407,0.9820359281437127,-0.00694444444444442
neutral_002,B,Sysselsättning,senare_ar,under_trend,minskning,False,644,322,168,3,3,0.2608695652173913,0.5217391304347826,0.5543478260869565,0.9411764705882353,-0.03260869565217395
neutral_002,B,Sysselsättning,senare_ar,under_trend,stabilt,False,644,322,35,3,3,0.05434782608695652,0.10869565217391304,0.11801242236024845,0.9210526315789473,-0.009316770186335407
neutral_002,B,Sysselsättning,senare_ar,under_trend,okning,False,644,322,119,3,3,0.18478260869565216,0.3695652173913043,0.327639751552795,1.127962085308057,0.04192546583850931
neutral_002,B,Sysselsättning,senare_ar,vid_eller_over_trend,minskning,False,644,322,189,3,3,0.29347826086956524,0.5869565217391305,0.5543478260869565,1.0588235294117647,0.03260869565217395
neutral_002,B,Sysselsättning,senare_ar,vid_eller_over_trend,stabilt,False,644,322,41,3,3,0.06366459627329192,0.12732919254658384,0.11801242236024845,1.0789473684210527,0.009316770186335394
neutral_002,B,Sysselsättning,senare_ar,vid_eller_over_trend,okning,False,644,322,92,3,3,0.14285714285714285,0.2857142857142857,0.327639751552795,0.8720379146919431,-0.04192546583850931
neutral_002,B,Varuexport,traning,under_trend,minskning,False,1300,542,234,5,5,0.18,0.4317343173431734,0.4076923076923077,1.0589709670681613,0.024042009650865726
neutral_002,B,Varuexport,traning,under_trend,stabilt,False,1300,542,72,5,5,0.055384615384615386,0.13284132841328414,0.11461538461538462,1.1590183015924118,0.01822594379789952
neutral_002,B,Varuexport,traning,under_trend,okning,False,1300,542,236,5,5,0.18153846153846154,0.4354243542435424,0.4776923076923077,0.9115163615404269,-0.04226795344876527
neutral_002,B,Varuexport,traning,vid_eller_over_trend,minskning,False,1300,758,296,7,7,0.2276923076923077,0.39050131926121373,0.4076923076923077,0.957833424602977,-0.017190988431093956
neutral_002,B,Varuexport,traning,vid_eller_over_trend,stabilt,False,1300,758,77,7,7,0.05923076923076923,0.10158311345646438,0.11461538461538462,0.8862956207610986,-0.013032271158920236
neutral_002,B,Varuexport,traning,vid_eller_over_trend,okning,False,1300,758,385,7,7,0.29615384615384616,0.5079155672823219,0.4776923076923077,1.0632693034895628,0.030223259590014206
neutral_002,B,Varuexport,validering,under_trend,minskning,False,432,324,151,3,3,0.34953703703703703,0.4660493827160494,0.48148148148148145,0.9679487179487181,-0.015432098765432056
neutral_002,B,Varuexport,validering,under_trend,stabilt,False,432,324,43,3,3,0.09953703703703703,0.13271604938271606,0.13194444444444445,1.0058479532163742,0.0007716049382716084
neutral_002,B,Varuexport,validering,under_trend,okning,False,432,324,130,3,3,0.30092592592592593,0.4012345679012346,0.38657407407407407,1.037924151696607,0.014660493827160503
neutral_002,B,Varuexport,validering,vid_eller_over_trend,minskning,False,432,108,57,1,1,0.13194444444444445,0.5277777777777778,0.48148148148148145,1.0961538461538463,0.046296296296296335
neutral_002,B,Varuexport,validering,vid_eller_over_trend,stabilt,False,432,108,14,1,1,0.032407407407407406,0.12962962962962962,0.13194444444444445,0.9824561403508771,-0.002314814814814825
neutral_002,B,Varuexport,validering,vid_eller_over_trend,okning,False,432,108,37,1,1,0.08564814814814815,0.3425925925925926,0.38657407407407407,0.8862275449101797,-0.043981481481481455
neutral_002,B,Varuexport,senare_ar,under_trend,minskning,False,644,106,48,1,1,0.07453416149068323,0.4528301886792453,0.5543478260869565,0.8168701442841287,-0.10151763740771125
neutral_002,B,Varuexport,senare_ar,under_trend,stabilt,False,644,106,13,1,1,0.020186335403726708,0.12264150943396226,0.11801242236024845,1.0392254220456802,0.004629087073713817
neutral_002,B,Varuexport,senare_ar,under_trend,okning,False,644,106,45,1,1,0.06987577639751552,0.42452830188679247,0.327639751552795,1.2957167128677458,0.09688855033399746
neutral_002,B,Varuexport,senare_ar,vid_eller_over_trend,minskning,False,644,538,309,5,5,0.4798136645962733,0.5743494423791822,0.5543478260869565,1.036081347036956,0.020001616292225632
neutral_002,B,Varuexport,senare_ar,vid_eller_over_trend,stabilt,False,644,538,63,5,5,0.09782608695652174,0.1171003717472119,0.11801242236024845,0.9922715711211113,-0.0009120506130365497
neutral_002,B,Varuexport,senare_ar,vid_eller_over_trend,okning,False,644,538,166,5,5,0.2577639751552795,0.30855018587360594,0.327639751552795,0.9417361123346077,-0.01908956567918907
neutral_002,B,Varuimport,traning,under_trend,minskning,False,1300,652,231,6,6,0.1776923076923077,0.35429447852760737,0.4076923076923077,0.8690241926148861,-0.05339782916470032
neutral_002,B,Varuimport,traning,under_trend,stabilt,False,1300,652,87,6,6,0.06692307692307692,0.1334355828220859,0.11461538461538462,1.1642030716020917,0.018820198206701277
neutral_002,B,Varuimport,traning,under_trend,okning,False,1300,652,334,6,6,0.2569230769230769,0.5122699386503068,0.4776923076923077,1.0723847346946842,0.034577630957999095
neutral_002,B,Varuimport,traning,vid_eller_over_trend,minskning,False,1300,648,299,6,6,0.23,0.46141975308641975,0.4076923076923077,1.1317843000232937,0.05372744539411206
neutral_002,B,Varuimport,traning,vid_eller_over_trend,stabilt,False,1300,648,62,6,6,0.047692307692307694,0.09567901234567901,0.11461538461538462,0.8347833291904879,-0.018936372269705612
neutral_002,B,Varuimport,traning,vid_eller_over_trend,okning,False,1300,648,287,6,6,0.22076923076923077,0.44290123456790126,0.4776923076923077,0.9271684459553489,-0.034791073124406435
neutral_002,B,Varuimport,validering,under_trend,minskning,False,432,216,102,2,2,0.2361111111111111,0.4722222222222222,0.48148148148148145,0.9807692307692308,-0.009259259259259245
neutral_002,B,Varuimport,validering,under_trend,stabilt,False,432,216,29,2,2,0.06712962962962964,0.13425925925925927,0.13194444444444445,1.0175438596491229,0.002314814814814825
neutral_002,B,Varuimport,validering,under_trend,okning,False,432,216,85,2,2,0.19675925925925927,0.39351851851851855,0.38657407407407407,1.0179640718562875,0.006944444444444475
neutral_002,B,Varuimport,validering,vid_eller_over_trend,minskning,False,432,216,106,2,2,0.24537037037037038,0.49074074074074076,0.48148148148148145,1.0192307692307694,0.0092592592592593
neutral_002,B,Varuimport,validering,vid_eller_over_trend,stabilt,False,432,216,28,2,2,0.06481481481481481,0.12962962962962962,0.13194444444444445,0.9824561403508771,-0.002314814814814825
neutral_002,B,Varuimport,validering,vid_eller_over_trend,okning,False,432,216,82,2,2,0.18981481481481483,0.37962962962962965,0.38657407407407407,0.9820359281437127,-0.00694444444444442
neutral_002,B,Varuimport,senare_ar,under_trend,minskning,False,644,321,146,3,3,0.2267080745341615,0.45482866043613707,0.5543478260869565,0.8204752305906786,-0.09951916565081947
neutral_002,B,Varuimport,senare_ar,under_trend,stabilt,False,644,321,44,3,3,0.06832298136645963,0.13707165109034267,0.11801242236024845,1.161501885555009,0.01905922873009422
neutral_002,B,Varuimport,senare_ar,under_trend,okning,False,644,321,131,3,3,0.20341614906832298,0.40809968847352024,0.327639751552795,1.2455744046300807,0.08045993692072523
neutral_002,B,Varuimport,senare_ar,vid_eller_over_trend,minskning,False,644,323,211,3,3,0.327639751552795,0.653250773993808,0.5543478260869565,1.1784131609300066,0.0989029479068515
neutral_002,B,Varuimport,senare_ar,vid_eller_over_trend,stabilt,False,644,323,32,3,3,0.049689440993788817,0.09907120743034056,0.11801242236024845,0.8394981261202542,-0.018941214929907885
neutral_002,B,Varuimport,senare_ar,vid_eller_over_trend,okning,False,644,323,80,3,3,0.12422360248447205,0.2476780185758514,0.327639751552795,0.7559461799187124,-0.07996173297694362
neutral_002,C,Arbetade timmar,traning,under_trend,minskning,False,1519,1015,438,8,8,0.28834759710335744,0.4315270935960591,0.4397630019749835,0.9812719388808591,-0.008235908378924406
neutral_002,C,Arbetade timmar,traning,under_trend,stabilt,False,1519,1015,80,8,8,0.052666227781435156,0.07881773399014778,0.08558262014483213,0.9209549071618037,-0.006764886154684346
neutral_002,C,Arbetade timmar,traning,under_trend,okning,False,1519,1015,497,8,8,0.3271889400921659,0.4896551724137931,0.47465437788018433,1.0316036156678943,0.015000794533608752
neutral_002,C,Arbetade timmar,traning,vid_eller_over_trend,minskning,False,1519,504,230,4,4,0.15141540487162608,0.45634920634920634,0.4397630019749835,1.0377162341982702,0.016586204374222813
neutral_002,C,Arbetade timmar,traning,vid_eller_over_trend,stabilt,False,1519,504,50,4,4,0.032916392363396975,0.0992063492063492,0.08558262014483213,1.159188034188034,0.01362372906151707
neutral_002,C,Arbetade timmar,traning,vid_eller_over_trend,okning,False,1519,504,224,4,4,0.14746543778801843,0.4444444444444444,0.47465437788018433,0.936353829557713,-0.03020993343573991
neutral_002,C,Arbetade timmar,validering,under_trend,minskning,False,507,125,49,1,1,0.09664694280078895,0.392,0.48520710059171596,0.8079024390243903,-0.09320710059171594
neutral_002,C,Arbetade timmar,validering,under_trend,stabilt,False,507,125,15,1,1,0.029585798816568046,0.12,0.09861932938856016,1.2167999999999999,0.021380670611439834
neutral_002,C,Arbetade timmar,validering,under_trend,okning,False,507,125,61,1,1,0.1203155818540434,0.488,0.4161735700197239,1.1725876777251185,0.07182642998027611
neutral_002,C,Arbetade timmar,validering,vid_eller_over_trend,minskning,False,507,382,197,3,3,0.388560157790927,0.5157068062827225,0.48520710059171596,1.0628591495339037,0.030499705691006518
neutral_002,C,Arbetade timmar,validering,vid_eller_over_trend,stabilt,False,507,382,35,3,3,0.06903353057199212,0.09162303664921466,0.09861932938856016,0.9290575916230366,-0.006996292739345503
neutral_002,C,Arbetade timmar,validering,vid_eller_over_trend,okning,False,507,382,150,3,3,0.2958579881656805,0.39267015706806285,0.4161735700197239,0.943524974566388,-0.02350341295166103
neutral_002,C,Arbetade timmar,senare_ar,under_trend,minskning,False,739,244,143,2,2,0.19350473612990526,0.5860655737704918,0.5412719891745602,1.0827561475409837,0.044793584595931635
neutral_002,C,Arbetade timmar,senare_ar,under_trend,stabilt,False,739,244,21,2,2,0.028416779431664412,0.0860655737704918,0.10419485791610285,0.8260059612518629,-0.018129284145611047
neutral_002,C,Arbetade timmar,senare_ar,under_trend,okning,False,739,244,80,2,2,0.10825439783491204,0.32786885245901637,0.35453315290933696,0.9247903891878362,-0.026664300450320588
neutral_002,C,Arbetade timmar,senare_ar,vid_eller_over_trend,minskning,False,739,495,257,4,4,0.34776725304465494,0.5191919191919192,0.5412719891745602,0.9592070707070708,-0.022080069982641004
neutral_002,C,Arbetade timmar,senare_ar,vid_eller_over_trend,stabilt,False,739,495,56,4,4,0.07577807848443843,0.11313131313131314,0.10419485791610285,1.0857667584940311,0.00893645521521029
neutral_002,C,Arbetade timmar,senare_ar,vid_eller_over_trend,okning,False,739,495,182,4,4,0.2462787550744249,0.36767676767676766,0.35453315290933696,1.037073020279127,0.0131436147674307
neutral_002,C,BNP kvartal,traning,under_trend,minskning,False,1519,886,411,7,7,0.2705727452271231,0.463882618510158,0.4397630019749835,1.0548468525702546,0.02411961653517447
neutral_002,C,BNP kvartal,traning,under_trend,stabilt,False,1519,886,70,7,7,0.04608294930875576,0.07900677200902935,0.08558262014483213,0.9231637437055045,-0.006575848135802781
neutral_002,C,BNP kvartal,traning,under_trend,okning,False,1519,886,405,7,7,0.2666227781435155,0.45711060948081267,0.47465437788018433,0.9630388568673433,-0.017543768399371662
neutral_002,C,BNP kvartal,traning,vid_eller_over_trend,minskning,False,1519,633,257,5,5,0.16919025674786042,0.4060031595576619,0.4397630019749835,0.9232317355809708,-0.033759842417321606
neutral_002,C,BNP kvartal,traning,vid_eller_over_trend,stabilt,False,1519,633,60,5,5,0.03949967083607637,0.0947867298578199,0.08558262014483213,1.1075464819540648,0.009204109712987768
neutral_002,C,BNP kvartal,traning,vid_eller_over_trend,okning,False,1519,633,316,5,5,0.20803159973666885,0.49921011058451814,0.47465437788018433,1.0517339222994218,0.02455573270433381
neutral_002,C,BNP kvartal,validering,under_trend,minskning,False,507,0,0,0,0,0.0,,0.48520710059171596,,
neutral_002,C,BNP kvartal,validering,under_trend,stabilt,False,507,0,0,0,0,0.0,,0.09861932938856016,,
neutral_002,C,BNP kvartal,validering,under_trend,okning,False,507,0,0,0,0,0.0,,0.4161735700197239,,
neutral_002,C,BNP kvartal,validering,vid_eller_over_trend,minskning,False,507,507,246,4,4,0.48520710059171596,0.48520710059171596,0.48520710059171596,1.0,0.0
neutral_002,C,BNP kvartal,validering,vid_eller_over_trend,stabilt,False,507,507,50,4,4,0.09861932938856016,0.09861932938856016,0.09861932938856016,1.0,0.0
neutral_002,C,BNP kvartal,validering,vid_eller_over_trend,okning,False,507,507,211,4,4,0.4161735700197239,0.4161735700197239,0.4161735700197239,1.0,0.0
neutral_002,C,BNP kvartal,senare_ar,under_trend,minskning,False,739,239,107,2,2,0.14479025710419485,0.4476987447698745,0.5412719891745602,0.8271234309623431,-0.09357324440468573
neutral_002,C,BNP kvartal,senare_ar,under_trend,stabilt,False,739,239,28,2,2,0.037889039242219216,0.11715481171548117,0.10419485791610285,1.1243818942563713,0.012959953799378324
neutral_002,C,BNP kvartal,senare_ar,under_trend,okning,False,739,239,104,2,2,0.14073071718538566,0.4351464435146444,0.35453315290933696,1.2273787089974129,0.08061329060530742
neutral_002,C,BNP kvartal,senare_ar,vid_eller_over_trend,minskning,False,739,500,293,4,4,0.39648173207036536,0.586,0.5412719891745602,1.082635,0.04472801082543976
neutral_002,C,BNP kvartal,senare_ar,vid_eller_over_trend,stabilt,False,739,500,49,4,4,0.06630581867388363,0.098,0.10419485791610285,0.9405454545454546,-0.006194857916102844
neutral_002,C,BNP kvartal,senare_ar,vid_eller_over_trend,okning,False,739,500,158,4,4,0.21380243572395127,0.316,0.35453315290933696,0.8913129770992366,-0.038533152909336954
neutral_002,C,BNP-indikator månad,traning,under_trend,minskning,False,1519,886,411,7,7,0.2705727452271231,0.463882618510158,0.4397630019749835,1.0548468525702546,0.02411961653517447
neutral_002,C,BNP-indikator månad,traning,under_trend,stabilt,False,1519,886,70,7,7,0.04608294930875576,0.07900677200902935,0.08558262014483213,0.9231637437055045,-0.006575848135802781
neutral_002,C,BNP-indikator månad,traning,under_trend,okning,False,1519,886,405,7,7,0.2666227781435155,0.45711060948081267,0.47465437788018433,0.9630388568673433,-0.017543768399371662
neutral_002,C,BNP-indikator månad,traning,vid_eller_over_trend,minskning,False,1519,633,257,5,5,0.16919025674786042,0.4060031595576619,0.4397630019749835,0.9232317355809708,-0.033759842417321606
neutral_002,C,BNP-indikator månad,traning,vid_eller_over_trend,stabilt,False,1519,633,60,5,5,0.03949967083607637,0.0947867298578199,0.08558262014483213,1.1075464819540648,0.009204109712987768
neutral_002,C,BNP-indikator månad,traning,vid_eller_over_trend,okning,False,1519,633,316,5,5,0.20803159973666885,0.49921011058451814,0.47465437788018433,1.0517339222994218,0.02455573270433381
neutral_002,C,BNP-indikator månad,validering,under_trend,minskning,False,507,0,0,0,0,0.0,,0.48520710059171596,,
neutral_002,C,BNP-indikator månad,validering,under_trend,stabilt,False,507,0,0,0,0,0.0,,0.09861932938856016,,
neutral_002,C,BNP-indikator månad,validering,under_trend,okning,False,507,0,0,0,0,0.0,,0.4161735700197239,,
neutral_002,C,BNP-indikator månad,validering,vid_eller_over_trend,minskning,False,507,507,246,4,4,0.48520710059171596,0.48520710059171596,0.48520710059171596,1.0,0.0
neutral_002,C,BNP-indikator månad,validering,vid_eller_over_trend,stabilt,False,507,507,50,4,4,0.09861932938856016,0.09861932938856016,0.09861932938856016,1.0,0.0
neutral_002,C,BNP-indikator månad,validering,vid_eller_over_trend,okning,False,507,507,211,4,4,0.4161735700197239,0.4161735700197239,0.4161735700197239,1.0,0.0
neutral_002,C,BNP-indikator månad,senare_ar,under_trend,minskning,False,739,366,170,3,3,0.23004059539918809,0.4644808743169399,0.5412719891745602,0.8581284153005465,-0.0767911148576203
neutral_002,C,BNP-indikator månad,senare_ar,under_trend,stabilt,False,739,366,42,3,3,0.056833558863328824,0.11475409836065574,0.10419485791610285,1.1013412816691506,0.010559240444552892
neutral_002,C,BNP-indikator månad,senare_ar,under_trend,okning,False,739,366,154,3,3,0.2083897158322057,0.4207650273224044,0.35453315290933696,1.1868143327910565,0.06623187441306744
neutral_002,C,BNP-indikator månad,senare_ar,vid_eller_over_trend,minskning,False,739,373,230,3,3,0.3112313937753721,0.6166219839142091,0.5412719891745602,1.1392091152815014,0.07534999473964887
neutral_002,C,BNP-indikator månad,senare_ar,vid_eller_over_trend,stabilt,False,739,373,35,3,3,0.04736129905277402,0.0938337801608579,0.10419485791610285,0.9005605654399219,-0.010361077755244946
neutral_002,C,BNP-indikator månad,senare_ar,vid_eller_over_trend,okning,False,739,373,108,3,3,0.14614343707713126,0.289544235924933,0.35453315290933696,0.8166915662157461,-0.06498891698440395
neutral_002,C,Detaljhandel sällanköpsvaror,traning,under_trend,minskning,False,1519,1012,439,8,8,0.28900592495062544,0.43379446640316205,0.4397630019749835,0.9864278360275497,-0.005968535571821476
neutral_002,C,Detaljhandel sällanköpsvaror,traning,under_trend,stabilt,False,1519,1012,83,8,8,0.05464121132323897,0.08201581027667984,0.08558262014483213,0.9583231985405898,-0.0035668098681522903
neutral_002,C,Detaljhandel sällanköpsvaror,traning,under_trend,okning,False,1519,1012,490,8,8,0.3225806451612903,0.4841897233201581,0.47465437788018433,1.0200890287424689,0.009535345439973753
neutral_002,C,Detaljhandel sällanköpsvaror,traning,vid_eller_over_trend,minskning,False,1519,507,229,4,4,0.15075707702435814,0.4516765285996055,0.4397630019749835,1.0270907888365282,0.011913526624621973
neutral_002,C,Detaljhandel sällanköpsvaror,traning,vid_eller_over_trend,stabilt,False,1519,507,47,4,4,0.030941408821593155,0.09270216962524655,0.08558262014483213,1.0831891973903809,0.007119549480414419
neutral_002,C,Detaljhandel sällanköpsvaror,traning,vid_eller_over_trend,okning,False,1519,507,231,4,4,0.15207373271889402,0.4556213017751479,0.47465437788018433,0.9599011891767679,-0.019033076105036406
neutral_002,C,Detaljhandel sällanköpsvaror,validering,under_trend,minskning,False,507,127,66,1,1,0.1301775147928994,0.5196850393700787,0.48520710059171596,1.0710581908968695,0.03447793877836275
neutral_002,C,Detaljhandel sällanköpsvaror,validering,under_trend,stabilt,False,507,127,14,1,1,0.027613412228796843,0.11023622047244094,0.09861932938856016,1.1177952755905511,0.011616891083880782
neutral_002,C,Detaljhandel sällanköpsvaror,validering,under_trend,okning,False,507,127,47,1,1,0.09270216962524655,0.3700787401574803,0.4161735700197239,0.8892413329850356,-0.04609482986224356
neutral_002,C,Detaljhandel sällanköpsvaror,validering,vid_eller_over_trend,minskning,False,507,380,180,3,3,0.35502958579881655,0.47368421052631576,0.48520710059171596,0.9762516046213093,-0.011522890065400193
neutral_002,C,Detaljhandel sällanköpsvaror,validering,vid_eller_over_trend,stabilt,False,507,380,36,3,3,0.07100591715976332,0.09473684210526316,0.09861932938856016,0.9606315789473684,-0.003882487283297001
neutral_002,C,Detaljhandel sällanköpsvaror,validering,vid_eller_over_trend,okning,False,507,380,164,3,3,0.3234714003944773,0.43157894736842106,0.4161735700197239,1.0370167123971066,0.01540537734869718
neutral_002,C,Detaljhandel sällanköpsvaror,senare_ar,under_trend,minskning,False,739,239,107,2,2,0.14479025710419485,0.4476987447698745,0.5412719891745602,0.8271234309623431,-0.09357324440468573
neutral_002,C,Detaljhandel sällanköpsvaror,senare_ar,under_trend,stabilt,False,739,239,28,2,2,0.037889039242219216,0.11715481171548117,0.10419485791610285,1.1243818942563713,0.012959953799378324
neutral_002,C,Detaljhandel sällanköpsvaror,senare_ar,under_trend,okning,False,739,239,104,2,2,0.14073071718538566,0.4351464435146444,0.35453315290933696,1.2273787089974129,0.08061329060530742
neutral_002,C,Detaljhandel sällanköpsvaror,senare_ar,vid_eller_over_trend,minskning,False,739,500,293,4,4,0.39648173207036536,0.586,0.5412719891745602,1.082635,0.04472801082543976
neutral_002,C,Detaljhandel sällanköpsvaror,senare_ar,vid_eller_over_trend,stabilt,False,739,500,49,4,4,0.06630581867388363,0.098,0.10419485791610285,0.9405454545454546,-0.006194857916102844
neutral_002,C,Detaljhandel sällanköpsvaror,senare_ar,vid_eller_over_trend,okning,False,739,500,158,4,4,0.21380243572395127,0.316,0.35453315290933696,0.8913129770992366,-0.038533152909336954
neutral_002,C,Hushållens konfidensindikator,traning,under_trend,minskning,False,1519,379,156,3,3,0.10269914417379855,0.41160949868073876,0.4397630019749835,0.9359802821797039,-0.028153503294244764
neutral_002,C,Hushållens konfidensindikator,traning,under_trend,stabilt,False,1519,379,32,3,3,0.02106649111257406,0.08443271767810026,0.08558262014483213,0.9865638319464176,-0.0011499024667318697
neutral_002,C,Hushållens konfidensindikator,traning,under_trend,okning,False,1519,379,191,3,3,0.12574061882817644,0.503957783641161,0.47465437788018433,1.0617363014575916,0.02930340576097662
neutral_002,C,Hushållens konfidensindikator,traning,vid_eller_over_trend,minskning,False,1519,1140,512,9,9,0.337063857801185,0.44912280701754387,0.4397630019749835,1.021283748292888,0.009359805042560343
neutral_002,C,Hushållens konfidensindikator,traning,vid_eller_over_trend,stabilt,False,1519,1140,98,9,9,0.06451612903225806,0.08596491228070176,0.08558262014483213,1.0044669365721997,0.0003822921358696274
neutral_002,C,Hushållens konfidensindikator,traning,vid_eller_over_trend,okning,False,1519,1140,530,9,9,0.3489137590520079,0.4649122807017544,0.47465437788018433,0.9794753874978709,-0.009742097178429943
neutral_002,C,Hushållens konfidensindikator,validering,under_trend,minskning,False,507,0,0,0,0,0.0,,0.48520710059171596,,
neutral_002,C,Hushållens konfidensindikator,validering,under_trend,stabilt,False,507,0,0,0,0,0.0,,0.09861932938856016,,
neutral_002,C,Hushållens konfidensindikator,validering,under_trend,okning,False,507,0,0,0,0,0.0,,0.4161735700197239,,
neutral_002,C,Hushållens konfidensindikator,validering,vid_eller_over_trend,minskning,False,507,507,246,4,4,0.48520710059171596,0.48520710059171596,0.48520710059171596,1.0,0.0
neutral_002,C,Hushållens konfidensindikator,validering,vid_eller_over_trend,stabilt,False,507,507,50,4,4,0.09861932938856016,0.09861932938856016,0.09861932938856016,1.0,0.0
neutral_002,C,Hushållens konfidensindikator,validering,vid_eller_over_trend,okning,False,507,507,211,4,4,0.4161735700197239,0.4161735700197239,0.4161735700197239,1.0,0.0
neutral_002,C,Hushållens konfidensindikator,senare_ar,under_trend,minskning,False,739,615,314,5,5,0.4248985115020298,0.510569105691057,0.5412719891745602,0.9432764227642277,-0.03070288348350325
neutral_002,C,Hushållens konfidensindikator,senare_ar,under_trend,stabilt,False,739,615,69,5,5,0.09336941813261164,0.11219512195121951,0.10419485791610285,1.0767817548305352,0.008000264035116667
neutral_002,C,Hushållens konfidensindikator,senare_ar,under_trend,okning,False,739,615,232,5,5,0.31393775372124494,0.3772357723577236,0.35453315290933696,1.0640352510395332,0.02270261944838664
neutral_002,C,Hushållens konfidensindikator,senare_ar,vid_eller_over_trend,minskning,False,739,124,86,1,1,0.11637347767253045,0.6935483870967742,0.5412719891745602,1.2813306451612905,0.15227639792221404
neutral_002,C,Hushållens konfidensindikator,senare_ar,vid_eller_over_trend,stabilt,False,739,124,8,1,1,0.010825439783491205,0.06451612903225806,0.10419485791610285,0.6191872643485546,-0.039678728883844785
neutral_002,C,Hushållens konfidensindikator,senare_ar,vid_eller_over_trend,okning,False,739,124,30,1,1,0.04059539918809202,0.24193548387096775,0.35453315290933696,0.6824058113765082,-0.11259766903836921
neutral_002,C,Hushållens konsumtion,traning,under_trend,minskning,False,1519,1139,509,9,9,0.33508887425938116,0.44688323090430204,0.4397630019749835,1.0161910594964594,0.007120228929318517
neutral_002,C,Hushållens konsumtion,traning,under_trend,stabilt,False,1519,1139,94,9,9,0.06188281764318631,0.08252853380158033,0.08558262014483213,0.9643141757276963,-0.0030540863432517995
neutral_002,C,Hushållens konsumtion,traning,under_trend,okning,False,1519,1139,536,9,9,0.35286372613561556,0.47058823529411764,0.47465437788018433,0.9914334665905197,-0.00406614258606669
neutral_002,C,Hushållens konsumtion,traning,vid_eller_over_trend,minskning,False,1519,380,159,3,3,0.10467412771560237,0.41842105263157897,0.4397630019749835,0.9514694295619288,-0.021341949343404554
neutral_002,C,Hushållens konsumtion,traning,vid_eller_over_trend,stabilt,False,1519,380,36,3,3,0.02369980250164582,0.09473684210526316,0.08558262014483213,1.1069635627530363,0.00915422196043103
neutral_002,C,Hushållens konsumtion,traning,vid_eller_over_trend,okning,False,1519,380,185,3,3,0.1217906517445688,0.4868421052631579,0.47465437788018433,1.0256770567194686,0.012187727382973579
neutral_002,C,Hushållens konsumtion,validering,under_trend,minskning,False,507,125,49,1,1,0.09664694280078895,0.392,0.48520710059171596,0.8079024390243903,-0.09320710059171594
neutral_002,C,Hushållens konsumtion,validering,under_trend,stabilt,False,507,125,15,1,1,0.029585798816568046,0.12,0.09861932938856016,1.2167999999999999,0.021380670611439834
neutral_002,C,Hushållens konsumtion,validering,under_trend,okning,False,507,125,61,1,1,0.1203155818540434,0.488,0.4161735700197239,1.1725876777251185,0.07182642998027611
neutral_002,C,Hushållens konsumtion,validering,vid_eller_over_trend,minskning,False,507,382,197,3,3,0.388560157790927,0.5157068062827225,0.48520710059171596,1.0628591495339037,0.030499705691006518
neutral_002,C,Hushållens konsumtion,validering,vid_eller_over_trend,stabilt,False,507,382,35,3,3,0.06903353057199212,0.09162303664921466,0.09861932938856016,0.9290575916230366,-0.006996292739345503
neutral_002,C,Hushållens konsumtion,validering,vid_eller_over_trend,okning,False,507,382,150,3,3,0.2958579881656805,0.39267015706806285,0.4161735700197239,0.943524974566388,-0.02350341295166103
neutral_002,C,Hushållens konsumtion,senare_ar,under_trend,minskning,False,739,239,107,2,2,0.14479025710419485,0.4476987447698745,0.5412719891745602,0.8271234309623431,-0.09357324440468573
neutral_002,C,Hushållens konsumtion,senare_ar,under_trend,stabilt,False,739,239,28,2,2,0.037889039242219216,0.11715481171548117,0.10419485791610285,1.1243818942563713,0.012959953799378324
neutral_002,C,Hushållens konsumtion,senare_ar,under_trend,okning,False,739,239,104,2,2,0.14073071718538566,0.4351464435146444,0.35453315290933696,1.2273787089974129,0.08061329060530742
neutral_002,C,Hushållens konsumtion,senare_ar,vid_eller_over_trend,minskning,False,739,500,293,4,4,0.39648173207036536,0.586,0.5412719891745602,1.082635,0.04472801082543976
neutral_002,C,Hushållens konsumtion,senare_ar,vid_eller_over_trend,stabilt,False,739,500,49,4,4,0.06630581867388363,0.098,0.10419485791610285,0.9405454545454546,-0.006194857916102844
neutral_002,C,Hushållens konsumtion,senare_ar,vid_eller_over_trend,okning,False,739,500,158,4,4,0.21380243572395127,0.316,0.35453315290933696,0.8913129770992366,-0.038533152909336954
neutral_002,C,Industrins orderingång,traning,under_trend,minskning,False,1519,886,411,7,7,0.2705727452271231,0.463882618510158,0.4397630019749835,1.0548468525702546,0.02411961653517447
neutral_002,C,Industrins orderingång,traning,under_trend,stabilt,False,1519,886,70,7,7,0.04608294930875576,0.07900677200902935,0.08558262014483213,0.9231637437055045,-0.006575848135802781
neutral_002,C,Industrins orderingång,traning,under_trend,okning,False,1519,886,405,7,7,0.2666227781435155,0.45711060948081267,0.47465437788018433,0.9630388568673433,-0.017543768399371662
neutral_002,C,Industrins orderingång,traning,vid_eller_over_trend,minskning,False,1519,633,257,5,5,0.16919025674786042,0.4060031595576619,0.4397630019749835,0.9232317355809708,-0.033759842417321606
neutral_002,C,Industrins orderingång,traning,vid_eller_over_trend,stabilt,False,1519,633,60,5,5,0.03949967083607637,0.0947867298578199,0.08558262014483213,1.1075464819540648,0.009204109712987768
neutral_002,C,Industrins orderingång,traning,vid_eller_over_trend,okning,False,1519,633,316,5,5,0.20803159973666885,0.49921011058451814,0.47465437788018433,1.0517339222994218,0.02455573270433381
neutral_002,C,Industrins orderingång,validering,under_trend,minskning,False,507,253,110,2,2,0.21696252465483234,0.43478260869565216,0.48520710059171596,0.8960763520678685,-0.050424491896063794
neutral_002,C,Industrins orderingång,validering,under_trend,stabilt,False,507,253,27,2,2,0.05325443786982249,0.1067193675889328,0.09861932938856016,1.0821343873517786,0.008100038200372639
neutral_002,C,Industrins orderingång,validering,under_trend,okning,False,507,253,116,2,2,0.22879684418145957,0.45849802371541504,0.4161735700197239,1.1016990427664237,0.042324453695691155
neutral_002,C,Industrins orderingång,validering,vid_eller_over_trend,minskning,False,507,254,136,2,2,0.2682445759368836,0.5354330708661418,0.48520710059171596,1.1035144997119264,0.050225970274425824
neutral_002,C,Industrins orderingång,validering,vid_eller_over_trend,stabilt,False,507,254,23,2,2,0.045364891518737675,0.09055118110236221,0.09861932938856016,0.9181889763779528,-0.008068148286197951
neutral_002,C,Industrins orderingång,validering,vid_eller_over_trend,okning,False,507,254,95,2,2,0.1873767258382643,0.37401574803149606,0.4161735700197239,0.8987013471657275,-0.04215782198822782
neutral_002,C,Industrins orderingång,senare_ar,under_trend,minskning,False,739,239,107,2,2,0.14479025710419485,0.4476987447698745,0.5412719891745602,0.8271234309623431,-0.09357324440468573
neutral_002,C,Industrins orderingång,senare_ar,under_trend,stabilt,False,739,239,28,2,2,0.037889039242219216,0.11715481171548117,0.10419485791610285,1.1243818942563713,0.012959953799378324
neutral_002,C,Industrins orderingång,senare_ar,under_trend,okning,False,739,239,104,2,2,0.14073071718538566,0.4351464435146444,0.35453315290933696,1.2273787089974129,0.08061329060530742
neutral_002,C,Industrins orderingång,senare_ar,vid_eller_over_trend,minskning,False,739,500,293,4,4,0.39648173207036536,0.586,0.5412719891745602,1.082635,0.04472801082543976
neutral_002,C,Industrins orderingång,senare_ar,vid_eller_over_trend,stabilt,False,739,500,49,4,4,0.06630581867388363,0.098,0.10419485791610285,0.9405454545454546,-0.006194857916102844
neutral_002,C,Industrins orderingång,senare_ar,vid_eller_over_trend,okning,False,739,500,158,4,4,0.21380243572395127,0.316,0.35453315290933696,0.8913129770992366,-0.038533152909336954
neutral_002,C,Nyregistrerade lastbilar,traning,under_trend,minskning,False,1519,886,411,7,7,0.2705727452271231,0.463882618510158,0.4397630019749835,1.0548468525702546,0.02411961653517447
neutral_002,C,Nyregistrerade lastbilar,traning,under_trend,stabilt,False,1519,886,70,7,7,0.04608294930875576,0.07900677200902935,0.08558262014483213,0.9231637437055045,-0.006575848135802781
neutral_002,C,Nyregistrerade lastbilar,traning,under_trend,okning,False,1519,886,405,7,7,0.2666227781435155,0.45711060948081267,0.47465437788018433,0.9630388568673433,-0.017543768399371662
neutral_002,C,Nyregistrerade lastbilar,traning,vid_eller_over_trend,minskning,False,1519,633,257,5,5,0.16919025674786042,0.4060031595576619,0.4397630019749835,0.9232317355809708,-0.033759842417321606
neutral_002,C,Nyregistrerade lastbilar,traning,vid_eller_over_trend,stabilt,False,1519,633,60,5,5,0.03949967083607637,0.0947867298578199,0.08558262014483213,1.1075464819540648,0.009204109712987768
neutral_002,C,Nyregistrerade lastbilar,traning,vid_eller_over_trend,okning,False,1519,633,316,5,5,0.20803159973666885,0.49921011058451814,0.47465437788018433,1.0517339222994218,0.02455573270433381
neutral_002,C,Nyregistrerade lastbilar,validering,under_trend,minskning,False,507,125,49,1,1,0.09664694280078895,0.392,0.48520710059171596,0.8079024390243903,-0.09320710059171594
neutral_002,C,Nyregistrerade lastbilar,validering,under_trend,stabilt,False,507,125,15,1,1,0.029585798816568046,0.12,0.09861932938856016,1.2167999999999999,0.021380670611439834
neutral_002,C,Nyregistrerade lastbilar,validering,under_trend,okning,False,507,125,61,1,1,0.1203155818540434,0.488,0.4161735700197239,1.1725876777251185,0.07182642998027611
neutral_002,C,Nyregistrerade lastbilar,validering,vid_eller_over_trend,minskning,False,507,382,197,3,3,0.388560157790927,0.5157068062827225,0.48520710059171596,1.0628591495339037,0.030499705691006518
neutral_002,C,Nyregistrerade lastbilar,validering,vid_eller_over_trend,stabilt,False,507,382,35,3,3,0.06903353057199212,0.09162303664921466,0.09861932938856016,0.9290575916230366,-0.006996292739345503
neutral_002,C,Nyregistrerade lastbilar,validering,vid_eller_over_trend,okning,False,507,382,150,3,3,0.2958579881656805,0.39267015706806285,0.4161735700197239,0.943524974566388,-0.02350341295166103
neutral_002,C,Nyregistrerade lastbilar,senare_ar,under_trend,minskning,False,739,373,221,3,3,0.29905277401894453,0.5924932975871313,0.5412719891745602,1.0946313672922252,0.05122130841257111
neutral_002,C,Nyregistrerade lastbilar,senare_ar,under_trend,stabilt,False,739,373,38,3,3,0.05142083897158322,0.10187667560321716,0.10419485791610285,0.9777514710490581,-0.0023181823128856915
neutral_002,C,Nyregistrerade lastbilar,senare_ar,under_trend,okning,False,739,373,114,3,3,0.15426251691474965,0.30563002680965146,0.35453315290933696,0.8620633198943985,-0.0489031260996855
neutral_002,C,Nyregistrerade lastbilar,senare_ar,vid_eller_over_trend,minskning,False,739,366,179,3,3,0.2422192151556157,0.4890710382513661,0.5412719891745602,0.9035587431693989,-0.0522009509231941
neutral_002,C,Nyregistrerade lastbilar,senare_ar,vid_eller_over_trend,stabilt,False,739,366,39,3,3,0.05277401894451962,0.10655737704918032,0.10419485791610285,1.022674047264211,0.002362519133077473
neutral_002,C,Nyregistrerade lastbilar,senare_ar,vid_eller_over_trend,okning,False,739,366,148,3,3,0.20027063599458728,0.40437158469945356,0.35453315290933696,1.1405748133316647,0.0498384317901166
neutral_002,C,Nyregistrerade personbilar,traning,under_trend,minskning,False,1519,758,323,6,6,0.21263989466754443,0.4261213720316623,0.4397630019749835,0.9689795870001423,-0.013641629943321243
neutral_002,C,Nyregistrerade personbilar,traning,under_trend,stabilt,False,1519,758,59,6,6,0.038841342988808425,0.07783641160949868,0.08558262014483213,0.9094885325756038,-0.007746208535333449
neutral_002,C,Nyregistrerade personbilar,traning,under_trend,okning,False,1519,758,376,6,6,0.24753127057274524,0.49604221635883905,0.47465437788018433,1.0450598150472628,0.02138783847865472
neutral_002,C,Nyregistrerade personbilar,traning,vid_eller_over_trend,minskning,False,1519,761,345,6,6,0.2271231073074391,0.4533508541392904,0.4397630019749835,1.03089812490656,0.013587852164306857
neutral_002,C,Nyregistrerade personbilar,traning,vid_eller_over_trend,stabilt,False,1519,761,71,6,6,0.0467412771560237,0.09329829172141918,0.08558262014483213,1.0901546548064287,0.007715671576587049
neutral_002,C,Nyregistrerade personbilar,traning,vid_eller_over_trend,okning,False,1519,761,345,6,6,0.2271231073074391,0.4533508541392904,0.47465437788018433,0.9551178189148156,-0.021303523740893948
neutral_002,C,Nyregistrerade personbilar,validering,under_trend,minskning,False,507,0,0,0,0,0.0,,0.48520710059171596,,
neutral_002,C,Nyregistrerade personbilar,validering,under_trend,stabilt,False,507,0,0,0,0,0.0,,0.09861932938856016,,
neutral_002,C,Nyregistrerade personbilar,validering,under_trend,okning,False,507,0,0,0,0,0.0,,0.4161735700197239,,
neutral_002,C,Nyregistrerade personbilar,validering,vid_eller_over_trend,minskning,False,507,507,246,4,4,0.48520710059171596,0.48520710059171596,0.48520710059171596,1.0,0.0
neutral_002,C,Nyregistrerade personbilar,validering,vid_eller_over_trend,stabilt,False,507,507,50,4,4,0.09861932938856016,0.09861932938856016,0.09861932938856016,1.0,0.0
neutral_002,C,Nyregistrerade personbilar,validering,vid_eller_over_trend,okning,False,507,507,211,4,4,0.4161735700197239,0.4161735700197239,0.4161735700197239,1.0,0.0
neutral_002,C,Nyregistrerade personbilar,senare_ar,under_trend,minskning,False,739,612,328,5,5,0.4438430311231394,0.5359477124183006,0.5412719891745602,0.9901633986928104,-0.005324276756259572
neutral_002,C,Nyregistrerade personbilar,senare_ar,under_trend,stabilt,False,739,612,66,5,5,0.08930987821380243,0.10784313725490197,0.10419485791610285,1.035014005602241,0.003648279338799118
neutral_002,C,Nyregistrerade personbilar,senare_ar,under_trend,okning,False,739,612,218,5,5,0.29499323410013534,0.3562091503267974,0.35453315290933696,1.0047273362271116,0.0016759974174604397
neutral_002,C,Nyregistrerade personbilar,senare_ar,vid_eller_over_trend,minskning,False,739,127,72,1,1,0.09742895805142084,0.5669291338582677,0.5412719891745602,1.0474015748031495,0.0256571446837075
neutral_002,C,Nyregistrerade personbilar,senare_ar,vid_eller_over_trend,stabilt,False,739,127,11,1,1,0.014884979702300407,0.08661417322834646,0.10419485791610285,0.8312710911136107,-0.017580684687756393
neutral_002,C,Nyregistrerade personbilar,senare_ar,vid_eller_over_trend,okning,False,739,127,44,1,1,0.05953991880920163,0.3464566929133858,0.35453315290933696,0.9772194506221072,-0.008076459995951135
neutral_002,C,Näringslivets efterfrågan,traning,under_trend,minskning,False,1519,886,411,7,7,0.2705727452271231,0.463882618510158,0.4397630019749835,1.0548468525702546,0.02411961653517447
neutral_002,C,Näringslivets efterfrågan,traning,under_trend,stabilt,False,1519,886,70,7,7,0.04608294930875576,0.07900677200902935,0.08558262014483213,0.9231637437055045,-0.006575848135802781
neutral_002,C,Näringslivets efterfrågan,traning,under_trend,okning,False,1519,886,405,7,7,0.2666227781435155,0.45711060948081267,0.47465437788018433,0.9630388568673433,-0.017543768399371662
neutral_002,C,Näringslivets efterfrågan,traning,vid_eller_over_trend,minskning,False,1519,633,257,5,5,0.16919025674786042,0.4060031595576619,0.4397630019749835,0.9232317355809708,-0.033759842417321606
neutral_002,C,Näringslivets efterfrågan,traning,vid_eller_over_trend,stabilt,False,1519,633,60,5,5,0.03949967083607637,0.0947867298578199,0.08558262014483213,1.1075464819540648,0.009204109712987768
neutral_002,C,Näringslivets efterfrågan,traning,vid_eller_over_trend,okning,False,1519,633,316,5,5,0.20803159973666885,0.49921011058451814,0.47465437788018433,1.0517339222994218,0.02455573270433381
neutral_002,C,Näringslivets efterfrågan,validering,under_trend,minskning,False,507,0,0,0,0,0.0,,0.48520710059171596,,
neutral_002,C,Näringslivets efterfrågan,validering,under_trend,stabilt,False,507,0,0,0,0,0.0,,0.09861932938856016,,
neutral_002,C,Näringslivets efterfrågan,validering,under_trend,okning,False,507,0,0,0,0,0.0,,0.4161735700197239,,
neutral_002,C,Näringslivets efterfrågan,validering,vid_eller_over_trend,minskning,False,507,507,246,4,4,0.48520710059171596,0.48520710059171596,0.48520710059171596,1.0,0.0
neutral_002,C,Näringslivets efterfrågan,validering,vid_eller_over_trend,stabilt,False,507,507,50,4,4,0.09861932938856016,0.09861932938856016,0.09861932938856016,1.0,0.0
neutral_002,C,Näringslivets efterfrågan,validering,vid_eller_over_trend,okning,False,507,507,211,4,4,0.4161735700197239,0.4161735700197239,0.4161735700197239,1.0,0.0
neutral_002,C,Näringslivets efterfrågan,senare_ar,under_trend,minskning,False,739,366,170,3,3,0.23004059539918809,0.4644808743169399,0.5412719891745602,0.8581284153005465,-0.0767911148576203
neutral_002,C,Näringslivets efterfrågan,senare_ar,under_trend,stabilt,False,739,366,42,3,3,0.056833558863328824,0.11475409836065574,0.10419485791610285,1.1013412816691506,0.010559240444552892
neutral_002,C,Näringslivets efterfrågan,senare_ar,under_trend,okning,False,739,366,154,3,3,0.2083897158322057,0.4207650273224044,0.35453315290933696,1.1868143327910565,0.06623187441306744
neutral_002,C,Näringslivets efterfrågan,senare_ar,vid_eller_over_trend,minskning,False,739,373,230,3,3,0.3112313937753721,0.6166219839142091,0.5412719891745602,1.1392091152815014,0.07534999473964887
neutral_002,C,Näringslivets efterfrågan,senare_ar,vid_eller_over_trend,stabilt,False,739,373,35,3,3,0.04736129905277402,0.0938337801608579,0.10419485791610285,0.9005605654399219,-0.010361077755244946
neutral_002,C,Näringslivets efterfrågan,senare_ar,vid_eller_over_trend,okning,False,739,373,108,3,3,0.14614343707713126,0.289544235924933,0.35453315290933696,0.8166915662157461,-0.06498891698440395
neutral_002,C,Näringslivets produktion,traning,under_trend,minskning,False,1519,886,411,7,7,0.2705727452271231,0.463882618510158,0.4397630019749835,1.0548468525702546,0.02411961653517447
neutral_002,C,Näringslivets produktion,traning,under_trend,stabilt,False,1519,886,70,7,7,0.04608294930875576,0.07900677200902935,0.08558262014483213,0.9231637437055045,-0.006575848135802781
neutral_002,C,Näringslivets produktion,traning,under_trend,okning,False,1519,886,405,7,7,0.2666227781435155,0.45711060948081267,0.47465437788018433,0.9630388568673433,-0.017543768399371662
neutral_002,C,Näringslivets produktion,traning,vid_eller_over_trend,minskning,False,1519,633,257,5,5,0.16919025674786042,0.4060031595576619,0.4397630019749835,0.9232317355809708,-0.033759842417321606
neutral_002,C,Näringslivets produktion,traning,vid_eller_over_trend,stabilt,False,1519,633,60,5,5,0.03949967083607637,0.0947867298578199,0.08558262014483213,1.1075464819540648,0.009204109712987768
neutral_002,C,Näringslivets produktion,traning,vid_eller_over_trend,okning,False,1519,633,316,5,5,0.20803159973666885,0.49921011058451814,0.47465437788018433,1.0517339222994218,0.02455573270433381
neutral_002,C,Näringslivets produktion,validering,under_trend,minskning,False,507,125,49,1,1,0.09664694280078895,0.392,0.48520710059171596,0.8079024390243903,-0.09320710059171594
neutral_002,C,Näringslivets produktion,validering,under_trend,stabilt,False,507,125,15,1,1,0.029585798816568046,0.12,0.09861932938856016,1.2167999999999999,0.021380670611439834
neutral_002,C,Näringslivets produktion,validering,under_trend,okning,False,507,125,61,1,1,0.1203155818540434,0.488,0.4161735700197239,1.1725876777251185,0.07182642998027611
neutral_002,C,Näringslivets produktion,validering,vid_eller_over_trend,minskning,False,507,382,197,3,3,0.388560157790927,0.5157068062827225,0.48520710059171596,1.0628591495339037,0.030499705691006518
neutral_002,C,Näringslivets produktion,validering,vid_eller_over_trend,stabilt,False,507,382,35,3,3,0.06903353057199212,0.09162303664921466,0.09861932938856016,0.9290575916230366,-0.006996292739345503
neutral_002,C,Näringslivets produktion,validering,vid_eller_over_trend,okning,False,507,382,150,3,3,0.2958579881656805,0.39267015706806285,0.4161735700197239,0.943524974566388,-0.02350341295166103
neutral_002,C,Näringslivets produktion,senare_ar,under_trend,minskning,False,739,366,170,3,3,0.23004059539918809,0.4644808743169399,0.5412719891745602,0.8581284153005465,-0.0767911148576203
neutral_002,C,Näringslivets produktion,senare_ar,under_trend,stabilt,False,739,366,42,3,3,0.056833558863328824,0.11475409836065574,0.10419485791610285,1.1013412816691506,0.010559240444552892
neutral_002,C,Näringslivets produktion,senare_ar,under_trend,okning,False,739,366,154,3,3,0.2083897158322057,0.4207650273224044,0.35453315290933696,1.1868143327910565,0.06623187441306744
neutral_002,C,Näringslivets produktion,senare_ar,vid_eller_over_trend,minskning,False,739,373,230,3,3,0.3112313937753721,0.6166219839142091,0.5412719891745602,1.1392091152815014,0.07534999473964887
neutral_002,C,Näringslivets produktion,senare_ar,vid_eller_over_trend,stabilt,False,739,373,35,3,3,0.04736129905277402,0.0938337801608579,0.10419485791610285,0.9005605654399219,-0.010361077755244946
neutral_002,C,Näringslivets produktion,senare_ar,vid_eller_over_trend,okning,False,739,373,108,3,3,0.14614343707713126,0.289544235924933,0.35453315290933696,0.8166915662157461,-0.06498891698440395
neutral_002,C,Sysselsättning,traning,under_trend,minskning,False,1519,1267,564,10,10,0.37129690585911784,0.4451460142067877,0.4397630019749835,1.0122407119462733,0.005383012231804152
neutral_002,C,Sysselsättning,traning,under_trend,stabilt,False,1519,1267,106,10,10,0.06978275181040158,0.08366219415943173,0.08558262014483213,0.9775605609859753,-0.0019204259854004035
neutral_002,C,Sysselsättning,traning,under_trend,okning,False,1519,1267,597,10,10,0.39302172481895986,0.4711917916337806,0.47465437788018433,0.9927050367430135,-0.0034625862464037205
neutral_002,C,Sysselsättning,traning,vid_eller_over_trend,minskning,False,1519,252,104,2,2,0.0684660961158657,0.4126984126984127,0.4397630019749835,0.9384564204923486,-0.02706458927657085
neutral_002,C,Sysselsättning,traning,vid_eller_over_trend,stabilt,False,1519,252,24,2,2,0.015799868334430547,0.09523809523809523,0.08558262014483213,1.1128205128205126,0.009655475093263102
neutral_002,C,Sysselsättning,traning,vid_eller_over_trend,okning,False,1519,252,124,2,2,0.08163265306122448,0.49206349206349204,0.47465437788018433,1.0366774541531822,0.017409114183307706
neutral_002,C,Sysselsättning,validering,under_trend,minskning,False,507,253,110,2,2,0.21696252465483234,0.43478260869565216,0.48520710059171596,0.8960763520678685,-0.050424491896063794
neutral_002,C,Sysselsättning,validering,under_trend,stabilt,False,507,253,27,2,2,0.05325443786982249,0.1067193675889328,0.09861932938856016,1.0821343873517786,0.008100038200372639
neutral_002,C,Sysselsättning,validering,under_trend,okning,False,507,253,116,2,2,0.22879684418145957,0.45849802371541504,0.4161735700197239,1.1016990427664237,0.042324453695691155
neutral_002,C,Sysselsättning,validering,vid_eller_over_trend,minskning,False,507,254,136,2,2,0.2682445759368836,0.5354330708661418,0.48520710059171596,1.1035144997119264,0.050225970274425824
neutral_002,C,Sysselsättning,validering,vid_eller_over_trend,stabilt,False,507,254,23,2,2,0.045364891518737675,0.09055118110236221,0.09861932938856016,0.9181889763779528,-0.008068148286197951
neutral_002,C,Sysselsättning,validering,vid_eller_over_trend,okning,False,507,254,95,2,2,0.1873767258382643,0.37401574803149606,0.4161735700197239,0.8987013471657275,-0.04215782198822782
neutral_002,C,Sysselsättning,senare_ar,under_trend,minskning,False,739,371,206,3,3,0.2787550744248985,0.555256064690027,0.5412719891745602,1.0258355795148248,0.013984075515466765
neutral_002,C,Sysselsättning,senare_ar,under_trend,stabilt,False,739,371,35,3,3,0.04736129905277402,0.09433962264150944,0.10419485791610285,0.9054153393776035,-0.009855235274593407
neutral_002,C,Sysselsättning,senare_ar,under_trend,okning,False,739,371,130,3,3,0.17591339648173207,0.3504043126684636,0.35453315290933696,0.9883541490915825,-0.004128840240873344
neutral_002,C,Sysselsättning,senare_ar,vid_eller_over_trend,minskning,False,739,368,194,3,3,0.2625169147496617,0.5271739130434783,0.5412719891745602,0.9739538043478261,-0.014098076131081938
neutral_002,C,Sysselsättning,senare_ar,vid_eller_over_trend,stabilt,False,739,368,42,3,3,0.056833558863328824,0.11413043478260869,0.10419485791610285,1.0953557312252964,0.00993557686650584
neutral_002,C,Sysselsättning,senare_ar,vid_eller_over_trend,okning,False,739,368,132,3,3,0.17861975642760486,0.358695652173913,0.35453315290933696,1.0117407899103883,0.0041624992645760694
neutral_002,C,Varuexport,traning,under_trend,minskning,False,1519,633,281,5,5,0.18499012508229098,0.4439178515007899,0.4397630019749835,1.0094479287869758,0.004154849525806359
neutral_002,C,Varuexport,traning,under_trend,stabilt,False,1519,633,52,5,5,0.03423304805793285,0.08214849921011058,0.08558262014483213,0.9598736176935229,-0.003434120934721549
neutral_002,C,Varuexport,traning,under_trend,okning,False,1519,633,300,5,5,0.19749835418038184,0.47393364928909953,0.47465437788018433,0.9984815718032486,-0.000720728591084796
neutral_002,C,Varuexport,traning,vid_eller_over_trend,minskning,False,1519,886,387,7,7,0.25477287689269257,0.4367945823927765,0.4397630019749835,0.9932499560698017,-0.0029684195822070047
neutral_002,C,Varuexport,traning,vid_eller_over_trend,stabilt,False,1519,886,78,7,7,0.051349572086899276,0.08803611738148984,0.08558262014483213,1.028668171557562,0.0024534972366577062
neutral_002,C,Varuexport,traning,vid_eller_over_trend,okning,False,1519,886,421,7,7,0.2771560236998025,0.4751693002257336,0.47465437788018433,1.0010848363979048,0.0005149223455492846
neutral_002,C,Varuexport,validering,under_trend,minskning,False,507,380,180,3,3,0.35502958579881655,0.47368421052631576,0.48520710059171596,0.9762516046213093,-0.011522890065400193
neutral_002,C,Varuexport,validering,under_trend,stabilt,False,507,380,36,3,3,0.07100591715976332,0.09473684210526316,0.09861932938856016,0.9606315789473684,-0.003882487283297001
neutral_002,C,Varuexport,validering,under_trend,okning,False,507,380,164,3,3,0.3234714003944773,0.43157894736842106,0.4161735700197239,1.0370167123971066,0.01540537734869718
neutral_002,C,Varuexport,validering,vid_eller_over_trend,minskning,False,507,127,66,1,1,0.1301775147928994,0.5196850393700787,0.48520710059171596,1.0710581908968695,0.03447793877836275
neutral_002,C,Varuexport,validering,vid_eller_over_trend,stabilt,False,507,127,14,1,1,0.027613412228796843,0.11023622047244094,0.09861932938856016,1.1177952755905511,0.011616891083880782
neutral_002,C,Varuexport,validering,vid_eller_over_trend,okning,False,507,127,47,1,1,0.09270216962524655,0.3700787401574803,0.4161735700197239,0.8892413329850356,-0.04609482986224356
neutral_002,C,Varuexport,senare_ar,under_trend,minskning,False,739,120,57,1,1,0.07713125845737483,0.475,0.5412719891745602,0.8775625,-0.06627198917456023
neutral_002,C,Varuexport,senare_ar,under_trend,stabilt,False,739,120,13,1,1,0.017591339648173207,0.10833333333333334,0.10419485791610285,1.0397186147186146,0.004138475417230489
neutral_002,C,Varuexport,senare_ar,under_trend,okning,False,739,120,50,1,1,0.06765899864682003,0.4166666666666667,0.35453315290933696,1.1752544529262086,0.06213351375732973
neutral_002,C,Varuexport,senare_ar,vid_eller_over_trend,minskning,False,739,619,343,5,5,0.46414073071718537,0.5541195476575121,0.5412719891745602,1.0237358642972536,0.012847558482951937
neutral_002,C,Varuexport,senare_ar,vid_eller_over_trend,stabilt,False,739,619,64,5,5,0.08660351826792964,0.10339256865912763,0.10419485791610285,0.9923001070012378,-0.0008022892569752166
neutral_002,C,Varuexport,senare_ar,vid_eller_over_trend,okning,False,739,619,212,5,5,0.2868741542625169,0.34248788368336025,0.35453315290933696,0.966024984893142,-0.012045269225976707
neutral_002,C,Varuimport,traning,under_trend,minskning,False,1519,761,319,6,6,0.21000658327847269,0.4191852825229961,0.4397630019749835,0.9532072517251963,-0.020577719451987442
neutral_002,C,Varuimport,traning,under_trend,stabilt,False,1519,761,60,6,6,0.03949967083607637,0.07884362680683311,0.08558262014483213,0.9212574547659961,-0.006738993337999016
neutral_002,C,Varuimport,traning,under_trend,okning,False,1519,761,382,6,6,0.2514812376563529,0.5019710906701709,0.47465437788018433,1.0575507444216221,0.02731671278998654
neutral_002,C,Varuimport,traning,vid_eller_over_trend,minskning,False,1519,758,349,6,6,0.22975641869651087,0.4604221635883905,0.4397630019749835,1.046977943848451,0.020659161613406973
neutral_002,C,Varuimport,traning,vid_eller_over_trend,stabilt,False,1519,758,70,6,6,0.04608294930875576,0.09234828496042216,0.08558262014483213,1.0790541911913942,0.006765664815590031
neutral_002,C,Varuimport,traning,vid_eller_over_trend,okning,False,1519,758,339,6,6,0.22317314022383147,0.4472295514511873,0.47465437788018433,0.9422214821835694,-0.027424826428997018
neutral_002,C,Varuimport,validering,under_trend,minskning,False,507,253,110,2,2,0.21696252465483234,0.43478260869565216,0.48520710059171596,0.8960763520678685,-0.050424491896063794
neutral_002,C,Varuimport,validering,under_trend,stabilt,False,507,253,27,2,2,0.05325443786982249,0.1067193675889328,0.09861932938856016,1.0821343873517786,0.008100038200372639
neutral_002,C,Varuimport,validering,under_trend,okning,False,507,253,116,2,2,0.22879684418145957,0.45849802371541504,0.4161735700197239,1.1016990427664237,0.042324453695691155
neutral_002,C,Varuimport,validering,vid_eller_over_trend,minskning,False,507,254,136,2,2,0.2682445759368836,0.5354330708661418,0.48520710059171596,1.1035144997119264,0.050225970274425824
neutral_002,C,Varuimport,validering,vid_eller_over_trend,stabilt,False,507,254,23,2,2,0.045364891518737675,0.09055118110236221,0.09861932938856016,0.9181889763779528,-0.008068148286197951
neutral_002,C,Varuimport,validering,vid_eller_over_trend,okning,False,507,254,95,2,2,0.1873767258382643,0.37401574803149606,0.4161735700197239,0.8987013471657275,-0.04215782198822782
neutral_002,C,Varuimport,senare_ar,under_trend,minskning,False,739,366,170,3,3,0.23004059539918809,0.4644808743169399,0.5412719891745602,0.8581284153005465,-0.0767911148576203
neutral_002,C,Varuimport,senare_ar,under_trend,stabilt,False,739,366,42,3,3,0.056833558863328824,0.11475409836065574,0.10419485791610285,1.1013412816691506,0.010559240444552892
neutral_002,C,Varuimport,senare_ar,under_trend,okning,False,739,366,154,3,3,0.2083897158322057,0.4207650273224044,0.35453315290933696,1.1868143327910565,0.06623187441306744
neutral_002,C,Varuimport,senare_ar,vid_eller_over_trend,minskning,False,739,373,230,3,3,0.3112313937753721,0.6166219839142091,0.5412719891745602,1.1392091152815014,0.07534999473964887
neutral_002,C,Varuimport,senare_ar,vid_eller_over_trend,stabilt,False,739,373,35,3,3,0.04736129905277402,0.0938337801608579,0.10419485791610285,0.9005605654399219,-0.010361077755244946
neutral_002,C,Varuimport,senare_ar,vid_eller_over_trend,okning,False,739,373,108,3,3,0.14614343707713126,0.289544235924933,0.35453315290933696,0.8166915662157461,-0.06498891698440395
