variant,kommuntyp,indikator,period,villkor,utfall,vald_i_traning,rader,villkor_rader,regel_rader,villkor_ar,regel_ar,support,confidence,basfrekvens,lift,skillnad_bas,klarar_support,klarar_confidence,klarar_lift,klarar_ar
exakt_noll,A,Arbetade timmar,traning,under_trend,minskning,False,552,368,167,8,8,0.302536231884058,0.453804347826087,0.49094202898550726,0.9243542435424354,-0.03713768115942029,True,False,False,True
exakt_noll,A,Arbetade timmar,traning,under_trend,stabilt,False,552,368,7,8,5,0.012681159420289856,0.019021739130434784,0.012681159420289856,1.5,0.006340579710144928,False,False,True,True
exakt_noll,A,Arbetade timmar,traning,under_trend,okning,False,552,368,194,8,8,0.35144927536231885,0.5271739130434783,0.4963768115942029,1.062043795620438,0.030797101449275388,True,False,False,True
exakt_noll,A,Arbetade timmar,traning,vid_eller_over_trend,minskning,False,552,184,104,4,4,0.18840579710144928,0.5652173913043478,0.49094202898550726,1.151291512915129,0.07427536231884052,True,False,True,True
exakt_noll,A,Arbetade timmar,traning,vid_eller_over_trend,stabilt,False,552,184,0,4,0,0.0,0.0,0.012681159420289856,0.0,-0.012681159420289856,False,False,False,False
exakt_noll,A,Arbetade timmar,traning,vid_eller_over_trend,okning,False,552,184,80,4,4,0.14492753623188406,0.43478260869565216,0.4963768115942029,0.8759124087591241,-0.06159420289855072,True,False,False,True
exakt_noll,A,BNP kvartal,traning,under_trend,minskning,False,552,322,178,7,7,0.322463768115942,0.5527950310559007,0.49094202898550726,1.1259884027411704,0.061853002070393404,True,False,True,True
exakt_noll,A,BNP kvartal,traning,under_trend,stabilt,False,552,322,4,7,3,0.007246376811594203,0.012422360248447204,0.012681159420289856,0.9795918367346937,-0.00025879917184265175,False,False,False,True
exakt_noll,A,BNP kvartal,traning,under_trend,okning,False,552,322,140,7,7,0.2536231884057971,0.43478260869565216,0.4963768115942029,0.8759124087591241,-0.06159420289855072,True,False,False,True
exakt_noll,A,BNP kvartal,traning,vid_eller_over_trend,minskning,False,552,230,93,5,5,0.16847826086956522,0.4043478260869565,0.49094202898550726,0.8236162361623616,-0.08659420289855074,True,False,False,True
exakt_noll,A,BNP kvartal,traning,vid_eller_over_trend,stabilt,False,552,230,3,5,2,0.005434782608695652,0.013043478260869565,0.012681159420289856,1.0285714285714285,0.00036231884057970863,False,False,False,False
exakt_noll,A,BNP kvartal,traning,vid_eller_over_trend,okning,False,552,230,134,5,5,0.2427536231884058,0.5826086956521739,0.4963768115942029,1.1737226277372264,0.086231884057971,True,False,True,True
exakt_noll,A,BNP-indikator månad,traning,under_trend,minskning,False,552,322,178,7,7,0.322463768115942,0.5527950310559007,0.49094202898550726,1.1259884027411704,0.061853002070393404,True,False,True,True
exakt_noll,A,BNP-indikator månad,traning,under_trend,stabilt,False,552,322,4,7,3,0.007246376811594203,0.012422360248447204,0.012681159420289856,0.9795918367346937,-0.00025879917184265175,False,False,False,True
exakt_noll,A,BNP-indikator månad,traning,under_trend,okning,False,552,322,140,7,7,0.2536231884057971,0.43478260869565216,0.4963768115942029,0.8759124087591241,-0.06159420289855072,True,False,False,True
exakt_noll,A,BNP-indikator månad,traning,vid_eller_over_trend,minskning,False,552,230,93,5,5,0.16847826086956522,0.4043478260869565,0.49094202898550726,0.8236162361623616,-0.08659420289855074,True,False,False,True
exakt_noll,A,BNP-indikator månad,traning,vid_eller_over_trend,stabilt,False,552,230,3,5,2,0.005434782608695652,0.013043478260869565,0.012681159420289856,1.0285714285714285,0.00036231884057970863,False,False,False,False
exakt_noll,A,BNP-indikator månad,traning,vid_eller_over_trend,okning,False,552,230,134,5,5,0.2427536231884058,0.5826086956521739,0.4963768115942029,1.1737226277372264,0.086231884057971,True,False,True,True
exakt_noll,A,Detaljhandel sällanköpsvaror,traning,under_trend,minskning,False,552,368,168,8,8,0.30434782608695654,0.45652173913043476,0.49094202898550726,0.9298892988929889,-0.034420289855072506,True,False,False,True
exakt_noll,A,Detaljhandel sällanköpsvaror,traning,under_trend,stabilt,False,552,368,5,8,4,0.009057971014492754,0.01358695652173913,0.012681159420289856,1.0714285714285714,0.0009057971014492742,False,False,False,True
exakt_noll,A,Detaljhandel sällanköpsvaror,traning,under_trend,okning,False,552,368,195,8,8,0.3532608695652174,0.529891304347826,0.4963768115942029,1.0675182481751824,0.03351449275362317,True,False,False,True
exakt_noll,A,Detaljhandel sällanköpsvaror,traning,vid_eller_over_trend,minskning,False,552,184,103,4,4,0.18659420289855072,0.5597826086956522,0.49094202898550726,1.1402214022140222,0.06884057971014496,True,False,True,True
exakt_noll,A,Detaljhandel sällanköpsvaror,traning,vid_eller_over_trend,stabilt,False,552,184,2,4,1,0.0036231884057971015,0.010869565217391304,0.012681159420289856,0.8571428571428571,-0.0018115942028985518,False,False,False,False
exakt_noll,A,Detaljhandel sällanköpsvaror,traning,vid_eller_over_trend,okning,False,552,184,79,4,4,0.1431159420289855,0.42934782608695654,0.4963768115942029,0.8649635036496351,-0.06702898550724634,True,False,False,True
exakt_noll,A,Hushållens konfidensindikator,traning,under_trend,minskning,False,552,138,66,3,3,0.11956521739130435,0.4782608695652174,0.49094202898550726,0.974169741697417,-0.012681159420289856,True,False,False,True
exakt_noll,A,Hushållens konfidensindikator,traning,under_trend,stabilt,False,552,138,1,3,1,0.0018115942028985507,0.007246376811594203,0.012681159420289856,0.5714285714285714,-0.005434782608695653,False,False,False,False
exakt_noll,A,Hushållens konfidensindikator,traning,under_trend,okning,False,552,138,71,3,3,0.1286231884057971,0.5144927536231884,0.4963768115942029,1.0364963503649633,0.018115942028985477,True,False,False,True
exakt_noll,A,Hushållens konfidensindikator,traning,vid_eller_over_trend,minskning,False,552,414,205,9,9,0.3713768115942029,0.49516908212560384,0.49094202898550726,1.008610086100861,0.004227053140096582,True,False,False,True
exakt_noll,A,Hushållens konfidensindikator,traning,vid_eller_over_trend,stabilt,False,552,414,6,9,4,0.010869565217391304,0.014492753623188406,0.012681159420289856,1.1428571428571428,0.00181159420289855,False,False,True,True
exakt_noll,A,Hushållens konfidensindikator,traning,vid_eller_over_trend,okning,False,552,414,203,9,9,0.3677536231884058,0.49033816425120774,0.4963768115942029,0.9878345498783455,-0.00603864734299514,True,False,False,True
exakt_noll,A,Hushållens konsumtion,traning,under_trend,minskning,False,552,414,207,9,9,0.375,0.5,0.49094202898550726,1.018450184501845,0.009057971014492738,True,False,False,True
exakt_noll,A,Hushållens konsumtion,traning,under_trend,stabilt,False,552,414,5,9,4,0.009057971014492754,0.012077294685990338,0.012681159420289856,0.9523809523809523,-0.0006038647342995179,False,False,False,True
exakt_noll,A,Hushållens konsumtion,traning,under_trend,okning,False,552,414,202,9,9,0.36594202898550726,0.48792270531400966,0.4963768115942029,0.9829683698296837,-0.008454106280193219,True,False,False,True
exakt_noll,A,Hushållens konsumtion,traning,vid_eller_over_trend,minskning,False,552,138,64,3,3,0.11594202898550725,0.463768115942029,0.49094202898550726,0.9446494464944649,-0.02717391304347827,True,False,False,True
exakt_noll,A,Hushållens konsumtion,traning,vid_eller_over_trend,stabilt,False,552,138,2,3,1,0.0036231884057971015,0.014492753623188406,0.012681159420289856,1.1428571428571428,0.00181159420289855,False,False,True,False
exakt_noll,A,Hushållens konsumtion,traning,vid_eller_over_trend,okning,False,552,138,72,3,3,0.13043478260869565,0.5217391304347826,0.4963768115942029,1.051094890510949,0.025362318840579712,True,False,False,True
exakt_noll,A,Industrins orderingång,traning,under_trend,minskning,False,552,322,178,7,7,0.322463768115942,0.5527950310559007,0.49094202898550726,1.1259884027411704,0.061853002070393404,True,False,True,True
exakt_noll,A,Industrins orderingång,traning,under_trend,stabilt,False,552,322,4,7,3,0.007246376811594203,0.012422360248447204,0.012681159420289856,0.9795918367346937,-0.00025879917184265175,False,False,False,True
exakt_noll,A,Industrins orderingång,traning,under_trend,okning,False,552,322,140,7,7,0.2536231884057971,0.43478260869565216,0.4963768115942029,0.8759124087591241,-0.06159420289855072,True,False,False,True
exakt_noll,A,Industrins orderingång,traning,vid_eller_over_trend,minskning,False,552,230,93,5,5,0.16847826086956522,0.4043478260869565,0.49094202898550726,0.8236162361623616,-0.08659420289855074,True,False,False,True
exakt_noll,A,Industrins orderingång,traning,vid_eller_over_trend,stabilt,False,552,230,3,5,2,0.005434782608695652,0.013043478260869565,0.012681159420289856,1.0285714285714285,0.00036231884057970863,False,False,False,False
exakt_noll,A,Industrins orderingång,traning,vid_eller_over_trend,okning,False,552,230,134,5,5,0.2427536231884058,0.5826086956521739,0.4963768115942029,1.1737226277372264,0.086231884057971,True,False,True,True
exakt_noll,A,Nyregistrerade lastbilar,traning,under_trend,minskning,False,552,322,178,7,7,0.322463768115942,0.5527950310559007,0.49094202898550726,1.1259884027411704,0.061853002070393404,True,False,True,True
exakt_noll,A,Nyregistrerade lastbilar,traning,under_trend,stabilt,False,552,322,4,7,3,0.007246376811594203,0.012422360248447204,0.012681159420289856,0.9795918367346937,-0.00025879917184265175,False,False,False,True
exakt_noll,A,Nyregistrerade lastbilar,traning,under_trend,okning,False,552,322,140,7,7,0.2536231884057971,0.43478260869565216,0.4963768115942029,0.8759124087591241,-0.06159420289855072,True,False,False,True
exakt_noll,A,Nyregistrerade lastbilar,traning,vid_eller_over_trend,minskning,False,552,230,93,5,5,0.16847826086956522,0.4043478260869565,0.49094202898550726,0.8236162361623616,-0.08659420289855074,True,False,False,True
exakt_noll,A,Nyregistrerade lastbilar,traning,vid_eller_over_trend,stabilt,False,552,230,3,5,2,0.005434782608695652,0.013043478260869565,0.012681159420289856,1.0285714285714285,0.00036231884057970863,False,False,False,False
exakt_noll,A,Nyregistrerade lastbilar,traning,vid_eller_over_trend,okning,False,552,230,134,5,5,0.2427536231884058,0.5826086956521739,0.4963768115942029,1.1737226277372264,0.086231884057971,True,False,True,True
exakt_noll,A,Nyregistrerade personbilar,traning,under_trend,minskning,False,552,276,145,6,6,0.26268115942028986,0.5253623188405797,0.49094202898550726,1.070110701107011,0.03442028985507245,True,False,False,True
exakt_noll,A,Nyregistrerade personbilar,traning,under_trend,stabilt,False,552,276,2,6,2,0.0036231884057971015,0.007246376811594203,0.012681159420289856,0.5714285714285714,-0.005434782608695653,False,False,False,False
exakt_noll,A,Nyregistrerade personbilar,traning,under_trend,okning,False,552,276,129,6,6,0.23369565217391305,0.4673913043478261,0.4963768115942029,0.9416058394160585,-0.028985507246376774,True,False,False,True
exakt_noll,A,Nyregistrerade personbilar,traning,vid_eller_over_trend,minskning,False,552,276,126,6,6,0.22826086956521738,0.45652173913043476,0.49094202898550726,0.9298892988929889,-0.034420289855072506,True,False,False,True
exakt_noll,A,Nyregistrerade personbilar,traning,vid_eller_over_trend,stabilt,False,552,276,5,6,3,0.009057971014492754,0.018115942028985508,0.012681159420289856,1.4285714285714286,0.005434782608695652,False,False,True,True
exakt_noll,A,Nyregistrerade personbilar,traning,vid_eller_over_trend,okning,False,552,276,145,6,6,0.26268115942028986,0.5253623188405797,0.4963768115942029,1.0583941605839415,0.02898550724637683,True,False,False,True
exakt_noll,A,Näringslivets efterfrågan,traning,under_trend,minskning,False,552,322,178,7,7,0.322463768115942,0.5527950310559007,0.49094202898550726,1.1259884027411704,0.061853002070393404,True,False,True,True
exakt_noll,A,Näringslivets efterfrågan,traning,under_trend,stabilt,False,552,322,4,7,3,0.007246376811594203,0.012422360248447204,0.012681159420289856,0.9795918367346937,-0.00025879917184265175,False,False,False,True
exakt_noll,A,Näringslivets efterfrågan,traning,under_trend,okning,False,552,322,140,7,7,0.2536231884057971,0.43478260869565216,0.4963768115942029,0.8759124087591241,-0.06159420289855072,True,False,False,True
exakt_noll,A,Näringslivets efterfrågan,traning,vid_eller_over_trend,minskning,False,552,230,93,5,5,0.16847826086956522,0.4043478260869565,0.49094202898550726,0.8236162361623616,-0.08659420289855074,True,False,False,True
exakt_noll,A,Näringslivets efterfrågan,traning,vid_eller_over_trend,stabilt,False,552,230,3,5,2,0.005434782608695652,0.013043478260869565,0.012681159420289856,1.0285714285714285,0.00036231884057970863,False,False,False,False
exakt_noll,A,Näringslivets efterfrågan,traning,vid_eller_over_trend,okning,False,552,230,134,5,5,0.2427536231884058,0.5826086956521739,0.4963768115942029,1.1737226277372264,0.086231884057971,True,False,True,True
exakt_noll,A,Näringslivets produktion,traning,under_trend,minskning,False,552,322,178,7,7,0.322463768115942,0.5527950310559007,0.49094202898550726,1.1259884027411704,0.061853002070393404,True,False,True,True
exakt_noll,A,Näringslivets produktion,traning,under_trend,stabilt,False,552,322,4,7,3,0.007246376811594203,0.012422360248447204,0.012681159420289856,0.9795918367346937,-0.00025879917184265175,False,False,False,True
exakt_noll,A,Näringslivets produktion,traning,under_trend,okning,False,552,322,140,7,7,0.2536231884057971,0.43478260869565216,0.4963768115942029,0.8759124087591241,-0.06159420289855072,True,False,False,True
exakt_noll,A,Näringslivets produktion,traning,vid_eller_over_trend,minskning,False,552,230,93,5,5,0.16847826086956522,0.4043478260869565,0.49094202898550726,0.8236162361623616,-0.08659420289855074,True,False,False,True
exakt_noll,A,Näringslivets produktion,traning,vid_eller_over_trend,stabilt,False,552,230,3,5,2,0.005434782608695652,0.013043478260869565,0.012681159420289856,1.0285714285714285,0.00036231884057970863,False,False,False,False
exakt_noll,A,Näringslivets produktion,traning,vid_eller_over_trend,okning,False,552,230,134,5,5,0.2427536231884058,0.5826086956521739,0.4963768115942029,1.1737226277372264,0.086231884057971,True,False,True,True
exakt_noll,A,Sysselsättning,traning,under_trend,minskning,False,552,460,226,10,10,0.40942028985507245,0.49130434782608695,0.49094202898550726,1.0007380073800738,0.00036231884057968955,True,False,False,True
exakt_noll,A,Sysselsättning,traning,under_trend,stabilt,False,552,460,7,10,5,0.012681159420289856,0.015217391304347827,0.012681159420289856,1.2,0.002536231884057971,False,False,True,True
exakt_noll,A,Sysselsättning,traning,under_trend,okning,False,552,460,227,10,10,0.411231884057971,0.4934782608695652,0.4963768115942029,0.9941605839416059,-0.002898550724637683,True,False,False,True
exakt_noll,A,Sysselsättning,traning,vid_eller_over_trend,minskning,False,552,92,45,2,2,0.08152173913043478,0.4891304347826087,0.49094202898550726,0.9963099630996309,-0.0018115942028985588,True,False,False,False
exakt_noll,A,Sysselsättning,traning,vid_eller_over_trend,stabilt,False,552,92,0,2,0,0.0,0.0,0.012681159420289856,0.0,-0.012681159420289856,False,False,False,False
exakt_noll,A,Sysselsättning,traning,vid_eller_over_trend,okning,False,552,92,47,2,2,0.08514492753623189,0.5108695652173914,0.4963768115942029,1.029197080291971,0.01449275362318847,True,False,False,False
exakt_noll,A,Varuexport,traning,under_trend,minskning,False,552,230,133,5,5,0.24094202898550723,0.5782608695652174,0.49094202898550726,1.177859778597786,0.08731884057971012,True,False,True,True
exakt_noll,A,Varuexport,traning,under_trend,stabilt,False,552,230,1,5,1,0.0018115942028985507,0.004347826086956522,0.012681159420289856,0.34285714285714286,-0.008333333333333335,False,False,False,False
exakt_noll,A,Varuexport,traning,under_trend,okning,False,552,230,96,5,5,0.17391304347826086,0.41739130434782606,0.4963768115942029,0.8408759124087591,-0.07898550724637682,True,False,False,True
exakt_noll,A,Varuexport,traning,vid_eller_over_trend,minskning,False,552,322,138,7,7,0.25,0.42857142857142855,0.49094202898550726,0.8729573010015814,-0.062370600414078714,True,False,False,True
exakt_noll,A,Varuexport,traning,vid_eller_over_trend,stabilt,False,552,322,6,7,4,0.010869565217391304,0.018633540372670808,0.012681159420289856,1.4693877551020407,0.005952380952380952,False,False,True,True
exakt_noll,A,Varuexport,traning,vid_eller_over_trend,okning,False,552,322,178,7,7,0.322463768115942,0.5527950310559007,0.4963768115942029,1.1136600625651722,0.05641821946169778,True,False,True,True
exakt_noll,A,Varuimport,traning,under_trend,minskning,False,552,276,123,6,6,0.22282608695652173,0.44565217391304346,0.49094202898550726,0.9077490774907748,-0.0452898550724638,True,False,False,True
exakt_noll,A,Varuimport,traning,under_trend,stabilt,False,552,276,4,6,3,0.007246376811594203,0.014492753623188406,0.012681159420289856,1.1428571428571428,0.00181159420289855,False,False,True,True
exakt_noll,A,Varuimport,traning,under_trend,okning,False,552,276,149,6,6,0.26992753623188404,0.5398550724637681,0.4963768115942029,1.0875912408759123,0.04347826086956519,True,False,False,True
exakt_noll,A,Varuimport,traning,vid_eller_over_trend,minskning,False,552,276,148,6,6,0.26811594202898553,0.5362318840579711,0.49094202898550726,1.0922509225092252,0.0452898550724638,True,False,False,True
exakt_noll,A,Varuimport,traning,vid_eller_over_trend,stabilt,False,552,276,3,6,2,0.005434782608695652,0.010869565217391304,0.012681159420289856,0.8571428571428571,-0.0018115942028985518,False,False,False,False
exakt_noll,A,Varuimport,traning,vid_eller_over_trend,okning,False,552,276,125,6,6,0.22644927536231885,0.4528985507246377,0.4963768115942029,0.9124087591240877,-0.04347826086956519,True,False,False,True
exakt_noll,B,Arbetade timmar,traning,under_trend,minskning,False,1300,868,369,8,8,0.28384615384615386,0.4251152073732719,0.44846153846153847,0.9479412857379991,-0.02334633108826656,True,False,False,True
exakt_noll,B,Arbetade timmar,traning,under_trend,stabilt,False,1300,868,19,8,7,0.014615384615384615,0.021889400921658985,0.021538461538461538,1.0162936142198815,0.0003509393831974475,False,False,False,True
exakt_noll,B,Arbetade timmar,traning,under_trend,okning,False,1300,868,480,8,8,0.36923076923076925,0.5529953917050692,0.53,1.0433875315189984,0.022995391705069146,True,False,False,True
exakt_noll,B,Arbetade timmar,traning,vid_eller_over_trend,minskning,False,1300,432,214,4,4,0.1646153846153846,0.49537037037037035,0.44846153846153847,1.1045994536560573,0.04690883190883188,True,False,True,True
exakt_noll,B,Arbetade timmar,traning,vid_eller_over_trend,stabilt,False,1300,432,9,4,4,0.006923076923076923,0.020833333333333332,0.021538461538461538,0.9672619047619048,-0.0007051282051282054,False,False,False,True
exakt_noll,B,Arbetade timmar,traning,vid_eller_over_trend,okning,False,1300,432,209,4,4,0.16076923076923078,0.4837962962962963,0.53,0.9128232005590495,-0.04620370370370375,True,False,False,True
exakt_noll,B,BNP kvartal,traning,under_trend,minskning,False,1300,759,363,7,7,0.2792307692307692,0.4782608695652174,0.44846153846153847,1.066447908121411,0.02979933110367894,True,False,False,True
exakt_noll,B,BNP kvartal,traning,under_trend,stabilt,False,1300,759,18,7,6,0.013846153846153847,0.023715415019762844,0.021538461538461538,1.101072840203275,0.0021769534813013067,False,False,True,True
exakt_noll,B,BNP kvartal,traning,under_trend,okning,False,1300,759,378,7,7,0.2907692307692308,0.4980237154150198,0.53,0.9396673875755089,-0.03197628458498025,True,False,False,True
exakt_noll,B,BNP kvartal,traning,vid_eller_over_trend,minskning,False,1300,541,220,5,5,0.16923076923076924,0.4066543438077634,0.44846153846153847,0.9067764098629372,-0.04180719465377508,True,False,False,True
exakt_noll,B,BNP kvartal,traning,vid_eller_over_trend,stabilt,False,1300,541,10,5,5,0.007692307692307693,0.018484288354898338,0.021538461538461538,0.8581991021917086,-0.0030541731835631997,False,False,False,True
exakt_noll,B,BNP kvartal,traning,vid_eller_over_trend,okning,False,1300,541,311,5,5,0.23923076923076922,0.5748613678373382,0.53,1.0846440902591286,0.044861367837338184,True,False,False,True
exakt_noll,B,BNP-indikator månad,traning,under_trend,minskning,False,1300,759,363,7,7,0.2792307692307692,0.4782608695652174,0.44846153846153847,1.066447908121411,0.02979933110367894,True,False,False,True
exakt_noll,B,BNP-indikator månad,traning,under_trend,stabilt,False,1300,759,18,7,6,0.013846153846153847,0.023715415019762844,0.021538461538461538,1.101072840203275,0.0021769534813013067,False,False,True,True
exakt_noll,B,BNP-indikator månad,traning,under_trend,okning,False,1300,759,378,7,7,0.2907692307692308,0.4980237154150198,0.53,0.9396673875755089,-0.03197628458498025,True,False,False,True
exakt_noll,B,BNP-indikator månad,traning,vid_eller_over_trend,minskning,False,1300,541,220,5,5,0.16923076923076924,0.4066543438077634,0.44846153846153847,0.9067764098629372,-0.04180719465377508,True,False,False,True
exakt_noll,B,BNP-indikator månad,traning,vid_eller_over_trend,stabilt,False,1300,541,10,5,5,0.007692307692307693,0.018484288354898338,0.021538461538461538,0.8581991021917086,-0.0030541731835631997,False,False,False,True
exakt_noll,B,BNP-indikator månad,traning,vid_eller_over_trend,okning,False,1300,541,311,5,5,0.23923076923076922,0.5748613678373382,0.53,1.0846440902591286,0.044861367837338184,True,False,False,True
exakt_noll,B,Detaljhandel sällanköpsvaror,traning,under_trend,minskning,False,1300,868,372,8,8,0.28615384615384615,0.42857142857142855,0.44846153846153847,0.9556481254594461,-0.01989010989010992,True,False,False,True
exakt_noll,B,Detaljhandel sällanköpsvaror,traning,under_trend,stabilt,False,1300,868,21,8,7,0.016153846153846154,0.024193548387096774,0.021538461538461538,1.1232718894009217,0.002655086848635236,False,False,True,True
exakt_noll,B,Detaljhandel sällanköpsvaror,traning,under_trend,okning,False,1300,868,475,8,8,0.36538461538461536,0.5472350230414746,0.53,1.0325189113990088,0.017235023041474618,True,False,False,True
exakt_noll,B,Detaljhandel sällanköpsvaror,traning,vid_eller_over_trend,minskning,False,1300,432,211,4,4,0.16230769230769232,0.48842592592592593,0.44846153846153847,1.0891144145861127,0.03996438746438746,True,False,False,True
exakt_noll,B,Detaljhandel sällanköpsvaror,traning,vid_eller_over_trend,stabilt,False,1300,432,7,4,4,0.005384615384615384,0.016203703703703703,0.021538461538461538,0.7523148148148148,-0.005334757834757835,False,False,False,True
exakt_noll,B,Detaljhandel sällanköpsvaror,traning,vid_eller_over_trend,okning,False,1300,432,214,4,4,0.1646153846153846,0.49537037037037035,0.53,0.9346610761705101,-0.03462962962962968,True,False,False,True
exakt_noll,B,Hushållens konfidensindikator,traning,under_trend,minskning,False,1300,325,150,3,3,0.11538461538461539,0.46153846153846156,0.44846153846153847,1.0291595197255574,0.013076923076923097,True,False,False,True
exakt_noll,B,Hushållens konfidensindikator,traning,under_trend,stabilt,False,1300,325,9,3,2,0.006923076923076923,0.027692307692307693,0.021538461538461538,1.2857142857142858,0.006153846153846156,False,False,True,False
exakt_noll,B,Hushållens konfidensindikator,traning,under_trend,okning,False,1300,325,166,3,3,0.1276923076923077,0.5107692307692308,0.53,0.9637155297532656,-0.019230769230769273,True,False,False,True
exakt_noll,B,Hushållens konfidensindikator,traning,vid_eller_over_trend,minskning,False,1300,975,433,9,9,0.3330769230769231,0.4441025641025641,0.44846153846153847,0.9902801600914808,-0.004358974358974366,True,False,False,True
exakt_noll,B,Hushållens konfidensindikator,traning,vid_eller_over_trend,stabilt,False,1300,975,19,9,9,0.014615384615384615,0.019487179487179488,0.021538461538461538,0.9047619047619049,-0.0020512820512820495,False,False,False,True
exakt_noll,B,Hushållens konfidensindikator,traning,vid_eller_over_trend,okning,False,1300,975,523,9,9,0.4023076923076923,0.5364102564102564,0.53,1.012094823415578,0.0064102564102563875,True,False,False,True
exakt_noll,B,Hushållens konsumtion,traning,under_trend,minskning,False,1300,976,442,9,9,0.34,0.45286885245901637,0.44846153846153847,1.0098276298400022,0.004407313997477902,True,False,False,True
exakt_noll,B,Hushållens konsumtion,traning,under_trend,stabilt,False,1300,976,23,9,8,0.01769230769230769,0.0235655737704918,0.021538461538461538,1.094115925058548,0.002027112232030264,False,False,False,True
exakt_noll,B,Hushållens konsumtion,traning,under_trend,okning,False,1300,976,511,9,9,0.3930769230769231,0.5235655737704918,0.53,0.9878595731518713,-0.006434426229508183,True,False,False,True
exakt_noll,B,Hushållens konsumtion,traning,vid_eller_over_trend,minskning,False,1300,324,141,3,3,0.10846153846153846,0.4351851851851852,0.44846153846153847,0.9703957817165364,-0.013276353276353292,True,False,False,True
exakt_noll,B,Hushållens konsumtion,traning,vid_eller_over_trend,stabilt,False,1300,324,5,3,3,0.0038461538461538464,0.015432098765432098,0.021538461538461538,0.7164902998236331,-0.00610636277302944,False,False,False,True
exakt_noll,B,Hushållens konsumtion,traning,vid_eller_over_trend,okning,False,1300,324,178,3,3,0.13692307692307693,0.5493827160493827,0.53,1.0365711623573257,0.019382716049382687,True,False,False,True
exakt_noll,B,Industrins orderingång,traning,under_trend,minskning,False,1300,759,363,7,7,0.2792307692307692,0.4782608695652174,0.44846153846153847,1.066447908121411,0.02979933110367894,True,False,False,True
exakt_noll,B,Industrins orderingång,traning,under_trend,stabilt,False,1300,759,18,7,6,0.013846153846153847,0.023715415019762844,0.021538461538461538,1.101072840203275,0.0021769534813013067,False,False,True,True
exakt_noll,B,Industrins orderingång,traning,under_trend,okning,False,1300,759,378,7,7,0.2907692307692308,0.4980237154150198,0.53,0.9396673875755089,-0.03197628458498025,True,False,False,True
exakt_noll,B,Industrins orderingång,traning,vid_eller_over_trend,minskning,False,1300,541,220,5,5,0.16923076923076924,0.4066543438077634,0.44846153846153847,0.9067764098629372,-0.04180719465377508,True,False,False,True
exakt_noll,B,Industrins orderingång,traning,vid_eller_over_trend,stabilt,False,1300,541,10,5,5,0.007692307692307693,0.018484288354898338,0.021538461538461538,0.8581991021917086,-0.0030541731835631997,False,False,False,True
exakt_noll,B,Industrins orderingång,traning,vid_eller_over_trend,okning,False,1300,541,311,5,5,0.23923076923076922,0.5748613678373382,0.53,1.0846440902591286,0.044861367837338184,True,False,False,True
exakt_noll,B,Nyregistrerade lastbilar,traning,under_trend,minskning,False,1300,759,363,7,7,0.2792307692307692,0.4782608695652174,0.44846153846153847,1.066447908121411,0.02979933110367894,True,False,False,True
exakt_noll,B,Nyregistrerade lastbilar,traning,under_trend,stabilt,False,1300,759,18,7,6,0.013846153846153847,0.023715415019762844,0.021538461538461538,1.101072840203275,0.0021769534813013067,False,False,True,True
exakt_noll,B,Nyregistrerade lastbilar,traning,under_trend,okning,False,1300,759,378,7,7,0.2907692307692308,0.4980237154150198,0.53,0.9396673875755089,-0.03197628458498025,True,False,False,True
exakt_noll,B,Nyregistrerade lastbilar,traning,vid_eller_over_trend,minskning,False,1300,541,220,5,5,0.16923076923076924,0.4066543438077634,0.44846153846153847,0.9067764098629372,-0.04180719465377508,True,False,False,True
exakt_noll,B,Nyregistrerade lastbilar,traning,vid_eller_over_trend,stabilt,False,1300,541,10,5,5,0.007692307692307693,0.018484288354898338,0.021538461538461538,0.8581991021917086,-0.0030541731835631997,False,False,False,True
exakt_noll,B,Nyregistrerade lastbilar,traning,vid_eller_over_trend,okning,False,1300,541,311,5,5,0.23923076923076922,0.5748613678373382,0.53,1.0846440902591286,0.044861367837338184,True,False,False,True
exakt_noll,B,Nyregistrerade personbilar,traning,under_trend,minskning,False,1300,650,301,6,6,0.23153846153846153,0.46307692307692305,0.44846153846153847,1.032590051457976,0.014615384615384586,True,False,False,True
exakt_noll,B,Nyregistrerade personbilar,traning,under_trend,stabilt,False,1300,650,18,6,5,0.013846153846153847,0.027692307692307693,0.021538461538461538,1.2857142857142858,0.006153846153846156,False,False,True,True
exakt_noll,B,Nyregistrerade personbilar,traning,under_trend,okning,False,1300,650,331,6,6,0.25461538461538463,0.5092307692307693,0.53,0.9608127721335269,-0.020769230769230762,True,False,False,True
exakt_noll,B,Nyregistrerade personbilar,traning,vid_eller_over_trend,minskning,False,1300,650,282,6,6,0.2169230769230769,0.4338461538461538,0.44846153846153847,0.967409948542024,-0.014615384615384641,True,False,False,True
exakt_noll,B,Nyregistrerade personbilar,traning,vid_eller_over_trend,stabilt,False,1300,650,10,6,6,0.007692307692307693,0.015384615384615385,0.021538461538461538,0.7142857142857143,-0.006153846153846152,False,False,False,True
exakt_noll,B,Nyregistrerade personbilar,traning,vid_eller_over_trend,okning,False,1300,650,358,6,6,0.2753846153846154,0.5507692307692308,0.53,1.039187227866473,0.020769230769230762,True,False,False,True
exakt_noll,B,Näringslivets efterfrågan,traning,under_trend,minskning,False,1300,759,363,7,7,0.2792307692307692,0.4782608695652174,0.44846153846153847,1.066447908121411,0.02979933110367894,True,False,False,True
exakt_noll,B,Näringslivets efterfrågan,traning,under_trend,stabilt,False,1300,759,18,7,6,0.013846153846153847,0.023715415019762844,0.021538461538461538,1.101072840203275,0.0021769534813013067,False,False,True,True
exakt_noll,B,Näringslivets efterfrågan,traning,under_trend,okning,False,1300,759,378,7,7,0.2907692307692308,0.4980237154150198,0.53,0.9396673875755089,-0.03197628458498025,True,False,False,True
exakt_noll,B,Näringslivets efterfrågan,traning,vid_eller_over_trend,minskning,False,1300,541,220,5,5,0.16923076923076924,0.4066543438077634,0.44846153846153847,0.9067764098629372,-0.04180719465377508,True,False,False,True
exakt_noll,B,Näringslivets efterfrågan,traning,vid_eller_over_trend,stabilt,False,1300,541,10,5,5,0.007692307692307693,0.018484288354898338,0.021538461538461538,0.8581991021917086,-0.0030541731835631997,False,False,False,True
exakt_noll,B,Näringslivets efterfrågan,traning,vid_eller_over_trend,okning,False,1300,541,311,5,5,0.23923076923076922,0.5748613678373382,0.53,1.0846440902591286,0.044861367837338184,True,False,False,True
exakt_noll,B,Näringslivets produktion,traning,under_trend,minskning,False,1300,759,363,7,7,0.2792307692307692,0.4782608695652174,0.44846153846153847,1.066447908121411,0.02979933110367894,True,False,False,True
exakt_noll,B,Näringslivets produktion,traning,under_trend,stabilt,False,1300,759,18,7,6,0.013846153846153847,0.023715415019762844,0.021538461538461538,1.101072840203275,0.0021769534813013067,False,False,True,True
exakt_noll,B,Näringslivets produktion,traning,under_trend,okning,False,1300,759,378,7,7,0.2907692307692308,0.4980237154150198,0.53,0.9396673875755089,-0.03197628458498025,True,False,False,True
exakt_noll,B,Näringslivets produktion,traning,vid_eller_over_trend,minskning,False,1300,541,220,5,5,0.16923076923076924,0.4066543438077634,0.44846153846153847,0.9067764098629372,-0.04180719465377508,True,False,False,True
exakt_noll,B,Näringslivets produktion,traning,vid_eller_over_trend,stabilt,False,1300,541,10,5,5,0.007692307692307693,0.018484288354898338,0.021538461538461538,0.8581991021917086,-0.0030541731835631997,False,False,False,True
exakt_noll,B,Näringslivets produktion,traning,vid_eller_over_trend,okning,False,1300,541,311,5,5,0.23923076923076922,0.5748613678373382,0.53,1.0846440902591286,0.044861367837338184,True,False,False,True
exakt_noll,B,Sysselsättning,traning,under_trend,minskning,False,1300,1084,490,10,10,0.3769230769230769,0.45202952029520294,0.44846153846153847,1.0079560486857013,0.0035679818336644686,True,False,False,True
exakt_noll,B,Sysselsättning,traning,under_trend,stabilt,False,1300,1084,24,10,9,0.018461538461538463,0.02214022140221402,0.021538461538461538,1.0279388508170795,0.000601759863752483,False,False,False,True
exakt_noll,B,Sysselsättning,traning,under_trend,okning,False,1300,1084,570,10,10,0.43846153846153846,0.525830258302583,0.53,0.9921325628350622,-0.004169741697417018,True,False,False,True
exakt_noll,B,Sysselsättning,traning,vid_eller_over_trend,minskning,False,1300,216,93,2,2,0.07153846153846154,0.4305555555555556,0.44846153846153847,0.9600724223365733,-0.017905982905982887,True,False,False,False
exakt_noll,B,Sysselsättning,traning,vid_eller_over_trend,stabilt,False,1300,216,4,2,2,0.003076923076923077,0.018518518518518517,0.021538461538461538,0.8597883597883598,-0.00301994301994302,False,False,False,False
exakt_noll,B,Sysselsättning,traning,vid_eller_over_trend,okning,False,1300,216,119,2,2,0.09153846153846154,0.5509259259259259,0.53,1.0394828791055206,0.020925925925925903,True,False,False,False
exakt_noll,B,Varuexport,traning,under_trend,minskning,False,1300,542,258,5,5,0.19846153846153847,0.47601476014760147,0.44846153846153847,1.0614394308608608,0.027553221686063,True,False,False,True
exakt_noll,B,Varuexport,traning,under_trend,stabilt,False,1300,542,17,5,5,0.013076923076923076,0.03136531365313653,0.021538461538461538,1.456246705324196,0.009826852114674992,False,False,True,True
exakt_noll,B,Varuexport,traning,under_trend,okning,False,1300,542,267,5,5,0.2053846153846154,0.492619926199262,0.53,0.929471558866532,-0.037380073800738045,True,False,False,True
exakt_noll,B,Varuexport,traning,vid_eller_over_trend,minskning,False,1300,758,325,7,7,0.25,0.4287598944591029,0.44846153846153847,0.9560683752947405,-0.01970164400243557,True,False,False,True
exakt_noll,B,Varuexport,traning,vid_eller_over_trend,stabilt,False,1300,758,11,7,6,0.008461538461538461,0.014511873350923483,0.021538461538461538,0.6737655484357331,-0.007026588187538055,False,False,False,True
exakt_noll,B,Varuexport,traning,vid_eller_over_trend,okning,False,1300,758,422,7,7,0.32461538461538464,0.5567282321899736,0.53,1.050430626773535,0.026728232189973555,True,False,False,True
exakt_noll,B,Varuimport,traning,under_trend,minskning,False,1300,652,258,6,6,0.19846153846153847,0.39570552147239263,0.44846153846153847,0.8823622262677708,-0.05275601698914584,True,False,False,True
exakt_noll,B,Varuimport,traning,under_trend,stabilt,False,1300,652,18,6,6,0.013846153846153847,0.027607361963190184,0.021538461538461538,1.2817703768624014,0.006068900424728647,False,False,True,True
exakt_noll,B,Varuimport,traning,under_trend,okning,False,1300,652,376,6,6,0.28923076923076924,0.5766871165644172,0.53,1.0880888991781457,0.04668711656441715,True,False,False,True
exakt_noll,B,Varuimport,traning,vid_eller_over_trend,minskning,False,1300,648,325,6,6,0.25,0.5015432098765432,0.44846153846153847,1.1183639328293415,0.05308167141500475,True,False,True,True
exakt_noll,B,Varuimport,traning,vid_eller_over_trend,stabilt,False,1300,648,10,6,5,0.007692307692307693,0.015432098765432098,0.021538461538461538,0.7164902998236331,-0.00610636277302944,False,False,False,True
exakt_noll,B,Varuimport,traning,vid_eller_over_trend,okning,False,1300,648,313,6,6,0.24076923076923076,0.48302469135802467,0.53,0.9113673421849522,-0.046975308641975355,True,False,False,True
exakt_noll,C,Arbetade timmar,traning,under_trend,minskning,False,1519,1015,474,8,8,0.3120473996050033,0.4669950738916256,0.47860434496379195,0.9757434900156524,-0.01160927107216636,True,False,False,True
exakt_noll,C,Arbetade timmar,traning,under_trend,stabilt,False,1519,1015,16,8,7,0.01053324555628703,0.015763546798029555,0.018433179723502304,0.8551724137931034,-0.0026696329254727487,False,False,False,True
exakt_noll,C,Arbetade timmar,traning,under_trend,okning,False,1519,1015,525,8,8,0.3456221198156682,0.5172413793103449,0.5029624753127058,1.0283896010110127,0.014278903997639092,True,False,False,True
exakt_noll,C,Arbetade timmar,traning,vid_eller_over_trend,minskning,False,1519,504,253,4,4,0.16655694535878868,0.501984126984127,0.47860434496379195,1.0488499159407,0.023379782020335027,True,False,False,True
exakt_noll,C,Arbetade timmar,traning,vid_eller_over_trend,stabilt,False,1519,504,12,4,4,0.007899934167215274,0.023809523809523808,0.018433179723502304,1.2916666666666665,0.005376344086021504,False,False,True,True
exakt_noll,C,Arbetade timmar,traning,vid_eller_over_trend,okning,False,1519,504,239,4,4,0.15734035549703754,0.4742063492063492,0.5029624753127058,0.9428264979639324,-0.028756126106356583,True,False,False,True
exakt_noll,C,BNP kvartal,traning,under_trend,minskning,False,1519,886,441,7,7,0.2903225806451613,0.49774266365688485,0.47860434496379195,1.0399877662927208,0.019138318693092904,True,False,False,True
exakt_noll,C,BNP kvartal,traning,under_trend,stabilt,False,1519,886,16,7,6,0.01053324555628703,0.01805869074492099,0.018433179723502304,0.9796839729119639,-0.0003744889785813124,False,False,False,True
exakt_noll,C,BNP kvartal,traning,under_trend,okning,False,1519,886,429,7,7,0.282422646477946,0.48419864559819414,0.5029624753127058,0.9626933804498127,-0.018763829714511626,True,False,False,True
exakt_noll,C,BNP kvartal,traning,vid_eller_over_trend,minskning,False,1519,633,286,5,5,0.18828176431863067,0.4518167456556082,0.47860434496379195,0.944029761555528,-0.02678759930818375,True,False,False,True
exakt_noll,C,BNP kvartal,traning,vid_eller_over_trend,stabilt,False,1519,633,12,5,5,0.007899934167215274,0.018957345971563982,0.018433179723502304,1.028436018957346,0.0005241662480616784,False,False,False,True
exakt_noll,C,BNP kvartal,traning,vid_eller_over_trend,okning,False,1519,633,335,5,5,0.2205398288347597,0.5292259083728278,0.5029624753127058,1.052217480128698,0.02626343306012202,True,False,False,True
exakt_noll,C,BNP-indikator månad,traning,under_trend,minskning,False,1519,886,441,7,7,0.2903225806451613,0.49774266365688485,0.47860434496379195,1.0399877662927208,0.019138318693092904,True,False,False,True
exakt_noll,C,BNP-indikator månad,traning,under_trend,stabilt,False,1519,886,16,7,6,0.01053324555628703,0.01805869074492099,0.018433179723502304,0.9796839729119639,-0.0003744889785813124,False,False,False,True
exakt_noll,C,BNP-indikator månad,traning,under_trend,okning,False,1519,886,429,7,7,0.282422646477946,0.48419864559819414,0.5029624753127058,0.9626933804498127,-0.018763829714511626,True,False,False,True
exakt_noll,C,BNP-indikator månad,traning,vid_eller_over_trend,minskning,False,1519,633,286,5,5,0.18828176431863067,0.4518167456556082,0.47860434496379195,0.944029761555528,-0.02678759930818375,True,False,False,True
exakt_noll,C,BNP-indikator månad,traning,vid_eller_over_trend,stabilt,False,1519,633,12,5,5,0.007899934167215274,0.018957345971563982,0.018433179723502304,1.028436018957346,0.0005241662480616784,False,False,False,True
exakt_noll,C,BNP-indikator månad,traning,vid_eller_over_trend,okning,False,1519,633,335,5,5,0.2205398288347597,0.5292259083728278,0.5029624753127058,1.052217480128698,0.02626343306012202,True,False,False,True
exakt_noll,C,Detaljhandel sällanköpsvaror,traning,under_trend,minskning,False,1519,1012,478,8,8,0.3146807109940751,0.4723320158102767,0.47860434496379195,0.9868945419749797,-0.006272329153515277,True,False,False,True
exakt_noll,C,Detaljhandel sällanköpsvaror,traning,under_trend,stabilt,False,1519,1012,16,8,7,0.01053324555628703,0.015810276679841896,0.018433179723502304,0.8577075098814229,-0.002622903043660408,False,False,False,True
exakt_noll,C,Detaljhandel sällanköpsvaror,traning,under_trend,okning,False,1519,1012,518,8,8,0.34101382488479265,0.5118577075098815,0.5029624753127058,1.0176856776276306,0.008895232197175695,True,False,False,True
exakt_noll,C,Detaljhandel sällanköpsvaror,traning,vid_eller_over_trend,minskning,False,1519,507,249,4,4,0.16392363396971693,0.4911242603550296,0.47860434496379195,1.0261592179907704,0.012519915391237646,True,False,False,True
exakt_noll,C,Detaljhandel sällanköpsvaror,traning,vid_eller_over_trend,stabilt,False,1519,507,12,4,4,0.007899934167215274,0.023668639053254437,0.018433179723502304,1.2840236686390532,0.005235459329752133,False,False,True,True
exakt_noll,C,Detaljhandel sällanköpsvaror,traning,vid_eller_over_trend,okning,False,1519,507,246,4,4,0.1619486504279131,0.48520710059171596,0.5029624753127058,0.9646984107314351,-0.017755374720989814,True,False,False,True
exakt_noll,C,Hushållens konfidensindikator,traning,under_trend,minskning,False,1519,379,169,3,3,0.11125740618828177,0.44591029023746703,0.47860434496379195,0.9316887632334422,-0.03269405472632492,True,False,False,True
exakt_noll,C,Hushållens konfidensindikator,traning,under_trend,stabilt,False,1519,379,6,3,2,0.003949967083607637,0.0158311345646438,0.018433179723502304,0.8588390501319262,-0.0026020451588585035,False,False,False,False
exakt_noll,C,Hushållens konfidensindikator,traning,under_trend,okning,False,1519,379,204,3,3,0.13429888084265965,0.5382585751978892,0.5029624753127058,1.0701764080177927,0.03529609988518345,True,False,False,True
exakt_noll,C,Hushållens konfidensindikator,traning,vid_eller_over_trend,minskning,False,1519,1140,558,9,9,0.3673469387755102,0.48947368421052634,0.47860434496379195,1.0227104901180049,0.010869339246734389,True,False,False,True
exakt_noll,C,Hushållens konfidensindikator,traning,vid_eller_over_trend,stabilt,False,1519,1140,22,9,9,0.014483212639894667,0.01929824561403509,0.018433179723502304,1.0469298245614036,0.0008650658905327846,False,False,False,True
exakt_noll,C,Hushållens konfidensindikator,traning,vid_eller_over_trend,okning,False,1519,1140,560,9,9,0.3686635944700461,0.49122807017543857,0.5029624753127058,0.9766694222467162,-0.011734405137267201,True,False,False,True
exakt_noll,C,Hushållens konsumtion,traning,under_trend,minskning,False,1519,1139,552,9,9,0.36339697169190255,0.48463564530289727,0.47860434496379195,1.0126018503646506,0.006031300339105317,True,False,False,True
exakt_noll,C,Hushållens konsumtion,traning,under_trend,stabilt,False,1519,1139,21,9,8,0.013824884792626729,0.018437225636523266,0.018433179723502304,1.0002194907813873,4.04591302096205e-06,False,False,False,True
exakt_noll,C,Hushållens konsumtion,traning,under_trend,okning,False,1519,1139,566,9,9,0.3726135615536537,0.49692712906057945,0.5029624753127058,0.9880004045065709,-0.006035346252126317,True,False,False,True
exakt_noll,C,Hushållens konsumtion,traning,vid_eller_over_trend,minskning,False,1519,380,175,3,3,0.1152073732718894,0.4605263157894737,0.47860434496379195,0.9622276116701658,-0.018078029174318277,True,False,False,True
exakt_noll,C,Hushållens konsumtion,traning,vid_eller_over_trend,stabilt,False,1519,380,7,3,3,0.004608294930875576,0.018421052631578946,0.018433179723502304,0.9993421052631578,-1.212709192335848e-05,False,False,False,True
exakt_noll,C,Hushållens konsumtion,traning,vid_eller_over_trend,okning,False,1519,380,198,3,3,0.130348913759052,0.5210526315789473,0.5029624753127058,1.0359672085974097,0.018090156266241553,True,False,False,True
exakt_noll,C,Industrins orderingång,traning,under_trend,minskning,False,1519,886,441,7,7,0.2903225806451613,0.49774266365688485,0.47860434496379195,1.0399877662927208,0.019138318693092904,True,False,False,True
exakt_noll,C,Industrins orderingång,traning,under_trend,stabilt,False,1519,886,16,7,6,0.01053324555628703,0.01805869074492099,0.018433179723502304,0.9796839729119639,-0.0003744889785813124,False,False,False,True
exakt_noll,C,Industrins orderingång,traning,under_trend,okning,False,1519,886,429,7,7,0.282422646477946,0.48419864559819414,0.5029624753127058,0.9626933804498127,-0.018763829714511626,True,False,False,True
exakt_noll,C,Industrins orderingång,traning,vid_eller_over_trend,minskning,False,1519,633,286,5,5,0.18828176431863067,0.4518167456556082,0.47860434496379195,0.944029761555528,-0.02678759930818375,True,False,False,True
exakt_noll,C,Industrins orderingång,traning,vid_eller_over_trend,stabilt,False,1519,633,12,5,5,0.007899934167215274,0.018957345971563982,0.018433179723502304,1.028436018957346,0.0005241662480616784,False,False,False,True
exakt_noll,C,Industrins orderingång,traning,vid_eller_over_trend,okning,False,1519,633,335,5,5,0.2205398288347597,0.5292259083728278,0.5029624753127058,1.052217480128698,0.02626343306012202,True,False,False,True
exakt_noll,C,Nyregistrerade lastbilar,traning,under_trend,minskning,False,1519,886,441,7,7,0.2903225806451613,0.49774266365688485,0.47860434496379195,1.0399877662927208,0.019138318693092904,True,False,False,True
exakt_noll,C,Nyregistrerade lastbilar,traning,under_trend,stabilt,False,1519,886,16,7,6,0.01053324555628703,0.01805869074492099,0.018433179723502304,0.9796839729119639,-0.0003744889785813124,False,False,False,True
exakt_noll,C,Nyregistrerade lastbilar,traning,under_trend,okning,False,1519,886,429,7,7,0.282422646477946,0.48419864559819414,0.5029624753127058,0.9626933804498127,-0.018763829714511626,True,False,False,True
exakt_noll,C,Nyregistrerade lastbilar,traning,vid_eller_over_trend,minskning,False,1519,633,286,5,5,0.18828176431863067,0.4518167456556082,0.47860434496379195,0.944029761555528,-0.02678759930818375,True,False,False,True
exakt_noll,C,Nyregistrerade lastbilar,traning,vid_eller_over_trend,stabilt,False,1519,633,12,5,5,0.007899934167215274,0.018957345971563982,0.018433179723502304,1.028436018957346,0.0005241662480616784,False,False,False,True
exakt_noll,C,Nyregistrerade lastbilar,traning,vid_eller_over_trend,okning,False,1519,633,335,5,5,0.2205398288347597,0.5292259083728278,0.5029624753127058,1.052217480128698,0.02626343306012202,True,False,False,True
exakt_noll,C,Nyregistrerade personbilar,traning,under_trend,minskning,False,1519,758,348,6,6,0.22909809084924293,0.45910290237467016,0.47860434496379195,0.9592535195421238,-0.019501442589121787,True,False,False,True
exakt_noll,C,Nyregistrerade personbilar,traning,under_trend,stabilt,False,1519,758,11,6,5,0.007241606319947334,0.014511873350923483,0.018433179723502304,0.787269129287599,-0.003921306372578821,False,False,False,True
exakt_noll,C,Nyregistrerade personbilar,traning,under_trend,okning,False,1519,758,399,6,6,0.2626728110599078,0.5263852242744064,0.5029624753127058,1.0465695754879885,0.0234227489617006,True,False,False,True
exakt_noll,C,Nyregistrerade personbilar,traning,vid_eller_over_trend,minskning,False,1519,761,379,6,6,0.24950625411454905,0.4980289093298292,0.47860434496379195,1.0405858504429306,0.019424564366037234,True,False,False,True
exakt_noll,C,Nyregistrerade personbilar,traning,vid_eller_over_trend,stabilt,False,1519,761,17,6,6,0.01119157340355497,0.022339027595269383,0.018433179723502304,1.211892247043364,0.003905847871767079,False,False,True,True
exakt_noll,C,Nyregistrerade personbilar,traning,vid_eller_over_trend,okning,False,1519,761,365,6,6,0.24028966425279788,0.47963206307490147,0.5029624753127058,0.9536140102235279,-0.0233304122378043,True,False,False,True
exakt_noll,C,Näringslivets efterfrågan,traning,under_trend,minskning,False,1519,886,441,7,7,0.2903225806451613,0.49774266365688485,0.47860434496379195,1.0399877662927208,0.019138318693092904,True,False,False,True
exakt_noll,C,Näringslivets efterfrågan,traning,under_trend,stabilt,False,1519,886,16,7,6,0.01053324555628703,0.01805869074492099,0.018433179723502304,0.9796839729119639,-0.0003744889785813124,False,False,False,True
exakt_noll,C,Näringslivets efterfrågan,traning,under_trend,okning,False,1519,886,429,7,7,0.282422646477946,0.48419864559819414,0.5029624753127058,0.9626933804498127,-0.018763829714511626,True,False,False,True
exakt_noll,C,Näringslivets efterfrågan,traning,vid_eller_over_trend,minskning,False,1519,633,286,5,5,0.18828176431863067,0.4518167456556082,0.47860434496379195,0.944029761555528,-0.02678759930818375,True,False,False,True
exakt_noll,C,Näringslivets efterfrågan,traning,vid_eller_over_trend,stabilt,False,1519,633,12,5,5,0.007899934167215274,0.018957345971563982,0.018433179723502304,1.028436018957346,0.0005241662480616784,False,False,False,True
exakt_noll,C,Näringslivets efterfrågan,traning,vid_eller_over_trend,okning,False,1519,633,335,5,5,0.2205398288347597,0.5292259083728278,0.5029624753127058,1.052217480128698,0.02626343306012202,True,False,False,True
exakt_noll,C,Näringslivets produktion,traning,under_trend,minskning,False,1519,886,441,7,7,0.2903225806451613,0.49774266365688485,0.47860434496379195,1.0399877662927208,0.019138318693092904,True,False,False,True
exakt_noll,C,Näringslivets produktion,traning,under_trend,stabilt,False,1519,886,16,7,6,0.01053324555628703,0.01805869074492099,0.018433179723502304,0.9796839729119639,-0.0003744889785813124,False,False,False,True
exakt_noll,C,Näringslivets produktion,traning,under_trend,okning,False,1519,886,429,7,7,0.282422646477946,0.48419864559819414,0.5029624753127058,0.9626933804498127,-0.018763829714511626,True,False,False,True
exakt_noll,C,Näringslivets produktion,traning,vid_eller_over_trend,minskning,False,1519,633,286,5,5,0.18828176431863067,0.4518167456556082,0.47860434496379195,0.944029761555528,-0.02678759930818375,True,False,False,True
exakt_noll,C,Näringslivets produktion,traning,vid_eller_over_trend,stabilt,False,1519,633,12,5,5,0.007899934167215274,0.018957345971563982,0.018433179723502304,1.028436018957346,0.0005241662480616784,False,False,False,True
exakt_noll,C,Näringslivets produktion,traning,vid_eller_over_trend,okning,False,1519,633,335,5,5,0.2205398288347597,0.5292259083728278,0.5029624753127058,1.052217480128698,0.02626343306012202,True,False,False,True
exakt_noll,C,Sysselsättning,traning,under_trend,minskning,False,1519,1267,611,10,10,0.402238314680711,0.48224151539068666,0.47860434496379195,1.0075995349084637,0.003637170426894709,True,False,False,True
exakt_noll,C,Sysselsättning,traning,under_trend,stabilt,False,1519,1267,24,10,9,0.015799868334430547,0.018942383583267563,0.018433179723502304,1.0276243093922652,0.0005092038597652587,False,False,False,True
exakt_noll,C,Sysselsättning,traning,under_trend,okning,False,1519,1267,632,10,10,0.4160631994733377,0.4988161010260458,0.5029624753127058,0.9917560961499522,-0.004146374286659982,True,False,False,True
exakt_noll,C,Sysselsättning,traning,vid_eller_over_trend,minskning,False,1519,252,116,2,2,0.07636603028308098,0.4603174603174603,0.47860434496379195,0.9617912272657803,-0.018286884646331658,True,False,False,False
exakt_noll,C,Sysselsättning,traning,vid_eller_over_trend,stabilt,False,1519,252,4,2,2,0.0026333113890717576,0.015873015873015872,0.018433179723502304,0.861111111111111,-0.002560163850486432,False,False,False,False
exakt_noll,C,Sysselsättning,traning,vid_eller_over_trend,okning,False,1519,252,132,2,2,0.086899275839368,0.5238095238095238,0.5029624753127058,1.0414485165794065,0.020847048496818066,True,False,False,False
exakt_noll,C,Varuexport,traning,under_trend,minskning,False,1519,633,301,5,5,0.19815668202764977,0.4755134281200632,0.47860434496379195,0.9935418119867621,-0.0030909168437287526,True,False,False,True
exakt_noll,C,Varuexport,traning,under_trend,stabilt,False,1519,633,14,5,5,0.009216589861751152,0.022116903633491312,0.018433179723502304,1.1998420221169037,0.0036837239099890076,False,False,True,True
exakt_noll,C,Varuexport,traning,under_trend,okning,False,1519,633,318,5,5,0.20934825543120475,0.5023696682464455,0.5029624753127058,0.998821369196794,-0.0005928070662603036,True,False,False,True
exakt_noll,C,Varuexport,traning,vid_eller_over_trend,minskning,False,1519,886,426,7,7,0.2804476629361422,0.48081264108352145,0.47860434496379195,1.0046140327453494,0.0022082961197295026,True,False,False,True
exakt_noll,C,Varuexport,traning,vid_eller_over_trend,stabilt,False,1519,886,14,7,6,0.009216589861751152,0.01580135440180587,0.018433179723502304,0.8572234762979685,-0.002631825321696434,False,False,False,True
exakt_noll,C,Varuexport,traning,vid_eller_over_trend,okning,False,1519,886,446,7,7,0.293614219881501,0.5033860045146726,0.5029624753127058,1.000842069185586,0.0004235292019668657,True,False,False,True
exakt_noll,C,Varuimport,traning,under_trend,minskning,False,1519,761,346,6,6,0.22778143515470706,0.45466491458607095,0.47860434496379195,0.9499807500085857,-0.023939430377721005,True,False,False,True
exakt_noll,C,Varuimport,traning,under_trend,stabilt,False,1519,761,13,6,6,0.008558262014483212,0.017082785808147174,0.018433179723502304,0.9267411300919842,-0.0013503939153551303,False,False,False,True
exakt_noll,C,Varuimport,traning,under_trend,okning,False,1519,761,402,6,6,0.2646477946017117,0.5282522996057819,0.5029624753127058,1.0502817318078308,0.025289824293076135,True,False,False,True
exakt_noll,C,Varuimport,traning,vid_eller_over_trend,minskning,False,1519,758,381,6,6,0.25082290980908495,0.5026385224274407,0.47860434496379195,1.0502172153607736,0.02403417746364872,True,False,False,True
exakt_noll,C,Varuimport,traning,vid_eller_over_trend,stabilt,False,1519,758,15,6,5,0.009874917709019092,0.01978891820580475,0.018433179723502304,1.0735488126649078,0.0013557384823024467,False,False,False,True
exakt_noll,C,Varuimport,traning,vid_eller_over_trend,okning,False,1519,758,362,6,6,0.23831468071099407,0.47757255936675463,0.5029624753127058,0.9495192639765709,-0.025389915945951136,True,False,False,True
neutral_002,A,Arbetade timmar,traning,under_trend,minskning,False,552,368,137,8,8,0.24818840579710144,0.37228260869565216,0.42391304347826086,0.8782051282051282,-0.0516304347826087,True,False,False,True
neutral_002,A,Arbetade timmar,traning,under_trend,stabilt,False,552,368,53,8,8,0.09601449275362318,0.14402173913043478,0.125,1.1521739130434783,0.019021739130434784,True,False,True,True
neutral_002,A,Arbetade timmar,traning,under_trend,okning,False,552,368,178,8,8,0.322463768115942,0.483695652173913,0.45108695652173914,1.072289156626506,0.03260869565217389,True,False,False,True
neutral_002,A,Arbetade timmar,traning,vid_eller_over_trend,minskning,False,552,184,97,4,4,0.17572463768115942,0.5271739130434783,0.42391304347826086,1.2435897435897436,0.1032608695652174,True,False,True,True
neutral_002,A,Arbetade timmar,traning,vid_eller_over_trend,stabilt,False,552,184,16,4,4,0.028985507246376812,0.08695652173913043,0.125,0.6956521739130435,-0.03804347826086957,False,False,False,True
neutral_002,A,Arbetade timmar,traning,vid_eller_over_trend,okning,False,552,184,71,4,4,0.1286231884057971,0.3858695652173913,0.45108695652173914,0.8554216867469879,-0.06521739130434784,True,False,False,True
neutral_002,A,BNP kvartal,traning,under_trend,minskning,False,552,322,151,7,7,0.27355072463768115,0.468944099378882,0.42391304347826086,1.1062271062271063,0.04503105590062112,True,False,True,True
neutral_002,A,BNP kvartal,traning,under_trend,stabilt,False,552,322,44,7,7,0.07971014492753623,0.13664596273291926,0.125,1.093167701863354,0.011645962732919263,True,False,False,True
neutral_002,A,BNP kvartal,traning,under_trend,okning,False,552,322,127,7,7,0.23007246376811594,0.3944099378881988,0.45108695652173914,0.8743545611015491,-0.056677018633540355,True,False,False,True
neutral_002,A,BNP kvartal,traning,vid_eller_over_trend,minskning,False,552,230,83,5,5,0.1503623188405797,0.36086956521739133,0.42391304347826086,0.8512820512820514,-0.06304347826086953,True,False,False,True
neutral_002,A,BNP kvartal,traning,vid_eller_over_trend,stabilt,False,552,230,25,5,5,0.04528985507246377,0.10869565217391304,0.125,0.8695652173913043,-0.01630434782608696,False,False,False,True
neutral_002,A,BNP kvartal,traning,vid_eller_over_trend,okning,False,552,230,122,5,5,0.2210144927536232,0.5304347826086957,0.45108695652173914,1.1759036144578314,0.07934782608695656,True,False,True,True
neutral_002,A,BNP-indikator månad,traning,under_trend,minskning,False,552,322,151,7,7,0.27355072463768115,0.468944099378882,0.42391304347826086,1.1062271062271063,0.04503105590062112,True,False,True,True
neutral_002,A,BNP-indikator månad,traning,under_trend,stabilt,False,552,322,44,7,7,0.07971014492753623,0.13664596273291926,0.125,1.093167701863354,0.011645962732919263,True,False,False,True
neutral_002,A,BNP-indikator månad,traning,under_trend,okning,False,552,322,127,7,7,0.23007246376811594,0.3944099378881988,0.45108695652173914,0.8743545611015491,-0.056677018633540355,True,False,False,True
neutral_002,A,BNP-indikator månad,traning,vid_eller_over_trend,minskning,False,552,230,83,5,5,0.1503623188405797,0.36086956521739133,0.42391304347826086,0.8512820512820514,-0.06304347826086953,True,False,False,True
neutral_002,A,BNP-indikator månad,traning,vid_eller_over_trend,stabilt,False,552,230,25,5,5,0.04528985507246377,0.10869565217391304,0.125,0.8695652173913043,-0.01630434782608696,False,False,False,True
neutral_002,A,BNP-indikator månad,traning,vid_eller_over_trend,okning,False,552,230,122,5,5,0.2210144927536232,0.5304347826086957,0.45108695652173914,1.1759036144578314,0.07934782608695656,True,False,True,True
neutral_002,A,Detaljhandel sällanköpsvaror,traning,under_trend,minskning,False,552,368,138,8,8,0.25,0.375,0.42391304347826086,0.8846153846153846,-0.048913043478260865,True,False,False,True
neutral_002,A,Detaljhandel sällanköpsvaror,traning,under_trend,stabilt,False,552,368,50,8,8,0.09057971014492754,0.1358695652173913,0.125,1.0869565217391304,0.010869565217391297,True,False,False,True
neutral_002,A,Detaljhandel sällanköpsvaror,traning,under_trend,okning,False,552,368,180,8,8,0.32608695652173914,0.4891304347826087,0.45108695652173914,1.0843373493975903,0.03804347826086957,True,False,False,True
neutral_002,A,Detaljhandel sällanköpsvaror,traning,vid_eller_over_trend,minskning,False,552,184,96,4,4,0.17391304347826086,0.5217391304347826,0.42391304347826086,1.2307692307692308,0.09782608695652173,True,False,True,True
neutral_002,A,Detaljhandel sällanköpsvaror,traning,vid_eller_over_trend,stabilt,False,552,184,19,4,4,0.034420289855072464,0.10326086956521739,0.125,0.8260869565217391,-0.021739130434782608,False,False,False,True
neutral_002,A,Detaljhandel sällanköpsvaror,traning,vid_eller_over_trend,okning,False,552,184,69,4,4,0.125,0.375,0.45108695652173914,0.8313253012048193,-0.07608695652173914,True,False,False,True
neutral_002,A,Hushållens konfidensindikator,traning,under_trend,minskning,False,552,138,54,3,3,0.09782608695652174,0.391304347826087,0.42391304347826086,0.9230769230769231,-0.03260869565217389,True,False,False,True
neutral_002,A,Hushållens konfidensindikator,traning,under_trend,stabilt,False,552,138,16,3,3,0.028985507246376812,0.11594202898550725,0.125,0.927536231884058,-0.009057971014492752,False,False,False,True
neutral_002,A,Hushållens konfidensindikator,traning,under_trend,okning,False,552,138,68,3,3,0.12318840579710146,0.4927536231884058,0.45108695652173914,1.0923694779116466,0.041666666666666685,True,False,False,True
neutral_002,A,Hushållens konfidensindikator,traning,vid_eller_over_trend,minskning,False,552,414,180,9,9,0.32608695652173914,0.43478260869565216,0.42391304347826086,1.0256410256410255,0.010869565217391297,True,False,False,True
neutral_002,A,Hushållens konfidensindikator,traning,vid_eller_over_trend,stabilt,False,552,414,53,9,9,0.09601449275362318,0.1280193236714976,0.125,1.0241545893719808,0.003019323671497598,True,False,False,True
neutral_002,A,Hushållens konfidensindikator,traning,vid_eller_over_trend,okning,False,552,414,181,9,9,0.3278985507246377,0.43719806763285024,0.45108695652173914,0.9692101740294511,-0.013888888888888895,True,False,False,True
neutral_002,A,Hushållens konsumtion,traning,under_trend,minskning,False,552,414,177,9,9,0.32065217391304346,0.427536231884058,0.42391304347826086,1.0085470085470085,0.0036231884057971175,True,False,False,True
neutral_002,A,Hushållens konsumtion,traning,under_trend,stabilt,False,552,414,52,9,9,0.09420289855072464,0.12560386473429952,0.125,1.0048309178743962,0.0006038647342995196,True,False,False,True
neutral_002,A,Hushållens konsumtion,traning,under_trend,okning,False,552,414,185,9,9,0.3351449275362319,0.4468599033816425,0.45108695652173914,0.9906291834002677,-0.004227053140096637,True,False,False,True
neutral_002,A,Hushållens konsumtion,traning,vid_eller_over_trend,minskning,False,552,138,57,3,3,0.10326086956521739,0.41304347826086957,0.42391304347826086,0.9743589743589743,-0.010869565217391297,True,False,False,True
neutral_002,A,Hushållens konsumtion,traning,vid_eller_over_trend,stabilt,False,552,138,17,3,3,0.030797101449275364,0.12318840579710146,0.125,0.9855072463768116,-0.001811594202898545,False,False,False,True
neutral_002,A,Hushållens konsumtion,traning,vid_eller_over_trend,okning,False,552,138,64,3,3,0.11594202898550725,0.463768115942029,0.45108695652173914,1.0281124497991967,0.012681159420289856,True,False,False,True
neutral_002,A,Industrins orderingång,traning,under_trend,minskning,False,552,322,151,7,7,0.27355072463768115,0.468944099378882,0.42391304347826086,1.1062271062271063,0.04503105590062112,True,False,True,True
neutral_002,A,Industrins orderingång,traning,under_trend,stabilt,False,552,322,44,7,7,0.07971014492753623,0.13664596273291926,0.125,1.093167701863354,0.011645962732919263,True,False,False,True
neutral_002,A,Industrins orderingång,traning,under_trend,okning,False,552,322,127,7,7,0.23007246376811594,0.3944099378881988,0.45108695652173914,0.8743545611015491,-0.056677018633540355,True,False,False,True
neutral_002,A,Industrins orderingång,traning,vid_eller_over_trend,minskning,False,552,230,83,5,5,0.1503623188405797,0.36086956521739133,0.42391304347826086,0.8512820512820514,-0.06304347826086953,True,False,False,True
neutral_002,A,Industrins orderingång,traning,vid_eller_over_trend,stabilt,False,552,230,25,5,5,0.04528985507246377,0.10869565217391304,0.125,0.8695652173913043,-0.01630434782608696,False,False,False,True
neutral_002,A,Industrins orderingång,traning,vid_eller_over_trend,okning,False,552,230,122,5,5,0.2210144927536232,0.5304347826086957,0.45108695652173914,1.1759036144578314,0.07934782608695656,True,False,True,True
neutral_002,A,Nyregistrerade lastbilar,traning,under_trend,minskning,False,552,322,151,7,7,0.27355072463768115,0.468944099378882,0.42391304347826086,1.1062271062271063,0.04503105590062112,True,False,True,True
neutral_002,A,Nyregistrerade lastbilar,traning,under_trend,stabilt,False,552,322,44,7,7,0.07971014492753623,0.13664596273291926,0.125,1.093167701863354,0.011645962732919263,True,False,False,True
neutral_002,A,Nyregistrerade lastbilar,traning,under_trend,okning,False,552,322,127,7,7,0.23007246376811594,0.3944099378881988,0.45108695652173914,0.8743545611015491,-0.056677018633540355,True,False,False,True
neutral_002,A,Nyregistrerade lastbilar,traning,vid_eller_over_trend,minskning,False,552,230,83,5,5,0.1503623188405797,0.36086956521739133,0.42391304347826086,0.8512820512820514,-0.06304347826086953,True,False,False,True
neutral_002,A,Nyregistrerade lastbilar,traning,vid_eller_over_trend,stabilt,False,552,230,25,5,5,0.04528985507246377,0.10869565217391304,0.125,0.8695652173913043,-0.01630434782608696,False,False,False,True
neutral_002,A,Nyregistrerade lastbilar,traning,vid_eller_over_trend,okning,False,552,230,122,5,5,0.2210144927536232,0.5304347826086957,0.45108695652173914,1.1759036144578314,0.07934782608695656,True,False,True,True
neutral_002,A,Nyregistrerade personbilar,traning,under_trend,minskning,False,552,276,121,6,6,0.21920289855072464,0.4384057971014493,0.42391304347826086,1.0341880341880343,0.014492753623188415,True,False,False,True
neutral_002,A,Nyregistrerade personbilar,traning,under_trend,stabilt,False,552,276,37,6,6,0.06702898550724638,0.13405797101449277,0.125,1.0724637681159421,0.009057971014492766,True,False,False,True
neutral_002,A,Nyregistrerade personbilar,traning,under_trend,okning,False,552,276,118,6,6,0.213768115942029,0.427536231884058,0.45108695652173914,0.9477911646586346,-0.023550724637681153,True,False,False,True
neutral_002,A,Nyregistrerade personbilar,traning,vid_eller_over_trend,minskning,False,552,276,113,6,6,0.20471014492753623,0.40942028985507245,0.42391304347826086,0.9658119658119658,-0.014492753623188415,True,False,False,True
neutral_002,A,Nyregistrerade personbilar,traning,vid_eller_over_trend,stabilt,False,552,276,32,6,6,0.057971014492753624,0.11594202898550725,0.125,0.927536231884058,-0.009057971014492752,True,False,False,True
neutral_002,A,Nyregistrerade personbilar,traning,vid_eller_over_trend,okning,False,552,276,131,6,6,0.23731884057971014,0.4746376811594203,0.45108695652173914,1.0522088353413654,0.023550724637681153,True,False,False,True
neutral_002,A,Näringslivets efterfrågan,traning,under_trend,minskning,False,552,322,151,7,7,0.27355072463768115,0.468944099378882,0.42391304347826086,1.1062271062271063,0.04503105590062112,True,False,True,True
neutral_002,A,Näringslivets efterfrågan,traning,under_trend,stabilt,False,552,322,44,7,7,0.07971014492753623,0.13664596273291926,0.125,1.093167701863354,0.011645962732919263,True,False,False,True
neutral_002,A,Näringslivets efterfrågan,traning,under_trend,okning,False,552,322,127,7,7,0.23007246376811594,0.3944099378881988,0.45108695652173914,0.8743545611015491,-0.056677018633540355,True,False,False,True
neutral_002,A,Näringslivets efterfrågan,traning,vid_eller_over_trend,minskning,False,552,230,83,5,5,0.1503623188405797,0.36086956521739133,0.42391304347826086,0.8512820512820514,-0.06304347826086953,True,False,False,True
neutral_002,A,Näringslivets efterfrågan,traning,vid_eller_over_trend,stabilt,False,552,230,25,5,5,0.04528985507246377,0.10869565217391304,0.125,0.8695652173913043,-0.01630434782608696,False,False,False,True
neutral_002,A,Näringslivets efterfrågan,traning,vid_eller_over_trend,okning,False,552,230,122,5,5,0.2210144927536232,0.5304347826086957,0.45108695652173914,1.1759036144578314,0.07934782608695656,True,False,True,True
neutral_002,A,Näringslivets produktion,traning,under_trend,minskning,False,552,322,151,7,7,0.27355072463768115,0.468944099378882,0.42391304347826086,1.1062271062271063,0.04503105590062112,True,False,True,True
neutral_002,A,Näringslivets produktion,traning,under_trend,stabilt,False,552,322,44,7,7,0.07971014492753623,0.13664596273291926,0.125,1.093167701863354,0.011645962732919263,True,False,False,True
neutral_002,A,Näringslivets produktion,traning,under_trend,okning,False,552,322,127,7,7,0.23007246376811594,0.3944099378881988,0.45108695652173914,0.8743545611015491,-0.056677018633540355,True,False,False,True
neutral_002,A,Näringslivets produktion,traning,vid_eller_over_trend,minskning,False,552,230,83,5,5,0.1503623188405797,0.36086956521739133,0.42391304347826086,0.8512820512820514,-0.06304347826086953,True,False,False,True
neutral_002,A,Näringslivets produktion,traning,vid_eller_over_trend,stabilt,False,552,230,25,5,5,0.04528985507246377,0.10869565217391304,0.125,0.8695652173913043,-0.01630434782608696,False,False,False,True
neutral_002,A,Näringslivets produktion,traning,vid_eller_over_trend,okning,False,552,230,122,5,5,0.2210144927536232,0.5304347826086957,0.45108695652173914,1.1759036144578314,0.07934782608695656,True,False,True,True
neutral_002,A,Sysselsättning,traning,under_trend,minskning,False,552,460,194,10,10,0.35144927536231885,0.4217391304347826,0.42391304347826086,0.9948717948717949,-0.0021739130434782483,True,False,False,True
neutral_002,A,Sysselsättning,traning,under_trend,stabilt,False,552,460,60,10,10,0.10869565217391304,0.13043478260869565,0.125,1.0434782608695652,0.0054347826086956486,True,False,False,True
neutral_002,A,Sysselsättning,traning,under_trend,okning,False,552,460,206,10,10,0.37318840579710144,0.44782608695652176,0.45108695652173914,0.9927710843373494,-0.0032608695652173725,True,False,False,True
neutral_002,A,Sysselsättning,traning,vid_eller_over_trend,minskning,False,552,92,40,2,2,0.07246376811594203,0.43478260869565216,0.42391304347826086,1.0256410256410255,0.010869565217391297,True,False,False,False
neutral_002,A,Sysselsättning,traning,vid_eller_over_trend,stabilt,False,552,92,9,2,2,0.016304347826086956,0.09782608695652174,0.125,0.782608695652174,-0.027173913043478257,False,False,False,False
neutral_002,A,Sysselsättning,traning,vid_eller_over_trend,okning,False,552,92,43,2,2,0.07789855072463768,0.4673913043478261,0.45108695652173914,1.036144578313253,0.016304347826086973,True,False,False,False
neutral_002,A,Varuexport,traning,under_trend,minskning,False,552,230,117,5,5,0.21195652173913043,0.508695652173913,0.42391304347826086,1.2,0.08478260869565213,True,False,True,True
neutral_002,A,Varuexport,traning,under_trend,stabilt,False,552,230,27,5,5,0.04891304347826087,0.11739130434782609,0.125,0.9391304347826087,-0.007608695652173911,False,False,False,True
neutral_002,A,Varuexport,traning,under_trend,okning,False,552,230,86,5,5,0.15579710144927536,0.3739130434782609,0.45108695652173914,0.8289156626506025,-0.07717391304347826,True,False,False,True
neutral_002,A,Varuexport,traning,vid_eller_over_trend,minskning,False,552,322,117,7,7,0.21195652173913043,0.36335403726708076,0.42391304347826086,0.8571428571428572,-0.0605590062111801,True,False,False,True
neutral_002,A,Varuexport,traning,vid_eller_over_trend,stabilt,False,552,322,42,7,7,0.07608695652173914,0.13043478260869565,0.125,1.0434782608695652,0.0054347826086956486,True,False,False,True
neutral_002,A,Varuexport,traning,vid_eller_over_trend,okning,False,552,322,163,7,7,0.29528985507246375,0.5062111801242236,0.45108695652173914,1.1222030981067126,0.05512422360248448,True,False,True,True
neutral_002,A,Varuimport,traning,under_trend,minskning,False,552,276,100,6,6,0.18115942028985507,0.36231884057971014,0.42391304347826086,0.8547008547008547,-0.06159420289855072,True,False,False,True
neutral_002,A,Varuimport,traning,under_trend,stabilt,False,552,276,38,6,6,0.06884057971014493,0.13768115942028986,0.125,1.1014492753623188,0.012681159420289856,True,False,True,True
neutral_002,A,Varuimport,traning,under_trend,okning,False,552,276,138,6,6,0.25,0.5,0.45108695652173914,1.108433734939759,0.048913043478260865,True,False,True,True
neutral_002,A,Varuimport,traning,vid_eller_over_trend,minskning,False,552,276,134,6,6,0.2427536231884058,0.4855072463768116,0.42391304347826086,1.1452991452991452,0.06159420289855072,True,False,True,True
neutral_002,A,Varuimport,traning,vid_eller_over_trend,stabilt,False,552,276,31,6,6,0.05615942028985507,0.11231884057971014,0.125,0.8985507246376812,-0.012681159420289856,True,False,False,True
neutral_002,A,Varuimport,traning,vid_eller_over_trend,okning,False,552,276,111,6,6,0.20108695652173914,0.40217391304347827,0.45108695652173914,0.891566265060241,-0.048913043478260865,True,False,False,True
neutral_002,B,Arbetade timmar,traning,under_trend,minskning,False,1300,868,336,8,8,0.25846153846153846,0.3870967741935484,0.4076923076923077,0.9494826536822885,-0.02059553349875931,True,False,False,True
neutral_002,B,Arbetade timmar,traning,under_trend,stabilt,False,1300,868,104,8,8,0.08,0.11981566820276497,0.11461538461538462,1.0453716017690904,0.005200283587380353,True,False,False,True
neutral_002,B,Arbetade timmar,traning,under_trend,okning,False,1300,868,428,8,8,0.3292307692307692,0.4930875576036866,0.4776923076923077,1.0322283814569928,0.015395249911378917,True,False,False,True
neutral_002,B,Arbetade timmar,traning,vid_eller_over_trend,minskning,False,1300,432,194,4,4,0.14923076923076922,0.44907407407407407,0.4076923076923077,1.1015024458420686,0.04138176638176638,True,False,True,True
neutral_002,B,Arbetade timmar,traning,vid_eller_over_trend,stabilt,False,1300,432,45,4,4,0.03461538461538462,0.10416666666666667,0.11461538461538462,0.9088366890380314,-0.010448717948717948,False,False,False,True
neutral_002,B,Arbetade timmar,traning,vid_eller_over_trend,okning,False,1300,432,193,4,4,0.14846153846153845,0.44675925925925924,0.4776923076923077,0.9352448261465974,-0.03093304843304845,True,False,False,True
neutral_002,B,BNP kvartal,traning,under_trend,minskning,False,1300,759,331,7,7,0.25461538461538463,0.43610013175230566,0.4076923076923077,1.0696795684490517,0.028407824059997977,True,False,False,True
neutral_002,B,BNP kvartal,traning,under_trend,stabilt,False,1300,759,94,7,7,0.07230769230769231,0.12384716732542819,0.11461538461538462,1.0805457551882995,0.009231782710043573,True,False,False,True
neutral_002,B,BNP kvartal,traning,under_trend,okning,False,1300,759,334,7,7,0.2569230769230769,0.4400527009222661,0.4776923076923077,0.9212053320433912,-0.03763960677004158,True,False,False,True
neutral_002,B,BNP kvartal,traning,vid_eller_over_trend,minskning,False,1300,541,199,5,5,0.15307692307692308,0.3678373382624769,0.4076923076923077,0.9022425278136226,-0.0398549694298308,True,False,False,True
neutral_002,B,BNP kvartal,traning,vid_eller_over_trend,stabilt,False,1300,541,55,5,5,0.04230769230769231,0.10166358595194085,0.11461538461538462,0.8869977297820342,-0.012951798663443773,False,False,False,True
neutral_002,B,BNP kvartal,traning,vid_eller_over_trend,okning,False,1300,541,287,5,5,0.22076923076923077,0.5304990757855823,0.4776923076923077,1.1105455692773865,0.052806768093274614,True,False,True,True
neutral_002,B,BNP-indikator månad,traning,under_trend,minskning,False,1300,759,331,7,7,0.25461538461538463,0.43610013175230566,0.4076923076923077,1.0696795684490517,0.028407824059997977,True,False,False,True
neutral_002,B,BNP-indikator månad,traning,under_trend,stabilt,False,1300,759,94,7,7,0.07230769230769231,0.12384716732542819,0.11461538461538462,1.0805457551882995,0.009231782710043573,True,False,False,True
neutral_002,B,BNP-indikator månad,traning,under_trend,okning,False,1300,759,334,7,7,0.2569230769230769,0.4400527009222661,0.4776923076923077,0.9212053320433912,-0.03763960677004158,True,False,False,True
neutral_002,B,BNP-indikator månad,traning,vid_eller_over_trend,minskning,False,1300,541,199,5,5,0.15307692307692308,0.3678373382624769,0.4076923076923077,0.9022425278136226,-0.0398549694298308,True,False,False,True
neutral_002,B,BNP-indikator månad,traning,vid_eller_over_trend,stabilt,False,1300,541,55,5,5,0.04230769230769231,0.10166358595194085,0.11461538461538462,0.8869977297820342,-0.012951798663443773,False,False,False,True
neutral_002,B,BNP-indikator månad,traning,vid_eller_over_trend,okning,False,1300,541,287,5,5,0.22076923076923077,0.5304990757855823,0.4776923076923077,1.1105455692773865,0.052806768093274614,True,False,True,True
neutral_002,B,Detaljhandel sällanköpsvaror,traning,under_trend,minskning,False,1300,868,340,8,8,0.26153846153846155,0.391705069124424,0.4076923076923077,0.9607860186070777,-0.0159872385678837,True,False,False,True
neutral_002,B,Detaljhandel sällanköpsvaror,traning,under_trend,stabilt,False,1300,868,108,8,8,0.08307692307692308,0.12442396313364056,0.11461538461538462,1.0855782018371323,0.009808578518255937,True,False,False,True
neutral_002,B,Detaljhandel sällanköpsvaror,traning,under_trend,okning,False,1300,868,420,8,8,0.3230769230769231,0.4838709677419355,0.4776923076923077,1.0129343930185446,0.006178660049627804,True,False,False,True
neutral_002,B,Detaljhandel sällanköpsvaror,traning,vid_eller_over_trend,minskning,False,1300,432,190,4,4,0.14615384615384616,0.4398148148148148,0.4076923076923077,1.0787910552061495,0.03212250712250714,True,False,False,True
neutral_002,B,Detaljhandel sällanköpsvaror,traning,vid_eller_over_trend,stabilt,False,1300,432,41,4,4,0.031538461538461536,0.09490740740740741,0.11461538461538462,0.8280512055679841,-0.019707977207977206,False,False,False,True
neutral_002,B,Detaljhandel sällanköpsvaror,traning,vid_eller_over_trend,okning,False,1300,432,201,4,4,0.15461538461538463,0.4652777777777778,0.4776923076923077,0.9740114510645912,-0.012414529914529904,True,False,False,True
neutral_002,B,Hushållens konfidensindikator,traning,under_trend,minskning,False,1300,325,138,3,3,0.10615384615384615,0.4246153846153846,0.4076923076923077,1.0415094339622641,0.01692307692307693,True,False,False,True
neutral_002,B,Hushållens konfidensindikator,traning,under_trend,stabilt,False,1300,325,35,3,3,0.026923076923076925,0.1076923076923077,0.11461538461538462,0.9395973154362416,-0.006923076923076921,False,False,False,True
neutral_002,B,Hushållens konfidensindikator,traning,under_trend,okning,False,1300,325,152,3,3,0.11692307692307692,0.4676923076923077,0.4776923076923077,0.9790660225442834,-0.010000000000000009,True,False,False,True
neutral_002,B,Hushållens konfidensindikator,traning,vid_eller_over_trend,minskning,False,1300,975,392,9,9,0.30153846153846153,0.40205128205128204,0.4076923076923077,0.9861635220125786,-0.005641025641025643,True,False,False,True
neutral_002,B,Hushållens konfidensindikator,traning,vid_eller_over_trend,stabilt,False,1300,975,114,9,9,0.0876923076923077,0.11692307692307692,0.11461538461538462,1.0201342281879193,0.0023076923076923023,True,False,False,True
neutral_002,B,Hushållens konfidensindikator,traning,vid_eller_over_trend,okning,False,1300,975,469,9,9,0.3607692307692308,0.48102564102564105,0.4776923076923077,1.006977992485239,0.003333333333333355,True,False,False,True
neutral_002,B,Hushållens konsumtion,traning,under_trend,minskning,False,1300,976,404,9,9,0.31076923076923074,0.4139344262295082,0.4076923076923077,1.0153108567893598,0.006242118537200525,True,False,False,True
neutral_002,B,Hushållens konsumtion,traning,under_trend,stabilt,False,1300,976,120,9,9,0.09230769230769231,0.12295081967213115,0.11461538461538462,1.0727252723071845,0.008335435056746526,True,False,False,True
neutral_002,B,Hushållens konsumtion,traning,under_trend,okning,False,1300,976,452,9,9,0.3476923076923077,0.46311475409836067,0.4776923076923077,0.9694833821704812,-0.014577553593947024,True,False,False,True
neutral_002,B,Hushållens konsumtion,traning,vid_eller_over_trend,minskning,False,1300,324,126,3,3,0.09692307692307692,0.3888888888888889,0.4076923076923077,0.9538784067085954,-0.018803418803418792,True,False,False,True
neutral_002,B,Hushållens konsumtion,traning,vid_eller_over_trend,stabilt,False,1300,324,29,3,3,0.022307692307692306,0.08950617283950617,0.11461538461538462,0.7809263402104565,-0.02510921177587845,False,False,False,True
neutral_002,B,Hushållens konsumtion,traning,vid_eller_over_trend,okning,False,1300,324,169,3,3,0.13,0.5216049382716049,0.4776923076923077,1.0919266018568219,0.04391263057929723,True,False,False,True
neutral_002,B,Industrins orderingång,traning,under_trend,minskning,False,1300,759,331,7,7,0.25461538461538463,0.43610013175230566,0.4076923076923077,1.0696795684490517,0.028407824059997977,True,False,False,True
neutral_002,B,Industrins orderingång,traning,under_trend,stabilt,False,1300,759,94,7,7,0.07230769230769231,0.12384716732542819,0.11461538461538462,1.0805457551882995,0.009231782710043573,True,False,False,True
neutral_002,B,Industrins orderingång,traning,under_trend,okning,False,1300,759,334,7,7,0.2569230769230769,0.4400527009222661,0.4776923076923077,0.9212053320433912,-0.03763960677004158,True,False,False,True
neutral_002,B,Industrins orderingång,traning,vid_eller_over_trend,minskning,False,1300,541,199,5,5,0.15307692307692308,0.3678373382624769,0.4076923076923077,0.9022425278136226,-0.0398549694298308,True,False,False,True
neutral_002,B,Industrins orderingång,traning,vid_eller_over_trend,stabilt,False,1300,541,55,5,5,0.04230769230769231,0.10166358595194085,0.11461538461538462,0.8869977297820342,-0.012951798663443773,False,False,False,True
neutral_002,B,Industrins orderingång,traning,vid_eller_over_trend,okning,False,1300,541,287,5,5,0.22076923076923077,0.5304990757855823,0.4776923076923077,1.1105455692773865,0.052806768093274614,True,False,True,True
neutral_002,B,Nyregistrerade lastbilar,traning,under_trend,minskning,False,1300,759,331,7,7,0.25461538461538463,0.43610013175230566,0.4076923076923077,1.0696795684490517,0.028407824059997977,True,False,False,True
neutral_002,B,Nyregistrerade lastbilar,traning,under_trend,stabilt,False,1300,759,94,7,7,0.07230769230769231,0.12384716732542819,0.11461538461538462,1.0805457551882995,0.009231782710043573,True,False,False,True
neutral_002,B,Nyregistrerade lastbilar,traning,under_trend,okning,False,1300,759,334,7,7,0.2569230769230769,0.4400527009222661,0.4776923076923077,0.9212053320433912,-0.03763960677004158,True,False,False,True
neutral_002,B,Nyregistrerade lastbilar,traning,vid_eller_over_trend,minskning,False,1300,541,199,5,5,0.15307692307692308,0.3678373382624769,0.4076923076923077,0.9022425278136226,-0.0398549694298308,True,False,False,True
neutral_002,B,Nyregistrerade lastbilar,traning,vid_eller_over_trend,stabilt,False,1300,541,55,5,5,0.04230769230769231,0.10166358595194085,0.11461538461538462,0.8869977297820342,-0.012951798663443773,False,False,False,True
neutral_002,B,Nyregistrerade lastbilar,traning,vid_eller_over_trend,okning,False,1300,541,287,5,5,0.22076923076923077,0.5304990757855823,0.4776923076923077,1.1105455692773865,0.052806768093274614,True,False,True,True
neutral_002,B,Nyregistrerade personbilar,traning,under_trend,minskning,False,1300,650,274,6,6,0.21076923076923076,0.42153846153846153,0.4076923076923077,1.0339622641509434,0.013846153846153841,True,False,False,True
neutral_002,B,Nyregistrerade personbilar,traning,under_trend,stabilt,False,1300,650,78,6,6,0.06,0.12,0.11461538461538462,1.046979865771812,0.005384615384615377,True,False,False,True
neutral_002,B,Nyregistrerade personbilar,traning,under_trend,okning,False,1300,650,298,6,6,0.22923076923076924,0.4584615384615385,0.4776923076923077,0.9597423510466989,-0.019230769230769218,True,False,False,True
neutral_002,B,Nyregistrerade personbilar,traning,vid_eller_over_trend,minskning,False,1300,650,256,6,6,0.19692307692307692,0.39384615384615385,0.4076923076923077,0.9660377358490566,-0.013846153846153841,True,False,False,True
neutral_002,B,Nyregistrerade personbilar,traning,vid_eller_over_trend,stabilt,False,1300,650,71,6,6,0.054615384615384614,0.10923076923076923,0.11461538461538462,0.9530201342281879,-0.0053846153846153905,True,False,False,True
neutral_002,B,Nyregistrerade personbilar,traning,vid_eller_over_trend,okning,False,1300,650,323,6,6,0.24846153846153846,0.4969230769230769,0.4776923076923077,1.040257648953301,0.019230769230769218,True,False,False,True
neutral_002,B,Näringslivets efterfrågan,traning,under_trend,minskning,False,1300,759,331,7,7,0.25461538461538463,0.43610013175230566,0.4076923076923077,1.0696795684490517,0.028407824059997977,True,False,False,True
neutral_002,B,Näringslivets efterfrågan,traning,under_trend,stabilt,False,1300,759,94,7,7,0.07230769230769231,0.12384716732542819,0.11461538461538462,1.0805457551882995,0.009231782710043573,True,False,False,True
neutral_002,B,Näringslivets efterfrågan,traning,under_trend,okning,False,1300,759,334,7,7,0.2569230769230769,0.4400527009222661,0.4776923076923077,0.9212053320433912,-0.03763960677004158,True,False,False,True
neutral_002,B,Näringslivets efterfrågan,traning,vid_eller_over_trend,minskning,False,1300,541,199,5,5,0.15307692307692308,0.3678373382624769,0.4076923076923077,0.9022425278136226,-0.0398549694298308,True,False,False,True
neutral_002,B,Näringslivets efterfrågan,traning,vid_eller_over_trend,stabilt,False,1300,541,55,5,5,0.04230769230769231,0.10166358595194085,0.11461538461538462,0.8869977297820342,-0.012951798663443773,False,False,False,True
neutral_002,B,Näringslivets efterfrågan,traning,vid_eller_over_trend,okning,False,1300,541,287,5,5,0.22076923076923077,0.5304990757855823,0.4776923076923077,1.1105455692773865,0.052806768093274614,True,False,True,True
neutral_002,B,Näringslivets produktion,traning,under_trend,minskning,False,1300,759,331,7,7,0.25461538461538463,0.43610013175230566,0.4076923076923077,1.0696795684490517,0.028407824059997977,True,False,False,True
neutral_002,B,Näringslivets produktion,traning,under_trend,stabilt,False,1300,759,94,7,7,0.07230769230769231,0.12384716732542819,0.11461538461538462,1.0805457551882995,0.009231782710043573,True,False,False,True
neutral_002,B,Näringslivets produktion,traning,under_trend,okning,False,1300,759,334,7,7,0.2569230769230769,0.4400527009222661,0.4776923076923077,0.9212053320433912,-0.03763960677004158,True,False,False,True
neutral_002,B,Näringslivets produktion,traning,vid_eller_over_trend,minskning,False,1300,541,199,5,5,0.15307692307692308,0.3678373382624769,0.4076923076923077,0.9022425278136226,-0.0398549694298308,True,False,False,True
neutral_002,B,Näringslivets produktion,traning,vid_eller_over_trend,stabilt,False,1300,541,55,5,5,0.04230769230769231,0.10166358595194085,0.11461538461538462,0.8869977297820342,-0.012951798663443773,False,False,False,True
neutral_002,B,Näringslivets produktion,traning,vid_eller_over_trend,okning,False,1300,541,287,5,5,0.22076923076923077,0.5304990757855823,0.4776923076923077,1.1105455692773865,0.052806768093274614,True,False,True,True
neutral_002,B,Sysselsättning,traning,under_trend,minskning,False,1300,1084,448,10,10,0.3446153846153846,0.4132841328413284,0.4076923076923077,1.013715797535334,0.005591825149020735,True,False,False,True
neutral_002,B,Sysselsättning,traning,under_trend,stabilt,False,1300,1084,130,10,10,0.1,0.11992619926199262,0.11461538461538462,1.0463359667153718,0.005310814646608,True,False,False,True
neutral_002,B,Sysselsättning,traning,under_trend,okning,False,1300,1084,506,10,10,0.3892307692307692,0.466789667896679,0.4776923076923077,0.977176438431051,-0.010902639795628721,True,False,False,True
neutral_002,B,Sysselsättning,traning,vid_eller_over_trend,minskning,False,1300,216,82,2,2,0.06307692307692307,0.37962962962962965,0.4076923076923077,0.9311670160726765,-0.028062678062678037,True,False,False,False
neutral_002,B,Sysselsättning,traning,vid_eller_over_trend,stabilt,False,1300,216,19,2,2,0.014615384615384615,0.08796296296296297,0.11461538461538462,0.7674620929654487,-0.026652421652421654,False,False,False,False
neutral_002,B,Sysselsättning,traning,vid_eller_over_trend,okning,False,1300,216,115,2,2,0.08846153846153847,0.5324074074074074,0.4776923076923077,1.1145404663923184,0.054715099715099746,True,False,True,False
neutral_002,B,Varuexport,traning,under_trend,minskning,False,1300,542,234,5,5,0.18,0.4317343173431734,0.4076923076923077,1.0589709670681613,0.024042009650865726,True,False,False,True
neutral_002,B,Varuexport,traning,under_trend,stabilt,False,1300,542,72,5,5,0.055384615384615386,0.13284132841328414,0.11461538461538462,1.1590183015924118,0.01822594379789952,True,False,True,True
neutral_002,B,Varuexport,traning,under_trend,okning,False,1300,542,236,5,5,0.18153846153846154,0.4354243542435424,0.4776923076923077,0.9115163615404269,-0.04226795344876527,True,False,False,True
neutral_002,B,Varuexport,traning,vid_eller_over_trend,minskning,False,1300,758,296,7,7,0.2276923076923077,0.39050131926121373,0.4076923076923077,0.957833424602977,-0.017190988431093956,True,False,False,True
neutral_002,B,Varuexport,traning,vid_eller_over_trend,stabilt,False,1300,758,77,7,7,0.05923076923076923,0.10158311345646438,0.11461538461538462,0.8862956207610986,-0.013032271158920236,True,False,False,True
neutral_002,B,Varuexport,traning,vid_eller_over_trend,okning,False,1300,758,385,7,7,0.29615384615384616,0.5079155672823219,0.4776923076923077,1.0632693034895628,0.030223259590014206,True,False,False,True
neutral_002,B,Varuimport,traning,under_trend,minskning,False,1300,652,231,6,6,0.1776923076923077,0.35429447852760737,0.4076923076923077,0.8690241926148861,-0.05339782916470032,True,False,False,True
neutral_002,B,Varuimport,traning,under_trend,stabilt,False,1300,652,87,6,6,0.06692307692307692,0.1334355828220859,0.11461538461538462,1.1642030716020917,0.018820198206701277,True,False,True,True
neutral_002,B,Varuimport,traning,under_trend,okning,False,1300,652,334,6,6,0.2569230769230769,0.5122699386503068,0.4776923076923077,1.0723847346946842,0.034577630957999095,True,False,False,True
neutral_002,B,Varuimport,traning,vid_eller_over_trend,minskning,False,1300,648,299,6,6,0.23,0.46141975308641975,0.4076923076923077,1.1317843000232937,0.05372744539411206,True,False,True,True
neutral_002,B,Varuimport,traning,vid_eller_over_trend,stabilt,False,1300,648,62,6,6,0.047692307692307694,0.09567901234567901,0.11461538461538462,0.8347833291904879,-0.018936372269705612,False,False,False,True
neutral_002,B,Varuimport,traning,vid_eller_over_trend,okning,False,1300,648,287,6,6,0.22076923076923077,0.44290123456790126,0.4776923076923077,0.9271684459553489,-0.034791073124406435,True,False,False,True
neutral_002,C,Arbetade timmar,traning,under_trend,minskning,False,1519,1015,438,8,8,0.28834759710335744,0.4315270935960591,0.4397630019749835,0.9812719388808591,-0.008235908378924406,True,False,False,True
neutral_002,C,Arbetade timmar,traning,under_trend,stabilt,False,1519,1015,80,8,8,0.052666227781435156,0.07881773399014778,0.08558262014483213,0.9209549071618037,-0.006764886154684346,True,False,False,True
neutral_002,C,Arbetade timmar,traning,under_trend,okning,False,1519,1015,497,8,8,0.3271889400921659,0.4896551724137931,0.47465437788018433,1.0316036156678943,0.015000794533608752,True,False,False,True
neutral_002,C,Arbetade timmar,traning,vid_eller_over_trend,minskning,False,1519,504,230,4,4,0.15141540487162608,0.45634920634920634,0.4397630019749835,1.0377162341982702,0.016586204374222813,True,False,False,True
neutral_002,C,Arbetade timmar,traning,vid_eller_over_trend,stabilt,False,1519,504,50,4,4,0.032916392363396975,0.0992063492063492,0.08558262014483213,1.159188034188034,0.01362372906151707,False,False,True,True
neutral_002,C,Arbetade timmar,traning,vid_eller_over_trend,okning,False,1519,504,224,4,4,0.14746543778801843,0.4444444444444444,0.47465437788018433,0.936353829557713,-0.03020993343573991,True,False,False,True
neutral_002,C,BNP kvartal,traning,under_trend,minskning,False,1519,886,411,7,7,0.2705727452271231,0.463882618510158,0.4397630019749835,1.0548468525702546,0.02411961653517447,True,False,False,True
neutral_002,C,BNP kvartal,traning,under_trend,stabilt,False,1519,886,70,7,7,0.04608294930875576,0.07900677200902935,0.08558262014483213,0.9231637437055045,-0.006575848135802781,False,False,False,True
neutral_002,C,BNP kvartal,traning,under_trend,okning,False,1519,886,405,7,7,0.2666227781435155,0.45711060948081267,0.47465437788018433,0.9630388568673433,-0.017543768399371662,True,False,False,True
neutral_002,C,BNP kvartal,traning,vid_eller_over_trend,minskning,False,1519,633,257,5,5,0.16919025674786042,0.4060031595576619,0.4397630019749835,0.9232317355809708,-0.033759842417321606,True,False,False,True
neutral_002,C,BNP kvartal,traning,vid_eller_over_trend,stabilt,False,1519,633,60,5,5,0.03949967083607637,0.0947867298578199,0.08558262014483213,1.1075464819540648,0.009204109712987768,False,False,True,True
neutral_002,C,BNP kvartal,traning,vid_eller_over_trend,okning,False,1519,633,316,5,5,0.20803159973666885,0.49921011058451814,0.47465437788018433,1.0517339222994218,0.02455573270433381,True,False,False,True
neutral_002,C,BNP-indikator månad,traning,under_trend,minskning,False,1519,886,411,7,7,0.2705727452271231,0.463882618510158,0.4397630019749835,1.0548468525702546,0.02411961653517447,True,False,False,True
neutral_002,C,BNP-indikator månad,traning,under_trend,stabilt,False,1519,886,70,7,7,0.04608294930875576,0.07900677200902935,0.08558262014483213,0.9231637437055045,-0.006575848135802781,False,False,False,True
neutral_002,C,BNP-indikator månad,traning,under_trend,okning,False,1519,886,405,7,7,0.2666227781435155,0.45711060948081267,0.47465437788018433,0.9630388568673433,-0.017543768399371662,True,False,False,True
neutral_002,C,BNP-indikator månad,traning,vid_eller_over_trend,minskning,False,1519,633,257,5,5,0.16919025674786042,0.4060031595576619,0.4397630019749835,0.9232317355809708,-0.033759842417321606,True,False,False,True
neutral_002,C,BNP-indikator månad,traning,vid_eller_over_trend,stabilt,False,1519,633,60,5,5,0.03949967083607637,0.0947867298578199,0.08558262014483213,1.1075464819540648,0.009204109712987768,False,False,True,True
neutral_002,C,BNP-indikator månad,traning,vid_eller_over_trend,okning,False,1519,633,316,5,5,0.20803159973666885,0.49921011058451814,0.47465437788018433,1.0517339222994218,0.02455573270433381,True,False,False,True
neutral_002,C,Detaljhandel sällanköpsvaror,traning,under_trend,minskning,False,1519,1012,439,8,8,0.28900592495062544,0.43379446640316205,0.4397630019749835,0.9864278360275497,-0.005968535571821476,True,False,False,True
neutral_002,C,Detaljhandel sällanköpsvaror,traning,under_trend,stabilt,False,1519,1012,83,8,8,0.05464121132323897,0.08201581027667984,0.08558262014483213,0.9583231985405898,-0.0035668098681522903,True,False,False,True
neutral_002,C,Detaljhandel sällanköpsvaror,traning,under_trend,okning,False,1519,1012,490,8,8,0.3225806451612903,0.4841897233201581,0.47465437788018433,1.0200890287424689,0.009535345439973753,True,False,False,True
neutral_002,C,Detaljhandel sällanköpsvaror,traning,vid_eller_over_trend,minskning,False,1519,507,229,4,4,0.15075707702435814,0.4516765285996055,0.4397630019749835,1.0270907888365282,0.011913526624621973,True,False,False,True
neutral_002,C,Detaljhandel sällanköpsvaror,traning,vid_eller_over_trend,stabilt,False,1519,507,47,4,4,0.030941408821593155,0.09270216962524655,0.08558262014483213,1.0831891973903809,0.007119549480414419,False,False,False,True
neutral_002,C,Detaljhandel sällanköpsvaror,traning,vid_eller_over_trend,okning,False,1519,507,231,4,4,0.15207373271889402,0.4556213017751479,0.47465437788018433,0.9599011891767679,-0.019033076105036406,True,False,False,True
neutral_002,C,Hushållens konfidensindikator,traning,under_trend,minskning,False,1519,379,156,3,3,0.10269914417379855,0.41160949868073876,0.4397630019749835,0.9359802821797039,-0.028153503294244764,True,False,False,True
neutral_002,C,Hushållens konfidensindikator,traning,under_trend,stabilt,False,1519,379,32,3,3,0.02106649111257406,0.08443271767810026,0.08558262014483213,0.9865638319464176,-0.0011499024667318697,False,False,False,True
neutral_002,C,Hushållens konfidensindikator,traning,under_trend,okning,False,1519,379,191,3,3,0.12574061882817644,0.503957783641161,0.47465437788018433,1.0617363014575916,0.02930340576097662,True,False,False,True
neutral_002,C,Hushållens konfidensindikator,traning,vid_eller_over_trend,minskning,False,1519,1140,512,9,9,0.337063857801185,0.44912280701754387,0.4397630019749835,1.021283748292888,0.009359805042560343,True,False,False,True
neutral_002,C,Hushållens konfidensindikator,traning,vid_eller_over_trend,stabilt,False,1519,1140,98,9,9,0.06451612903225806,0.08596491228070176,0.08558262014483213,1.0044669365721997,0.0003822921358696274,True,False,False,True
neutral_002,C,Hushållens konfidensindikator,traning,vid_eller_over_trend,okning,False,1519,1140,530,9,9,0.3489137590520079,0.4649122807017544,0.47465437788018433,0.9794753874978709,-0.009742097178429943,True,False,False,True
neutral_002,C,Hushållens konsumtion,traning,under_trend,minskning,False,1519,1139,509,9,9,0.33508887425938116,0.44688323090430204,0.4397630019749835,1.0161910594964594,0.007120228929318517,True,False,False,True
neutral_002,C,Hushållens konsumtion,traning,under_trend,stabilt,False,1519,1139,94,9,9,0.06188281764318631,0.08252853380158033,0.08558262014483213,0.9643141757276963,-0.0030540863432517995,True,False,False,True
neutral_002,C,Hushållens konsumtion,traning,under_trend,okning,False,1519,1139,536,9,9,0.35286372613561556,0.47058823529411764,0.47465437788018433,0.9914334665905197,-0.00406614258606669,True,False,False,True
neutral_002,C,Hushållens konsumtion,traning,vid_eller_over_trend,minskning,False,1519,380,159,3,3,0.10467412771560237,0.41842105263157897,0.4397630019749835,0.9514694295619288,-0.021341949343404554,True,False,False,True
neutral_002,C,Hushållens konsumtion,traning,vid_eller_over_trend,stabilt,False,1519,380,36,3,3,0.02369980250164582,0.09473684210526316,0.08558262014483213,1.1069635627530363,0.00915422196043103,False,False,True,True
neutral_002,C,Hushållens konsumtion,traning,vid_eller_over_trend,okning,False,1519,380,185,3,3,0.1217906517445688,0.4868421052631579,0.47465437788018433,1.0256770567194686,0.012187727382973579,True,False,False,True
neutral_002,C,Industrins orderingång,traning,under_trend,minskning,False,1519,886,411,7,7,0.2705727452271231,0.463882618510158,0.4397630019749835,1.0548468525702546,0.02411961653517447,True,False,False,True
neutral_002,C,Industrins orderingång,traning,under_trend,stabilt,False,1519,886,70,7,7,0.04608294930875576,0.07900677200902935,0.08558262014483213,0.9231637437055045,-0.006575848135802781,False,False,False,True
neutral_002,C,Industrins orderingång,traning,under_trend,okning,False,1519,886,405,7,7,0.2666227781435155,0.45711060948081267,0.47465437788018433,0.9630388568673433,-0.017543768399371662,True,False,False,True
neutral_002,C,Industrins orderingång,traning,vid_eller_over_trend,minskning,False,1519,633,257,5,5,0.16919025674786042,0.4060031595576619,0.4397630019749835,0.9232317355809708,-0.033759842417321606,True,False,False,True
neutral_002,C,Industrins orderingång,traning,vid_eller_over_trend,stabilt,False,1519,633,60,5,5,0.03949967083607637,0.0947867298578199,0.08558262014483213,1.1075464819540648,0.009204109712987768,False,False,True,True
neutral_002,C,Industrins orderingång,traning,vid_eller_over_trend,okning,False,1519,633,316,5,5,0.20803159973666885,0.49921011058451814,0.47465437788018433,1.0517339222994218,0.02455573270433381,True,False,False,True
neutral_002,C,Nyregistrerade lastbilar,traning,under_trend,minskning,False,1519,886,411,7,7,0.2705727452271231,0.463882618510158,0.4397630019749835,1.0548468525702546,0.02411961653517447,True,False,False,True
neutral_002,C,Nyregistrerade lastbilar,traning,under_trend,stabilt,False,1519,886,70,7,7,0.04608294930875576,0.07900677200902935,0.08558262014483213,0.9231637437055045,-0.006575848135802781,False,False,False,True
neutral_002,C,Nyregistrerade lastbilar,traning,under_trend,okning,False,1519,886,405,7,7,0.2666227781435155,0.45711060948081267,0.47465437788018433,0.9630388568673433,-0.017543768399371662,True,False,False,True
neutral_002,C,Nyregistrerade lastbilar,traning,vid_eller_over_trend,minskning,False,1519,633,257,5,5,0.16919025674786042,0.4060031595576619,0.4397630019749835,0.9232317355809708,-0.033759842417321606,True,False,False,True
neutral_002,C,Nyregistrerade lastbilar,traning,vid_eller_over_trend,stabilt,False,1519,633,60,5,5,0.03949967083607637,0.0947867298578199,0.08558262014483213,1.1075464819540648,0.009204109712987768,False,False,True,True
neutral_002,C,Nyregistrerade lastbilar,traning,vid_eller_over_trend,okning,False,1519,633,316,5,5,0.20803159973666885,0.49921011058451814,0.47465437788018433,1.0517339222994218,0.02455573270433381,True,False,False,True
neutral_002,C,Nyregistrerade personbilar,traning,under_trend,minskning,False,1519,758,323,6,6,0.21263989466754443,0.4261213720316623,0.4397630019749835,0.9689795870001423,-0.013641629943321243,True,False,False,True
neutral_002,C,Nyregistrerade personbilar,traning,under_trend,stabilt,False,1519,758,59,6,6,0.038841342988808425,0.07783641160949868,0.08558262014483213,0.9094885325756038,-0.007746208535333449,False,False,False,True
neutral_002,C,Nyregistrerade personbilar,traning,under_trend,okning,False,1519,758,376,6,6,0.24753127057274524,0.49604221635883905,0.47465437788018433,1.0450598150472628,0.02138783847865472,True,False,False,True
neutral_002,C,Nyregistrerade personbilar,traning,vid_eller_over_trend,minskning,False,1519,761,345,6,6,0.2271231073074391,0.4533508541392904,0.4397630019749835,1.03089812490656,0.013587852164306857,True,False,False,True
neutral_002,C,Nyregistrerade personbilar,traning,vid_eller_over_trend,stabilt,False,1519,761,71,6,6,0.0467412771560237,0.09329829172141918,0.08558262014483213,1.0901546548064287,0.007715671576587049,False,False,False,True
neutral_002,C,Nyregistrerade personbilar,traning,vid_eller_over_trend,okning,False,1519,761,345,6,6,0.2271231073074391,0.4533508541392904,0.47465437788018433,0.9551178189148156,-0.021303523740893948,True,False,False,True
neutral_002,C,Näringslivets efterfrågan,traning,under_trend,minskning,False,1519,886,411,7,7,0.2705727452271231,0.463882618510158,0.4397630019749835,1.0548468525702546,0.02411961653517447,True,False,False,True
neutral_002,C,Näringslivets efterfrågan,traning,under_trend,stabilt,False,1519,886,70,7,7,0.04608294930875576,0.07900677200902935,0.08558262014483213,0.9231637437055045,-0.006575848135802781,False,False,False,True
neutral_002,C,Näringslivets efterfrågan,traning,under_trend,okning,False,1519,886,405,7,7,0.2666227781435155,0.45711060948081267,0.47465437788018433,0.9630388568673433,-0.017543768399371662,True,False,False,True
neutral_002,C,Näringslivets efterfrågan,traning,vid_eller_over_trend,minskning,False,1519,633,257,5,5,0.16919025674786042,0.4060031595576619,0.4397630019749835,0.9232317355809708,-0.033759842417321606,True,False,False,True
neutral_002,C,Näringslivets efterfrågan,traning,vid_eller_over_trend,stabilt,False,1519,633,60,5,5,0.03949967083607637,0.0947867298578199,0.08558262014483213,1.1075464819540648,0.009204109712987768,False,False,True,True
neutral_002,C,Näringslivets efterfrågan,traning,vid_eller_over_trend,okning,False,1519,633,316,5,5,0.20803159973666885,0.49921011058451814,0.47465437788018433,1.0517339222994218,0.02455573270433381,True,False,False,True
neutral_002,C,Näringslivets produktion,traning,under_trend,minskning,False,1519,886,411,7,7,0.2705727452271231,0.463882618510158,0.4397630019749835,1.0548468525702546,0.02411961653517447,True,False,False,True
neutral_002,C,Näringslivets produktion,traning,under_trend,stabilt,False,1519,886,70,7,7,0.04608294930875576,0.07900677200902935,0.08558262014483213,0.9231637437055045,-0.006575848135802781,False,False,False,True
neutral_002,C,Näringslivets produktion,traning,under_trend,okning,False,1519,886,405,7,7,0.2666227781435155,0.45711060948081267,0.47465437788018433,0.9630388568673433,-0.017543768399371662,True,False,False,True
neutral_002,C,Näringslivets produktion,traning,vid_eller_over_trend,minskning,False,1519,633,257,5,5,0.16919025674786042,0.4060031595576619,0.4397630019749835,0.9232317355809708,-0.033759842417321606,True,False,False,True
neutral_002,C,Näringslivets produktion,traning,vid_eller_over_trend,stabilt,False,1519,633,60,5,5,0.03949967083607637,0.0947867298578199,0.08558262014483213,1.1075464819540648,0.009204109712987768,False,False,True,True
neutral_002,C,Näringslivets produktion,traning,vid_eller_over_trend,okning,False,1519,633,316,5,5,0.20803159973666885,0.49921011058451814,0.47465437788018433,1.0517339222994218,0.02455573270433381,True,False,False,True
neutral_002,C,Sysselsättning,traning,under_trend,minskning,False,1519,1267,564,10,10,0.37129690585911784,0.4451460142067877,0.4397630019749835,1.0122407119462733,0.005383012231804152,True,False,False,True
neutral_002,C,Sysselsättning,traning,under_trend,stabilt,False,1519,1267,106,10,10,0.06978275181040158,0.08366219415943173,0.08558262014483213,0.9775605609859753,-0.0019204259854004035,True,False,False,True
neutral_002,C,Sysselsättning,traning,under_trend,okning,False,1519,1267,597,10,10,0.39302172481895986,0.4711917916337806,0.47465437788018433,0.9927050367430135,-0.0034625862464037205,True,False,False,True
neutral_002,C,Sysselsättning,traning,vid_eller_over_trend,minskning,False,1519,252,104,2,2,0.0684660961158657,0.4126984126984127,0.4397630019749835,0.9384564204923486,-0.02706458927657085,True,False,False,False
neutral_002,C,Sysselsättning,traning,vid_eller_over_trend,stabilt,False,1519,252,24,2,2,0.015799868334430547,0.09523809523809523,0.08558262014483213,1.1128205128205126,0.009655475093263102,False,False,True,False
neutral_002,C,Sysselsättning,traning,vid_eller_over_trend,okning,False,1519,252,124,2,2,0.08163265306122448,0.49206349206349204,0.47465437788018433,1.0366774541531822,0.017409114183307706,True,False,False,False
neutral_002,C,Varuexport,traning,under_trend,minskning,False,1519,633,281,5,5,0.18499012508229098,0.4439178515007899,0.4397630019749835,1.0094479287869758,0.004154849525806359,True,False,False,True
neutral_002,C,Varuexport,traning,under_trend,stabilt,False,1519,633,52,5,5,0.03423304805793285,0.08214849921011058,0.08558262014483213,0.9598736176935229,-0.003434120934721549,False,False,False,True
neutral_002,C,Varuexport,traning,under_trend,okning,False,1519,633,300,5,5,0.19749835418038184,0.47393364928909953,0.47465437788018433,0.9984815718032486,-0.000720728591084796,True,False,False,True
neutral_002,C,Varuexport,traning,vid_eller_over_trend,minskning,False,1519,886,387,7,7,0.25477287689269257,0.4367945823927765,0.4397630019749835,0.9932499560698017,-0.0029684195822070047,True,False,False,True
neutral_002,C,Varuexport,traning,vid_eller_over_trend,stabilt,False,1519,886,78,7,7,0.051349572086899276,0.08803611738148984,0.08558262014483213,1.028668171557562,0.0024534972366577062,True,False,False,True
neutral_002,C,Varuexport,traning,vid_eller_over_trend,okning,False,1519,886,421,7,7,0.2771560236998025,0.4751693002257336,0.47465437788018433,1.0010848363979048,0.0005149223455492846,True,False,False,True
neutral_002,C,Varuimport,traning,under_trend,minskning,False,1519,761,319,6,6,0.21000658327847269,0.4191852825229961,0.4397630019749835,0.9532072517251963,-0.020577719451987442,True,False,False,True
neutral_002,C,Varuimport,traning,under_trend,stabilt,False,1519,761,60,6,6,0.03949967083607637,0.07884362680683311,0.08558262014483213,0.9212574547659961,-0.006738993337999016,False,False,False,True
neutral_002,C,Varuimport,traning,under_trend,okning,False,1519,761,382,6,6,0.2514812376563529,0.5019710906701709,0.47465437788018433,1.0575507444216221,0.02731671278998654,True,False,False,True
neutral_002,C,Varuimport,traning,vid_eller_over_trend,minskning,False,1519,758,349,6,6,0.22975641869651087,0.4604221635883905,0.4397630019749835,1.046977943848451,0.020659161613406973,True,False,False,True
neutral_002,C,Varuimport,traning,vid_eller_over_trend,stabilt,False,1519,758,70,6,6,0.04608294930875576,0.09234828496042216,0.08558262014483213,1.0790541911913942,0.006765664815590031,False,False,False,True
neutral_002,C,Varuimport,traning,vid_eller_over_trend,okning,False,1519,758,339,6,6,0.22317314022383147,0.4472295514511873,0.47465437788018433,0.9422214821835694,-0.027424826428997018,True,False,False,True
