Kommunkod,Kommun,ar,fruktsamhet,interpolerad,fruktsamhet_riket,skillnad_mot_riket,n_ar_med_data,har_bortfall
0114,Upplands Väsby,2000,1.54,False,1.54,0.0,26,False
0114,Upplands Väsby,2001,1.59,False,1.57,0.020000000000000018,26,False
0114,Upplands Väsby,2002,1.65,False,1.65,0.0,26,False
0114,Upplands Väsby,2003,1.81,False,1.71,0.10000000000000009,26,False
0114,Upplands Väsby,2004,1.69,False,1.75,-0.06000000000000005,26,False
0114,Upplands Väsby,2005,1.81,False,1.77,0.040000000000000036,26,False
0114,Upplands Väsby,2006,1.8,False,1.85,-0.050000000000000044,26,False
0114,Upplands Väsby,2007,1.93,False,1.88,0.050000000000000044,26,False
0114,Upplands Väsby,2008,1.79,False,1.91,-0.11999999999999988,26,False
0114,Upplands Väsby,2009,1.93,False,1.93,0.0,26,False
0114,Upplands Väsby,2010,1.96,False,1.98,-0.020000000000000018,26,False
0114,Upplands Väsby,2011,1.75,False,1.9,-0.1499999999999999,26,False
0114,Upplands Väsby,2012,1.9,False,1.9,0.0,26,False
0114,Upplands Väsby,2013,2.05,False,1.89,0.15999999999999992,26,False
0114,Upplands Väsby,2014,1.78,False,1.88,-0.09999999999999987,26,False
0114,Upplands Väsby,2015,1.87,False,1.85,0.020000000000000018,26,False
0114,Upplands Väsby,2016,1.77,False,1.85,-0.08000000000000007,26,False
0114,Upplands Väsby,2017,1.86,False,1.78,0.08000000000000007,26,False
0114,Upplands Väsby,2018,1.71,False,1.75,-0.040000000000000036,26,False
0114,Upplands Väsby,2019,1.61,False,1.7,-0.08999999999999986,26,False
0114,Upplands Väsby,2020,1.69,False,1.66,0.030000000000000027,26,False
0114,Upplands Väsby,2021,1.73,False,1.67,0.06000000000000005,26,False
0114,Upplands Väsby,2022,1.5,False,1.52,-0.020000000000000018,26,False
0114,Upplands Väsby,2023,1.53,False,1.45,0.08000000000000007,26,False
0114,Upplands Väsby,2024,1.59,False,1.43,0.16000000000000014,26,False
0114,Upplands Väsby,2025,1.43,False,1.42,0.010000000000000009,26,False
0115,Vallentuna,2000,1.76,False,1.54,0.21999999999999997,26,False
0115,Vallentuna,2001,1.74,False,1.57,0.16999999999999993,26,False
0115,Vallentuna,2002,2.02,False,1.65,0.3700000000000001,26,False
0115,Vallentuna,2003,1.91,False,1.71,0.19999999999999996,26,False
0115,Vallentuna,2004,2.13,False,1.75,0.3799999999999999,26,False
0115,Vallentuna,2005,2.05,False,1.77,0.2799999999999998,26,False
0115,Vallentuna,2006,2.01,False,1.85,0.1599999999999997,26,False
0115,Vallentuna,2007,2.1,False,1.88,0.2200000000000002,26,False
0115,Vallentuna,2008,2.34,False,1.91,0.42999999999999994,26,False
0115,Vallentuna,2009,2.06,False,1.93,0.13000000000000012,26,False
0115,Vallentuna,2010,2.31,False,1.98,0.33000000000000007,26,False
0115,Vallentuna,2011,2.17,False,1.9,0.27,26,False
0115,Vallentuna,2012,2.28,False,1.9,0.3799999999999999,26,False
0115,Vallentuna,2013,2.18,False,1.89,0.29000000000000026,26,False
0115,Vallentuna,2014,2.1,False,1.88,0.2200000000000002,26,False
0115,Vallentuna,2015,2.05,False,1.85,0.19999999999999973,26,False
0115,Vallentuna,2016,1.95,False,1.85,0.09999999999999987,26,False
0115,Vallentuna,2017,1.91,False,1.78,0.1299999999999999,26,False
0115,Vallentuna,2018,1.82,False,1.75,0.07000000000000006,26,False
0115,Vallentuna,2019,1.67,False,1.7,-0.030000000000000027,26,False
0115,Vallentuna,2020,1.73,False,1.66,0.07000000000000006,26,False
0115,Vallentuna,2021,1.67,False,1.67,0.0,26,False
0115,Vallentuna,2022,1.62,False,1.52,0.10000000000000009,26,False
0115,Vallentuna,2023,1.57,False,1.45,0.1200000000000001,26,False
0115,Vallentuna,2024,1.53,False,1.43,0.10000000000000009,26,False
0115,Vallentuna,2025,1.53,False,1.42,0.1100000000000001,26,False
0117,Österåker,2000,1.63,False,1.54,0.08999999999999986,26,False
0117,Österåker,2001,1.73,False,1.57,0.15999999999999992,26,False
0117,Österåker,2002,1.89,False,1.65,0.24,26,False
0117,Österåker,2003,2.09,False,1.71,0.3799999999999999,26,False
0117,Österåker,2004,2.17,False,1.75,0.41999999999999993,26,False
0117,Österåker,2005,2.09,False,1.77,0.31999999999999984,26,False
0117,Österåker,2006,2.37,False,1.85,0.52,26,False
0117,Österåker,2007,1.97,False,1.88,0.09000000000000008,26,False
0117,Österåker,2008,2.06,False,1.91,0.15000000000000013,26,False
0117,Österåker,2009,2.13,False,1.93,0.19999999999999996,26,False
0117,Österåker,2010,2.35,False,1.98,0.3700000000000001,26,False
0117,Österåker,2011,2.24,False,1.9,0.3400000000000003,26,False
0117,Österåker,2012,2.15,False,1.9,0.25,26,False
0117,Österåker,2013,1.85,False,1.89,-0.039999999999999813,26,False
0117,Österåker,2014,2.05,False,1.88,0.16999999999999993,26,False
0117,Österåker,2015,1.91,False,1.85,0.05999999999999983,26,False
0117,Österåker,2016,1.98,False,1.85,0.1299999999999999,26,False
0117,Österåker,2017,1.93,False,1.78,0.1499999999999999,26,False
0117,Österåker,2018,1.81,False,1.75,0.06000000000000005,26,False
0117,Österåker,2019,1.76,False,1.7,0.06000000000000005,26,False
0117,Österåker,2020,1.87,False,1.66,0.2100000000000002,26,False
0117,Österåker,2021,1.77,False,1.67,0.10000000000000009,26,False
0117,Österåker,2022,1.59,False,1.52,0.07000000000000006,26,False
0117,Österåker,2023,1.62,False,1.45,0.17000000000000015,26,False
0117,Österåker,2024,1.5,False,1.43,0.07000000000000006,26,False
0117,Österåker,2025,1.52,False,1.42,0.10000000000000009,26,False
0120,Värmdö,2000,1.89,False,1.54,0.34999999999999987,26,False
0120,Värmdö,2001,2.01,False,1.57,0.4399999999999997,26,False
0120,Värmdö,2002,2.26,False,1.65,0.6099999999999999,26,False
0120,Värmdö,2003,2.2,False,1.71,0.4900000000000002,26,False
0120,Värmdö,2004,2.17,False,1.75,0.41999999999999993,26,False
0120,Värmdö,2005,2.15,False,1.77,0.3799999999999999,26,False
0120,Värmdö,2006,2.42,False,1.85,0.5699999999999998,26,False
0120,Värmdö,2007,2.51,False,1.88,0.6299999999999999,26,False
0120,Värmdö,2008,2.31,False,1.91,0.40000000000000013,26,False
0120,Värmdö,2009,2.21,False,1.93,0.28,26,False
0120,Värmdö,2010,2.2,False,1.98,0.2200000000000002,26,False
0120,Värmdö,2011,2.03,False,1.9,0.1299999999999999,26,False
0120,Värmdö,2012,2.12,False,1.9,0.2200000000000002,26,False
0120,Värmdö,2013,2.1,False,1.89,0.2100000000000002,26,False
0120,Värmdö,2014,2.13,False,1.88,0.25,26,False
0120,Värmdö,2015,2.15,False,1.85,0.2999999999999998,26,False
0120,Värmdö,2016,2.2,False,1.85,0.3500000000000001,26,False
0120,Värmdö,2017,1.9,False,1.78,0.11999999999999988,26,False
0120,Värmdö,2018,1.77,False,1.75,0.020000000000000018,26,False
0120,Värmdö,2019,1.63,False,1.7,-0.07000000000000006,26,False
0120,Värmdö,2020,1.8,False,1.66,0.14000000000000012,26,False
0120,Värmdö,2021,1.72,False,1.67,0.050000000000000044,26,False
0120,Värmdö,2022,1.66,False,1.52,0.1399999999999999,26,False
0120,Värmdö,2023,1.51,False,1.45,0.06000000000000005,26,False
0120,Värmdö,2024,1.34,False,1.43,-0.08999999999999986,26,False
0120,Värmdö,2025,1.63,False,1.42,0.20999999999999996,26,False
0123,Järfälla,2000,1.52,False,1.54,-0.020000000000000018,26,False
0123,Järfälla,2001,1.63,False,1.57,0.05999999999999983,26,False
0123,Järfälla,2002,1.57,False,1.65,-0.07999999999999985,26,False
0123,Järfälla,2003,1.75,False,1.71,0.040000000000000036,26,False
0123,Järfälla,2004,1.78,False,1.75,0.030000000000000027,26,False
0123,Järfälla,2005,1.76,False,1.77,-0.010000000000000009,26,False
0123,Järfälla,2006,1.85,False,1.85,0.0,26,False
0123,Järfälla,2007,2.01,False,1.88,0.1299999999999999,26,False
0123,Järfälla,2008,1.88,False,1.91,-0.030000000000000027,26,False
0123,Järfälla,2009,2.04,False,1.93,0.1100000000000001,26,False
0123,Järfälla,2010,2.07,False,1.98,0.08999999999999986,26,False
0123,Järfälla,2011,1.93,False,1.9,0.030000000000000027,26,False
0123,Järfälla,2012,1.87,False,1.9,-0.029999999999999805,26,False
0123,Järfälla,2013,1.94,False,1.89,0.050000000000000044,26,False
0123,Järfälla,2014,1.89,False,1.88,0.010000000000000009,26,False
0123,Järfälla,2015,1.99,False,1.85,0.1399999999999999,26,False
0123,Järfälla,2016,1.9,False,1.85,0.04999999999999982,26,False
0123,Järfälla,2017,1.77,False,1.78,-0.010000000000000009,26,False
0123,Järfälla,2018,1.79,False,1.75,0.040000000000000036,26,False
0123,Järfälla,2019,1.86,False,1.7,0.16000000000000014,26,False
0123,Järfälla,2020,1.64,False,1.66,-0.020000000000000018,26,False
0123,Järfälla,2021,1.71,False,1.67,0.040000000000000036,26,False
0123,Järfälla,2022,1.67,False,1.52,0.1499999999999999,26,False
0123,Järfälla,2023,1.42,False,1.45,-0.030000000000000027,26,False
0123,Järfälla,2024,1.48,False,1.43,0.050000000000000044,26,False
0123,Järfälla,2025,1.4,False,1.42,-0.020000000000000018,26,False
0125,Ekerö,2000,1.69,False,1.54,0.1499999999999999,26,False
0125,Ekerö,2001,2.06,False,1.57,0.49,26,False
0125,Ekerö,2002,1.94,False,1.65,0.29000000000000004,26,False
0125,Ekerö,2003,2.31,False,1.71,0.6000000000000001,26,False
0125,Ekerö,2004,2.2,False,1.75,0.4500000000000002,26,False
0125,Ekerö,2005,2.11,False,1.77,0.33999999999999986,26,False
0125,Ekerö,2006,2.06,False,1.85,0.20999999999999996,26,False
0125,Ekerö,2007,2.36,False,1.88,0.48,26,False
0125,Ekerö,2008,2.37,False,1.91,0.4600000000000002,26,False
0125,Ekerö,2009,2.53,False,1.93,0.5999999999999999,26,False
0125,Ekerö,2010,2.3,False,1.98,0.31999999999999984,26,False
0125,Ekerö,2011,1.99,False,1.9,0.09000000000000008,26,False
0125,Ekerö,2012,2.12,False,1.9,0.2200000000000002,26,False
0125,Ekerö,2013,2.35,False,1.89,0.4600000000000002,26,False
0125,Ekerö,2014,2.08,False,1.88,0.20000000000000018,26,False
0125,Ekerö,2015,2.09,False,1.85,0.23999999999999977,26,False
0125,Ekerö,2016,1.9,False,1.85,0.04999999999999982,26,False
0125,Ekerö,2017,1.99,False,1.78,0.20999999999999996,26,False
0125,Ekerö,2018,2.01,False,1.75,0.2599999999999998,26,False
0125,Ekerö,2019,2.03,False,1.7,0.32999999999999985,26,False
0125,Ekerö,2020,1.75,False,1.66,0.09000000000000008,26,False
0125,Ekerö,2021,2.0,False,1.67,0.33000000000000007,26,False
0125,Ekerö,2022,1.67,False,1.52,0.1499999999999999,26,False
0125,Ekerö,2023,1.41,False,1.45,-0.040000000000000036,26,False
0125,Ekerö,2024,1.54,False,1.43,0.1100000000000001,26,False
0125,Ekerö,2025,1.7,False,1.42,0.28,26,False
0126,Huddinge,2000,1.73,False,1.54,0.18999999999999995,26,False
0126,Huddinge,2001,1.81,False,1.57,0.24,26,False
0126,Huddinge,2002,1.81,False,1.65,0.16000000000000014,26,False
0126,Huddinge,2003,1.94,False,1.71,0.22999999999999998,26,False
0126,Huddinge,2004,1.86,False,1.75,0.1100000000000001,26,False
0126,Huddinge,2005,1.91,False,1.77,0.1399999999999999,26,False
0126,Huddinge,2006,2.06,False,1.85,0.20999999999999996,26,False
0126,Huddinge,2007,2.01,False,1.88,0.1299999999999999,26,False
0126,Huddinge,2008,2.04,False,1.91,0.13000000000000012,26,False
0126,Huddinge,2009,2.01,False,1.93,0.07999999999999985,26,False
0126,Huddinge,2010,2.1,False,1.98,0.1200000000000001,26,False
0126,Huddinge,2011,1.95,False,1.9,0.050000000000000044,26,False
0126,Huddinge,2012,1.96,False,1.9,0.06000000000000005,26,False
0126,Huddinge,2013,2.02,False,1.89,0.13000000000000012,26,False
0126,Huddinge,2014,1.9,False,1.88,0.020000000000000018,26,False
0126,Huddinge,2015,1.85,False,1.85,0.0,26,False
0126,Huddinge,2016,1.83,False,1.85,-0.020000000000000018,26,False
0126,Huddinge,2017,1.66,False,1.78,-0.1200000000000001,26,False
0126,Huddinge,2018,1.73,False,1.75,-0.020000000000000018,26,False
0126,Huddinge,2019,1.63,False,1.7,-0.07000000000000006,26,False
0126,Huddinge,2020,1.61,False,1.66,-0.04999999999999982,26,False
0126,Huddinge,2021,1.57,False,1.67,-0.09999999999999987,26,False
0126,Huddinge,2022,1.47,False,1.52,-0.050000000000000044,26,False
0126,Huddinge,2023,1.37,False,1.45,-0.07999999999999985,26,False
0126,Huddinge,2024,1.44,False,1.43,0.010000000000000009,26,False
0126,Huddinge,2025,1.48,False,1.42,0.06000000000000005,26,False
0127,Botkyrka,2000,1.84,False,1.54,0.30000000000000004,26,False
0127,Botkyrka,2001,1.76,False,1.57,0.18999999999999995,26,False
0127,Botkyrka,2002,1.88,False,1.65,0.22999999999999998,26,False
0127,Botkyrka,2003,2.06,False,1.71,0.3500000000000001,26,False
0127,Botkyrka,2004,1.99,False,1.75,0.24,26,False
0127,Botkyrka,2005,2.06,False,1.77,0.29000000000000004,26,False
0127,Botkyrka,2006,1.98,False,1.85,0.1299999999999999,26,False
0127,Botkyrka,2007,2.11,False,1.88,0.22999999999999998,26,False
0127,Botkyrka,2008,2.09,False,1.91,0.17999999999999994,26,False
0127,Botkyrka,2009,2.07,False,1.93,0.1399999999999999,26,False
0127,Botkyrka,2010,2.17,False,1.98,0.18999999999999995,26,False
0127,Botkyrka,2011,2.01,False,1.9,0.10999999999999988,26,False
0127,Botkyrka,2012,2.06,False,1.9,0.16000000000000014,26,False
0127,Botkyrka,2013,2.05,False,1.89,0.15999999999999992,26,False
0127,Botkyrka,2014,1.99,False,1.88,0.1100000000000001,26,False
0127,Botkyrka,2015,1.93,False,1.85,0.07999999999999985,26,False
0127,Botkyrka,2016,1.81,False,1.85,-0.040000000000000036,26,False
0127,Botkyrka,2017,1.89,False,1.78,0.10999999999999988,26,False
0127,Botkyrka,2018,1.77,False,1.75,0.020000000000000018,26,False
0127,Botkyrka,2019,1.71,False,1.7,0.010000000000000009,26,False
0127,Botkyrka,2020,1.73,False,1.66,0.07000000000000006,26,False
0127,Botkyrka,2021,1.66,False,1.67,-0.010000000000000009,26,False
0127,Botkyrka,2022,1.6,False,1.52,0.08000000000000007,26,False
0127,Botkyrka,2023,1.42,False,1.45,-0.030000000000000027,26,False
0127,Botkyrka,2024,1.48,False,1.43,0.050000000000000044,26,False
0127,Botkyrka,2025,1.43,False,1.42,0.010000000000000009,26,False
0128,Salem,2000,1.89,False,1.54,0.34999999999999987,26,False
0128,Salem,2001,1.79,False,1.57,0.21999999999999997,26,False
0128,Salem,2002,1.79,False,1.65,0.14000000000000012,26,False
0128,Salem,2003,1.98,False,1.71,0.27,26,False
0128,Salem,2004,1.8,False,1.75,0.050000000000000044,26,False
0128,Salem,2005,1.92,False,1.77,0.1499999999999999,26,False
0128,Salem,2006,2.25,False,1.85,0.3999999999999999,26,False
0128,Salem,2007,2.03,False,1.88,0.1499999999999999,26,False
0128,Salem,2008,2.45,False,1.91,0.5400000000000003,26,False
0128,Salem,2009,2.01,False,1.93,0.07999999999999985,26,False
0128,Salem,2010,2.04,False,1.98,0.06000000000000005,26,False
0128,Salem,2011,2.09,False,1.9,0.18999999999999995,26,False
0128,Salem,2012,2.11,False,1.9,0.20999999999999996,26,False
0128,Salem,2013,2.11,False,1.89,0.21999999999999997,26,False
0128,Salem,2014,1.87,False,1.88,-0.009999999999999787,26,False
0128,Salem,2015,1.86,False,1.85,0.010000000000000009,26,False
0128,Salem,2016,1.88,False,1.85,0.029999999999999805,26,False
0128,Salem,2017,1.76,False,1.78,-0.020000000000000018,26,False
0128,Salem,2018,2.18,False,1.75,0.43000000000000016,26,False
0128,Salem,2019,1.79,False,1.7,0.09000000000000008,26,False
0128,Salem,2020,1.74,False,1.66,0.08000000000000007,26,False
0128,Salem,2021,1.65,False,1.67,-0.020000000000000018,26,False
0128,Salem,2022,1.6,False,1.52,0.08000000000000007,26,False
0128,Salem,2023,1.77,False,1.45,0.32000000000000006,26,False
0128,Salem,2024,1.64,False,1.43,0.20999999999999996,26,False
0128,Salem,2025,1.66,False,1.42,0.24,26,False
0136,Haninge,2000,1.55,False,1.54,0.010000000000000009,26,False
0136,Haninge,2001,1.68,False,1.57,0.10999999999999988,26,False
0136,Haninge,2002,1.71,False,1.65,0.06000000000000005,26,False
0136,Haninge,2003,1.82,False,1.71,0.1100000000000001,26,False
0136,Haninge,2004,1.81,False,1.75,0.06000000000000005,26,False
0136,Haninge,2005,1.88,False,1.77,0.10999999999999988,26,False
0136,Haninge,2006,2.01,False,1.85,0.1599999999999997,26,False
0136,Haninge,2007,2.04,False,1.88,0.16000000000000014,26,False
0136,Haninge,2008,2.06,False,1.91,0.15000000000000013,26,False
0136,Haninge,2009,2.04,False,1.93,0.1100000000000001,26,False
0136,Haninge,2010,2.09,False,1.98,0.10999999999999988,26,False
0136,Haninge,2011,1.96,False,1.9,0.06000000000000005,26,False
0136,Haninge,2012,1.86,False,1.9,-0.039999999999999813,26,False
0136,Haninge,2013,1.91,False,1.89,0.020000000000000018,26,False
0136,Haninge,2014,1.89,False,1.88,0.010000000000000009,26,False
0136,Haninge,2015,1.82,False,1.85,-0.030000000000000027,26,False
0136,Haninge,2016,1.87,False,1.85,0.020000000000000018,26,False
0136,Haninge,2017,1.78,False,1.78,0.0,26,False
0136,Haninge,2018,1.91,False,1.75,0.15999999999999992,26,False
0136,Haninge,2019,1.83,False,1.7,0.13000000000000012,26,False
0136,Haninge,2020,1.77,False,1.66,0.1100000000000001,26,False
0136,Haninge,2021,1.68,False,1.67,0.010000000000000009,26,False
0136,Haninge,2022,1.59,False,1.52,0.07000000000000006,26,False
0136,Haninge,2023,1.48,False,1.45,0.030000000000000027,26,False
0136,Haninge,2024,1.51,False,1.43,0.08000000000000007,26,False
0136,Haninge,2025,1.47,False,1.42,0.050000000000000044,26,False
0138,Tyresö,2000,1.77,False,1.54,0.22999999999999998,26,False
0138,Tyresö,2001,1.74,False,1.57,0.16999999999999993,26,False
0138,Tyresö,2002,1.88,False,1.65,0.22999999999999998,26,False
0138,Tyresö,2003,1.94,False,1.71,0.22999999999999998,26,False
0138,Tyresö,2004,1.94,False,1.75,0.18999999999999995,26,False
0138,Tyresö,2005,1.96,False,1.77,0.18999999999999995,26,False
0138,Tyresö,2006,2.02,False,1.85,0.16999999999999993,26,False
0138,Tyresö,2007,2.2,False,1.88,0.3200000000000003,26,False
0138,Tyresö,2008,2.13,False,1.91,0.21999999999999997,26,False
0138,Tyresö,2009,2.25,False,1.93,0.32000000000000006,26,False
0138,Tyresö,2010,2.15,False,1.98,0.16999999999999993,26,False
0138,Tyresö,2011,1.9,False,1.9,0.0,26,False
0138,Tyresö,2012,1.81,False,1.9,-0.08999999999999986,26,False
0138,Tyresö,2013,1.99,False,1.89,0.10000000000000009,26,False
0138,Tyresö,2014,2.04,False,1.88,0.16000000000000014,26,False
0138,Tyresö,2015,1.83,False,1.85,-0.020000000000000018,26,False
0138,Tyresö,2016,1.93,False,1.85,0.07999999999999985,26,False
0138,Tyresö,2017,1.8,False,1.78,0.020000000000000018,26,False
0138,Tyresö,2018,1.76,False,1.75,0.010000000000000009,26,False
0138,Tyresö,2019,1.63,False,1.7,-0.07000000000000006,26,False
0138,Tyresö,2020,1.66,False,1.66,0.0,26,False
0138,Tyresö,2021,1.69,False,1.67,0.020000000000000018,26,False
0138,Tyresö,2022,1.46,False,1.52,-0.06000000000000005,26,False
0138,Tyresö,2023,1.51,False,1.45,0.06000000000000005,26,False
0138,Tyresö,2024,1.45,False,1.43,0.020000000000000018,26,False
0138,Tyresö,2025,1.54,False,1.42,0.1200000000000001,26,False
0139,Upplands-Bro,2000,1.65,False,1.54,0.10999999999999988,26,False
0139,Upplands-Bro,2001,1.8,False,1.57,0.22999999999999998,26,False
0139,Upplands-Bro,2002,1.74,False,1.65,0.09000000000000008,26,False
0139,Upplands-Bro,2003,1.87,False,1.71,0.16000000000000014,26,False
0139,Upplands-Bro,2004,1.86,False,1.75,0.1100000000000001,26,False
0139,Upplands-Bro,2005,1.92,False,1.77,0.1499999999999999,26,False
0139,Upplands-Bro,2006,2.0,False,1.85,0.1499999999999999,26,False
0139,Upplands-Bro,2007,2.07,False,1.88,0.18999999999999995,26,False
0139,Upplands-Bro,2008,1.96,False,1.91,0.050000000000000044,26,False
0139,Upplands-Bro,2009,2.16,False,1.93,0.2300000000000002,26,False
0139,Upplands-Bro,2010,2.15,False,1.98,0.16999999999999993,26,False
0139,Upplands-Bro,2011,2.11,False,1.9,0.20999999999999996,26,False
0139,Upplands-Bro,2012,2.17,False,1.9,0.27,26,False
0139,Upplands-Bro,2013,1.98,False,1.89,0.09000000000000008,26,False
0139,Upplands-Bro,2014,1.96,False,1.88,0.08000000000000007,26,False
0139,Upplands-Bro,2015,2.18,False,1.85,0.33000000000000007,26,False
0139,Upplands-Bro,2016,2.02,False,1.85,0.16999999999999993,26,False
0139,Upplands-Bro,2017,1.75,False,1.78,-0.030000000000000027,26,False
0139,Upplands-Bro,2018,2.21,False,1.75,0.45999999999999996,26,False
0139,Upplands-Bro,2019,1.85,False,1.7,0.15000000000000013,26,False
0139,Upplands-Bro,2020,1.87,False,1.66,0.2100000000000002,26,False
0139,Upplands-Bro,2021,1.88,False,1.67,0.20999999999999996,26,False
0139,Upplands-Bro,2022,1.61,False,1.52,0.09000000000000008,26,False
0139,Upplands-Bro,2023,1.76,False,1.45,0.31000000000000005,26,False
0139,Upplands-Bro,2024,1.66,False,1.43,0.22999999999999998,26,False
0139,Upplands-Bro,2025,1.83,False,1.42,0.41000000000000014,26,False
0140,Nykvarn,2000,2.22,False,1.54,0.6800000000000002,26,False
0140,Nykvarn,2001,1.55,False,1.57,-0.020000000000000018,26,False
0140,Nykvarn,2002,1.98,False,1.65,0.33000000000000007,26,False
0140,Nykvarn,2003,1.56,False,1.71,-0.1499999999999999,26,False
0140,Nykvarn,2004,1.99,False,1.75,0.24,26,False
0140,Nykvarn,2005,2.08,False,1.77,0.31000000000000005,26,False
0140,Nykvarn,2006,2.26,False,1.85,0.4099999999999997,26,False
0140,Nykvarn,2007,1.96,False,1.88,0.08000000000000007,26,False
0140,Nykvarn,2008,2.08,False,1.91,0.17000000000000015,26,False
0140,Nykvarn,2009,2.71,False,1.93,0.78,26,False
0140,Nykvarn,2010,2.5,False,1.98,0.52,26,False
0140,Nykvarn,2011,2.32,False,1.9,0.41999999999999993,26,False
0140,Nykvarn,2012,1.72,False,1.9,-0.17999999999999994,26,False
0140,Nykvarn,2013,2.18,False,1.89,0.29000000000000026,26,False
0140,Nykvarn,2014,1.89,False,1.88,0.010000000000000009,26,False
0140,Nykvarn,2015,2.05,False,1.85,0.19999999999999973,26,False
0140,Nykvarn,2016,2.34,False,1.85,0.48999999999999977,26,False
0140,Nykvarn,2017,2.08,False,1.78,0.30000000000000004,26,False
0140,Nykvarn,2018,2.17,False,1.75,0.41999999999999993,26,False
0140,Nykvarn,2019,1.8,False,1.7,0.10000000000000009,26,False
0140,Nykvarn,2020,1.67,False,1.66,0.010000000000000009,26,False
0140,Nykvarn,2021,2.26,False,1.67,0.5899999999999999,26,False
0140,Nykvarn,2022,1.83,False,1.52,0.31000000000000005,26,False
0140,Nykvarn,2023,1.66,False,1.45,0.20999999999999996,26,False
0140,Nykvarn,2024,1.64,False,1.43,0.20999999999999996,26,False
0140,Nykvarn,2025,1.92,False,1.42,0.5,26,False
0160,Täby,2000,1.69,False,1.54,0.1499999999999999,26,False
0160,Täby,2001,1.64,False,1.57,0.06999999999999984,26,False
0160,Täby,2002,1.74,False,1.65,0.09000000000000008,26,False
0160,Täby,2003,1.84,False,1.71,0.13000000000000012,26,False
0160,Täby,2004,1.91,False,1.75,0.15999999999999992,26,False
0160,Täby,2005,1.91,False,1.77,0.1399999999999999,26,False
0160,Täby,2006,1.95,False,1.85,0.09999999999999987,26,False
0160,Täby,2007,2.04,False,1.88,0.16000000000000014,26,False
0160,Täby,2008,1.9,False,1.91,-0.010000000000000009,26,False
0160,Täby,2009,2.15,False,1.93,0.21999999999999997,26,False
0160,Täby,2010,2.04,False,1.98,0.06000000000000005,26,False
0160,Täby,2011,1.86,False,1.9,-0.039999999999999813,26,False
0160,Täby,2012,1.97,False,1.9,0.07000000000000006,26,False
0160,Täby,2013,1.92,False,1.89,0.030000000000000027,26,False
0160,Täby,2014,1.76,False,1.88,-0.11999999999999988,26,False
0160,Täby,2015,1.85,False,1.85,0.0,26,False
0160,Täby,2016,1.71,False,1.85,-0.14000000000000012,26,False
0160,Täby,2017,1.71,False,1.78,-0.07000000000000006,26,False
0160,Täby,2018,1.63,False,1.75,-0.1200000000000001,26,False
0160,Täby,2019,1.67,False,1.7,-0.030000000000000027,26,False
0160,Täby,2020,1.69,False,1.66,0.030000000000000027,26,False
0160,Täby,2021,1.6,False,1.67,-0.06999999999999984,26,False
0160,Täby,2022,1.43,False,1.52,-0.09000000000000008,26,False
0160,Täby,2023,1.36,False,1.45,-0.08999999999999986,26,False
0160,Täby,2024,1.49,False,1.43,0.06000000000000005,26,False
0160,Täby,2025,1.39,False,1.42,-0.030000000000000027,26,False
0162,Danderyd,2000,1.54,False,1.54,0.0,26,False
0162,Danderyd,2001,1.71,False,1.57,0.1399999999999999,26,False
0162,Danderyd,2002,1.75,False,1.65,0.10000000000000009,26,False
0162,Danderyd,2003,1.85,False,1.71,0.14000000000000012,26,False
0162,Danderyd,2004,1.94,False,1.75,0.18999999999999995,26,False
0162,Danderyd,2005,1.9,False,1.77,0.1299999999999999,26,False
0162,Danderyd,2006,2.14,False,1.85,0.29000000000000004,26,False
0162,Danderyd,2007,2.03,False,1.88,0.1499999999999999,26,False
0162,Danderyd,2008,2.02,False,1.91,0.1100000000000001,26,False
0162,Danderyd,2009,1.8,False,1.93,-0.1299999999999999,26,False
0162,Danderyd,2010,2.11,False,1.98,0.1299999999999999,26,False
0162,Danderyd,2011,1.86,False,1.9,-0.039999999999999813,26,False
0162,Danderyd,2012,1.63,False,1.9,-0.27,26,False
0162,Danderyd,2013,1.66,False,1.89,-0.22999999999999998,26,False
0162,Danderyd,2014,1.85,False,1.88,-0.029999999999999805,26,False
0162,Danderyd,2015,1.63,False,1.85,-0.2200000000000002,26,False
0162,Danderyd,2016,1.5,False,1.85,-0.3500000000000001,26,False
0162,Danderyd,2017,1.52,False,1.78,-0.26,26,False
0162,Danderyd,2018,1.44,False,1.75,-0.31000000000000005,26,False
0162,Danderyd,2019,1.46,False,1.7,-0.24,26,False
0162,Danderyd,2020,1.33,False,1.66,-0.32999999999999985,26,False
0162,Danderyd,2021,1.59,False,1.67,-0.07999999999999985,26,False
0162,Danderyd,2022,1.38,False,1.52,-0.14000000000000012,26,False
0162,Danderyd,2023,1.44,False,1.45,-0.010000000000000009,26,False
0162,Danderyd,2024,1.29,False,1.43,-0.1399999999999999,26,False
0162,Danderyd,2025,1.51,False,1.42,0.09000000000000008,26,False
0163,Sollentuna,2000,1.67,False,1.54,0.1299999999999999,26,False
0163,Sollentuna,2001,1.77,False,1.57,0.19999999999999996,26,False
0163,Sollentuna,2002,1.86,False,1.65,0.2100000000000002,26,False
0163,Sollentuna,2003,1.9,False,1.71,0.18999999999999995,26,False
0163,Sollentuna,2004,2.05,False,1.75,0.2999999999999998,26,False
0163,Sollentuna,2005,2.04,False,1.77,0.27,26,False
0163,Sollentuna,2006,2.11,False,1.85,0.2599999999999998,26,False
0163,Sollentuna,2007,2.04,False,1.88,0.16000000000000014,26,False
0163,Sollentuna,2008,2.11,False,1.91,0.19999999999999996,26,False
0163,Sollentuna,2009,2.01,False,1.93,0.07999999999999985,26,False
0163,Sollentuna,2010,2.09,False,1.98,0.10999999999999988,26,False
0163,Sollentuna,2011,2.0,False,1.9,0.10000000000000009,26,False
0163,Sollentuna,2012,1.82,False,1.9,-0.07999999999999985,26,False
0163,Sollentuna,2013,1.96,False,1.89,0.07000000000000006,26,False
0163,Sollentuna,2014,1.88,False,1.88,0.0,26,False
0163,Sollentuna,2015,1.82,False,1.85,-0.030000000000000027,26,False
0163,Sollentuna,2016,1.74,False,1.85,-0.1100000000000001,26,False
0163,Sollentuna,2017,1.6,False,1.78,-0.17999999999999994,26,False
0163,Sollentuna,2018,1.65,False,1.75,-0.10000000000000009,26,False
0163,Sollentuna,2019,1.64,False,1.7,-0.06000000000000005,26,False
0163,Sollentuna,2020,1.55,False,1.66,-0.10999999999999988,26,False
0163,Sollentuna,2021,1.72,False,1.67,0.050000000000000044,26,False
0163,Sollentuna,2022,1.52,False,1.52,0.0,26,False
0163,Sollentuna,2023,1.41,False,1.45,-0.040000000000000036,26,False
0163,Sollentuna,2024,1.41,False,1.43,-0.020000000000000018,26,False
0163,Sollentuna,2025,1.44,False,1.42,0.020000000000000018,26,False
0180,Stockholm,2000,1.42,False,1.54,-0.1200000000000001,26,False
0180,Stockholm,2001,1.44,False,1.57,-0.13000000000000012,26,False
0180,Stockholm,2002,1.55,False,1.65,-0.09999999999999987,26,False
0180,Stockholm,2003,1.61,False,1.71,-0.09999999999999987,26,False
0180,Stockholm,2004,1.69,False,1.75,-0.06000000000000005,26,False
0180,Stockholm,2005,1.71,False,1.77,-0.06000000000000005,26,False
0180,Stockholm,2006,1.8,False,1.85,-0.050000000000000044,26,False
0180,Stockholm,2007,1.82,False,1.88,-0.05999999999999983,26,False
0180,Stockholm,2008,1.86,False,1.91,-0.04999999999999982,26,False
0180,Stockholm,2009,1.88,False,1.93,-0.050000000000000044,26,False
0180,Stockholm,2010,1.92,False,1.98,-0.06000000000000005,26,False
0180,Stockholm,2011,1.84,False,1.9,-0.05999999999999983,26,False
0180,Stockholm,2012,1.83,False,1.9,-0.06999999999999984,26,False
0180,Stockholm,2013,1.84,False,1.89,-0.04999999999999982,26,False
0180,Stockholm,2014,1.8,False,1.88,-0.07999999999999985,26,False
0180,Stockholm,2015,1.75,False,1.85,-0.10000000000000009,26,False
0180,Stockholm,2016,1.72,False,1.85,-0.13000000000000012,26,False
0180,Stockholm,2017,1.64,False,1.78,-0.14000000000000012,26,False
0180,Stockholm,2018,1.57,False,1.75,-0.17999999999999994,26,False
0180,Stockholm,2019,1.54,False,1.7,-0.15999999999999992,26,False
0180,Stockholm,2020,1.53,False,1.66,-0.1299999999999999,26,False
0180,Stockholm,2021,1.55,False,1.67,-0.11999999999999988,26,False
0180,Stockholm,2022,1.37,False,1.52,-0.1499999999999999,26,False
0180,Stockholm,2023,1.35,False,1.45,-0.09999999999999987,26,False
0180,Stockholm,2024,1.33,False,1.43,-0.09999999999999987,26,False
0180,Stockholm,2025,1.32,False,1.42,-0.09999999999999987,26,False
0181,Södertälje,2000,1.73,False,1.54,0.18999999999999995,26,False
0181,Södertälje,2001,1.63,False,1.57,0.05999999999999983,26,False
0181,Södertälje,2002,1.84,False,1.65,0.19000000000000017,26,False
0181,Södertälje,2003,1.9,False,1.71,0.18999999999999995,26,False
0181,Södertälje,2004,1.98,False,1.75,0.22999999999999998,26,False
0181,Södertälje,2005,1.96,False,1.77,0.18999999999999995,26,False
0181,Södertälje,2006,1.98,False,1.85,0.1299999999999999,26,False
0181,Södertälje,2007,2.03,False,1.88,0.1499999999999999,26,False
0181,Södertälje,2008,2.06,False,1.91,0.15000000000000013,26,False
0181,Södertälje,2009,1.96,False,1.93,0.030000000000000027,26,False
0181,Södertälje,2010,2.03,False,1.98,0.04999999999999982,26,False
0181,Södertälje,2011,2.02,False,1.9,0.1200000000000001,26,False
0181,Södertälje,2012,2.05,False,1.9,0.1499999999999999,26,False
0181,Södertälje,2013,1.94,False,1.89,0.050000000000000044,26,False
0181,Södertälje,2014,1.87,False,1.88,-0.009999999999999787,26,False
0181,Södertälje,2015,1.93,False,1.85,0.07999999999999985,26,False
0181,Södertälje,2016,1.81,False,1.85,-0.040000000000000036,26,False
0181,Södertälje,2017,1.8,False,1.78,0.020000000000000018,26,False
0181,Södertälje,2018,1.73,False,1.75,-0.020000000000000018,26,False
0181,Södertälje,2019,1.64,False,1.7,-0.06000000000000005,26,False
0181,Södertälje,2020,1.74,False,1.66,0.08000000000000007,26,False
0181,Södertälje,2021,1.77,False,1.67,0.10000000000000009,26,False
0181,Södertälje,2022,1.54,False,1.52,0.020000000000000018,26,False
0181,Södertälje,2023,1.58,False,1.45,0.13000000000000012,26,False
0181,Södertälje,2024,1.53,False,1.43,0.10000000000000009,26,False
0181,Södertälje,2025,1.56,False,1.42,0.14000000000000012,26,False
0182,Nacka,2000,1.79,False,1.54,0.25,26,False
0182,Nacka,2001,1.69,False,1.57,0.11999999999999988,26,False
0182,Nacka,2002,1.85,False,1.65,0.20000000000000018,26,False
0182,Nacka,2003,1.95,False,1.71,0.24,26,False
0182,Nacka,2004,1.97,False,1.75,0.21999999999999997,26,False
0182,Nacka,2005,2.14,False,1.77,0.3700000000000001,26,False
0182,Nacka,2006,2.14,False,1.85,0.29000000000000004,26,False
0182,Nacka,2007,2.15,False,1.88,0.27,26,False
0182,Nacka,2008,2.24,False,1.91,0.3300000000000003,26,False
0182,Nacka,2009,2.14,False,1.93,0.2100000000000002,26,False
0182,Nacka,2010,2.13,False,1.98,0.1499999999999999,26,False
0182,Nacka,2011,2.02,False,1.9,0.1200000000000001,26,False
0182,Nacka,2012,1.99,False,1.9,0.09000000000000008,26,False
0182,Nacka,2013,2.03,False,1.89,0.1399999999999999,26,False
0182,Nacka,2014,2.06,False,1.88,0.18000000000000016,26,False
0182,Nacka,2015,1.96,False,1.85,0.10999999999999988,26,False
0182,Nacka,2016,1.89,False,1.85,0.039999999999999813,26,False
0182,Nacka,2017,1.92,False,1.78,0.1399999999999999,26,False
0182,Nacka,2018,1.82,False,1.75,0.07000000000000006,26,False
0182,Nacka,2019,1.84,False,1.7,0.14000000000000012,26,False
0182,Nacka,2020,1.72,False,1.66,0.06000000000000005,26,False
0182,Nacka,2021,1.81,False,1.67,0.14000000000000012,26,False
0182,Nacka,2022,1.61,False,1.52,0.09000000000000008,26,False
0182,Nacka,2023,1.53,False,1.45,0.08000000000000007,26,False
0182,Nacka,2024,1.59,False,1.43,0.16000000000000014,26,False
0182,Nacka,2025,1.59,False,1.42,0.17000000000000015,26,False
0183,Sundbyberg,2000,1.38,False,1.54,-0.16000000000000014,26,False
0183,Sundbyberg,2001,1.52,False,1.57,-0.050000000000000044,26,False
0183,Sundbyberg,2002,1.54,False,1.65,-0.10999999999999988,26,False
0183,Sundbyberg,2003,1.67,False,1.71,-0.040000000000000036,26,False
0183,Sundbyberg,2004,1.75,False,1.75,0.0,26,False
0183,Sundbyberg,2005,1.73,False,1.77,-0.040000000000000036,26,False
0183,Sundbyberg,2006,1.79,False,1.85,-0.06000000000000005,26,False
0183,Sundbyberg,2007,1.71,False,1.88,-0.16999999999999993,26,False
0183,Sundbyberg,2008,1.9,False,1.91,-0.010000000000000009,26,False
0183,Sundbyberg,2009,1.86,False,1.93,-0.06999999999999984,26,False
0183,Sundbyberg,2010,2.01,False,1.98,0.029999999999999805,26,False
0183,Sundbyberg,2011,1.98,False,1.9,0.08000000000000007,26,False
0183,Sundbyberg,2012,2.06,False,1.9,0.16000000000000014,26,False
0183,Sundbyberg,2013,1.94,False,1.89,0.050000000000000044,26,False
0183,Sundbyberg,2014,1.84,False,1.88,-0.039999999999999813,26,False
0183,Sundbyberg,2015,1.85,False,1.85,0.0,26,False
0183,Sundbyberg,2016,1.77,False,1.85,-0.08000000000000007,26,False
0183,Sundbyberg,2017,1.78,False,1.78,0.0,26,False
0183,Sundbyberg,2018,1.67,False,1.75,-0.08000000000000007,26,False
0183,Sundbyberg,2019,1.59,False,1.7,-0.10999999999999988,26,False
0183,Sundbyberg,2020,1.59,False,1.66,-0.06999999999999984,26,False
0183,Sundbyberg,2021,1.7,False,1.67,0.030000000000000027,26,False
0183,Sundbyberg,2022,1.38,False,1.52,-0.14000000000000012,26,False
0183,Sundbyberg,2023,1.39,False,1.45,-0.06000000000000005,26,False
0183,Sundbyberg,2024,1.42,False,1.43,-0.010000000000000009,26,False
0183,Sundbyberg,2025,1.4,False,1.42,-0.020000000000000018,26,False
0184,Solna,2000,1.34,False,1.54,-0.19999999999999996,26,False
0184,Solna,2001,1.49,False,1.57,-0.08000000000000007,26,False
0184,Solna,2002,1.49,False,1.65,-0.15999999999999992,26,False
0184,Solna,2003,1.55,False,1.71,-0.15999999999999992,26,False
0184,Solna,2004,1.68,False,1.75,-0.07000000000000006,26,False
0184,Solna,2005,1.65,False,1.77,-0.1200000000000001,26,False
0184,Solna,2006,1.86,False,1.85,0.010000000000000009,26,False
0184,Solna,2007,1.78,False,1.88,-0.09999999999999987,26,False
0184,Solna,2008,1.89,False,1.91,-0.020000000000000018,26,False
0184,Solna,2009,1.85,False,1.93,-0.07999999999999985,26,False
0184,Solna,2010,1.93,False,1.98,-0.050000000000000044,26,False
0184,Solna,2011,1.83,False,1.9,-0.06999999999999984,26,False
0184,Solna,2012,1.85,False,1.9,-0.04999999999999982,26,False
0184,Solna,2013,1.75,False,1.89,-0.1399999999999999,26,False
0184,Solna,2014,1.76,False,1.88,-0.11999999999999988,26,False
0184,Solna,2015,1.72,False,1.85,-0.13000000000000012,26,False
0184,Solna,2016,1.82,False,1.85,-0.030000000000000027,26,False
0184,Solna,2017,1.6,False,1.78,-0.17999999999999994,26,False
0184,Solna,2018,1.56,False,1.75,-0.18999999999999995,26,False
0184,Solna,2019,1.53,False,1.7,-0.16999999999999993,26,False
0184,Solna,2020,1.51,False,1.66,-0.1499999999999999,26,False
0184,Solna,2021,1.42,False,1.67,-0.25,26,False
0184,Solna,2022,1.32,False,1.52,-0.19999999999999996,26,False
0184,Solna,2023,1.32,False,1.45,-0.1299999999999999,26,False
0184,Solna,2024,1.28,False,1.43,-0.1499999999999999,26,False
0184,Solna,2025,1.29,False,1.42,-0.1299999999999999,26,False
0186,Lidingö,2000,1.52,False,1.54,-0.020000000000000018,26,False
0186,Lidingö,2001,1.78,False,1.57,0.20999999999999996,26,False
0186,Lidingö,2002,1.82,False,1.65,0.17000000000000015,26,False
0186,Lidingö,2003,1.83,False,1.71,0.1200000000000001,26,False
0186,Lidingö,2004,2.08,False,1.75,0.33000000000000007,26,False
0186,Lidingö,2005,2.03,False,1.77,0.2599999999999998,26,False
0186,Lidingö,2006,2.04,False,1.85,0.18999999999999995,26,False
0186,Lidingö,2007,1.98,False,1.88,0.10000000000000009,26,False
0186,Lidingö,2008,1.83,False,1.91,-0.07999999999999985,26,False
0186,Lidingö,2009,1.94,False,1.93,0.010000000000000009,26,False
0186,Lidingö,2010,2.1,False,1.98,0.1200000000000001,26,False
0186,Lidingö,2011,1.79,False,1.9,-0.10999999999999988,26,False
0186,Lidingö,2012,1.76,False,1.9,-0.1399999999999999,26,False
0186,Lidingö,2013,1.85,False,1.89,-0.039999999999999813,26,False
0186,Lidingö,2014,1.71,False,1.88,-0.16999999999999993,26,False
0186,Lidingö,2015,1.81,False,1.85,-0.040000000000000036,26,False
0186,Lidingö,2016,1.72,False,1.85,-0.13000000000000012,26,False
0186,Lidingö,2017,1.76,False,1.78,-0.020000000000000018,26,False
0186,Lidingö,2018,1.51,False,1.75,-0.24,26,False
0186,Lidingö,2019,1.56,False,1.7,-0.1399999999999999,26,False
0186,Lidingö,2020,1.53,False,1.66,-0.1299999999999999,26,False
0186,Lidingö,2021,1.58,False,1.67,-0.08999999999999986,26,False
0186,Lidingö,2022,1.45,False,1.52,-0.07000000000000006,26,False
0186,Lidingö,2023,1.42,False,1.45,-0.030000000000000027,26,False
0186,Lidingö,2024,1.41,False,1.43,-0.020000000000000018,26,False
0186,Lidingö,2025,1.51,False,1.42,0.09000000000000008,26,False
0187,Vaxholm,2000,1.8,False,1.54,0.26,26,False
0187,Vaxholm,2001,1.91,False,1.57,0.33999999999999986,26,False
0187,Vaxholm,2002,1.94,False,1.65,0.29000000000000004,26,False
0187,Vaxholm,2003,1.97,False,1.71,0.26,26,False
0187,Vaxholm,2004,2.28,False,1.75,0.5299999999999998,26,False
0187,Vaxholm,2005,2.28,False,1.77,0.5099999999999998,26,False
0187,Vaxholm,2006,2.17,False,1.85,0.31999999999999984,26,False
0187,Vaxholm,2007,2.5,False,1.88,0.6200000000000001,26,False
0187,Vaxholm,2008,2.14,False,1.91,0.2300000000000002,26,False
0187,Vaxholm,2009,2.11,False,1.93,0.17999999999999994,26,False
0187,Vaxholm,2010,2.09,False,1.98,0.10999999999999988,26,False
0187,Vaxholm,2011,1.86,False,1.9,-0.039999999999999813,26,False
0187,Vaxholm,2012,1.67,False,1.9,-0.22999999999999998,26,False
0187,Vaxholm,2013,1.93,False,1.89,0.040000000000000036,26,False
0187,Vaxholm,2014,2.03,False,1.88,0.1499999999999999,26,False
0187,Vaxholm,2015,2.01,False,1.85,0.1599999999999997,26,False
0187,Vaxholm,2016,2.15,False,1.85,0.2999999999999998,26,False
0187,Vaxholm,2017,1.69,False,1.78,-0.09000000000000008,26,False
0187,Vaxholm,2018,1.98,False,1.75,0.22999999999999998,26,False
0187,Vaxholm,2019,1.49,False,1.7,-0.20999999999999996,26,False
0187,Vaxholm,2020,1.66,False,1.66,0.0,26,False
0187,Vaxholm,2021,1.66,False,1.67,-0.010000000000000009,26,False
0187,Vaxholm,2022,1.69,False,1.52,0.16999999999999993,26,False
0187,Vaxholm,2023,1.43,False,1.45,-0.020000000000000018,26,False
0187,Vaxholm,2024,1.42,False,1.43,-0.010000000000000009,26,False
0187,Vaxholm,2025,1.52,False,1.42,0.10000000000000009,26,False
0188,Norrtälje,2000,1.57,False,1.54,0.030000000000000027,26,False
0188,Norrtälje,2001,1.85,False,1.57,0.28,26,False
0188,Norrtälje,2002,1.88,False,1.65,0.22999999999999998,26,False
0188,Norrtälje,2003,1.74,False,1.71,0.030000000000000027,26,False
0188,Norrtälje,2004,1.94,False,1.75,0.18999999999999995,26,False
0188,Norrtälje,2005,1.84,False,1.77,0.07000000000000006,26,False
0188,Norrtälje,2006,1.84,False,1.85,-0.010000000000000009,26,False
0188,Norrtälje,2007,1.93,False,1.88,0.050000000000000044,26,False
0188,Norrtälje,2008,1.83,False,1.91,-0.07999999999999985,26,False
0188,Norrtälje,2009,2.13,False,1.93,0.19999999999999996,26,False
0188,Norrtälje,2010,2.0,False,1.98,0.020000000000000018,26,False
0188,Norrtälje,2011,1.97,False,1.9,0.07000000000000006,26,False
0188,Norrtälje,2012,1.87,False,1.9,-0.029999999999999805,26,False
0188,Norrtälje,2013,1.81,False,1.89,-0.07999999999999985,26,False
0188,Norrtälje,2014,1.97,False,1.88,0.09000000000000008,26,False
0188,Norrtälje,2015,1.8,False,1.85,-0.050000000000000044,26,False
0188,Norrtälje,2016,1.75,False,1.85,-0.10000000000000009,26,False
0188,Norrtälje,2017,1.78,False,1.78,0.0,26,False
0188,Norrtälje,2018,1.73,False,1.75,-0.020000000000000018,26,False
0188,Norrtälje,2019,1.7,False,1.7,0.0,26,False
0188,Norrtälje,2020,1.63,False,1.66,-0.030000000000000027,26,False
0188,Norrtälje,2021,1.63,False,1.67,-0.040000000000000036,26,False
0188,Norrtälje,2022,1.61,False,1.52,0.09000000000000008,26,False
0188,Norrtälje,2023,1.4,False,1.45,-0.050000000000000044,26,False
0188,Norrtälje,2024,1.36,False,1.43,-0.06999999999999984,26,False
0188,Norrtälje,2025,1.42,False,1.42,0.0,26,False
0191,Sigtuna,2000,1.62,False,1.54,0.08000000000000007,26,False
0191,Sigtuna,2001,1.53,False,1.57,-0.040000000000000036,26,False
0191,Sigtuna,2002,1.78,False,1.65,0.13000000000000012,26,False
0191,Sigtuna,2003,1.95,False,1.71,0.24,26,False
0191,Sigtuna,2004,1.86,False,1.75,0.1100000000000001,26,False
0191,Sigtuna,2005,1.94,False,1.77,0.16999999999999993,26,False
0191,Sigtuna,2006,1.86,False,1.85,0.010000000000000009,26,False
0191,Sigtuna,2007,2.03,False,1.88,0.1499999999999999,26,False
0191,Sigtuna,2008,2.0,False,1.91,0.09000000000000008,26,False
0191,Sigtuna,2009,2.13,False,1.93,0.19999999999999996,26,False
0191,Sigtuna,2010,2.02,False,1.98,0.040000000000000036,26,False
0191,Sigtuna,2011,2.22,False,1.9,0.3200000000000003,26,False
0191,Sigtuna,2012,1.91,False,1.9,0.010000000000000009,26,False
0191,Sigtuna,2013,2.05,False,1.89,0.15999999999999992,26,False
0191,Sigtuna,2014,2.09,False,1.88,0.20999999999999996,26,False
0191,Sigtuna,2015,2.03,False,1.85,0.17999999999999972,26,False
0191,Sigtuna,2016,2.18,False,1.85,0.33000000000000007,26,False
0191,Sigtuna,2017,1.91,False,1.78,0.1299999999999999,26,False
0191,Sigtuna,2018,2.06,False,1.75,0.31000000000000005,26,False
0191,Sigtuna,2019,1.82,False,1.7,0.1200000000000001,26,False
0191,Sigtuna,2020,1.69,False,1.66,0.030000000000000027,26,False
0191,Sigtuna,2021,1.87,False,1.67,0.20000000000000018,26,False
0191,Sigtuna,2022,1.65,False,1.52,0.1299999999999999,26,False
0191,Sigtuna,2023,1.55,False,1.45,0.10000000000000009,26,False
0191,Sigtuna,2024,1.51,False,1.43,0.08000000000000007,26,False
0191,Sigtuna,2025,1.74,False,1.42,0.32000000000000006,26,False
0192,Nynäshamn,2000,1.65,False,1.54,0.10999999999999988,26,False
0192,Nynäshamn,2001,1.75,False,1.57,0.17999999999999994,26,False
0192,Nynäshamn,2002,1.85,False,1.65,0.20000000000000018,26,False
0192,Nynäshamn,2003,1.76,False,1.71,0.050000000000000044,26,False
0192,Nynäshamn,2004,1.8,False,1.75,0.050000000000000044,26,False
0192,Nynäshamn,2005,1.84,False,1.77,0.07000000000000006,26,False
0192,Nynäshamn,2006,1.92,False,1.85,0.06999999999999984,26,False
0192,Nynäshamn,2007,1.93,False,1.88,0.050000000000000044,26,False
0192,Nynäshamn,2008,2.14,False,1.91,0.2300000000000002,26,False
0192,Nynäshamn,2009,2.13,False,1.93,0.19999999999999996,26,False
0192,Nynäshamn,2010,2.19,False,1.98,0.20999999999999996,26,False
0192,Nynäshamn,2011,2.02,False,1.9,0.1200000000000001,26,False
0192,Nynäshamn,2012,1.93,False,1.9,0.030000000000000027,26,False
0192,Nynäshamn,2013,2.04,False,1.89,0.15000000000000013,26,False
0192,Nynäshamn,2014,1.98,False,1.88,0.10000000000000009,26,False
0192,Nynäshamn,2015,1.95,False,1.85,0.09999999999999987,26,False
0192,Nynäshamn,2016,2.01,False,1.85,0.1599999999999997,26,False
0192,Nynäshamn,2017,1.91,False,1.78,0.1299999999999999,26,False
0192,Nynäshamn,2018,1.87,False,1.75,0.1200000000000001,26,False
0192,Nynäshamn,2019,1.77,False,1.7,0.07000000000000006,26,False
0192,Nynäshamn,2020,1.77,False,1.66,0.1100000000000001,26,False
0192,Nynäshamn,2021,1.75,False,1.67,0.08000000000000007,26,False
0192,Nynäshamn,2022,1.55,False,1.52,0.030000000000000027,26,False
0192,Nynäshamn,2023,1.6,False,1.45,0.15000000000000013,26,False
0192,Nynäshamn,2024,1.54,False,1.43,0.1100000000000001,26,False
0192,Nynäshamn,2025,1.53,False,1.42,0.1100000000000001,26,False
0305,Håbo,2000,1.76,False,1.54,0.21999999999999997,26,False
0305,Håbo,2001,1.91,False,1.57,0.33999999999999986,26,False
0305,Håbo,2002,1.7,False,1.65,0.050000000000000044,26,False
0305,Håbo,2003,2.11,False,1.71,0.3999999999999999,26,False
0305,Håbo,2004,2.21,False,1.75,0.45999999999999996,26,False
0305,Håbo,2005,2.06,False,1.77,0.29000000000000004,26,False
0305,Håbo,2006,2.14,False,1.85,0.29000000000000004,26,False
0305,Håbo,2007,1.96,False,1.88,0.08000000000000007,26,False
0305,Håbo,2008,2.43,False,1.91,0.5200000000000002,26,False
0305,Håbo,2009,1.95,False,1.93,0.020000000000000018,26,False
0305,Håbo,2010,2.11,False,1.98,0.1299999999999999,26,False
0305,Håbo,2011,1.89,False,1.9,-0.010000000000000009,26,False
0305,Håbo,2012,1.94,False,1.9,0.040000000000000036,26,False
0305,Håbo,2013,1.86,False,1.89,-0.029999999999999805,26,False
0305,Håbo,2014,2.05,False,1.88,0.16999999999999993,26,False
0305,Håbo,2015,1.91,False,1.85,0.05999999999999983,26,False
0305,Håbo,2016,2.37,False,1.85,0.52,26,False
0305,Håbo,2017,1.83,False,1.78,0.050000000000000044,26,False
0305,Håbo,2018,1.92,False,1.75,0.16999999999999993,26,False
0305,Håbo,2019,1.84,False,1.7,0.14000000000000012,26,False
0305,Håbo,2020,1.67,False,1.66,0.010000000000000009,26,False
0305,Håbo,2021,1.55,False,1.67,-0.11999999999999988,26,False
0305,Håbo,2022,1.72,False,1.52,0.19999999999999996,26,False
0305,Håbo,2023,1.61,False,1.45,0.16000000000000014,26,False
0305,Håbo,2024,1.58,False,1.43,0.15000000000000013,26,False
0305,Håbo,2025,1.49,False,1.42,0.07000000000000006,26,False
0319,Älvkarleby,2000,1.48,False,1.54,-0.06000000000000005,26,False
0319,Älvkarleby,2001,1.51,False,1.57,-0.06000000000000005,26,False
0319,Älvkarleby,2002,1.91,False,1.65,0.26,26,False
0319,Älvkarleby,2003,1.85,False,1.71,0.14000000000000012,26,False
0319,Älvkarleby,2004,1.93,False,1.75,0.17999999999999994,26,False
0319,Älvkarleby,2005,1.76,False,1.77,-0.010000000000000009,26,False
0319,Älvkarleby,2006,1.9,False,1.85,0.04999999999999982,26,False
0319,Älvkarleby,2007,2.22,False,1.88,0.3400000000000003,26,False
0319,Älvkarleby,2008,2.2,False,1.91,0.29000000000000026,26,False
0319,Älvkarleby,2009,2.18,False,1.93,0.2500000000000002,26,False
0319,Älvkarleby,2010,2.44,False,1.98,0.45999999999999996,26,False
0319,Älvkarleby,2011,2.08,False,1.9,0.18000000000000016,26,False
0319,Älvkarleby,2012,2.43,False,1.9,0.5300000000000002,26,False
0319,Älvkarleby,2013,1.75,False,1.89,-0.1399999999999999,26,False
0319,Älvkarleby,2014,1.94,False,1.88,0.06000000000000005,26,False
0319,Älvkarleby,2015,1.89,False,1.85,0.039999999999999813,26,False
0319,Älvkarleby,2016,1.88,False,1.85,0.029999999999999805,26,False
0319,Älvkarleby,2017,2.33,False,1.78,0.55,26,False
0319,Älvkarleby,2018,1.8,False,1.75,0.050000000000000044,26,False
0319,Älvkarleby,2019,1.7,False,1.7,0.0,26,False
0319,Älvkarleby,2020,2.17,False,1.66,0.51,26,False
0319,Älvkarleby,2021,1.77,False,1.67,0.10000000000000009,26,False
0319,Älvkarleby,2022,1.4,False,1.52,-0.1200000000000001,26,False
0319,Älvkarleby,2023,1.78,False,1.45,0.33000000000000007,26,False
0319,Älvkarleby,2024,1.45,False,1.43,0.020000000000000018,26,False
0319,Älvkarleby,2025,1.71,False,1.42,0.29000000000000004,26,False
0330,Knivsta,2000,,False,1.54,,23,True
0330,Knivsta,2001,,False,1.57,,23,True
0330,Knivsta,2002,,False,1.65,,23,True
0330,Knivsta,2003,2.31,False,1.71,0.6000000000000001,23,True
0330,Knivsta,2004,2.29,False,1.75,0.54,23,True
0330,Knivsta,2005,2.39,False,1.77,0.6200000000000001,23,True
0330,Knivsta,2006,2.59,False,1.85,0.7399999999999998,23,True
0330,Knivsta,2007,2.15,False,1.88,0.27,23,True
0330,Knivsta,2008,2.33,False,1.91,0.42000000000000015,23,True
0330,Knivsta,2009,2.24,False,1.93,0.3100000000000003,23,True
0330,Knivsta,2010,2.25,False,1.98,0.27,23,True
0330,Knivsta,2011,1.95,False,1.9,0.050000000000000044,23,True
0330,Knivsta,2012,2.42,False,1.9,0.52,23,True
0330,Knivsta,2013,1.98,False,1.89,0.09000000000000008,23,True
0330,Knivsta,2014,2.17,False,1.88,0.29000000000000004,23,True
0330,Knivsta,2015,2.14,False,1.85,0.29000000000000004,23,True
0330,Knivsta,2016,2.38,False,1.85,0.5299999999999998,23,True
0330,Knivsta,2017,2.29,False,1.78,0.51,23,True
0330,Knivsta,2018,2.07,False,1.75,0.31999999999999984,23,True
0330,Knivsta,2019,1.81,False,1.7,0.1100000000000001,23,True
0330,Knivsta,2020,1.77,False,1.66,0.1100000000000001,23,True
0330,Knivsta,2021,1.8,False,1.67,0.13000000000000012,23,True
0330,Knivsta,2022,1.84,False,1.52,0.32000000000000006,23,True
0330,Knivsta,2023,1.43,False,1.45,-0.020000000000000018,23,True
0330,Knivsta,2024,1.7,False,1.43,0.27,23,True
0330,Knivsta,2025,1.48,False,1.42,0.06000000000000005,23,True
0331,Heby,2000,2.11,False,1.54,0.5699999999999998,26,False
0331,Heby,2001,2.34,False,1.57,0.7699999999999998,26,False
0331,Heby,2002,1.76,False,1.65,0.1100000000000001,26,False
0331,Heby,2003,1.88,False,1.71,0.16999999999999993,26,False
0331,Heby,2004,2.2,False,1.75,0.4500000000000002,26,False
0331,Heby,2005,1.72,False,1.77,-0.050000000000000044,26,False
0331,Heby,2006,1.91,False,1.85,0.05999999999999983,26,False
0331,Heby,2007,2.12,False,1.88,0.2400000000000002,26,False
0331,Heby,2008,1.88,False,1.91,-0.030000000000000027,26,False
0331,Heby,2009,1.93,False,1.93,0.0,26,False
0331,Heby,2010,2.24,False,1.98,0.26000000000000023,26,False
0331,Heby,2011,1.91,False,1.9,0.010000000000000009,26,False
0331,Heby,2012,2.09,False,1.9,0.18999999999999995,26,False
0331,Heby,2013,2.18,False,1.89,0.29000000000000026,26,False
0331,Heby,2014,2.03,False,1.88,0.1499999999999999,26,False
0331,Heby,2015,2.11,False,1.85,0.2599999999999998,26,False
0331,Heby,2016,1.75,False,1.85,-0.10000000000000009,26,False
0331,Heby,2017,1.84,False,1.78,0.06000000000000005,26,False
0331,Heby,2018,1.76,False,1.75,0.010000000000000009,26,False
0331,Heby,2019,1.91,False,1.7,0.20999999999999996,26,False
0331,Heby,2020,1.52,False,1.66,-0.1399999999999999,26,False
0331,Heby,2021,1.96,False,1.67,0.29000000000000004,26,False
0331,Heby,2022,1.4,False,1.52,-0.1200000000000001,26,False
0331,Heby,2023,1.63,False,1.45,0.17999999999999994,26,False
0331,Heby,2024,1.47,False,1.43,0.040000000000000036,26,False
0331,Heby,2025,1.57,False,1.42,0.15000000000000013,26,False
0360,Tierp,2000,1.57,False,1.54,0.030000000000000027,26,False
0360,Tierp,2001,1.57,False,1.57,0.0,26,False
0360,Tierp,2002,1.94,False,1.65,0.29000000000000004,26,False
0360,Tierp,2003,1.97,False,1.71,0.26,26,False
0360,Tierp,2004,2.23,False,1.75,0.48,26,False
0360,Tierp,2005,1.81,False,1.77,0.040000000000000036,26,False
0360,Tierp,2006,1.72,False,1.85,-0.13000000000000012,26,False
0360,Tierp,2007,1.95,False,1.88,0.07000000000000006,26,False
0360,Tierp,2008,2.13,False,1.91,0.21999999999999997,26,False
0360,Tierp,2009,2.0,False,1.93,0.07000000000000006,26,False
0360,Tierp,2010,1.97,False,1.98,-0.010000000000000009,26,False
0360,Tierp,2011,2.02,False,1.9,0.1200000000000001,26,False
0360,Tierp,2012,2.02,False,1.9,0.1200000000000001,26,False
0360,Tierp,2013,1.86,False,1.89,-0.029999999999999805,26,False
0360,Tierp,2014,1.92,False,1.88,0.040000000000000036,26,False
0360,Tierp,2015,2.51,False,1.85,0.6599999999999997,26,False
0360,Tierp,2016,2.26,False,1.85,0.4099999999999997,26,False
0360,Tierp,2017,1.98,False,1.78,0.19999999999999996,26,False
0360,Tierp,2018,1.98,False,1.75,0.22999999999999998,26,False
0360,Tierp,2019,2.06,False,1.7,0.3600000000000001,26,False
0360,Tierp,2020,1.96,False,1.66,0.30000000000000004,26,False
0360,Tierp,2021,1.72,False,1.67,0.050000000000000044,26,False
0360,Tierp,2022,1.88,False,1.52,0.3599999999999999,26,False
0360,Tierp,2023,1.39,False,1.45,-0.06000000000000005,26,False
0360,Tierp,2024,1.43,False,1.43,0.0,26,False
0360,Tierp,2025,1.63,False,1.42,0.20999999999999996,26,False
0380,Uppsala,2000,1.41,False,1.54,-0.13000000000000012,26,False
0380,Uppsala,2001,1.44,False,1.57,-0.13000000000000012,26,False
0380,Uppsala,2002,1.52,False,1.65,-0.1299999999999999,26,False
0380,Uppsala,2003,1.54,False,1.71,-0.16999999999999993,26,False
0380,Uppsala,2004,1.6,False,1.75,-0.1499999999999999,26,False
0380,Uppsala,2005,1.59,False,1.77,-0.17999999999999994,26,False
0380,Uppsala,2006,1.69,False,1.85,-0.16000000000000014,26,False
0380,Uppsala,2007,1.74,False,1.88,-0.1399999999999999,26,False
0380,Uppsala,2008,1.84,False,1.91,-0.06999999999999984,26,False
0380,Uppsala,2009,1.78,False,1.93,-0.1499999999999999,26,False
0380,Uppsala,2010,1.85,False,1.98,-0.1299999999999999,26,False
0380,Uppsala,2011,1.75,False,1.9,-0.1499999999999999,26,False
0380,Uppsala,2012,1.72,False,1.9,-0.17999999999999994,26,False
0380,Uppsala,2013,1.66,False,1.89,-0.22999999999999998,26,False
0380,Uppsala,2014,1.63,False,1.88,-0.25,26,False
0380,Uppsala,2015,1.67,False,1.85,-0.18000000000000016,26,False
0380,Uppsala,2016,1.6,False,1.85,-0.25,26,False
0380,Uppsala,2017,1.52,False,1.78,-0.26,26,False
0380,Uppsala,2018,1.53,False,1.75,-0.21999999999999997,26,False
0380,Uppsala,2019,1.47,False,1.7,-0.22999999999999998,26,False
0380,Uppsala,2020,1.4,False,1.66,-0.26,26,False
0380,Uppsala,2021,1.46,False,1.67,-0.20999999999999996,26,False
0380,Uppsala,2022,1.31,False,1.52,-0.20999999999999996,26,False
0380,Uppsala,2023,1.28,False,1.45,-0.16999999999999993,26,False
0380,Uppsala,2024,1.26,False,1.43,-0.16999999999999993,26,False
0380,Uppsala,2025,1.23,False,1.42,-0.18999999999999995,26,False
0381,Enköping,2000,1.77,False,1.54,0.22999999999999998,26,False
0381,Enköping,2001,1.83,False,1.57,0.26,26,False
0381,Enköping,2002,1.66,False,1.65,0.010000000000000009,26,False
0381,Enköping,2003,1.85,False,1.71,0.14000000000000012,26,False
0381,Enköping,2004,1.89,False,1.75,0.1399999999999999,26,False
0381,Enköping,2005,1.79,False,1.77,0.020000000000000018,26,False
0381,Enköping,2006,2.03,False,1.85,0.17999999999999972,26,False
0381,Enköping,2007,1.86,False,1.88,-0.019999999999999796,26,False
0381,Enköping,2008,1.92,False,1.91,0.010000000000000009,26,False
0381,Enköping,2009,2.11,False,1.93,0.17999999999999994,26,False
0381,Enköping,2010,1.88,False,1.98,-0.10000000000000009,26,False
0381,Enköping,2011,2.02,False,1.9,0.1200000000000001,26,False
0381,Enköping,2012,2.23,False,1.9,0.33000000000000007,26,False
0381,Enköping,2013,1.99,False,1.89,0.10000000000000009,26,False
0381,Enköping,2014,2.01,False,1.88,0.1299999999999999,26,False
0381,Enköping,2015,1.79,False,1.85,-0.06000000000000005,26,False
0381,Enköping,2016,2.17,False,1.85,0.31999999999999984,26,False
0381,Enköping,2017,2.0,False,1.78,0.21999999999999997,26,False
0381,Enköping,2018,1.95,False,1.75,0.19999999999999996,26,False
0381,Enköping,2019,2.07,False,1.7,0.3699999999999999,26,False
0381,Enköping,2020,1.89,False,1.66,0.22999999999999998,26,False
0381,Enköping,2021,1.79,False,1.67,0.1200000000000001,26,False
0381,Enköping,2022,1.63,False,1.52,0.10999999999999988,26,False
0381,Enköping,2023,1.54,False,1.45,0.09000000000000008,26,False
0381,Enköping,2024,1.68,False,1.43,0.25,26,False
0381,Enköping,2025,1.57,False,1.42,0.15000000000000013,26,False
0382,Östhammar,2000,1.5,False,1.54,-0.040000000000000036,26,False
0382,Östhammar,2001,1.63,False,1.57,0.05999999999999983,26,False
0382,Östhammar,2002,1.78,False,1.65,0.13000000000000012,26,False
0382,Östhammar,2003,1.72,False,1.71,0.010000000000000009,26,False
0382,Östhammar,2004,1.92,False,1.75,0.16999999999999993,26,False
0382,Östhammar,2005,2.06,False,1.77,0.29000000000000004,26,False
0382,Östhammar,2006,2.19,False,1.85,0.33999999999999986,26,False
0382,Östhammar,2007,2.03,False,1.88,0.1499999999999999,26,False
0382,Östhammar,2008,2.13,False,1.91,0.21999999999999997,26,False
0382,Östhammar,2009,1.99,False,1.93,0.06000000000000005,26,False
0382,Östhammar,2010,2.26,False,1.98,0.2799999999999998,26,False
0382,Östhammar,2011,2.12,False,1.9,0.2200000000000002,26,False
0382,Östhammar,2012,2.41,False,1.9,0.5100000000000002,26,False
0382,Östhammar,2013,1.96,False,1.89,0.07000000000000006,26,False
0382,Östhammar,2014,1.89,False,1.88,0.010000000000000009,26,False
0382,Östhammar,2015,2.2,False,1.85,0.3500000000000001,26,False
0382,Östhammar,2016,2.02,False,1.85,0.16999999999999993,26,False
0382,Östhammar,2017,1.91,False,1.78,0.1299999999999999,26,False
0382,Östhammar,2018,1.9,False,1.75,0.1499999999999999,26,False
0382,Östhammar,2019,1.95,False,1.7,0.25,26,False
0382,Östhammar,2020,1.66,False,1.66,0.0,26,False
0382,Östhammar,2021,1.67,False,1.67,0.0,26,False
0382,Östhammar,2022,1.79,False,1.52,0.27,26,False
0382,Östhammar,2023,1.49,False,1.45,0.040000000000000036,26,False
0382,Östhammar,2024,1.64,False,1.43,0.20999999999999996,26,False
0382,Östhammar,2025,1.54,False,1.42,0.1200000000000001,26,False
0428,Vingåker,2000,1.67,False,1.54,0.1299999999999999,26,False
0428,Vingåker,2001,2.09,False,1.57,0.5199999999999998,26,False
0428,Vingåker,2002,2.15,False,1.65,0.5,26,False
0428,Vingåker,2003,2.03,False,1.71,0.31999999999999984,26,False
0428,Vingåker,2004,2.1,False,1.75,0.3500000000000001,26,False
0428,Vingåker,2005,1.85,False,1.77,0.08000000000000007,26,False
0428,Vingåker,2006,2.21,False,1.85,0.3599999999999999,26,False
0428,Vingåker,2007,1.72,False,1.88,-0.15999999999999992,26,False
0428,Vingåker,2008,1.82,False,1.91,-0.08999999999999986,26,False
0428,Vingåker,2009,1.71,False,1.93,-0.21999999999999997,26,False
0428,Vingåker,2010,2.06,False,1.98,0.08000000000000007,26,False
0428,Vingåker,2011,1.91,False,1.9,0.010000000000000009,26,False
0428,Vingåker,2012,2.1,False,1.9,0.20000000000000018,26,False
0428,Vingåker,2013,1.96,False,1.89,0.07000000000000006,26,False
0428,Vingåker,2014,2.41,False,1.88,0.5300000000000002,26,False
0428,Vingåker,2015,2.41,False,1.85,0.56,26,False
0428,Vingåker,2016,1.98,False,1.85,0.1299999999999999,26,False
0428,Vingåker,2017,2.03,False,1.78,0.24999999999999978,26,False
0428,Vingåker,2018,2.59,False,1.75,0.8399999999999999,26,False
0428,Vingåker,2019,1.57,False,1.7,-0.1299999999999999,26,False
0428,Vingåker,2020,2.06,False,1.66,0.40000000000000013,26,False
0428,Vingåker,2021,2.03,False,1.67,0.3599999999999999,26,False
0428,Vingåker,2022,1.71,False,1.52,0.18999999999999995,26,False
0428,Vingåker,2023,1.46,False,1.45,0.010000000000000009,26,False
0428,Vingåker,2024,1.52,False,1.43,0.09000000000000008,26,False
0428,Vingåker,2025,1.55,False,1.42,0.13000000000000012,26,False
0461,Gnesta,2000,1.74,False,1.54,0.19999999999999996,26,False
0461,Gnesta,2001,1.7,False,1.57,0.1299999999999999,26,False
0461,Gnesta,2002,1.95,False,1.65,0.30000000000000004,26,False
0461,Gnesta,2003,2.24,False,1.71,0.5300000000000002,26,False
0461,Gnesta,2004,1.99,False,1.75,0.24,26,False
0461,Gnesta,2005,2.06,False,1.77,0.29000000000000004,26,False
0461,Gnesta,2006,1.85,False,1.85,0.0,26,False
0461,Gnesta,2007,2.03,False,1.88,0.1499999999999999,26,False
0461,Gnesta,2008,2.25,False,1.91,0.3400000000000001,26,False
0461,Gnesta,2009,1.93,False,1.93,0.0,26,False
0461,Gnesta,2010,2.56,False,1.98,0.5800000000000001,26,False
0461,Gnesta,2011,2.07,False,1.9,0.16999999999999993,26,False
0461,Gnesta,2012,2.22,False,1.9,0.3200000000000003,26,False
0461,Gnesta,2013,1.92,False,1.89,0.030000000000000027,26,False
0461,Gnesta,2014,2.16,False,1.88,0.28000000000000025,26,False
0461,Gnesta,2015,2.05,False,1.85,0.19999999999999973,26,False
0461,Gnesta,2016,2.05,False,1.85,0.19999999999999973,26,False
0461,Gnesta,2017,1.85,False,1.78,0.07000000000000006,26,False
0461,Gnesta,2018,2.0,False,1.75,0.25,26,False
0461,Gnesta,2019,2.0,False,1.7,0.30000000000000004,26,False
0461,Gnesta,2020,1.68,False,1.66,0.020000000000000018,26,False
0461,Gnesta,2021,1.84,False,1.67,0.17000000000000015,26,False
0461,Gnesta,2022,1.73,False,1.52,0.20999999999999996,26,False
0461,Gnesta,2023,1.12,False,1.45,-0.32999999999999985,26,False
0461,Gnesta,2024,1.79,False,1.43,0.3600000000000001,26,False
0461,Gnesta,2025,1.4,False,1.42,-0.020000000000000018,26,False
0480,Nyköping,2000,1.69,False,1.54,0.1499999999999999,26,False
0480,Nyköping,2001,1.61,False,1.57,0.040000000000000036,26,False
0480,Nyköping,2002,1.71,False,1.65,0.06000000000000005,26,False
0480,Nyköping,2003,1.91,False,1.71,0.19999999999999996,26,False
0480,Nyköping,2004,1.95,False,1.75,0.19999999999999996,26,False
0480,Nyköping,2005,1.94,False,1.77,0.16999999999999993,26,False
0480,Nyköping,2006,2.04,False,1.85,0.18999999999999995,26,False
0480,Nyköping,2007,2.07,False,1.88,0.18999999999999995,26,False
0480,Nyköping,2008,1.98,False,1.91,0.07000000000000006,26,False
0480,Nyköping,2009,1.91,False,1.93,-0.020000000000000018,26,False
0480,Nyköping,2010,1.93,False,1.98,-0.050000000000000044,26,False
0480,Nyköping,2011,1.96,False,1.9,0.06000000000000005,26,False
0480,Nyköping,2012,2.0,False,1.9,0.10000000000000009,26,False
0480,Nyköping,2013,1.97,False,1.89,0.08000000000000007,26,False
0480,Nyköping,2014,1.87,False,1.88,-0.009999999999999787,26,False
0480,Nyköping,2015,1.99,False,1.85,0.1399999999999999,26,False
0480,Nyköping,2016,2.0,False,1.85,0.1499999999999999,26,False
0480,Nyköping,2017,1.88,False,1.78,0.09999999999999987,26,False
0480,Nyköping,2018,1.86,False,1.75,0.1100000000000001,26,False
0480,Nyköping,2019,1.81,False,1.7,0.1100000000000001,26,False
0480,Nyköping,2020,1.66,False,1.66,0.0,26,False
0480,Nyköping,2021,1.84,False,1.67,0.17000000000000015,26,False
0480,Nyköping,2022,1.71,False,1.52,0.18999999999999995,26,False
0480,Nyköping,2023,1.49,False,1.45,0.040000000000000036,26,False
0480,Nyköping,2024,1.63,False,1.43,0.19999999999999996,26,False
0480,Nyköping,2025,1.5,False,1.42,0.08000000000000007,26,False
0481,Oxelösund,2000,1.42,False,1.54,-0.1200000000000001,26,False
0481,Oxelösund,2001,1.7,False,1.57,0.1299999999999999,26,False
0481,Oxelösund,2002,1.85,False,1.65,0.20000000000000018,26,False
0481,Oxelösund,2003,1.96,False,1.71,0.25,26,False
0481,Oxelösund,2004,2.14,False,1.75,0.3900000000000001,26,False
0481,Oxelösund,2005,1.82,False,1.77,0.050000000000000044,26,False
0481,Oxelösund,2006,2.06,False,1.85,0.20999999999999996,26,False
0481,Oxelösund,2007,2.36,False,1.88,0.48,26,False
0481,Oxelösund,2008,1.85,False,1.91,-0.05999999999999983,26,False
0481,Oxelösund,2009,2.11,False,1.93,0.17999999999999994,26,False
0481,Oxelösund,2010,2.32,False,1.98,0.33999999999999986,26,False
0481,Oxelösund,2011,2.06,False,1.9,0.16000000000000014,26,False
0481,Oxelösund,2012,1.83,False,1.9,-0.06999999999999984,26,False
0481,Oxelösund,2013,1.94,False,1.89,0.050000000000000044,26,False
0481,Oxelösund,2014,2.21,False,1.88,0.33000000000000007,26,False
0481,Oxelösund,2015,2.13,False,1.85,0.2799999999999998,26,False
0481,Oxelösund,2016,2.3,False,1.85,0.44999999999999973,26,False
0481,Oxelösund,2017,2.66,False,1.78,0.8800000000000001,26,False
0481,Oxelösund,2018,2.22,False,1.75,0.4700000000000002,26,False
0481,Oxelösund,2019,2.11,False,1.7,0.4099999999999999,26,False
0481,Oxelösund,2020,2.06,False,1.66,0.40000000000000013,26,False
0481,Oxelösund,2021,1.88,False,1.67,0.20999999999999996,26,False
0481,Oxelösund,2022,1.92,False,1.52,0.3999999999999999,26,False
0481,Oxelösund,2023,1.53,False,1.45,0.08000000000000007,26,False
0481,Oxelösund,2024,1.71,False,1.43,0.28,26,False
0481,Oxelösund,2025,1.41,False,1.42,-0.010000000000000009,26,False
0482,Flen,2000,1.86,False,1.54,0.32000000000000006,26,False
0482,Flen,2001,2.43,False,1.57,0.8600000000000001,26,False
0482,Flen,2002,2.36,False,1.65,0.71,26,False
0482,Flen,2003,2.34,False,1.71,0.6299999999999999,26,False
0482,Flen,2004,1.99,False,1.75,0.24,26,False
0482,Flen,2005,1.79,False,1.77,0.020000000000000018,26,False
0482,Flen,2006,1.82,False,1.85,-0.030000000000000027,26,False
0482,Flen,2007,2.2,False,1.88,0.3200000000000003,26,False
0482,Flen,2008,1.99,False,1.91,0.08000000000000007,26,False
0482,Flen,2009,1.87,False,1.93,-0.05999999999999983,26,False
0482,Flen,2010,2.09,False,1.98,0.10999999999999988,26,False
0482,Flen,2011,2.32,False,1.9,0.41999999999999993,26,False
0482,Flen,2012,2.12,False,1.9,0.2200000000000002,26,False
0482,Flen,2013,2.07,False,1.89,0.17999999999999994,26,False
0482,Flen,2014,2.42,False,1.88,0.54,26,False
0482,Flen,2015,1.97,False,1.85,0.11999999999999988,26,False
0482,Flen,2016,2.35,False,1.85,0.5,26,False
0482,Flen,2017,2.59,False,1.78,0.8099999999999998,26,False
0482,Flen,2018,2.0,False,1.75,0.25,26,False
0482,Flen,2019,2.09,False,1.7,0.3899999999999999,26,False
0482,Flen,2020,2.23,False,1.66,0.5700000000000001,26,False
0482,Flen,2021,2.25,False,1.67,0.5800000000000001,26,False
0482,Flen,2022,1.81,False,1.52,0.29000000000000004,26,False
0482,Flen,2023,1.54,False,1.45,0.09000000000000008,26,False
0482,Flen,2024,1.98,False,1.43,0.55,26,False
0482,Flen,2025,1.41,False,1.42,-0.010000000000000009,26,False
0483,Katrineholm,2000,1.65,False,1.54,0.10999999999999988,26,False
0483,Katrineholm,2001,1.73,False,1.57,0.15999999999999992,26,False
0483,Katrineholm,2002,1.81,False,1.65,0.16000000000000014,26,False
0483,Katrineholm,2003,1.93,False,1.71,0.21999999999999997,26,False
0483,Katrineholm,2004,1.86,False,1.75,0.1100000000000001,26,False
0483,Katrineholm,2005,2.03,False,1.77,0.2599999999999998,26,False
0483,Katrineholm,2006,1.75,False,1.85,-0.10000000000000009,26,False
0483,Katrineholm,2007,2.21,False,1.88,0.33000000000000007,26,False
0483,Katrineholm,2008,2.05,False,1.91,0.1399999999999999,26,False
0483,Katrineholm,2009,2.03,False,1.93,0.09999999999999987,26,False
0483,Katrineholm,2010,2.07,False,1.98,0.08999999999999986,26,False
0483,Katrineholm,2011,1.82,False,1.9,-0.07999999999999985,26,False
0483,Katrineholm,2012,2.21,False,1.9,0.31000000000000005,26,False
0483,Katrineholm,2013,2.28,False,1.89,0.3899999999999999,26,False
0483,Katrineholm,2014,2.13,False,1.88,0.25,26,False
0483,Katrineholm,2015,2.19,False,1.85,0.33999999999999986,26,False
0483,Katrineholm,2016,2.14,False,1.85,0.29000000000000004,26,False
0483,Katrineholm,2017,2.17,False,1.78,0.3899999999999999,26,False
0483,Katrineholm,2018,2.06,False,1.75,0.31000000000000005,26,False
0483,Katrineholm,2019,2.2,False,1.7,0.5000000000000002,26,False
0483,Katrineholm,2020,1.75,False,1.66,0.09000000000000008,26,False
0483,Katrineholm,2021,1.68,False,1.67,0.010000000000000009,26,False
0483,Katrineholm,2022,1.65,False,1.52,0.1299999999999999,26,False
0483,Katrineholm,2023,1.47,False,1.45,0.020000000000000018,26,False
0483,Katrineholm,2024,1.54,False,1.43,0.1100000000000001,26,False
0483,Katrineholm,2025,1.39,False,1.42,-0.030000000000000027,26,False
0484,Eskilstuna,2000,1.57,False,1.54,0.030000000000000027,26,False
0484,Eskilstuna,2001,1.57,False,1.57,0.0,26,False
0484,Eskilstuna,2002,1.67,False,1.65,0.020000000000000018,26,False
0484,Eskilstuna,2003,1.69,False,1.71,-0.020000000000000018,26,False
0484,Eskilstuna,2004,1.66,False,1.75,-0.09000000000000008,26,False
0484,Eskilstuna,2005,1.75,False,1.77,-0.020000000000000018,26,False
0484,Eskilstuna,2006,1.9,False,1.85,0.04999999999999982,26,False
0484,Eskilstuna,2007,1.91,False,1.88,0.030000000000000027,26,False
0484,Eskilstuna,2008,1.94,False,1.91,0.030000000000000027,26,False
0484,Eskilstuna,2009,1.98,False,1.93,0.050000000000000044,26,False
0484,Eskilstuna,2010,2.0,False,1.98,0.020000000000000018,26,False
0484,Eskilstuna,2011,1.98,False,1.9,0.08000000000000007,26,False
0484,Eskilstuna,2012,1.93,False,1.9,0.030000000000000027,26,False
0484,Eskilstuna,2013,1.97,False,1.89,0.08000000000000007,26,False
0484,Eskilstuna,2014,2.01,False,1.88,0.1299999999999999,26,False
0484,Eskilstuna,2015,1.97,False,1.85,0.11999999999999988,26,False
0484,Eskilstuna,2016,2.02,False,1.85,0.16999999999999993,26,False
0484,Eskilstuna,2017,1.89,False,1.78,0.10999999999999988,26,False
0484,Eskilstuna,2018,1.9,False,1.75,0.1499999999999999,26,False
0484,Eskilstuna,2019,1.8,False,1.7,0.10000000000000009,26,False
0484,Eskilstuna,2020,1.73,False,1.66,0.07000000000000006,26,False
0484,Eskilstuna,2021,1.68,False,1.67,0.010000000000000009,26,False
0484,Eskilstuna,2022,1.65,False,1.52,0.1299999999999999,26,False
0484,Eskilstuna,2023,1.44,False,1.45,-0.010000000000000009,26,False
0484,Eskilstuna,2024,1.44,False,1.43,0.010000000000000009,26,False
0484,Eskilstuna,2025,1.48,False,1.42,0.06000000000000005,26,False
0486,Strängnäs,2000,1.78,False,1.54,0.24,26,False
0486,Strängnäs,2001,1.72,False,1.57,0.1499999999999999,26,False
0486,Strängnäs,2002,1.95,False,1.65,0.30000000000000004,26,False
0486,Strängnäs,2003,2.16,False,1.71,0.4500000000000002,26,False
0486,Strängnäs,2004,1.9,False,1.75,0.1499999999999999,26,False
0486,Strängnäs,2005,2.07,False,1.77,0.2999999999999998,26,False
0486,Strängnäs,2006,2.35,False,1.85,0.5,26,False
0486,Strängnäs,2007,2.13,False,1.88,0.25,26,False
0486,Strängnäs,2008,2.06,False,1.91,0.15000000000000013,26,False
0486,Strängnäs,2009,2.2,False,1.93,0.27000000000000024,26,False
0486,Strängnäs,2010,2.24,False,1.98,0.26000000000000023,26,False
0486,Strängnäs,2011,1.83,False,1.9,-0.06999999999999984,26,False
0486,Strängnäs,2012,2.16,False,1.9,0.26000000000000023,26,False
0486,Strängnäs,2013,1.84,False,1.89,-0.04999999999999982,26,False
0486,Strängnäs,2014,2.01,False,1.88,0.1299999999999999,26,False
0486,Strängnäs,2015,1.87,False,1.85,0.020000000000000018,26,False
0486,Strängnäs,2016,1.87,False,1.85,0.020000000000000018,26,False
0486,Strängnäs,2017,2.0,False,1.78,0.21999999999999997,26,False
0486,Strängnäs,2018,1.77,False,1.75,0.020000000000000018,26,False
0486,Strängnäs,2019,1.77,False,1.7,0.07000000000000006,26,False
0486,Strängnäs,2020,1.7,False,1.66,0.040000000000000036,26,False
0486,Strängnäs,2021,1.81,False,1.67,0.14000000000000012,26,False
0486,Strängnäs,2022,1.64,False,1.52,0.11999999999999988,26,False
0486,Strängnäs,2023,1.61,False,1.45,0.16000000000000014,26,False
0486,Strängnäs,2024,1.5,False,1.43,0.07000000000000006,26,False
0486,Strängnäs,2025,1.73,False,1.42,0.31000000000000005,26,False
0488,Trosa,2000,1.94,False,1.54,0.3999999999999999,26,False
0488,Trosa,2001,1.99,False,1.57,0.41999999999999993,26,False
0488,Trosa,2002,2.17,False,1.65,0.52,26,False
0488,Trosa,2003,1.87,False,1.71,0.16000000000000014,26,False
0488,Trosa,2004,1.95,False,1.75,0.19999999999999996,26,False
0488,Trosa,2005,2.26,False,1.77,0.48999999999999977,26,False
0488,Trosa,2006,1.67,False,1.85,-0.18000000000000016,26,False
0488,Trosa,2007,2.34,False,1.88,0.45999999999999996,26,False
0488,Trosa,2008,2.52,False,1.91,0.6100000000000001,26,False
0488,Trosa,2009,1.98,False,1.93,0.050000000000000044,26,False
0488,Trosa,2010,2.4,False,1.98,0.41999999999999993,26,False
0488,Trosa,2011,2.19,False,1.9,0.29000000000000004,26,False
0488,Trosa,2012,1.82,False,1.9,-0.07999999999999985,26,False
0488,Trosa,2013,1.96,False,1.89,0.07000000000000006,26,False
0488,Trosa,2014,2.11,False,1.88,0.22999999999999998,26,False
0488,Trosa,2015,2.12,False,1.85,0.27,26,False
0488,Trosa,2016,1.69,False,1.85,-0.16000000000000014,26,False
0488,Trosa,2017,2.03,False,1.78,0.24999999999999978,26,False
0488,Trosa,2018,1.89,False,1.75,0.1399999999999999,26,False
0488,Trosa,2019,1.65,False,1.7,-0.050000000000000044,26,False
0488,Trosa,2020,1.96,False,1.66,0.30000000000000004,26,False
0488,Trosa,2021,1.87,False,1.67,0.20000000000000018,26,False
0488,Trosa,2022,1.54,False,1.52,0.020000000000000018,26,False
0488,Trosa,2023,1.69,False,1.45,0.24,26,False
0488,Trosa,2024,1.29,False,1.43,-0.1399999999999999,26,False
0488,Trosa,2025,1.45,False,1.42,0.030000000000000027,26,False
0509,Ödeshög,2000,1.59,False,1.54,0.050000000000000044,26,False
0509,Ödeshög,2001,1.48,False,1.57,-0.09000000000000008,26,False
0509,Ödeshög,2002,1.97,False,1.65,0.32000000000000006,26,False
0509,Ödeshög,2003,2.11,False,1.71,0.3999999999999999,26,False
0509,Ödeshög,2004,2.31,False,1.75,0.56,26,False
0509,Ödeshög,2005,2.04,False,1.77,0.27,26,False
0509,Ödeshög,2006,2.41,False,1.85,0.56,26,False
0509,Ödeshög,2007,1.79,False,1.88,-0.08999999999999986,26,False
0509,Ödeshög,2008,2.0,False,1.91,0.09000000000000008,26,False
0509,Ödeshög,2009,1.83,False,1.93,-0.09999999999999987,26,False
0509,Ödeshög,2010,2.12,False,1.98,0.14000000000000012,26,False
0509,Ödeshög,2011,1.74,False,1.9,-0.15999999999999992,26,False
0509,Ödeshög,2012,2.13,False,1.9,0.22999999999999998,26,False
0509,Ödeshög,2013,2.05,False,1.89,0.15999999999999992,26,False
0509,Ödeshög,2014,2.39,False,1.88,0.5100000000000002,26,False
0509,Ödeshög,2015,1.7,False,1.85,-0.15000000000000013,26,False
0509,Ödeshög,2016,2.74,False,1.85,0.8900000000000001,26,False
0509,Ödeshög,2017,2.1,False,1.78,0.32000000000000006,26,False
0509,Ödeshög,2018,2.04,False,1.75,0.29000000000000004,26,False
0509,Ödeshög,2019,2.25,False,1.7,0.55,26,False
0509,Ödeshög,2020,2.41,False,1.66,0.7500000000000002,26,False
0509,Ödeshög,2021,1.5,False,1.67,-0.16999999999999993,26,False
0509,Ödeshög,2022,1.86,False,1.52,0.3400000000000001,26,False
0509,Ödeshög,2023,1.47,False,1.45,0.020000000000000018,26,False
0509,Ödeshög,2024,1.32,False,1.43,-0.10999999999999988,26,False
0509,Ödeshög,2025,2.04,False,1.42,0.6200000000000001,26,False
0512,Ydre,2000,2.17,False,1.54,0.6299999999999999,18,True
0512,Ydre,2001,1.9,False,1.57,0.32999999999999985,18,True
0512,Ydre,2002,1.9,False,1.65,0.25,18,True
0512,Ydre,2003,,False,1.71,,18,True
0512,Ydre,2004,2.44,False,1.75,0.69,18,True
0512,Ydre,2005,2.03,False,1.77,0.2599999999999998,18,True
0512,Ydre,2006,1.94,False,1.85,0.08999999999999986,18,True
0512,Ydre,2007,2.89,False,1.88,1.0100000000000002,18,True
0512,Ydre,2008,,False,1.91,,18,True
0512,Ydre,2009,2.24,False,1.93,0.3100000000000003,18,True
0512,Ydre,2010,2.3,False,1.98,0.31999999999999984,18,True
0512,Ydre,2011,,False,1.9,,18,True
0512,Ydre,2012,2.12,False,1.9,0.2200000000000002,18,True
0512,Ydre,2013,2.61,False,1.89,0.72,18,True
0512,Ydre,2014,2.8,False,1.88,0.9199999999999999,18,True
0512,Ydre,2015,2.18,False,1.85,0.33000000000000007,18,True
0512,Ydre,2016,2.51,False,1.85,0.6599999999999997,18,True
0512,Ydre,2017,2.55,False,1.78,0.7699999999999998,18,True
0512,Ydre,2018,,False,1.75,,18,True
0512,Ydre,2019,2.67,False,1.7,0.97,18,True
0512,Ydre,2020,2.39,False,1.66,0.7300000000000002,18,True
0512,Ydre,2021,2.63,False,1.67,0.96,18,True
0512,Ydre,2022,,False,1.52,,18,True
0512,Ydre,2023,,False,1.45,,18,True
0512,Ydre,2024,,False,1.43,,18,True
0512,Ydre,2025,,False,1.42,,18,True
0513,Kinda,2000,1.84,False,1.54,0.30000000000000004,26,False
0513,Kinda,2001,1.62,False,1.57,0.050000000000000044,26,False
0513,Kinda,2002,1.86,False,1.65,0.2100000000000002,26,False
0513,Kinda,2003,2.01,False,1.71,0.2999999999999998,26,False
0513,Kinda,2004,2.28,False,1.75,0.5299999999999998,26,False
0513,Kinda,2005,1.86,False,1.77,0.09000000000000008,26,False
0513,Kinda,2006,2.26,False,1.85,0.4099999999999997,26,False
0513,Kinda,2007,2.03,False,1.88,0.1499999999999999,26,False
0513,Kinda,2008,2.03,False,1.91,0.11999999999999988,26,False
0513,Kinda,2009,2.3,False,1.93,0.3699999999999999,26,False
0513,Kinda,2010,2.2,False,1.98,0.2200000000000002,26,False
0513,Kinda,2011,2.18,False,1.9,0.28000000000000025,26,False
0513,Kinda,2012,2.54,False,1.9,0.6400000000000001,26,False
0513,Kinda,2013,1.87,False,1.89,-0.019999999999999796,26,False
0513,Kinda,2014,2.33,False,1.88,0.4500000000000002,26,False
0513,Kinda,2015,1.98,False,1.85,0.1299999999999999,26,False
0513,Kinda,2016,3.03,False,1.85,1.1799999999999997,26,False
0513,Kinda,2017,1.86,False,1.78,0.08000000000000007,26,False
0513,Kinda,2018,2.17,False,1.75,0.41999999999999993,26,False
0513,Kinda,2019,2.22,False,1.7,0.5200000000000002,26,False
0513,Kinda,2020,1.9,False,1.66,0.24,26,False
0513,Kinda,2021,1.87,False,1.67,0.20000000000000018,26,False
0513,Kinda,2022,2.16,False,1.52,0.6400000000000001,26,False
0513,Kinda,2023,1.89,False,1.45,0.43999999999999995,26,False
0513,Kinda,2024,1.37,False,1.43,-0.05999999999999983,26,False
0513,Kinda,2025,1.59,False,1.42,0.17000000000000015,26,False
0560,Boxholm,2000,1.88,False,1.54,0.33999999999999986,26,False
0560,Boxholm,2001,1.78,False,1.57,0.20999999999999996,26,False
0560,Boxholm,2002,2.06,False,1.65,0.41000000000000014,26,False
0560,Boxholm,2003,1.61,False,1.71,-0.09999999999999987,26,False
0560,Boxholm,2004,1.46,False,1.75,-0.29000000000000004,26,False
0560,Boxholm,2005,1.74,False,1.77,-0.030000000000000027,26,False
0560,Boxholm,2006,1.93,False,1.85,0.07999999999999985,26,False
0560,Boxholm,2007,2.06,False,1.88,0.18000000000000016,26,False
0560,Boxholm,2008,2.2,False,1.91,0.29000000000000026,26,False
0560,Boxholm,2009,2.39,False,1.93,0.4600000000000002,26,False
0560,Boxholm,2010,2.5,False,1.98,0.52,26,False
0560,Boxholm,2011,2.5,False,1.9,0.6000000000000001,26,False
0560,Boxholm,2012,2.49,False,1.9,0.5900000000000003,26,False
0560,Boxholm,2013,2.43,False,1.89,0.5400000000000003,26,False
0560,Boxholm,2014,2.9,False,1.88,1.02,26,False
0560,Boxholm,2015,2.16,False,1.85,0.31000000000000005,26,False
0560,Boxholm,2016,2.6,False,1.85,0.75,26,False
0560,Boxholm,2017,1.84,False,1.78,0.06000000000000005,26,False
0560,Boxholm,2018,2.08,False,1.75,0.33000000000000007,26,False
0560,Boxholm,2019,1.84,False,1.7,0.14000000000000012,26,False
0560,Boxholm,2020,1.49,False,1.66,-0.16999999999999993,26,False
0560,Boxholm,2021,2.13,False,1.67,0.45999999999999996,26,False
0560,Boxholm,2022,2.07,False,1.52,0.5499999999999998,26,False
0560,Boxholm,2023,1.64,False,1.45,0.18999999999999995,26,False
0560,Boxholm,2024,1.43,False,1.43,0.0,26,False
0560,Boxholm,2025,1.9,False,1.42,0.48,26,False
0561,Åtvidaberg,2000,1.88,False,1.54,0.33999999999999986,26,False
0561,Åtvidaberg,2001,1.73,False,1.57,0.15999999999999992,26,False
0561,Åtvidaberg,2002,2.03,False,1.65,0.3799999999999999,26,False
0561,Åtvidaberg,2003,1.7,False,1.71,-0.010000000000000009,26,False
0561,Åtvidaberg,2004,1.98,False,1.75,0.22999999999999998,26,False
0561,Åtvidaberg,2005,1.83,False,1.77,0.06000000000000005,26,False
0561,Åtvidaberg,2006,2.49,False,1.85,0.6400000000000001,26,False
0561,Åtvidaberg,2007,2.01,False,1.88,0.1299999999999999,26,False
0561,Åtvidaberg,2008,2.39,False,1.91,0.4800000000000002,26,False
0561,Åtvidaberg,2009,2.06,False,1.93,0.13000000000000012,26,False
0561,Åtvidaberg,2010,1.92,False,1.98,-0.06000000000000005,26,False
0561,Åtvidaberg,2011,1.99,False,1.9,0.09000000000000008,26,False
0561,Åtvidaberg,2012,2.0,False,1.9,0.10000000000000009,26,False
0561,Åtvidaberg,2013,1.98,False,1.89,0.09000000000000008,26,False
0561,Åtvidaberg,2014,1.94,False,1.88,0.06000000000000005,26,False
0561,Åtvidaberg,2015,2.33,False,1.85,0.48,26,False
0561,Åtvidaberg,2016,2.47,False,1.85,0.6200000000000001,26,False
0561,Åtvidaberg,2017,2.0,False,1.78,0.21999999999999997,26,False
0561,Åtvidaberg,2018,2.21,False,1.75,0.45999999999999996,26,False
0561,Åtvidaberg,2019,1.66,False,1.7,-0.040000000000000036,26,False
0561,Åtvidaberg,2020,1.64,False,1.66,-0.020000000000000018,26,False
0561,Åtvidaberg,2021,2.27,False,1.67,0.6000000000000001,26,False
0561,Åtvidaberg,2022,1.84,False,1.52,0.32000000000000006,26,False
0561,Åtvidaberg,2023,1.93,False,1.45,0.48,26,False
0561,Åtvidaberg,2024,1.64,False,1.43,0.20999999999999996,26,False
0561,Åtvidaberg,2025,1.86,False,1.42,0.44000000000000017,26,False
0562,Finspång,2000,1.86,False,1.54,0.32000000000000006,26,False
0562,Finspång,2001,1.61,False,1.57,0.040000000000000036,26,False
0562,Finspång,2002,1.68,False,1.65,0.030000000000000027,26,False
0562,Finspång,2003,1.92,False,1.71,0.20999999999999996,26,False
0562,Finspång,2004,1.76,False,1.75,0.010000000000000009,26,False
0562,Finspång,2005,1.91,False,1.77,0.1399999999999999,26,False
0562,Finspång,2006,1.98,False,1.85,0.1299999999999999,26,False
0562,Finspång,2007,1.95,False,1.88,0.07000000000000006,26,False
0562,Finspång,2008,1.87,False,1.91,-0.039999999999999813,26,False
0562,Finspång,2009,2.31,False,1.93,0.3800000000000001,26,False
0562,Finspång,2010,2.25,False,1.98,0.27,26,False
0562,Finspång,2011,2.38,False,1.9,0.48,26,False
0562,Finspång,2012,2.2,False,1.9,0.30000000000000027,26,False
0562,Finspång,2013,2.05,False,1.89,0.15999999999999992,26,False
0562,Finspång,2014,2.14,False,1.88,0.26000000000000023,26,False
0562,Finspång,2015,2.11,False,1.85,0.2599999999999998,26,False
0562,Finspång,2016,1.95,False,1.85,0.09999999999999987,26,False
0562,Finspång,2017,1.87,False,1.78,0.09000000000000008,26,False
0562,Finspång,2018,1.98,False,1.75,0.22999999999999998,26,False
0562,Finspång,2019,1.83,False,1.7,0.13000000000000012,26,False
0562,Finspång,2020,1.84,False,1.66,0.18000000000000016,26,False
0562,Finspång,2021,1.68,False,1.67,0.010000000000000009,26,False
0562,Finspång,2022,1.67,False,1.52,0.1499999999999999,26,False
0562,Finspång,2023,1.55,False,1.45,0.10000000000000009,26,False
0562,Finspång,2024,1.46,False,1.43,0.030000000000000027,26,False
0562,Finspång,2025,1.46,False,1.42,0.040000000000000036,26,False
0563,Valdemarsvik,2000,1.86,False,1.54,0.32000000000000006,26,False
0563,Valdemarsvik,2001,1.72,False,1.57,0.1499999999999999,26,False
0563,Valdemarsvik,2002,2.17,False,1.65,0.52,26,False
0563,Valdemarsvik,2003,1.47,False,1.71,-0.24,26,False
0563,Valdemarsvik,2004,1.99,False,1.75,0.24,26,False
0563,Valdemarsvik,2005,2.28,False,1.77,0.5099999999999998,26,False
0563,Valdemarsvik,2006,1.98,False,1.85,0.1299999999999999,26,False
0563,Valdemarsvik,2007,2.27,False,1.88,0.3900000000000001,26,False
0563,Valdemarsvik,2008,1.89,False,1.91,-0.020000000000000018,26,False
0563,Valdemarsvik,2009,2.16,False,1.93,0.2300000000000002,26,False
0563,Valdemarsvik,2010,1.7,False,1.98,-0.28,26,False
0563,Valdemarsvik,2011,2.03,False,1.9,0.1299999999999999,26,False
0563,Valdemarsvik,2012,2.23,False,1.9,0.33000000000000007,26,False
0563,Valdemarsvik,2013,1.63,False,1.89,-0.26,26,False
0563,Valdemarsvik,2014,2.04,False,1.88,0.16000000000000014,26,False
0563,Valdemarsvik,2015,2.08,False,1.85,0.22999999999999998,26,False
0563,Valdemarsvik,2016,2.25,False,1.85,0.3999999999999999,26,False
0563,Valdemarsvik,2017,2.29,False,1.78,0.51,26,False
0563,Valdemarsvik,2018,2.17,False,1.75,0.41999999999999993,26,False
0563,Valdemarsvik,2019,1.97,False,1.7,0.27,26,False
0563,Valdemarsvik,2020,1.95,False,1.66,0.29000000000000004,26,False
0563,Valdemarsvik,2021,1.73,False,1.67,0.06000000000000005,26,False
0563,Valdemarsvik,2022,1.7,False,1.52,0.17999999999999994,26,False
0563,Valdemarsvik,2023,1.9,False,1.45,0.44999999999999996,26,False
0563,Valdemarsvik,2024,1.53,False,1.43,0.10000000000000009,26,False
0563,Valdemarsvik,2025,1.96,False,1.42,0.54,26,False
0580,Linköping,2000,1.42,False,1.54,-0.1200000000000001,26,False
0580,Linköping,2001,1.49,False,1.57,-0.08000000000000007,26,False
0580,Linköping,2002,1.57,False,1.65,-0.07999999999999985,26,False
0580,Linköping,2003,1.62,False,1.71,-0.08999999999999986,26,False
0580,Linköping,2004,1.64,False,1.75,-0.1100000000000001,26,False
0580,Linköping,2005,1.71,False,1.77,-0.06000000000000005,26,False
0580,Linköping,2006,1.78,False,1.85,-0.07000000000000006,26,False
0580,Linköping,2007,1.77,False,1.88,-0.10999999999999988,26,False
0580,Linköping,2008,1.78,False,1.91,-0.1299999999999999,26,False
0580,Linköping,2009,1.82,False,1.93,-0.10999999999999988,26,False
0580,Linköping,2010,1.84,False,1.98,-0.1399999999999999,26,False
0580,Linköping,2011,1.79,False,1.9,-0.10999999999999988,26,False
0580,Linköping,2012,1.89,False,1.9,-0.010000000000000009,26,False
0580,Linköping,2013,1.82,False,1.89,-0.06999999999999984,26,False
0580,Linköping,2014,1.79,False,1.88,-0.08999999999999986,26,False
0580,Linköping,2015,1.78,False,1.85,-0.07000000000000006,26,False
0580,Linköping,2016,1.73,False,1.85,-0.1200000000000001,26,False
0580,Linköping,2017,1.63,False,1.78,-0.15000000000000013,26,False
0580,Linköping,2018,1.59,False,1.75,-0.15999999999999992,26,False
0580,Linköping,2019,1.63,False,1.7,-0.07000000000000006,26,False
0580,Linköping,2020,1.54,False,1.66,-0.11999999999999988,26,False
0580,Linköping,2021,1.58,False,1.67,-0.08999999999999986,26,False
0580,Linköping,2022,1.38,False,1.52,-0.14000000000000012,26,False
0580,Linköping,2023,1.34,False,1.45,-0.10999999999999988,26,False
0580,Linköping,2024,1.39,False,1.43,-0.040000000000000036,26,False
0580,Linköping,2025,1.31,False,1.42,-0.10999999999999988,26,False
0581,Norrköping,2000,1.52,False,1.54,-0.020000000000000018,26,False
0581,Norrköping,2001,1.53,False,1.57,-0.040000000000000036,26,False
0581,Norrköping,2002,1.6,False,1.65,-0.04999999999999982,26,False
0581,Norrköping,2003,1.64,False,1.71,-0.07000000000000006,26,False
0581,Norrköping,2004,1.72,False,1.75,-0.030000000000000027,26,False
0581,Norrköping,2005,1.76,False,1.77,-0.010000000000000009,26,False
0581,Norrköping,2006,1.79,False,1.85,-0.06000000000000005,26,False
0581,Norrköping,2007,1.85,False,1.88,-0.029999999999999805,26,False
0581,Norrköping,2008,1.93,False,1.91,0.020000000000000018,26,False
0581,Norrköping,2009,2.02,False,1.93,0.09000000000000008,26,False
0581,Norrköping,2010,2.04,False,1.98,0.06000000000000005,26,False
0581,Norrköping,2011,1.85,False,1.9,-0.04999999999999982,26,False
0581,Norrköping,2012,2.03,False,1.9,0.1299999999999999,26,False
0581,Norrköping,2013,2.05,False,1.89,0.15999999999999992,26,False
0581,Norrköping,2014,1.89,False,1.88,0.010000000000000009,26,False
0581,Norrköping,2015,1.91,False,1.85,0.05999999999999983,26,False
0581,Norrköping,2016,1.9,False,1.85,0.04999999999999982,26,False
0581,Norrköping,2017,1.76,False,1.78,-0.020000000000000018,26,False
0581,Norrköping,2018,1.69,False,1.75,-0.06000000000000005,26,False
0581,Norrköping,2019,1.69,False,1.7,-0.010000000000000009,26,False
0581,Norrköping,2020,1.62,False,1.66,-0.039999999999999813,26,False
0581,Norrköping,2021,1.72,False,1.67,0.050000000000000044,26,False
0581,Norrköping,2022,1.55,False,1.52,0.030000000000000027,26,False
0581,Norrköping,2023,1.44,False,1.45,-0.010000000000000009,26,False
0581,Norrköping,2024,1.43,False,1.43,0.0,26,False
0581,Norrköping,2025,1.46,False,1.42,0.040000000000000036,26,False
0582,Söderköping,2000,1.65,False,1.54,0.10999999999999988,26,False
0582,Söderköping,2001,1.63,False,1.57,0.05999999999999983,26,False
0582,Söderköping,2002,1.94,False,1.65,0.29000000000000004,26,False
0582,Söderköping,2003,1.82,False,1.71,0.1100000000000001,26,False
0582,Söderköping,2004,1.86,False,1.75,0.1100000000000001,26,False
0582,Söderköping,2005,1.98,False,1.77,0.20999999999999996,26,False
0582,Söderköping,2006,1.77,False,1.85,-0.08000000000000007,26,False
0582,Söderköping,2007,2.31,False,1.88,0.43000000000000016,26,False
0582,Söderköping,2008,1.78,False,1.91,-0.1299999999999999,26,False
0582,Söderköping,2009,1.99,False,1.93,0.06000000000000005,26,False
0582,Söderköping,2010,2.24,False,1.98,0.26000000000000023,26,False
0582,Söderköping,2011,2.3,False,1.9,0.3999999999999999,26,False
0582,Söderköping,2012,2.19,False,1.9,0.29000000000000004,26,False
0582,Söderköping,2013,2.27,False,1.89,0.3800000000000001,26,False
0582,Söderköping,2014,2.29,False,1.88,0.41000000000000014,26,False
0582,Söderköping,2015,1.99,False,1.85,0.1399999999999999,26,False
0582,Söderköping,2016,2.09,False,1.85,0.23999999999999977,26,False
0582,Söderköping,2017,2.06,False,1.78,0.28,26,False
0582,Söderköping,2018,2.17,False,1.75,0.41999999999999993,26,False
0582,Söderköping,2019,1.95,False,1.7,0.25,26,False
0582,Söderköping,2020,1.6,False,1.66,-0.05999999999999983,26,False
0582,Söderköping,2021,2.12,False,1.67,0.4500000000000002,26,False
0582,Söderköping,2022,1.6,False,1.52,0.08000000000000007,26,False
0582,Söderköping,2023,1.57,False,1.45,0.1200000000000001,26,False
0582,Söderköping,2024,1.5,False,1.43,0.07000000000000006,26,False
0582,Söderköping,2025,1.88,False,1.42,0.45999999999999996,26,False
0583,Motala,2000,1.62,False,1.54,0.08000000000000007,26,False
0583,Motala,2001,1.74,False,1.57,0.16999999999999993,26,False
0583,Motala,2002,1.76,False,1.65,0.1100000000000001,26,False
0583,Motala,2003,1.94,False,1.71,0.22999999999999998,26,False
0583,Motala,2004,1.7,False,1.75,-0.050000000000000044,26,False
0583,Motala,2005,1.84,False,1.77,0.07000000000000006,26,False
0583,Motala,2006,1.96,False,1.85,0.10999999999999988,26,False
0583,Motala,2007,1.96,False,1.88,0.08000000000000007,26,False
0583,Motala,2008,1.94,False,1.91,0.030000000000000027,26,False
0583,Motala,2009,1.93,False,1.93,0.0,26,False
0583,Motala,2010,2.22,False,1.98,0.2400000000000002,26,False
0583,Motala,2011,1.93,False,1.9,0.030000000000000027,26,False
0583,Motala,2012,2.02,False,1.9,0.1200000000000001,26,False
0583,Motala,2013,1.9,False,1.89,0.010000000000000009,26,False
0583,Motala,2014,1.97,False,1.88,0.09000000000000008,26,False
0583,Motala,2015,2.08,False,1.85,0.22999999999999998,26,False
0583,Motala,2016,2.04,False,1.85,0.18999999999999995,26,False
0583,Motala,2017,2.08,False,1.78,0.30000000000000004,26,False
0583,Motala,2018,1.92,False,1.75,0.16999999999999993,26,False
0583,Motala,2019,1.87,False,1.7,0.17000000000000015,26,False
0583,Motala,2020,1.82,False,1.66,0.16000000000000014,26,False
0583,Motala,2021,1.85,False,1.67,0.18000000000000016,26,False
0583,Motala,2022,1.57,False,1.52,0.050000000000000044,26,False
0583,Motala,2023,1.71,False,1.45,0.26,26,False
0583,Motala,2024,1.47,False,1.43,0.040000000000000036,26,False
0583,Motala,2025,1.57,False,1.42,0.15000000000000013,26,False
0584,Vadstena,2000,1.54,False,1.54,0.0,26,False
0584,Vadstena,2001,1.43,False,1.57,-0.14000000000000012,26,False
0584,Vadstena,2002,1.53,False,1.65,-0.11999999999999988,26,False
0584,Vadstena,2003,2.15,False,1.71,0.43999999999999995,26,False
0584,Vadstena,2004,1.82,False,1.75,0.07000000000000006,26,False
0584,Vadstena,2005,1.94,False,1.77,0.16999999999999993,26,False
0584,Vadstena,2006,1.48,False,1.85,-0.3700000000000001,26,False
0584,Vadstena,2007,1.53,False,1.88,-0.34999999999999987,26,False
0584,Vadstena,2008,1.52,False,1.91,-0.3899999999999999,26,False
0584,Vadstena,2009,1.53,False,1.93,-0.3999999999999999,26,False
0584,Vadstena,2010,1.99,False,1.98,0.010000000000000009,26,False
0584,Vadstena,2011,1.55,False,1.9,-0.34999999999999987,26,False
0584,Vadstena,2012,2.43,False,1.9,0.5300000000000002,26,False
0584,Vadstena,2013,1.96,False,1.89,0.07000000000000006,26,False
0584,Vadstena,2014,2.26,False,1.88,0.3799999999999999,26,False
0584,Vadstena,2015,1.68,False,1.85,-0.17000000000000015,26,False
0584,Vadstena,2016,1.6,False,1.85,-0.25,26,False
0584,Vadstena,2017,1.76,False,1.78,-0.020000000000000018,26,False
0584,Vadstena,2018,2.0,False,1.75,0.25,26,False
0584,Vadstena,2019,1.65,False,1.7,-0.050000000000000044,26,False
0584,Vadstena,2020,2.06,False,1.66,0.40000000000000013,26,False
0584,Vadstena,2021,1.46,False,1.67,-0.20999999999999996,26,False
0584,Vadstena,2022,1.41,False,1.52,-0.1100000000000001,26,False
0584,Vadstena,2023,1.67,False,1.45,0.21999999999999997,26,False
0584,Vadstena,2024,1.57,False,1.43,0.14000000000000012,26,False
0584,Vadstena,2025,1.32,False,1.42,-0.09999999999999987,26,False
0586,Mjölby,2000,1.78,False,1.54,0.24,26,False
0586,Mjölby,2001,1.44,False,1.57,-0.13000000000000012,26,False
0586,Mjölby,2002,1.79,False,1.65,0.14000000000000012,26,False
0586,Mjölby,2003,1.74,False,1.71,0.030000000000000027,26,False
0586,Mjölby,2004,1.9,False,1.75,0.1499999999999999,26,False
0586,Mjölby,2005,1.87,False,1.77,0.10000000000000009,26,False
0586,Mjölby,2006,2.01,False,1.85,0.1599999999999997,26,False
0586,Mjölby,2007,1.9,False,1.88,0.020000000000000018,26,False
0586,Mjölby,2008,2.18,False,1.91,0.27000000000000024,26,False
0586,Mjölby,2009,2.11,False,1.93,0.17999999999999994,26,False
0586,Mjölby,2010,1.94,False,1.98,-0.040000000000000036,26,False
0586,Mjölby,2011,1.97,False,1.9,0.07000000000000006,26,False
0586,Mjölby,2012,1.89,False,1.9,-0.010000000000000009,26,False
0586,Mjölby,2013,1.98,False,1.89,0.09000000000000008,26,False
0586,Mjölby,2014,1.97,False,1.88,0.09000000000000008,26,False
0586,Mjölby,2015,2.11,False,1.85,0.2599999999999998,26,False
0586,Mjölby,2016,1.92,False,1.85,0.06999999999999984,26,False
0586,Mjölby,2017,1.96,False,1.78,0.17999999999999994,26,False
0586,Mjölby,2018,1.81,False,1.75,0.06000000000000005,26,False
0586,Mjölby,2019,1.91,False,1.7,0.20999999999999996,26,False
0586,Mjölby,2020,1.81,False,1.66,0.15000000000000013,26,False
0586,Mjölby,2021,1.88,False,1.67,0.20999999999999996,26,False
0586,Mjölby,2022,1.92,False,1.52,0.3999999999999999,26,False
0586,Mjölby,2023,1.64,False,1.45,0.18999999999999995,26,False
0586,Mjölby,2024,1.77,False,1.43,0.3400000000000001,26,False
0586,Mjölby,2025,1.68,False,1.42,0.26,26,False
0604,Aneby,2000,1.89,False,1.54,0.34999999999999987,26,False
0604,Aneby,2001,1.45,False,1.57,-0.1200000000000001,26,False
0604,Aneby,2002,1.86,False,1.65,0.2100000000000002,26,False
0604,Aneby,2003,1.78,False,1.71,0.07000000000000006,26,False
0604,Aneby,2004,1.6,False,1.75,-0.1499999999999999,26,False
0604,Aneby,2005,1.96,False,1.77,0.18999999999999995,26,False
0604,Aneby,2006,2.05,False,1.85,0.19999999999999973,26,False
0604,Aneby,2007,2.26,False,1.88,0.3799999999999999,26,False
0604,Aneby,2008,2.25,False,1.91,0.3400000000000001,26,False
0604,Aneby,2009,1.97,False,1.93,0.040000000000000036,26,False
0604,Aneby,2010,2.23,False,1.98,0.25,26,False
0604,Aneby,2011,2.23,False,1.9,0.33000000000000007,26,False
0604,Aneby,2012,2.38,False,1.9,0.48,26,False
0604,Aneby,2013,2.27,False,1.89,0.3800000000000001,26,False
0604,Aneby,2014,1.68,False,1.88,-0.19999999999999996,26,False
0604,Aneby,2015,2.33,False,1.85,0.48,26,False
0604,Aneby,2016,2.4,False,1.85,0.5499999999999998,26,False
0604,Aneby,2017,2.68,False,1.78,0.9000000000000001,26,False
0604,Aneby,2018,1.56,False,1.75,-0.18999999999999995,26,False
0604,Aneby,2019,2.53,False,1.7,0.8299999999999998,26,False
0604,Aneby,2020,1.78,False,1.66,0.1200000000000001,26,False
0604,Aneby,2021,1.98,False,1.67,0.31000000000000005,26,False
0604,Aneby,2022,1.78,False,1.52,0.26,26,False
0604,Aneby,2023,1.78,False,1.45,0.33000000000000007,26,False
0604,Aneby,2024,1.71,False,1.43,0.28,26,False
0604,Aneby,2025,1.96,False,1.42,0.54,26,False
0617,Gnosjö,2000,1.75,False,1.54,0.20999999999999996,26,False
0617,Gnosjö,2001,1.56,False,1.57,-0.010000000000000009,26,False
0617,Gnosjö,2002,1.95,False,1.65,0.30000000000000004,26,False
0617,Gnosjö,2003,2.03,False,1.71,0.31999999999999984,26,False
0617,Gnosjö,2004,2.35,False,1.75,0.6000000000000001,26,False
0617,Gnosjö,2005,2.28,False,1.77,0.5099999999999998,26,False
0617,Gnosjö,2006,1.76,False,1.85,-0.09000000000000008,26,False
0617,Gnosjö,2007,2.43,False,1.88,0.5500000000000003,26,False
0617,Gnosjö,2008,1.8,False,1.91,-0.10999999999999988,26,False
0617,Gnosjö,2009,2.13,False,1.93,0.19999999999999996,26,False
0617,Gnosjö,2010,1.96,False,1.98,-0.020000000000000018,26,False
0617,Gnosjö,2011,2.02,False,1.9,0.1200000000000001,26,False
0617,Gnosjö,2012,1.95,False,1.9,0.050000000000000044,26,False
0617,Gnosjö,2013,1.83,False,1.89,-0.05999999999999983,26,False
0617,Gnosjö,2014,2.1,False,1.88,0.2200000000000002,26,False
0617,Gnosjö,2015,2.23,False,1.85,0.3799999999999999,26,False
0617,Gnosjö,2016,2.14,False,1.85,0.29000000000000004,26,False
0617,Gnosjö,2017,2.31,False,1.78,0.53,26,False
0617,Gnosjö,2018,2.47,False,1.75,0.7200000000000002,26,False
0617,Gnosjö,2019,2.01,False,1.7,0.30999999999999983,26,False
0617,Gnosjö,2020,1.83,False,1.66,0.17000000000000015,26,False
0617,Gnosjö,2021,2.22,False,1.67,0.5500000000000003,26,False
0617,Gnosjö,2022,1.5,False,1.52,-0.020000000000000018,26,False
0617,Gnosjö,2023,1.8,False,1.45,0.3500000000000001,26,False
0617,Gnosjö,2024,1.61,False,1.43,0.18000000000000016,26,False
0617,Gnosjö,2025,1.57,False,1.42,0.15000000000000013,26,False
0642,Mullsjö,2000,1.31,False,1.54,-0.22999999999999998,26,False
0642,Mullsjö,2001,1.83,False,1.57,0.26,26,False
0642,Mullsjö,2002,2.14,False,1.65,0.4900000000000002,26,False
0642,Mullsjö,2003,2.24,False,1.71,0.5300000000000002,26,False
0642,Mullsjö,2004,1.7,False,1.75,-0.050000000000000044,26,False
0642,Mullsjö,2005,2.43,False,1.77,0.6600000000000001,26,False
0642,Mullsjö,2006,2.06,False,1.85,0.20999999999999996,26,False
0642,Mullsjö,2007,2.44,False,1.88,0.56,26,False
0642,Mullsjö,2008,2.64,False,1.91,0.7300000000000002,26,False
0642,Mullsjö,2009,1.84,False,1.93,-0.08999999999999986,26,False
0642,Mullsjö,2010,2.64,False,1.98,0.6600000000000001,26,False
0642,Mullsjö,2011,2.32,False,1.9,0.41999999999999993,26,False
0642,Mullsjö,2012,2.26,False,1.9,0.3599999999999999,26,False
0642,Mullsjö,2013,2.03,False,1.89,0.1399999999999999,26,False
0642,Mullsjö,2014,2.04,False,1.88,0.16000000000000014,26,False
0642,Mullsjö,2015,2.11,False,1.85,0.2599999999999998,26,False
0642,Mullsjö,2016,2.52,False,1.85,0.6699999999999999,26,False
0642,Mullsjö,2017,1.39,False,1.78,-0.3900000000000001,26,False
0642,Mullsjö,2018,1.99,False,1.75,0.24,26,False
0642,Mullsjö,2019,1.97,False,1.7,0.27,26,False
0642,Mullsjö,2020,2.06,False,1.66,0.40000000000000013,26,False
0642,Mullsjö,2021,1.87,False,1.67,0.20000000000000018,26,False
0642,Mullsjö,2022,1.84,False,1.52,0.32000000000000006,26,False
0642,Mullsjö,2023,2.34,False,1.45,0.8899999999999999,26,False
0642,Mullsjö,2024,1.73,False,1.43,0.30000000000000004,26,False
0642,Mullsjö,2025,1.76,False,1.42,0.3400000000000001,26,False
0643,Habo,2000,1.76,False,1.54,0.21999999999999997,26,False
0643,Habo,2001,1.73,False,1.57,0.15999999999999992,26,False
0643,Habo,2002,2.08,False,1.65,0.43000000000000016,26,False
0643,Habo,2003,2.42,False,1.71,0.71,26,False
0643,Habo,2004,2.6,False,1.75,0.8500000000000001,26,False
0643,Habo,2005,1.94,False,1.77,0.16999999999999993,26,False
0643,Habo,2006,2.82,False,1.85,0.9699999999999998,26,False
0643,Habo,2007,2.48,False,1.88,0.6000000000000001,26,False
0643,Habo,2008,2.64,False,1.91,0.7300000000000002,26,False
0643,Habo,2009,2.1,False,1.93,0.17000000000000015,26,False
0643,Habo,2010,2.86,False,1.98,0.8799999999999999,26,False
0643,Habo,2011,2.34,False,1.9,0.43999999999999995,26,False
0643,Habo,2012,2.61,False,1.9,0.71,26,False
0643,Habo,2013,2.49,False,1.89,0.6000000000000003,26,False
0643,Habo,2014,2.49,False,1.88,0.6100000000000003,26,False
0643,Habo,2015,2.44,False,1.85,0.5899999999999999,26,False
0643,Habo,2016,2.49,False,1.85,0.6400000000000001,26,False
0643,Habo,2017,2.5,False,1.78,0.72,26,False
0643,Habo,2018,2.14,False,1.75,0.3900000000000001,26,False
0643,Habo,2019,2.23,False,1.7,0.53,26,False
0643,Habo,2020,2.33,False,1.66,0.6700000000000002,26,False
0643,Habo,2021,2.13,False,1.67,0.45999999999999996,26,False
0643,Habo,2022,1.66,False,1.52,0.1399999999999999,26,False
0643,Habo,2023,2.08,False,1.45,0.6300000000000001,26,False
0643,Habo,2024,1.87,False,1.43,0.44000000000000017,26,False
0643,Habo,2025,1.92,False,1.42,0.5,26,False
0662,Gislaved,2000,1.8,False,1.54,0.26,26,False
0662,Gislaved,2001,1.9,False,1.57,0.32999999999999985,26,False
0662,Gislaved,2002,1.84,False,1.65,0.19000000000000017,26,False
0662,Gislaved,2003,1.97,False,1.71,0.26,26,False
0662,Gislaved,2004,1.96,False,1.75,0.20999999999999996,26,False
0662,Gislaved,2005,2.01,False,1.77,0.23999999999999977,26,False
0662,Gislaved,2006,2.19,False,1.85,0.33999999999999986,26,False
0662,Gislaved,2007,2.1,False,1.88,0.2200000000000002,26,False
0662,Gislaved,2008,2.15,False,1.91,0.24,26,False
0662,Gislaved,2009,2.09,False,1.93,0.15999999999999992,26,False
0662,Gislaved,2010,2.13,False,1.98,0.1499999999999999,26,False
0662,Gislaved,2011,1.97,False,1.9,0.07000000000000006,26,False
0662,Gislaved,2012,1.93,False,1.9,0.030000000000000027,26,False
0662,Gislaved,2013,2.14,False,1.89,0.2500000000000002,26,False
0662,Gislaved,2014,2.08,False,1.88,0.20000000000000018,26,False
0662,Gislaved,2015,2.19,False,1.85,0.33999999999999986,26,False
0662,Gislaved,2016,2.07,False,1.85,0.21999999999999975,26,False
0662,Gislaved,2017,2.01,False,1.78,0.22999999999999976,26,False
0662,Gislaved,2018,1.82,False,1.75,0.07000000000000006,26,False
0662,Gislaved,2019,2.15,False,1.7,0.44999999999999996,26,False
0662,Gislaved,2020,1.89,False,1.66,0.22999999999999998,26,False
0662,Gislaved,2021,1.91,False,1.67,0.24,26,False
0662,Gislaved,2022,1.72,False,1.52,0.19999999999999996,26,False
0662,Gislaved,2023,1.54,False,1.45,0.09000000000000008,26,False
0662,Gislaved,2024,1.85,False,1.43,0.42000000000000015,26,False
0662,Gislaved,2025,1.53,False,1.42,0.1100000000000001,26,False
0665,Vaggeryd,2000,1.72,False,1.54,0.17999999999999994,26,False
0665,Vaggeryd,2001,2.18,False,1.57,0.6100000000000001,26,False
0665,Vaggeryd,2002,2.05,False,1.65,0.3999999999999999,26,False
0665,Vaggeryd,2003,2.37,False,1.71,0.6600000000000001,26,False
0665,Vaggeryd,2004,2.26,False,1.75,0.5099999999999998,26,False
0665,Vaggeryd,2005,2.04,False,1.77,0.27,26,False
0665,Vaggeryd,2006,2.05,False,1.85,0.19999999999999973,26,False
0665,Vaggeryd,2007,2.49,False,1.88,0.6100000000000003,26,False
0665,Vaggeryd,2008,2.32,False,1.91,0.4099999999999999,26,False
0665,Vaggeryd,2009,2.31,False,1.93,0.3800000000000001,26,False
0665,Vaggeryd,2010,2.39,False,1.98,0.41000000000000014,26,False
0665,Vaggeryd,2011,2.49,False,1.9,0.5900000000000003,26,False
0665,Vaggeryd,2012,2.31,False,1.9,0.41000000000000014,26,False
0665,Vaggeryd,2013,2.17,False,1.89,0.28,26,False
0665,Vaggeryd,2014,2.07,False,1.88,0.18999999999999995,26,False
0665,Vaggeryd,2015,2.08,False,1.85,0.22999999999999998,26,False
0665,Vaggeryd,2016,2.19,False,1.85,0.33999999999999986,26,False
0665,Vaggeryd,2017,1.95,False,1.78,0.16999999999999993,26,False
0665,Vaggeryd,2018,2.22,False,1.75,0.4700000000000002,26,False
0665,Vaggeryd,2019,1.93,False,1.7,0.22999999999999998,26,False
0665,Vaggeryd,2020,2.12,False,1.66,0.4600000000000002,26,False
0665,Vaggeryd,2021,2.22,False,1.67,0.5500000000000003,26,False
0665,Vaggeryd,2022,2.06,False,1.52,0.54,26,False
0665,Vaggeryd,2023,1.77,False,1.45,0.32000000000000006,26,False
0665,Vaggeryd,2024,1.72,False,1.43,0.29000000000000004,26,False
0665,Vaggeryd,2025,1.62,False,1.42,0.20000000000000018,26,False
0680,Jönköping,2000,1.59,False,1.54,0.050000000000000044,26,False
0680,Jönköping,2001,1.58,False,1.57,0.010000000000000009,26,False
0680,Jönköping,2002,1.66,False,1.65,0.010000000000000009,26,False
0680,Jönköping,2003,1.69,False,1.71,-0.020000000000000018,26,False
0680,Jönköping,2004,1.81,False,1.75,0.06000000000000005,26,False
0680,Jönköping,2005,1.74,False,1.77,-0.030000000000000027,26,False
0680,Jönköping,2006,1.86,False,1.85,0.010000000000000009,26,False
0680,Jönköping,2007,1.88,False,1.88,0.0,26,False
0680,Jönköping,2008,1.95,False,1.91,0.040000000000000036,26,False
0680,Jönköping,2009,2.0,False,1.93,0.07000000000000006,26,False
0680,Jönköping,2010,2.03,False,1.98,0.04999999999999982,26,False
0680,Jönköping,2011,1.99,False,1.9,0.09000000000000008,26,False
0680,Jönköping,2012,1.97,False,1.9,0.07000000000000006,26,False
0680,Jönköping,2013,1.89,False,1.89,0.0,26,False
0680,Jönköping,2014,1.91,False,1.88,0.030000000000000027,26,False
0680,Jönköping,2015,1.87,False,1.85,0.020000000000000018,26,False
0680,Jönköping,2016,1.9,False,1.85,0.04999999999999982,26,False
0680,Jönköping,2017,1.75,False,1.78,-0.030000000000000027,26,False
0680,Jönköping,2018,1.78,False,1.75,0.030000000000000027,26,False
0680,Jönköping,2019,1.69,False,1.7,-0.010000000000000009,26,False
0680,Jönköping,2020,1.69,False,1.66,0.030000000000000027,26,False
0680,Jönköping,2021,1.66,False,1.67,-0.010000000000000009,26,False
0680,Jönköping,2022,1.51,False,1.52,-0.010000000000000009,26,False
0680,Jönköping,2023,1.52,False,1.45,0.07000000000000006,26,False
0680,Jönköping,2024,1.43,False,1.43,0.0,26,False
0680,Jönköping,2025,1.44,False,1.42,0.020000000000000018,26,False
0682,Nässjö,2000,1.61,False,1.54,0.07000000000000006,26,False
0682,Nässjö,2001,1.88,False,1.57,0.30999999999999983,26,False
0682,Nässjö,2002,1.93,False,1.65,0.28,26,False
0682,Nässjö,2003,1.92,False,1.71,0.20999999999999996,26,False
0682,Nässjö,2004,1.93,False,1.75,0.17999999999999994,26,False
0682,Nässjö,2005,2.14,False,1.77,0.3700000000000001,26,False
0682,Nässjö,2006,2.01,False,1.85,0.1599999999999997,26,False
0682,Nässjö,2007,2.15,False,1.88,0.27,26,False
0682,Nässjö,2008,2.0,False,1.91,0.09000000000000008,26,False
0682,Nässjö,2009,1.91,False,1.93,-0.020000000000000018,26,False
0682,Nässjö,2010,2.04,False,1.98,0.06000000000000005,26,False
0682,Nässjö,2011,2.2,False,1.9,0.30000000000000027,26,False
0682,Nässjö,2012,1.99,False,1.9,0.09000000000000008,26,False
0682,Nässjö,2013,2.22,False,1.89,0.3300000000000003,26,False
0682,Nässjö,2014,2.26,False,1.88,0.3799999999999999,26,False
0682,Nässjö,2015,2.28,False,1.85,0.4299999999999997,26,False
0682,Nässjö,2016,2.11,False,1.85,0.2599999999999998,26,False
0682,Nässjö,2017,2.36,False,1.78,0.5799999999999998,26,False
0682,Nässjö,2018,2.25,False,1.75,0.5,26,False
0682,Nässjö,2019,2.05,False,1.7,0.34999999999999987,26,False
0682,Nässjö,2020,2.14,False,1.66,0.4800000000000002,26,False
0682,Nässjö,2021,1.84,False,1.67,0.17000000000000015,26,False
0682,Nässjö,2022,1.9,False,1.52,0.3799999999999999,26,False
0682,Nässjö,2023,1.62,False,1.45,0.17000000000000015,26,False
0682,Nässjö,2024,1.73,False,1.43,0.30000000000000004,26,False
0682,Nässjö,2025,1.55,False,1.42,0.13000000000000012,26,False
0683,Värnamo,2000,1.69,False,1.54,0.1499999999999999,26,False
0683,Värnamo,2001,1.74,False,1.57,0.16999999999999993,26,False
0683,Värnamo,2002,1.98,False,1.65,0.33000000000000007,26,False
0683,Värnamo,2003,1.87,False,1.71,0.16000000000000014,26,False
0683,Värnamo,2004,2.13,False,1.75,0.3799999999999999,26,False
0683,Värnamo,2005,1.92,False,1.77,0.1499999999999999,26,False
0683,Värnamo,2006,2.01,False,1.85,0.1599999999999997,26,False
0683,Värnamo,2007,2.0,False,1.88,0.1200000000000001,26,False
0683,Värnamo,2008,1.99,False,1.91,0.08000000000000007,26,False
0683,Värnamo,2009,2.19,False,1.93,0.26,26,False
0683,Värnamo,2010,2.14,False,1.98,0.16000000000000014,26,False
0683,Värnamo,2011,2.13,False,1.9,0.22999999999999998,26,False
0683,Värnamo,2012,2.04,False,1.9,0.14000000000000012,26,False
0683,Värnamo,2013,2.06,False,1.89,0.17000000000000015,26,False
0683,Värnamo,2014,2.12,False,1.88,0.2400000000000002,26,False
0683,Värnamo,2015,1.98,False,1.85,0.1299999999999999,26,False
0683,Värnamo,2016,1.85,False,1.85,0.0,26,False
0683,Värnamo,2017,1.82,False,1.78,0.040000000000000036,26,False
0683,Värnamo,2018,2.02,False,1.75,0.27,26,False
0683,Värnamo,2019,1.77,False,1.7,0.07000000000000006,26,False
0683,Värnamo,2020,1.71,False,1.66,0.050000000000000044,26,False
0683,Värnamo,2021,1.76,False,1.67,0.09000000000000008,26,False
0683,Värnamo,2022,1.76,False,1.52,0.24,26,False
0683,Värnamo,2023,1.72,False,1.45,0.27,26,False
0683,Värnamo,2024,1.72,False,1.43,0.29000000000000004,26,False
0683,Värnamo,2025,1.73,False,1.42,0.31000000000000005,26,False
0684,Sävsjö,2000,1.7,False,1.54,0.15999999999999992,26,False
0684,Sävsjö,2001,1.56,False,1.57,-0.010000000000000009,26,False
0684,Sävsjö,2002,2.36,False,1.65,0.71,26,False
0684,Sävsjö,2003,2.09,False,1.71,0.3799999999999999,26,False
0684,Sävsjö,2004,2.36,False,1.75,0.6099999999999999,26,False
0684,Sävsjö,2005,2.25,False,1.77,0.48,26,False
0684,Sävsjö,2006,1.98,False,1.85,0.1299999999999999,26,False
0684,Sävsjö,2007,2.06,False,1.88,0.18000000000000016,26,False
0684,Sävsjö,2008,2.12,False,1.91,0.2100000000000002,26,False
0684,Sävsjö,2009,2.47,False,1.93,0.5400000000000003,26,False
0684,Sävsjö,2010,2.41,False,1.98,0.43000000000000016,26,False
0684,Sävsjö,2011,2.03,False,1.9,0.1299999999999999,26,False
0684,Sävsjö,2012,1.77,False,1.9,-0.1299999999999999,26,False
0684,Sävsjö,2013,2.22,False,1.89,0.3300000000000003,26,False
0684,Sävsjö,2014,2.35,False,1.88,0.4700000000000002,26,False
0684,Sävsjö,2015,2.17,False,1.85,0.31999999999999984,26,False
0684,Sävsjö,2016,2.58,False,1.85,0.73,26,False
0684,Sävsjö,2017,2.3,False,1.78,0.5199999999999998,26,False
0684,Sävsjö,2018,2.48,False,1.75,0.73,26,False
0684,Sävsjö,2019,2.25,False,1.7,0.55,26,False
0684,Sävsjö,2020,2.38,False,1.66,0.72,26,False
0684,Sävsjö,2021,2.17,False,1.67,0.5,26,False
0684,Sävsjö,2022,2.26,False,1.52,0.7399999999999998,26,False
0684,Sävsjö,2023,2.13,False,1.45,0.6799999999999999,26,False
0684,Sävsjö,2024,1.41,False,1.43,-0.020000000000000018,26,False
0684,Sävsjö,2025,2.18,False,1.42,0.7600000000000002,26,False
0685,Vetlanda,2000,1.63,False,1.54,0.08999999999999986,26,False
0685,Vetlanda,2001,2.01,False,1.57,0.4399999999999997,26,False
0685,Vetlanda,2002,1.85,False,1.65,0.20000000000000018,26,False
0685,Vetlanda,2003,1.84,False,1.71,0.13000000000000012,26,False
0685,Vetlanda,2004,2.11,False,1.75,0.3599999999999999,26,False
0685,Vetlanda,2005,1.97,False,1.77,0.19999999999999996,26,False
0685,Vetlanda,2006,2.09,False,1.85,0.23999999999999977,26,False
0685,Vetlanda,2007,1.99,False,1.88,0.1100000000000001,26,False
0685,Vetlanda,2008,2.43,False,1.91,0.5200000000000002,26,False
0685,Vetlanda,2009,2.4,False,1.93,0.47,26,False
0685,Vetlanda,2010,2.37,False,1.98,0.3900000000000001,26,False
0685,Vetlanda,2011,2.53,False,1.9,0.6299999999999999,26,False
0685,Vetlanda,2012,2.14,False,1.9,0.2400000000000002,26,False
0685,Vetlanda,2013,2.12,False,1.89,0.2300000000000002,26,False
0685,Vetlanda,2014,2.15,False,1.88,0.27,26,False
0685,Vetlanda,2015,2.14,False,1.85,0.29000000000000004,26,False
0685,Vetlanda,2016,2.23,False,1.85,0.3799999999999999,26,False
0685,Vetlanda,2017,1.95,False,1.78,0.16999999999999993,26,False
0685,Vetlanda,2018,2.08,False,1.75,0.33000000000000007,26,False
0685,Vetlanda,2019,1.9,False,1.7,0.19999999999999996,26,False
0685,Vetlanda,2020,2.27,False,1.66,0.6100000000000001,26,False
0685,Vetlanda,2021,2.05,False,1.67,0.3799999999999999,26,False
0685,Vetlanda,2022,1.59,False,1.52,0.07000000000000006,26,False
0685,Vetlanda,2023,1.79,False,1.45,0.3400000000000001,26,False
0685,Vetlanda,2024,2.0,False,1.43,0.5700000000000001,26,False
0685,Vetlanda,2025,1.65,False,1.42,0.22999999999999998,26,False
0686,Eksjö,2000,1.66,False,1.54,0.11999999999999988,26,False
0686,Eksjö,2001,1.89,False,1.57,0.31999999999999984,26,False
0686,Eksjö,2002,2.03,False,1.65,0.3799999999999999,26,False
0686,Eksjö,2003,2.07,False,1.71,0.3599999999999999,26,False
0686,Eksjö,2004,1.72,False,1.75,-0.030000000000000027,26,False
0686,Eksjö,2005,2.24,False,1.77,0.4700000000000002,26,False
0686,Eksjö,2006,1.92,False,1.85,0.06999999999999984,26,False
0686,Eksjö,2007,1.55,False,1.88,-0.32999999999999985,26,False
0686,Eksjö,2008,1.96,False,1.91,0.050000000000000044,26,False
0686,Eksjö,2009,1.95,False,1.93,0.020000000000000018,26,False
0686,Eksjö,2010,1.94,False,1.98,-0.040000000000000036,26,False
0686,Eksjö,2011,2.34,False,1.9,0.43999999999999995,26,False
0686,Eksjö,2012,2.11,False,1.9,0.20999999999999996,26,False
0686,Eksjö,2013,2.23,False,1.89,0.3400000000000001,26,False
0686,Eksjö,2014,2.15,False,1.88,0.27,26,False
0686,Eksjö,2015,2.12,False,1.85,0.27,26,False
0686,Eksjö,2016,1.93,False,1.85,0.07999999999999985,26,False
0686,Eksjö,2017,2.16,False,1.78,0.3800000000000001,26,False
0686,Eksjö,2018,2.02,False,1.75,0.27,26,False
0686,Eksjö,2019,1.85,False,1.7,0.15000000000000013,26,False
0686,Eksjö,2020,2.02,False,1.66,0.3600000000000001,26,False
0686,Eksjö,2021,1.99,False,1.67,0.32000000000000006,26,False
0686,Eksjö,2022,1.76,False,1.52,0.24,26,False
0686,Eksjö,2023,1.62,False,1.45,0.17000000000000015,26,False
0686,Eksjö,2024,1.61,False,1.43,0.18000000000000016,26,False
0686,Eksjö,2025,1.48,False,1.42,0.06000000000000005,26,False
0687,Tranås,2000,1.59,False,1.54,0.050000000000000044,26,False
0687,Tranås,2001,1.71,False,1.57,0.1399999999999999,26,False
0687,Tranås,2002,1.75,False,1.65,0.10000000000000009,26,False
0687,Tranås,2003,1.94,False,1.71,0.22999999999999998,26,False
0687,Tranås,2004,2.06,False,1.75,0.31000000000000005,26,False
0687,Tranås,2005,1.88,False,1.77,0.10999999999999988,26,False
0687,Tranås,2006,2.12,False,1.85,0.27,26,False
0687,Tranås,2007,2.11,False,1.88,0.22999999999999998,26,False
0687,Tranås,2008,1.83,False,1.91,-0.07999999999999985,26,False
0687,Tranås,2009,1.9,False,1.93,-0.030000000000000027,26,False
0687,Tranås,2010,1.94,False,1.98,-0.040000000000000036,26,False
0687,Tranås,2011,2.11,False,1.9,0.20999999999999996,26,False
0687,Tranås,2012,2.26,False,1.9,0.3599999999999999,26,False
0687,Tranås,2013,1.68,False,1.89,-0.20999999999999996,26,False
0687,Tranås,2014,2.12,False,1.88,0.2400000000000002,26,False
0687,Tranås,2015,1.75,False,1.85,-0.10000000000000009,26,False
0687,Tranås,2016,2.0,False,1.85,0.1499999999999999,26,False
0687,Tranås,2017,1.93,False,1.78,0.1499999999999999,26,False
0687,Tranås,2018,1.89,False,1.75,0.1399999999999999,26,False
0687,Tranås,2019,1.96,False,1.7,0.26,26,False
0687,Tranås,2020,2.14,False,1.66,0.4800000000000002,26,False
0687,Tranås,2021,1.93,False,1.67,0.26,26,False
0687,Tranås,2022,2.04,False,1.52,0.52,26,False
0687,Tranås,2023,1.44,False,1.45,-0.010000000000000009,26,False
0687,Tranås,2024,1.46,False,1.43,0.030000000000000027,26,False
0687,Tranås,2025,1.62,False,1.42,0.20000000000000018,26,False
0760,Uppvidinge,2000,1.57,False,1.54,0.030000000000000027,26,False
0760,Uppvidinge,2001,1.91,False,1.57,0.33999999999999986,26,False
0760,Uppvidinge,2002,2.0,False,1.65,0.3500000000000001,26,False
0760,Uppvidinge,2003,1.9,False,1.71,0.18999999999999995,26,False
0760,Uppvidinge,2004,1.78,False,1.75,0.030000000000000027,26,False
0760,Uppvidinge,2005,1.58,False,1.77,-0.18999999999999995,26,False
0760,Uppvidinge,2006,2.17,False,1.85,0.31999999999999984,26,False
0760,Uppvidinge,2007,1.98,False,1.88,0.10000000000000009,26,False
0760,Uppvidinge,2008,2.0,False,1.91,0.09000000000000008,26,False
0760,Uppvidinge,2009,1.99,False,1.93,0.06000000000000005,26,False
0760,Uppvidinge,2010,2.21,False,1.98,0.22999999999999998,26,False
0760,Uppvidinge,2011,2.12,False,1.9,0.2200000000000002,26,False
0760,Uppvidinge,2012,1.72,False,1.9,-0.17999999999999994,26,False
0760,Uppvidinge,2013,2.14,False,1.89,0.2500000000000002,26,False
0760,Uppvidinge,2014,2.21,False,1.88,0.33000000000000007,26,False
0760,Uppvidinge,2015,2.02,False,1.85,0.16999999999999993,26,False
0760,Uppvidinge,2016,2.53,False,1.85,0.6799999999999997,26,False
0760,Uppvidinge,2017,2.15,False,1.78,0.3699999999999999,26,False
0760,Uppvidinge,2018,2.5,False,1.75,0.75,26,False
0760,Uppvidinge,2019,2.25,False,1.7,0.55,26,False
0760,Uppvidinge,2020,1.79,False,1.66,0.13000000000000012,26,False
0760,Uppvidinge,2021,2.1,False,1.67,0.43000000000000016,26,False
0760,Uppvidinge,2022,2.3,False,1.52,0.7799999999999998,26,False
0760,Uppvidinge,2023,1.85,False,1.45,0.40000000000000013,26,False
0760,Uppvidinge,2024,1.85,False,1.43,0.42000000000000015,26,False
0760,Uppvidinge,2025,1.94,False,1.42,0.52,26,False
0761,Lessebo,2000,1.62,False,1.54,0.08000000000000007,26,False
0761,Lessebo,2001,2.14,False,1.57,0.5700000000000001,26,False
0761,Lessebo,2002,2.08,False,1.65,0.43000000000000016,26,False
0761,Lessebo,2003,1.93,False,1.71,0.21999999999999997,26,False
0761,Lessebo,2004,2.3,False,1.75,0.5499999999999998,26,False
0761,Lessebo,2005,1.91,False,1.77,0.1399999999999999,26,False
0761,Lessebo,2006,2.34,False,1.85,0.48999999999999977,26,False
0761,Lessebo,2007,2.09,False,1.88,0.20999999999999996,26,False
0761,Lessebo,2008,2.32,False,1.91,0.4099999999999999,26,False
0761,Lessebo,2009,2.02,False,1.93,0.09000000000000008,26,False
0761,Lessebo,2010,2.52,False,1.98,0.54,26,False
0761,Lessebo,2011,1.74,False,1.9,-0.15999999999999992,26,False
0761,Lessebo,2012,1.86,False,1.9,-0.039999999999999813,26,False
0761,Lessebo,2013,2.24,False,1.89,0.3500000000000003,26,False
0761,Lessebo,2014,1.92,False,1.88,0.040000000000000036,26,False
0761,Lessebo,2015,2.28,False,1.85,0.4299999999999997,26,False
0761,Lessebo,2016,3.05,False,1.85,1.1999999999999997,26,False
0761,Lessebo,2017,2.4,False,1.78,0.6199999999999999,26,False
0761,Lessebo,2018,2.36,False,1.75,0.6099999999999999,26,False
0761,Lessebo,2019,2.29,False,1.7,0.5900000000000001,26,False
0761,Lessebo,2020,2.23,False,1.66,0.5700000000000001,26,False
0761,Lessebo,2021,2.2,False,1.67,0.5300000000000002,26,False
0761,Lessebo,2022,1.85,False,1.52,0.33000000000000007,26,False
0761,Lessebo,2023,1.8,False,1.45,0.3500000000000001,26,False
0761,Lessebo,2024,1.95,False,1.43,0.52,26,False
0761,Lessebo,2025,1.9,False,1.42,0.48,26,False
0763,Tingsryd,2000,1.79,False,1.54,0.25,26,False
0763,Tingsryd,2001,1.64,False,1.57,0.06999999999999984,26,False
0763,Tingsryd,2002,1.78,False,1.65,0.13000000000000012,26,False
0763,Tingsryd,2003,1.99,False,1.71,0.28,26,False
0763,Tingsryd,2004,1.52,False,1.75,-0.22999999999999998,26,False
0763,Tingsryd,2005,1.82,False,1.77,0.050000000000000044,26,False
0763,Tingsryd,2006,2.46,False,1.85,0.6099999999999999,26,False
0763,Tingsryd,2007,1.66,False,1.88,-0.21999999999999997,26,False
0763,Tingsryd,2008,2.08,False,1.91,0.17000000000000015,26,False
0763,Tingsryd,2009,1.64,False,1.93,-0.29000000000000004,26,False
0763,Tingsryd,2010,2.3,False,1.98,0.31999999999999984,26,False
0763,Tingsryd,2011,1.71,False,1.9,-0.18999999999999995,26,False
0763,Tingsryd,2012,2.21,False,1.9,0.31000000000000005,26,False
0763,Tingsryd,2013,1.84,False,1.89,-0.04999999999999982,26,False
0763,Tingsryd,2014,2.2,False,1.88,0.3200000000000003,26,False
0763,Tingsryd,2015,1.94,False,1.85,0.08999999999999986,26,False
0763,Tingsryd,2016,2.2,False,1.85,0.3500000000000001,26,False
0763,Tingsryd,2017,1.98,False,1.78,0.19999999999999996,26,False
0763,Tingsryd,2018,2.17,False,1.75,0.41999999999999993,26,False
0763,Tingsryd,2019,1.99,False,1.7,0.29000000000000004,26,False
0763,Tingsryd,2020,1.99,False,1.66,0.33000000000000007,26,False
0763,Tingsryd,2021,1.97,False,1.67,0.30000000000000004,26,False
0763,Tingsryd,2022,1.82,False,1.52,0.30000000000000004,26,False
0763,Tingsryd,2023,1.82,False,1.45,0.3700000000000001,26,False
0763,Tingsryd,2024,1.41,False,1.43,-0.020000000000000018,26,False
0763,Tingsryd,2025,1.23,False,1.42,-0.18999999999999995,26,False
0764,Alvesta,2000,1.68,False,1.54,0.1399999999999999,26,False
0764,Alvesta,2001,1.88,False,1.57,0.30999999999999983,26,False
0764,Alvesta,2002,2.12,False,1.65,0.4700000000000002,26,False
0764,Alvesta,2003,1.85,False,1.71,0.14000000000000012,26,False
0764,Alvesta,2004,2.31,False,1.75,0.56,26,False
0764,Alvesta,2005,1.76,False,1.77,-0.010000000000000009,26,False
0764,Alvesta,2006,2.14,False,1.85,0.29000000000000004,26,False
0764,Alvesta,2007,2.13,False,1.88,0.25,26,False
0764,Alvesta,2008,2.2,False,1.91,0.29000000000000026,26,False
0764,Alvesta,2009,2.18,False,1.93,0.2500000000000002,26,False
0764,Alvesta,2010,2.23,False,1.98,0.25,26,False
0764,Alvesta,2011,2.07,False,1.9,0.16999999999999993,26,False
0764,Alvesta,2012,2.09,False,1.9,0.18999999999999995,26,False
0764,Alvesta,2013,2.25,False,1.89,0.3600000000000001,26,False
0764,Alvesta,2014,2.29,False,1.88,0.41000000000000014,26,False
0764,Alvesta,2015,2.22,False,1.85,0.3700000000000001,26,False
0764,Alvesta,2016,2.56,False,1.85,0.71,26,False
0764,Alvesta,2017,2.46,False,1.78,0.6799999999999999,26,False
0764,Alvesta,2018,2.08,False,1.75,0.33000000000000007,26,False
0764,Alvesta,2019,2.08,False,1.7,0.3800000000000001,26,False
0764,Alvesta,2020,2.26,False,1.66,0.5999999999999999,26,False
0764,Alvesta,2021,1.97,False,1.67,0.30000000000000004,26,False
0764,Alvesta,2022,2.05,False,1.52,0.5299999999999998,26,False
0764,Alvesta,2023,1.49,False,1.45,0.040000000000000036,26,False
0764,Alvesta,2024,1.82,False,1.43,0.3900000000000001,26,False
0764,Alvesta,2025,1.83,False,1.42,0.41000000000000014,26,False
0765,Älmhult,2000,1.64,False,1.54,0.09999999999999987,26,False
0765,Älmhult,2001,1.91,False,1.57,0.33999999999999986,26,False
0765,Älmhult,2002,1.72,False,1.65,0.07000000000000006,26,False
0765,Älmhult,2003,2.0,False,1.71,0.29000000000000004,26,False
0765,Älmhult,2004,1.81,False,1.75,0.06000000000000005,26,False
0765,Älmhult,2005,1.95,False,1.77,0.17999999999999994,26,False
0765,Älmhult,2006,1.75,False,1.85,-0.10000000000000009,26,False
0765,Älmhult,2007,1.92,False,1.88,0.040000000000000036,26,False
0765,Älmhult,2008,1.9,False,1.91,-0.010000000000000009,26,False
0765,Älmhult,2009,2.16,False,1.93,0.2300000000000002,26,False
0765,Älmhult,2010,2.11,False,1.98,0.1299999999999999,26,False
0765,Älmhult,2011,1.87,False,1.9,-0.029999999999999805,26,False
0765,Älmhult,2012,2.03,False,1.9,0.1299999999999999,26,False
0765,Älmhult,2013,2.08,False,1.89,0.19000000000000017,26,False
0765,Älmhult,2014,2.17,False,1.88,0.29000000000000004,26,False
0765,Älmhult,2015,1.98,False,1.85,0.1299999999999999,26,False
0765,Älmhult,2016,1.93,False,1.85,0.07999999999999985,26,False
0765,Älmhult,2017,2.01,False,1.78,0.22999999999999976,26,False
0765,Älmhult,2018,1.73,False,1.75,-0.020000000000000018,26,False
0765,Älmhult,2019,2.09,False,1.7,0.3899999999999999,26,False
0765,Älmhult,2020,2.06,False,1.66,0.40000000000000013,26,False
0765,Älmhult,2021,2.04,False,1.67,0.3700000000000001,26,False
0765,Älmhult,2022,1.69,False,1.52,0.16999999999999993,26,False
0765,Älmhult,2023,1.82,False,1.45,0.3700000000000001,26,False
0765,Älmhult,2024,1.74,False,1.43,0.31000000000000005,26,False
0765,Älmhult,2025,1.48,False,1.42,0.06000000000000005,26,False
0767,Markaryd,2000,1.63,False,1.54,0.08999999999999986,26,False
0767,Markaryd,2001,1.72,False,1.57,0.1499999999999999,26,False
0767,Markaryd,2002,1.81,False,1.65,0.16000000000000014,26,False
0767,Markaryd,2003,1.74,False,1.71,0.030000000000000027,26,False
0767,Markaryd,2004,2.26,False,1.75,0.5099999999999998,26,False
0767,Markaryd,2005,1.96,False,1.77,0.18999999999999995,26,False
0767,Markaryd,2006,1.94,False,1.85,0.08999999999999986,26,False
0767,Markaryd,2007,1.87,False,1.88,-0.009999999999999787,26,False
0767,Markaryd,2008,2.4,False,1.91,0.49,26,False
0767,Markaryd,2009,2.03,False,1.93,0.09999999999999987,26,False
0767,Markaryd,2010,1.99,False,1.98,0.010000000000000009,26,False
0767,Markaryd,2011,1.91,False,1.9,0.010000000000000009,26,False
0767,Markaryd,2012,1.7,False,1.9,-0.19999999999999996,26,False
0767,Markaryd,2013,1.81,False,1.89,-0.07999999999999985,26,False
0767,Markaryd,2014,1.96,False,1.88,0.08000000000000007,26,False
0767,Markaryd,2015,1.91,False,1.85,0.05999999999999983,26,False
0767,Markaryd,2016,2.25,False,1.85,0.3999999999999999,26,False
0767,Markaryd,2017,2.08,False,1.78,0.30000000000000004,26,False
0767,Markaryd,2018,1.97,False,1.75,0.21999999999999997,26,False
0767,Markaryd,2019,2.22,False,1.7,0.5200000000000002,26,False
0767,Markaryd,2020,2.22,False,1.66,0.5600000000000003,26,False
0767,Markaryd,2021,1.99,False,1.67,0.32000000000000006,26,False
0767,Markaryd,2022,1.59,False,1.52,0.07000000000000006,26,False
0767,Markaryd,2023,1.74,False,1.45,0.29000000000000004,26,False
0767,Markaryd,2024,1.8,False,1.43,0.3700000000000001,26,False
0767,Markaryd,2025,1.85,False,1.42,0.43000000000000016,26,False
0780,Växjö,2000,1.42,False,1.54,-0.1200000000000001,26,False
0780,Växjö,2001,1.47,False,1.57,-0.10000000000000009,26,False
0780,Växjö,2002,1.61,False,1.65,-0.039999999999999813,26,False
0780,Växjö,2003,1.66,False,1.71,-0.050000000000000044,26,False
0780,Växjö,2004,1.65,False,1.75,-0.10000000000000009,26,False
0780,Växjö,2005,1.76,False,1.77,-0.010000000000000009,26,False
0780,Växjö,2006,1.88,False,1.85,0.029999999999999805,26,False
0780,Växjö,2007,1.84,False,1.88,-0.039999999999999813,26,False
0780,Växjö,2008,1.85,False,1.91,-0.05999999999999983,26,False
0780,Växjö,2009,1.98,False,1.93,0.050000000000000044,26,False
0780,Växjö,2010,1.98,False,1.98,0.0,26,False
0780,Växjö,2011,1.89,False,1.9,-0.010000000000000009,26,False
0780,Växjö,2012,2.04,False,1.9,0.14000000000000012,26,False
0780,Växjö,2013,1.98,False,1.89,0.09000000000000008,26,False
0780,Växjö,2014,1.91,False,1.88,0.030000000000000027,26,False
0780,Växjö,2015,1.85,False,1.85,0.0,26,False
0780,Växjö,2016,1.87,False,1.85,0.020000000000000018,26,False
0780,Växjö,2017,1.72,False,1.78,-0.06000000000000005,26,False
0780,Växjö,2018,1.76,False,1.75,0.010000000000000009,26,False
0780,Växjö,2019,1.76,False,1.7,0.06000000000000005,26,False
0780,Växjö,2020,1.85,False,1.66,0.19000000000000017,26,False
0780,Växjö,2021,1.8,False,1.67,0.13000000000000012,26,False
0780,Växjö,2022,1.59,False,1.52,0.07000000000000006,26,False
0780,Växjö,2023,1.55,False,1.45,0.10000000000000009,26,False
0780,Växjö,2024,1.41,False,1.43,-0.020000000000000018,26,False
0780,Växjö,2025,1.5,False,1.42,0.08000000000000007,26,False
0781,Ljungby,2000,1.46,False,1.54,-0.08000000000000007,26,False
0781,Ljungby,2001,1.56,False,1.57,-0.010000000000000009,26,False
0781,Ljungby,2002,1.78,False,1.65,0.13000000000000012,26,False
0781,Ljungby,2003,1.91,False,1.71,0.19999999999999996,26,False
0781,Ljungby,2004,2.18,False,1.75,0.43000000000000016,26,False
0781,Ljungby,2005,2.04,False,1.77,0.27,26,False
0781,Ljungby,2006,1.97,False,1.85,0.11999999999999988,26,False
0781,Ljungby,2007,2.13,False,1.88,0.25,26,False
0781,Ljungby,2008,2.14,False,1.91,0.2300000000000002,26,False
0781,Ljungby,2009,1.93,False,1.93,0.0,26,False
0781,Ljungby,2010,1.97,False,1.98,-0.010000000000000009,26,False
0781,Ljungby,2011,1.89,False,1.9,-0.010000000000000009,26,False
0781,Ljungby,2012,1.73,False,1.9,-0.16999999999999993,26,False
0781,Ljungby,2013,1.85,False,1.89,-0.039999999999999813,26,False
0781,Ljungby,2014,1.82,False,1.88,-0.05999999999999983,26,False
0781,Ljungby,2015,1.87,False,1.85,0.020000000000000018,26,False
0781,Ljungby,2016,1.89,False,1.85,0.039999999999999813,26,False
0781,Ljungby,2017,2.08,False,1.78,0.30000000000000004,26,False
0781,Ljungby,2018,1.83,False,1.75,0.08000000000000007,26,False
0781,Ljungby,2019,1.86,False,1.7,0.16000000000000014,26,False
0781,Ljungby,2020,1.8,False,1.66,0.14000000000000012,26,False
0781,Ljungby,2021,1.77,False,1.67,0.10000000000000009,26,False
0781,Ljungby,2022,1.65,False,1.52,0.1299999999999999,26,False
0781,Ljungby,2023,1.73,False,1.45,0.28,26,False
0781,Ljungby,2024,1.72,False,1.43,0.29000000000000004,26,False
0781,Ljungby,2025,1.72,False,1.42,0.30000000000000004,26,False
0821,Högsby,2000,1.75,False,1.54,0.20999999999999996,26,False
0821,Högsby,2001,1.7,False,1.57,0.1299999999999999,26,False
0821,Högsby,2002,2.05,False,1.65,0.3999999999999999,26,False
0821,Högsby,2003,2.19,False,1.71,0.48,26,False
0821,Högsby,2004,1.55,False,1.75,-0.19999999999999996,26,False
0821,Högsby,2005,2.03,False,1.77,0.2599999999999998,26,False
0821,Högsby,2006,2.23,False,1.85,0.3799999999999999,26,False
0821,Högsby,2007,1.31,False,1.88,-0.5699999999999998,26,False
0821,Högsby,2008,2.29,False,1.91,0.3800000000000001,26,False
0821,Högsby,2009,2.32,False,1.93,0.3899999999999999,26,False
0821,Högsby,2010,1.71,False,1.98,-0.27,26,False
0821,Högsby,2011,2.12,False,1.9,0.2200000000000002,26,False
0821,Högsby,2012,2.74,False,1.9,0.8400000000000003,26,False
0821,Högsby,2013,2.05,False,1.89,0.15999999999999992,26,False
0821,Högsby,2014,1.86,False,1.88,-0.019999999999999796,26,False
0821,Högsby,2015,1.49,False,1.85,-0.3600000000000001,26,False
0821,Högsby,2016,2.54,False,1.85,0.69,26,False
0821,Högsby,2017,2.06,False,1.78,0.28,26,False
0821,Högsby,2018,2.12,False,1.75,0.3700000000000001,26,False
0821,Högsby,2019,1.98,False,1.7,0.28,26,False
0821,Högsby,2020,1.94,False,1.66,0.28,26,False
0821,Högsby,2021,1.79,False,1.67,0.1200000000000001,26,False
0821,Högsby,2022,2.45,False,1.52,0.9300000000000002,26,False
0821,Högsby,2023,1.31,False,1.45,-0.1399999999999999,26,False
0821,Högsby,2024,1.93,False,1.43,0.5,26,False
0821,Högsby,2025,1.64,False,1.42,0.21999999999999997,26,False
0834,Torsås,2000,1.66,False,1.54,0.11999999999999988,26,False
0834,Torsås,2001,1.97,False,1.57,0.3999999999999999,26,False
0834,Torsås,2002,1.95,False,1.65,0.30000000000000004,26,False
0834,Torsås,2003,1.87,False,1.71,0.16000000000000014,26,False
0834,Torsås,2004,2.23,False,1.75,0.48,26,False
0834,Torsås,2005,1.74,False,1.77,-0.030000000000000027,26,False
0834,Torsås,2006,2.46,False,1.85,0.6099999999999999,26,False
0834,Torsås,2007,2.3,False,1.88,0.41999999999999993,26,False
0834,Torsås,2008,1.89,False,1.91,-0.020000000000000018,26,False
0834,Torsås,2009,2.12,False,1.93,0.19000000000000017,26,False
0834,Torsås,2010,2.27,False,1.98,0.29000000000000004,26,False
0834,Torsås,2011,1.65,False,1.9,-0.25,26,False
0834,Torsås,2012,1.88,False,1.9,-0.020000000000000018,26,False
0834,Torsås,2013,1.89,False,1.89,0.0,26,False
0834,Torsås,2014,2.3,False,1.88,0.41999999999999993,26,False
0834,Torsås,2015,2.18,False,1.85,0.33000000000000007,26,False
0834,Torsås,2016,2.13,False,1.85,0.2799999999999998,26,False
0834,Torsås,2017,2.42,False,1.78,0.6399999999999999,26,False
0834,Torsås,2018,1.95,False,1.75,0.19999999999999996,26,False
0834,Torsås,2019,2.1,False,1.7,0.40000000000000013,26,False
0834,Torsås,2020,2.31,False,1.66,0.6500000000000001,26,False
0834,Torsås,2021,2.22,False,1.67,0.5500000000000003,26,False
0834,Torsås,2022,2.11,False,1.52,0.5899999999999999,26,False
0834,Torsås,2023,2.23,False,1.45,0.78,26,False
0834,Torsås,2024,2.06,False,1.43,0.6300000000000001,26,False
0834,Torsås,2025,1.69,False,1.42,0.27,26,False
0840,Mörbylånga,2000,1.61,False,1.54,0.07000000000000006,26,False
0840,Mörbylånga,2001,1.74,False,1.57,0.16999999999999993,26,False
0840,Mörbylånga,2002,1.92,False,1.65,0.27,26,False
0840,Mörbylånga,2003,1.94,False,1.71,0.22999999999999998,26,False
0840,Mörbylånga,2004,2.01,False,1.75,0.2599999999999998,26,False
0840,Mörbylånga,2005,2.18,False,1.77,0.41000000000000014,26,False
0840,Mörbylånga,2006,2.44,False,1.85,0.5899999999999999,26,False
0840,Mörbylånga,2007,2.02,False,1.88,0.14000000000000012,26,False
0840,Mörbylånga,2008,2.15,False,1.91,0.24,26,False
0840,Mörbylånga,2009,2.33,False,1.93,0.40000000000000013,26,False
0840,Mörbylånga,2010,2.57,False,1.98,0.5899999999999999,26,False
0840,Mörbylånga,2011,2.47,False,1.9,0.5700000000000003,26,False
0840,Mörbylånga,2012,2.36,False,1.9,0.45999999999999996,26,False
0840,Mörbylånga,2013,2.23,False,1.89,0.3400000000000001,26,False
0840,Mörbylånga,2014,2.16,False,1.88,0.28000000000000025,26,False
0840,Mörbylånga,2015,2.03,False,1.85,0.17999999999999972,26,False
0840,Mörbylånga,2016,1.93,False,1.85,0.07999999999999985,26,False
0840,Mörbylånga,2017,2.5,False,1.78,0.72,26,False
0840,Mörbylånga,2018,2.21,False,1.75,0.45999999999999996,26,False
0840,Mörbylånga,2019,1.92,False,1.7,0.21999999999999997,26,False
0840,Mörbylånga,2020,1.93,False,1.66,0.27,26,False
0840,Mörbylånga,2021,2.09,False,1.67,0.41999999999999993,26,False
0840,Mörbylånga,2022,1.65,False,1.52,0.1299999999999999,26,False
0840,Mörbylånga,2023,1.77,False,1.45,0.32000000000000006,26,False
0840,Mörbylånga,2024,1.72,False,1.43,0.29000000000000004,26,False
0840,Mörbylånga,2025,1.7,False,1.42,0.28,26,False
0860,Hultsfred,2000,1.86,False,1.54,0.32000000000000006,26,False
0860,Hultsfred,2001,1.61,False,1.57,0.040000000000000036,26,False
0860,Hultsfred,2002,2.05,False,1.65,0.3999999999999999,26,False
0860,Hultsfred,2003,1.63,False,1.71,-0.08000000000000007,26,False
0860,Hultsfred,2004,1.77,False,1.75,0.020000000000000018,26,False
0860,Hultsfred,2005,1.7,False,1.77,-0.07000000000000006,26,False
0860,Hultsfred,2006,1.77,False,1.85,-0.08000000000000007,26,False
0860,Hultsfred,2007,1.96,False,1.88,0.08000000000000007,26,False
0860,Hultsfred,2008,2.16,False,1.91,0.2500000000000002,26,False
0860,Hultsfred,2009,1.9,False,1.93,-0.030000000000000027,26,False
0860,Hultsfred,2010,2.45,False,1.98,0.4700000000000002,26,False
0860,Hultsfred,2011,1.64,False,1.9,-0.26,26,False
0860,Hultsfred,2012,2.31,False,1.9,0.41000000000000014,26,False
0860,Hultsfred,2013,2.07,False,1.89,0.17999999999999994,26,False
0860,Hultsfred,2014,1.97,False,1.88,0.09000000000000008,26,False
0860,Hultsfred,2015,2.42,False,1.85,0.5699999999999998,26,False
0860,Hultsfred,2016,2.31,False,1.85,0.45999999999999996,26,False
0860,Hultsfred,2017,2.31,False,1.78,0.53,26,False
0860,Hultsfred,2018,2.27,False,1.75,0.52,26,False
0860,Hultsfred,2019,2.03,False,1.7,0.32999999999999985,26,False
0860,Hultsfred,2020,2.49,False,1.66,0.8300000000000003,26,False
0860,Hultsfred,2021,1.78,False,1.67,0.1100000000000001,26,False
0860,Hultsfred,2022,1.75,False,1.52,0.22999999999999998,26,False
0860,Hultsfred,2023,1.7,False,1.45,0.25,26,False
0860,Hultsfred,2024,1.78,False,1.43,0.3500000000000001,26,False
0860,Hultsfred,2025,1.92,False,1.42,0.5,26,False
0861,Mönsterås,2000,1.93,False,1.54,0.3899999999999999,26,False
0861,Mönsterås,2001,1.77,False,1.57,0.19999999999999996,26,False
0861,Mönsterås,2002,1.74,False,1.65,0.09000000000000008,26,False
0861,Mönsterås,2003,1.66,False,1.71,-0.050000000000000044,26,False
0861,Mönsterås,2004,1.96,False,1.75,0.20999999999999996,26,False
0861,Mönsterås,2005,1.76,False,1.77,-0.010000000000000009,26,False
0861,Mönsterås,2006,2.16,False,1.85,0.31000000000000005,26,False
0861,Mönsterås,2007,1.98,False,1.88,0.10000000000000009,26,False
0861,Mönsterås,2008,1.83,False,1.91,-0.07999999999999985,26,False
0861,Mönsterås,2009,1.79,False,1.93,-0.1399999999999999,26,False
0861,Mönsterås,2010,2.1,False,1.98,0.1200000000000001,26,False
0861,Mönsterås,2011,1.97,False,1.9,0.07000000000000006,26,False
0861,Mönsterås,2012,2.37,False,1.9,0.4700000000000002,26,False
0861,Mönsterås,2013,2.09,False,1.89,0.19999999999999996,26,False
0861,Mönsterås,2014,2.16,False,1.88,0.28000000000000025,26,False
0861,Mönsterås,2015,2.23,False,1.85,0.3799999999999999,26,False
0861,Mönsterås,2016,1.85,False,1.85,0.0,26,False
0861,Mönsterås,2017,2.15,False,1.78,0.3699999999999999,26,False
0861,Mönsterås,2018,2.01,False,1.75,0.2599999999999998,26,False
0861,Mönsterås,2019,1.78,False,1.7,0.08000000000000007,26,False
0861,Mönsterås,2020,2.1,False,1.66,0.44000000000000017,26,False
0861,Mönsterås,2021,2.18,False,1.67,0.5100000000000002,26,False
0861,Mönsterås,2022,1.82,False,1.52,0.30000000000000004,26,False
0861,Mönsterås,2023,1.62,False,1.45,0.17000000000000015,26,False
0861,Mönsterås,2024,1.46,False,1.43,0.030000000000000027,26,False
0861,Mönsterås,2025,1.53,False,1.42,0.1100000000000001,26,False
0862,Emmaboda,2000,1.76,False,1.54,0.21999999999999997,26,False
0862,Emmaboda,2001,1.43,False,1.57,-0.14000000000000012,26,False
0862,Emmaboda,2002,1.86,False,1.65,0.2100000000000002,26,False
0862,Emmaboda,2003,1.57,False,1.71,-0.1399999999999999,26,False
0862,Emmaboda,2004,1.92,False,1.75,0.16999999999999993,26,False
0862,Emmaboda,2005,1.87,False,1.77,0.10000000000000009,26,False
0862,Emmaboda,2006,2.01,False,1.85,0.1599999999999997,26,False
0862,Emmaboda,2007,1.93,False,1.88,0.050000000000000044,26,False
0862,Emmaboda,2008,2.07,False,1.91,0.15999999999999992,26,False
0862,Emmaboda,2009,1.75,False,1.93,-0.17999999999999994,26,False
0862,Emmaboda,2010,1.56,False,1.98,-0.41999999999999993,26,False
0862,Emmaboda,2011,1.98,False,1.9,0.08000000000000007,26,False
0862,Emmaboda,2012,1.65,False,1.9,-0.25,26,False
0862,Emmaboda,2013,2.93,False,1.89,1.0400000000000003,26,False
0862,Emmaboda,2014,1.87,False,1.88,-0.009999999999999787,26,False
0862,Emmaboda,2015,2.57,False,1.85,0.7199999999999998,26,False
0862,Emmaboda,2016,1.86,False,1.85,0.010000000000000009,26,False
0862,Emmaboda,2017,1.75,False,1.78,-0.030000000000000027,26,False
0862,Emmaboda,2018,1.99,False,1.75,0.24,26,False
0862,Emmaboda,2019,1.93,False,1.7,0.22999999999999998,26,False
0862,Emmaboda,2020,1.83,False,1.66,0.17000000000000015,26,False
0862,Emmaboda,2021,1.57,False,1.67,-0.09999999999999987,26,False
0862,Emmaboda,2022,1.82,False,1.52,0.30000000000000004,26,False
0862,Emmaboda,2023,1.82,False,1.45,0.3700000000000001,26,False
0862,Emmaboda,2024,1.62,False,1.43,0.19000000000000017,26,False
0862,Emmaboda,2025,1.29,False,1.42,-0.1299999999999999,26,False
0880,Kalmar,2000,1.46,False,1.54,-0.08000000000000007,26,False
0880,Kalmar,2001,1.41,False,1.57,-0.16000000000000014,26,False
0880,Kalmar,2002,1.39,False,1.65,-0.26,26,False
0880,Kalmar,2003,1.55,False,1.71,-0.15999999999999992,26,False
0880,Kalmar,2004,1.55,False,1.75,-0.19999999999999996,26,False
0880,Kalmar,2005,1.59,False,1.77,-0.17999999999999994,26,False
0880,Kalmar,2006,1.66,False,1.85,-0.19000000000000017,26,False
0880,Kalmar,2007,1.73,False,1.88,-0.1499999999999999,26,False
0880,Kalmar,2008,1.8,False,1.91,-0.10999999999999988,26,False
0880,Kalmar,2009,1.93,False,1.93,0.0,26,False
0880,Kalmar,2010,1.87,False,1.98,-0.10999999999999988,26,False
0880,Kalmar,2011,1.72,False,1.9,-0.17999999999999994,26,False
0880,Kalmar,2012,1.94,False,1.9,0.040000000000000036,26,False
0880,Kalmar,2013,1.77,False,1.89,-0.11999999999999988,26,False
0880,Kalmar,2014,1.81,False,1.88,-0.06999999999999984,26,False
0880,Kalmar,2015,1.91,False,1.85,0.05999999999999983,26,False
0880,Kalmar,2016,1.79,False,1.85,-0.06000000000000005,26,False
0880,Kalmar,2017,1.69,False,1.78,-0.09000000000000008,26,False
0880,Kalmar,2018,1.61,False,1.75,-0.1399999999999999,26,False
0880,Kalmar,2019,1.71,False,1.7,0.010000000000000009,26,False
0880,Kalmar,2020,1.63,False,1.66,-0.030000000000000027,26,False
0880,Kalmar,2021,1.76,False,1.67,0.09000000000000008,26,False
0880,Kalmar,2022,1.52,False,1.52,0.0,26,False
0880,Kalmar,2023,1.42,False,1.45,-0.030000000000000027,26,False
0880,Kalmar,2024,1.39,False,1.43,-0.040000000000000036,26,False
0880,Kalmar,2025,1.44,False,1.42,0.020000000000000018,26,False
0881,Nybro,2000,1.63,False,1.54,0.08999999999999986,26,False
0881,Nybro,2001,1.74,False,1.57,0.16999999999999993,26,False
0881,Nybro,2002,1.8,False,1.65,0.15000000000000013,26,False
0881,Nybro,2003,1.79,False,1.71,0.08000000000000007,26,False
0881,Nybro,2004,1.83,False,1.75,0.08000000000000007,26,False
0881,Nybro,2005,1.91,False,1.77,0.1399999999999999,26,False
0881,Nybro,2006,1.88,False,1.85,0.029999999999999805,26,False
0881,Nybro,2007,2.02,False,1.88,0.14000000000000012,26,False
0881,Nybro,2008,1.89,False,1.91,-0.020000000000000018,26,False
0881,Nybro,2009,1.79,False,1.93,-0.1399999999999999,26,False
0881,Nybro,2010,2.14,False,1.98,0.16000000000000014,26,False
0881,Nybro,2011,2.1,False,1.9,0.20000000000000018,26,False
0881,Nybro,2012,2.12,False,1.9,0.2200000000000002,26,False
0881,Nybro,2013,1.71,False,1.89,-0.17999999999999994,26,False
0881,Nybro,2014,1.99,False,1.88,0.1100000000000001,26,False
0881,Nybro,2015,1.84,False,1.85,-0.010000000000000009,26,False
0881,Nybro,2016,2.04,False,1.85,0.18999999999999995,26,False
0881,Nybro,2017,2.32,False,1.78,0.5399999999999998,26,False
0881,Nybro,2018,2.02,False,1.75,0.27,26,False
0881,Nybro,2019,1.66,False,1.7,-0.040000000000000036,26,False
0881,Nybro,2020,2.08,False,1.66,0.42000000000000015,26,False
0881,Nybro,2021,1.78,False,1.67,0.1100000000000001,26,False
0881,Nybro,2022,1.96,False,1.52,0.43999999999999995,26,False
0881,Nybro,2023,1.68,False,1.45,0.22999999999999998,26,False
0881,Nybro,2024,1.63,False,1.43,0.19999999999999996,26,False
0881,Nybro,2025,1.56,False,1.42,0.14000000000000012,26,False
0882,Oskarshamn,2000,1.49,False,1.54,-0.050000000000000044,26,False
0882,Oskarshamn,2001,1.72,False,1.57,0.1499999999999999,26,False
0882,Oskarshamn,2002,1.94,False,1.65,0.29000000000000004,26,False
0882,Oskarshamn,2003,1.82,False,1.71,0.1100000000000001,26,False
0882,Oskarshamn,2004,1.67,False,1.75,-0.08000000000000007,26,False
0882,Oskarshamn,2005,1.98,False,1.77,0.20999999999999996,26,False
0882,Oskarshamn,2006,1.97,False,1.85,0.11999999999999988,26,False
0882,Oskarshamn,2007,1.98,False,1.88,0.10000000000000009,26,False
0882,Oskarshamn,2008,1.87,False,1.91,-0.039999999999999813,26,False
0882,Oskarshamn,2009,1.85,False,1.93,-0.07999999999999985,26,False
0882,Oskarshamn,2010,2.1,False,1.98,0.1200000000000001,26,False
0882,Oskarshamn,2011,2.06,False,1.9,0.16000000000000014,26,False
0882,Oskarshamn,2012,2.04,False,1.9,0.14000000000000012,26,False
0882,Oskarshamn,2013,2.06,False,1.89,0.17000000000000015,26,False
0882,Oskarshamn,2014,1.97,False,1.88,0.09000000000000008,26,False
0882,Oskarshamn,2015,1.96,False,1.85,0.10999999999999988,26,False
0882,Oskarshamn,2016,2.02,False,1.85,0.16999999999999993,26,False
0882,Oskarshamn,2017,1.89,False,1.78,0.10999999999999988,26,False
0882,Oskarshamn,2018,1.98,False,1.75,0.22999999999999998,26,False
0882,Oskarshamn,2019,2.06,False,1.7,0.3600000000000001,26,False
0882,Oskarshamn,2020,1.86,False,1.66,0.20000000000000018,26,False
0882,Oskarshamn,2021,1.83,False,1.67,0.16000000000000014,26,False
0882,Oskarshamn,2022,1.46,False,1.52,-0.06000000000000005,26,False
0882,Oskarshamn,2023,1.72,False,1.45,0.27,26,False
0882,Oskarshamn,2024,1.55,False,1.43,0.1200000000000001,26,False
0882,Oskarshamn,2025,1.48,False,1.42,0.06000000000000005,26,False
0883,Västervik,2000,1.66,False,1.54,0.11999999999999988,26,False
0883,Västervik,2001,1.49,False,1.57,-0.08000000000000007,26,False
0883,Västervik,2002,1.82,False,1.65,0.17000000000000015,26,False
0883,Västervik,2003,1.74,False,1.71,0.030000000000000027,26,False
0883,Västervik,2004,1.7,False,1.75,-0.050000000000000044,26,False
0883,Västervik,2005,1.86,False,1.77,0.09000000000000008,26,False
0883,Västervik,2006,1.8,False,1.85,-0.050000000000000044,26,False
0883,Västervik,2007,1.96,False,1.88,0.08000000000000007,26,False
0883,Västervik,2008,1.96,False,1.91,0.050000000000000044,26,False
0883,Västervik,2009,1.98,False,1.93,0.050000000000000044,26,False
0883,Västervik,2010,1.91,False,1.98,-0.07000000000000006,26,False
0883,Västervik,2011,1.91,False,1.9,0.010000000000000009,26,False
0883,Västervik,2012,1.93,False,1.9,0.030000000000000027,26,False
0883,Västervik,2013,2.03,False,1.89,0.1399999999999999,26,False
0883,Västervik,2014,2.01,False,1.88,0.1299999999999999,26,False
0883,Västervik,2015,1.92,False,1.85,0.06999999999999984,26,False
0883,Västervik,2016,1.91,False,1.85,0.05999999999999983,26,False
0883,Västervik,2017,1.82,False,1.78,0.040000000000000036,26,False
0883,Västervik,2018,2.17,False,1.75,0.41999999999999993,26,False
0883,Västervik,2019,1.72,False,1.7,0.020000000000000018,26,False
0883,Västervik,2020,1.81,False,1.66,0.15000000000000013,26,False
0883,Västervik,2021,1.9,False,1.67,0.22999999999999998,26,False
0883,Västervik,2022,1.48,False,1.52,-0.040000000000000036,26,False
0883,Västervik,2023,1.67,False,1.45,0.21999999999999997,26,False
0883,Västervik,2024,1.73,False,1.43,0.30000000000000004,26,False
0883,Västervik,2025,1.41,False,1.42,-0.010000000000000009,26,False
0884,Vimmerby,2000,1.59,False,1.54,0.050000000000000044,26,False
0884,Vimmerby,2001,1.63,False,1.57,0.05999999999999983,26,False
0884,Vimmerby,2002,1.76,False,1.65,0.1100000000000001,26,False
0884,Vimmerby,2003,1.91,False,1.71,0.19999999999999996,26,False
0884,Vimmerby,2004,2.03,False,1.75,0.2799999999999998,26,False
0884,Vimmerby,2005,1.91,False,1.77,0.1399999999999999,26,False
0884,Vimmerby,2006,1.85,False,1.85,0.0,26,False
0884,Vimmerby,2007,2.05,False,1.88,0.16999999999999993,26,False
0884,Vimmerby,2008,1.63,False,1.91,-0.28,26,False
0884,Vimmerby,2009,2.15,False,1.93,0.21999999999999997,26,False
0884,Vimmerby,2010,2.03,False,1.98,0.04999999999999982,26,False
0884,Vimmerby,2011,1.96,False,1.9,0.06000000000000005,26,False
0884,Vimmerby,2012,2.23,False,1.9,0.33000000000000007,26,False
0884,Vimmerby,2013,1.88,False,1.89,-0.010000000000000009,26,False
0884,Vimmerby,2014,2.28,False,1.88,0.3999999999999999,26,False
0884,Vimmerby,2015,2.01,False,1.85,0.1599999999999997,26,False
0884,Vimmerby,2016,2.24,False,1.85,0.3900000000000001,26,False
0884,Vimmerby,2017,1.8,False,1.78,0.020000000000000018,26,False
0884,Vimmerby,2018,1.92,False,1.75,0.16999999999999993,26,False
0884,Vimmerby,2019,1.85,False,1.7,0.15000000000000013,26,False
0884,Vimmerby,2020,2.11,False,1.66,0.44999999999999996,26,False
0884,Vimmerby,2021,1.88,False,1.67,0.20999999999999996,26,False
0884,Vimmerby,2022,1.92,False,1.52,0.3999999999999999,26,False
0884,Vimmerby,2023,1.8,False,1.45,0.3500000000000001,26,False
0884,Vimmerby,2024,1.83,False,1.43,0.40000000000000013,26,False
0884,Vimmerby,2025,1.42,False,1.42,0.0,26,False
0885,Borgholm,2000,1.56,False,1.54,0.020000000000000018,26,False
0885,Borgholm,2001,2.17,False,1.57,0.5999999999999999,26,False
0885,Borgholm,2002,1.59,False,1.65,-0.05999999999999983,26,False
0885,Borgholm,2003,1.63,False,1.71,-0.08000000000000007,26,False
0885,Borgholm,2004,1.9,False,1.75,0.1499999999999999,26,False
0885,Borgholm,2005,1.67,False,1.77,-0.10000000000000009,26,False
0885,Borgholm,2006,1.78,False,1.85,-0.07000000000000006,26,False
0885,Borgholm,2007,1.95,False,1.88,0.07000000000000006,26,False
0885,Borgholm,2008,1.98,False,1.91,0.07000000000000006,26,False
0885,Borgholm,2009,1.76,False,1.93,-0.16999999999999993,26,False
0885,Borgholm,2010,2.1,False,1.98,0.1200000000000001,26,False
0885,Borgholm,2011,1.38,False,1.9,-0.52,26,False
0885,Borgholm,2012,1.86,False,1.9,-0.039999999999999813,26,False
0885,Borgholm,2013,1.68,False,1.89,-0.20999999999999996,26,False
0885,Borgholm,2014,1.7,False,1.88,-0.17999999999999994,26,False
0885,Borgholm,2015,1.6,False,1.85,-0.25,26,False
0885,Borgholm,2016,1.59,False,1.85,-0.26,26,False
0885,Borgholm,2017,2.22,False,1.78,0.44000000000000017,26,False
0885,Borgholm,2018,1.85,False,1.75,0.10000000000000009,26,False
0885,Borgholm,2019,1.66,False,1.7,-0.040000000000000036,26,False
0885,Borgholm,2020,1.88,False,1.66,0.21999999999999997,26,False
0885,Borgholm,2021,1.91,False,1.67,0.24,26,False
0885,Borgholm,2022,1.32,False,1.52,-0.19999999999999996,26,False
0885,Borgholm,2023,1.43,False,1.45,-0.020000000000000018,26,False
0885,Borgholm,2024,1.42,False,1.43,-0.010000000000000009,26,False
0885,Borgholm,2025,1.55,False,1.42,0.13000000000000012,26,False
0980,Gotland,2000,1.6,False,1.54,0.06000000000000005,26,False
0980,Gotland,2001,1.49,False,1.57,-0.08000000000000007,26,False
0980,Gotland,2002,1.72,False,1.65,0.07000000000000006,26,False
0980,Gotland,2003,1.59,False,1.71,-0.11999999999999988,26,False
0980,Gotland,2004,1.53,False,1.75,-0.21999999999999997,26,False
0980,Gotland,2005,1.68,False,1.77,-0.09000000000000008,26,False
0980,Gotland,2006,1.72,False,1.85,-0.13000000000000012,26,False
0980,Gotland,2007,1.63,False,1.88,-0.25,26,False
0980,Gotland,2008,1.87,False,1.91,-0.039999999999999813,26,False
0980,Gotland,2009,1.96,False,1.93,0.030000000000000027,26,False
0980,Gotland,2010,2.05,False,1.98,0.06999999999999984,26,False
0980,Gotland,2011,1.88,False,1.9,-0.020000000000000018,26,False
0980,Gotland,2012,1.95,False,1.9,0.050000000000000044,26,False
0980,Gotland,2013,1.82,False,1.89,-0.06999999999999984,26,False
0980,Gotland,2014,1.84,False,1.88,-0.039999999999999813,26,False
0980,Gotland,2015,1.69,False,1.85,-0.16000000000000014,26,False
0980,Gotland,2016,1.72,False,1.85,-0.13000000000000012,26,False
0980,Gotland,2017,1.75,False,1.78,-0.030000000000000027,26,False
0980,Gotland,2018,1.63,False,1.75,-0.1200000000000001,26,False
0980,Gotland,2019,1.63,False,1.7,-0.07000000000000006,26,False
0980,Gotland,2020,1.46,False,1.66,-0.19999999999999996,26,False
0980,Gotland,2021,1.59,False,1.67,-0.07999999999999985,26,False
0980,Gotland,2022,1.42,False,1.52,-0.10000000000000009,26,False
0980,Gotland,2023,1.4,False,1.45,-0.050000000000000044,26,False
0980,Gotland,2024,1.32,False,1.43,-0.10999999999999988,26,False
0980,Gotland,2025,1.42,False,1.42,0.0,26,False
1060,Olofström,2000,1.54,False,1.54,0.0,26,False
1060,Olofström,2001,1.59,False,1.57,0.020000000000000018,26,False
1060,Olofström,2002,1.41,False,1.65,-0.24,26,False
1060,Olofström,2003,1.89,False,1.71,0.17999999999999994,26,False
1060,Olofström,2004,1.9,False,1.75,0.1499999999999999,26,False
1060,Olofström,2005,2.11,False,1.77,0.33999999999999986,26,False
1060,Olofström,2006,1.86,False,1.85,0.010000000000000009,26,False
1060,Olofström,2007,1.66,False,1.88,-0.21999999999999997,26,False
1060,Olofström,2008,2.0,False,1.91,0.09000000000000008,26,False
1060,Olofström,2009,1.92,False,1.93,-0.010000000000000009,26,False
1060,Olofström,2010,1.88,False,1.98,-0.10000000000000009,26,False
1060,Olofström,2011,1.75,False,1.9,-0.1499999999999999,26,False
1060,Olofström,2012,1.91,False,1.9,0.010000000000000009,26,False
1060,Olofström,2013,1.52,False,1.89,-0.3699999999999999,26,False
1060,Olofström,2014,1.6,False,1.88,-0.2799999999999998,26,False
1060,Olofström,2015,1.95,False,1.85,0.09999999999999987,26,False
1060,Olofström,2016,1.89,False,1.85,0.039999999999999813,26,False
1060,Olofström,2017,1.88,False,1.78,0.09999999999999987,26,False
1060,Olofström,2018,1.95,False,1.75,0.19999999999999996,26,False
1060,Olofström,2019,1.71,False,1.7,0.010000000000000009,26,False
1060,Olofström,2020,1.77,False,1.66,0.1100000000000001,26,False
1060,Olofström,2021,1.8,False,1.67,0.13000000000000012,26,False
1060,Olofström,2022,1.55,False,1.52,0.030000000000000027,26,False
1060,Olofström,2023,1.36,False,1.45,-0.08999999999999986,26,False
1060,Olofström,2024,1.29,False,1.43,-0.1399999999999999,26,False
1060,Olofström,2025,1.62,False,1.42,0.20000000000000018,26,False
1080,Karlskrona,2000,1.66,False,1.54,0.11999999999999988,26,False
1080,Karlskrona,2001,1.54,False,1.57,-0.030000000000000027,26,False
1080,Karlskrona,2002,1.88,False,1.65,0.22999999999999998,26,False
1080,Karlskrona,2003,1.83,False,1.71,0.1200000000000001,26,False
1080,Karlskrona,2004,1.93,False,1.75,0.17999999999999994,26,False
1080,Karlskrona,2005,1.96,False,1.77,0.18999999999999995,26,False
1080,Karlskrona,2006,2.05,False,1.85,0.19999999999999973,26,False
1080,Karlskrona,2007,2.01,False,1.88,0.1299999999999999,26,False
1080,Karlskrona,2008,1.99,False,1.91,0.08000000000000007,26,False
1080,Karlskrona,2009,1.95,False,1.93,0.020000000000000018,26,False
1080,Karlskrona,2010,2.04,False,1.98,0.06000000000000005,26,False
1080,Karlskrona,2011,1.92,False,1.9,0.020000000000000018,26,False
1080,Karlskrona,2012,1.92,False,1.9,0.020000000000000018,26,False
1080,Karlskrona,2013,1.89,False,1.89,0.0,26,False
1080,Karlskrona,2014,2.06,False,1.88,0.18000000000000016,26,False
1080,Karlskrona,2015,1.8,False,1.85,-0.050000000000000044,26,False
1080,Karlskrona,2016,1.95,False,1.85,0.09999999999999987,26,False
1080,Karlskrona,2017,1.73,False,1.78,-0.050000000000000044,26,False
1080,Karlskrona,2018,1.84,False,1.75,0.09000000000000008,26,False
1080,Karlskrona,2019,1.68,False,1.7,-0.020000000000000018,26,False
1080,Karlskrona,2020,1.69,False,1.66,0.030000000000000027,26,False
1080,Karlskrona,2021,1.67,False,1.67,0.0,26,False
1080,Karlskrona,2022,1.59,False,1.52,0.07000000000000006,26,False
1080,Karlskrona,2023,1.58,False,1.45,0.13000000000000012,26,False
1080,Karlskrona,2024,1.38,False,1.43,-0.050000000000000044,26,False
1080,Karlskrona,2025,1.49,False,1.42,0.07000000000000006,26,False
1081,Ronneby,2000,1.59,False,1.54,0.050000000000000044,26,False
1081,Ronneby,2001,1.41,False,1.57,-0.16000000000000014,26,False
1081,Ronneby,2002,1.67,False,1.65,0.020000000000000018,26,False
1081,Ronneby,2003,1.51,False,1.71,-0.19999999999999996,26,False
1081,Ronneby,2004,1.77,False,1.75,0.020000000000000018,26,False
1081,Ronneby,2005,1.6,False,1.77,-0.16999999999999993,26,False
1081,Ronneby,2006,2.03,False,1.85,0.17999999999999972,26,False
1081,Ronneby,2007,1.98,False,1.88,0.10000000000000009,26,False
1081,Ronneby,2008,1.94,False,1.91,0.030000000000000027,26,False
1081,Ronneby,2009,2.16,False,1.93,0.2300000000000002,26,False
1081,Ronneby,2010,1.93,False,1.98,-0.050000000000000044,26,False
1081,Ronneby,2011,2.07,False,1.9,0.16999999999999993,26,False
1081,Ronneby,2012,2.01,False,1.9,0.10999999999999988,26,False
1081,Ronneby,2013,1.99,False,1.89,0.10000000000000009,26,False
1081,Ronneby,2014,2.24,False,1.88,0.3600000000000003,26,False
1081,Ronneby,2015,2.16,False,1.85,0.31000000000000005,26,False
1081,Ronneby,2016,2.06,False,1.85,0.20999999999999996,26,False
1081,Ronneby,2017,2.27,False,1.78,0.49,26,False
1081,Ronneby,2018,2.25,False,1.75,0.5,26,False
1081,Ronneby,2019,2.23,False,1.7,0.53,26,False
1081,Ronneby,2020,1.99,False,1.66,0.33000000000000007,26,False
1081,Ronneby,2021,2.12,False,1.67,0.4500000000000002,26,False
1081,Ronneby,2022,1.93,False,1.52,0.4099999999999999,26,False
1081,Ronneby,2023,1.7,False,1.45,0.25,26,False
1081,Ronneby,2024,1.56,False,1.43,0.13000000000000012,26,False
1081,Ronneby,2025,1.58,False,1.42,0.16000000000000014,26,False
1082,Karlshamn,2000,1.49,False,1.54,-0.050000000000000044,26,False
1082,Karlshamn,2001,1.38,False,1.57,-0.19000000000000017,26,False
1082,Karlshamn,2002,1.67,False,1.65,0.020000000000000018,26,False
1082,Karlshamn,2003,1.87,False,1.71,0.16000000000000014,26,False
1082,Karlshamn,2004,1.8,False,1.75,0.050000000000000044,26,False
1082,Karlshamn,2005,1.86,False,1.77,0.09000000000000008,26,False
1082,Karlshamn,2006,1.9,False,1.85,0.04999999999999982,26,False
1082,Karlshamn,2007,1.87,False,1.88,-0.009999999999999787,26,False
1082,Karlshamn,2008,1.84,False,1.91,-0.06999999999999984,26,False
1082,Karlshamn,2009,2.03,False,1.93,0.09999999999999987,26,False
1082,Karlshamn,2010,2.03,False,1.98,0.04999999999999982,26,False
1082,Karlshamn,2011,2.13,False,1.9,0.22999999999999998,26,False
1082,Karlshamn,2012,1.93,False,1.9,0.030000000000000027,26,False
1082,Karlshamn,2013,2.02,False,1.89,0.13000000000000012,26,False
1082,Karlshamn,2014,1.99,False,1.88,0.1100000000000001,26,False
1082,Karlshamn,2015,1.91,False,1.85,0.05999999999999983,26,False
1082,Karlshamn,2016,1.82,False,1.85,-0.030000000000000027,26,False
1082,Karlshamn,2017,1.87,False,1.78,0.09000000000000008,26,False
1082,Karlshamn,2018,1.73,False,1.75,-0.020000000000000018,26,False
1082,Karlshamn,2019,1.78,False,1.7,0.08000000000000007,26,False
1082,Karlshamn,2020,1.66,False,1.66,0.0,26,False
1082,Karlshamn,2021,1.64,False,1.67,-0.030000000000000027,26,False
1082,Karlshamn,2022,1.65,False,1.52,0.1299999999999999,26,False
1082,Karlshamn,2023,1.48,False,1.45,0.030000000000000027,26,False
1082,Karlshamn,2024,1.41,False,1.43,-0.020000000000000018,26,False
1082,Karlshamn,2025,1.49,False,1.42,0.07000000000000006,26,False
1083,Sölvesborg,2000,1.62,False,1.54,0.08000000000000007,26,False
1083,Sölvesborg,2001,1.6,False,1.57,0.030000000000000027,26,False
1083,Sölvesborg,2002,1.72,False,1.65,0.07000000000000006,26,False
1083,Sölvesborg,2003,1.77,False,1.71,0.06000000000000005,26,False
1083,Sölvesborg,2004,1.95,False,1.75,0.19999999999999996,26,False
1083,Sölvesborg,2005,2.12,False,1.77,0.3500000000000001,26,False
1083,Sölvesborg,2006,1.85,False,1.85,0.0,26,False
1083,Sölvesborg,2007,1.92,False,1.88,0.040000000000000036,26,False
1083,Sölvesborg,2008,1.84,False,1.91,-0.06999999999999984,26,False
1083,Sölvesborg,2009,2.17,False,1.93,0.24,26,False
1083,Sölvesborg,2010,1.83,False,1.98,-0.1499999999999999,26,False
1083,Sölvesborg,2011,1.97,False,1.9,0.07000000000000006,26,False
1083,Sölvesborg,2012,1.91,False,1.9,0.010000000000000009,26,False
1083,Sölvesborg,2013,2.03,False,1.89,0.1399999999999999,26,False
1083,Sölvesborg,2014,1.71,False,1.88,-0.16999999999999993,26,False
1083,Sölvesborg,2015,2.04,False,1.85,0.18999999999999995,26,False
1083,Sölvesborg,2016,1.85,False,1.85,0.0,26,False
1083,Sölvesborg,2017,1.59,False,1.78,-0.18999999999999995,26,False
1083,Sölvesborg,2018,1.67,False,1.75,-0.08000000000000007,26,False
1083,Sölvesborg,2019,1.59,False,1.7,-0.10999999999999988,26,False
1083,Sölvesborg,2020,1.58,False,1.66,-0.07999999999999985,26,False
1083,Sölvesborg,2021,1.68,False,1.67,0.010000000000000009,26,False
1083,Sölvesborg,2022,1.51,False,1.52,-0.010000000000000009,26,False
1083,Sölvesborg,2023,1.59,False,1.45,0.14000000000000012,26,False
1083,Sölvesborg,2024,1.49,False,1.43,0.06000000000000005,26,False
1083,Sölvesborg,2025,1.34,False,1.42,-0.07999999999999985,26,False
1214,Svalöv,2000,1.88,False,1.54,0.33999999999999986,26,False
1214,Svalöv,2001,1.8,False,1.57,0.22999999999999998,26,False
1214,Svalöv,2002,2.15,False,1.65,0.5,26,False
1214,Svalöv,2003,2.0,False,1.71,0.29000000000000004,26,False
1214,Svalöv,2004,2.11,False,1.75,0.3599999999999999,26,False
1214,Svalöv,2005,2.02,False,1.77,0.25,26,False
1214,Svalöv,2006,2.01,False,1.85,0.1599999999999997,26,False
1214,Svalöv,2007,2.15,False,1.88,0.27,26,False
1214,Svalöv,2008,2.45,False,1.91,0.5400000000000003,26,False
1214,Svalöv,2009,2.27,False,1.93,0.3400000000000001,26,False
1214,Svalöv,2010,2.3,False,1.98,0.31999999999999984,26,False
1214,Svalöv,2011,2.09,False,1.9,0.18999999999999995,26,False
1214,Svalöv,2012,2.03,False,1.9,0.1299999999999999,26,False
1214,Svalöv,2013,1.87,False,1.89,-0.019999999999999796,26,False
1214,Svalöv,2014,2.36,False,1.88,0.48,26,False
1214,Svalöv,2015,2.01,False,1.85,0.1599999999999997,26,False
1214,Svalöv,2016,2.1,False,1.85,0.25,26,False
1214,Svalöv,2017,1.76,False,1.78,-0.020000000000000018,26,False
1214,Svalöv,2018,2.04,False,1.75,0.29000000000000004,26,False
1214,Svalöv,2019,1.96,False,1.7,0.26,26,False
1214,Svalöv,2020,1.9,False,1.66,0.24,26,False
1214,Svalöv,2021,2.0,False,1.67,0.33000000000000007,26,False
1214,Svalöv,2022,1.99,False,1.52,0.47,26,False
1214,Svalöv,2023,1.59,False,1.45,0.14000000000000012,26,False
1214,Svalöv,2024,1.51,False,1.43,0.08000000000000007,26,False
1214,Svalöv,2025,1.45,False,1.42,0.030000000000000027,26,False
1230,Staffanstorp,2000,1.66,False,1.54,0.11999999999999988,26,False
1230,Staffanstorp,2001,1.94,False,1.57,0.3699999999999999,26,False
1230,Staffanstorp,2002,1.92,False,1.65,0.27,26,False
1230,Staffanstorp,2003,1.95,False,1.71,0.24,26,False
1230,Staffanstorp,2004,2.05,False,1.75,0.2999999999999998,26,False
1230,Staffanstorp,2005,2.13,False,1.77,0.3599999999999999,26,False
1230,Staffanstorp,2006,2.04,False,1.85,0.18999999999999995,26,False
1230,Staffanstorp,2007,2.04,False,1.88,0.16000000000000014,26,False
1230,Staffanstorp,2008,2.32,False,1.91,0.4099999999999999,26,False
1230,Staffanstorp,2009,2.05,False,1.93,0.11999999999999988,26,False
1230,Staffanstorp,2010,2.49,False,1.98,0.5100000000000002,26,False
1230,Staffanstorp,2011,1.94,False,1.9,0.040000000000000036,26,False
1230,Staffanstorp,2012,2.11,False,1.9,0.20999999999999996,26,False
1230,Staffanstorp,2013,1.89,False,1.89,0.0,26,False
1230,Staffanstorp,2014,2.27,False,1.88,0.3900000000000001,26,False
1230,Staffanstorp,2015,1.91,False,1.85,0.05999999999999983,26,False
1230,Staffanstorp,2016,2.1,False,1.85,0.25,26,False
1230,Staffanstorp,2017,1.95,False,1.78,0.16999999999999993,26,False
1230,Staffanstorp,2018,2.0,False,1.75,0.25,26,False
1230,Staffanstorp,2019,2.11,False,1.7,0.4099999999999999,26,False
1230,Staffanstorp,2020,2.0,False,1.66,0.3400000000000001,26,False
1230,Staffanstorp,2021,1.94,False,1.67,0.27,26,False
1230,Staffanstorp,2022,1.64,False,1.52,0.11999999999999988,26,False
1230,Staffanstorp,2023,1.69,False,1.45,0.24,26,False
1230,Staffanstorp,2024,1.69,False,1.43,0.26,26,False
1230,Staffanstorp,2025,1.75,False,1.42,0.33000000000000007,26,False
1231,Burlöv,2000,1.6,False,1.54,0.06000000000000005,26,False
1231,Burlöv,2001,1.69,False,1.57,0.11999999999999988,26,False
1231,Burlöv,2002,1.8,False,1.65,0.15000000000000013,26,False
1231,Burlöv,2003,1.95,False,1.71,0.24,26,False
1231,Burlöv,2004,1.83,False,1.75,0.08000000000000007,26,False
1231,Burlöv,2005,1.79,False,1.77,0.020000000000000018,26,False
1231,Burlöv,2006,2.23,False,1.85,0.3799999999999999,26,False
1231,Burlöv,2007,2.3,False,1.88,0.41999999999999993,26,False
1231,Burlöv,2008,2.0,False,1.91,0.09000000000000008,26,False
1231,Burlöv,2009,2.16,False,1.93,0.2300000000000002,26,False
1231,Burlöv,2010,2.46,False,1.98,0.48,26,False
1231,Burlöv,2011,2.27,False,1.9,0.3700000000000001,26,False
1231,Burlöv,2012,1.89,False,1.9,-0.010000000000000009,26,False
1231,Burlöv,2013,1.82,False,1.89,-0.06999999999999984,26,False
1231,Burlöv,2014,2.26,False,1.88,0.3799999999999999,26,False
1231,Burlöv,2015,2.05,False,1.85,0.19999999999999973,26,False
1231,Burlöv,2016,2.07,False,1.85,0.21999999999999975,26,False
1231,Burlöv,2017,1.94,False,1.78,0.15999999999999992,26,False
1231,Burlöv,2018,1.86,False,1.75,0.1100000000000001,26,False
1231,Burlöv,2019,2.11,False,1.7,0.4099999999999999,26,False
1231,Burlöv,2020,1.99,False,1.66,0.33000000000000007,26,False
1231,Burlöv,2021,1.93,False,1.67,0.26,26,False
1231,Burlöv,2022,1.67,False,1.52,0.1499999999999999,26,False
1231,Burlöv,2023,1.6,False,1.45,0.15000000000000013,26,False
1231,Burlöv,2024,1.83,False,1.43,0.40000000000000013,26,False
1231,Burlöv,2025,1.68,False,1.42,0.26,26,False
1233,Vellinge,2000,1.5,False,1.54,-0.040000000000000036,26,False
1233,Vellinge,2001,1.48,False,1.57,-0.09000000000000008,26,False
1233,Vellinge,2002,1.82,False,1.65,0.17000000000000015,26,False
1233,Vellinge,2003,2.09,False,1.71,0.3799999999999999,26,False
1233,Vellinge,2004,1.96,False,1.75,0.20999999999999996,26,False
1233,Vellinge,2005,2.09,False,1.77,0.31999999999999984,26,False
1233,Vellinge,2006,2.29,False,1.85,0.43999999999999995,26,False
1233,Vellinge,2007,2.01,False,1.88,0.1299999999999999,26,False
1233,Vellinge,2008,2.16,False,1.91,0.2500000000000002,26,False
1233,Vellinge,2009,2.02,False,1.93,0.09000000000000008,26,False
1233,Vellinge,2010,2.08,False,1.98,0.10000000000000009,26,False
1233,Vellinge,2011,1.71,False,1.9,-0.18999999999999995,26,False
1233,Vellinge,2012,1.8,False,1.9,-0.09999999999999987,26,False
1233,Vellinge,2013,2.29,False,1.89,0.40000000000000013,26,False
1233,Vellinge,2014,2.12,False,1.88,0.2400000000000002,26,False
1233,Vellinge,2015,2.03,False,1.85,0.17999999999999972,26,False
1233,Vellinge,2016,2.26,False,1.85,0.4099999999999997,26,False
1233,Vellinge,2017,1.8,False,1.78,0.020000000000000018,26,False
1233,Vellinge,2018,2.02,False,1.75,0.27,26,False
1233,Vellinge,2019,1.91,False,1.7,0.20999999999999996,26,False
1233,Vellinge,2020,1.77,False,1.66,0.1100000000000001,26,False
1233,Vellinge,2021,1.94,False,1.67,0.27,26,False
1233,Vellinge,2022,1.99,False,1.52,0.47,26,False
1233,Vellinge,2023,1.7,False,1.45,0.25,26,False
1233,Vellinge,2024,1.73,False,1.43,0.30000000000000004,26,False
1233,Vellinge,2025,1.63,False,1.42,0.20999999999999996,26,False
1256,Östra Göinge,2000,1.84,False,1.54,0.30000000000000004,26,False
1256,Östra Göinge,2001,1.42,False,1.57,-0.15000000000000013,26,False
1256,Östra Göinge,2002,1.83,False,1.65,0.18000000000000016,26,False
1256,Östra Göinge,2003,2.1,False,1.71,0.3900000000000001,26,False
1256,Östra Göinge,2004,2.15,False,1.75,0.3999999999999999,26,False
1256,Östra Göinge,2005,2.13,False,1.77,0.3599999999999999,26,False
1256,Östra Göinge,2006,1.94,False,1.85,0.08999999999999986,26,False
1256,Östra Göinge,2007,2.05,False,1.88,0.16999999999999993,26,False
1256,Östra Göinge,2008,2.2,False,1.91,0.29000000000000026,26,False
1256,Östra Göinge,2009,1.92,False,1.93,-0.010000000000000009,26,False
1256,Östra Göinge,2010,2.03,False,1.98,0.04999999999999982,26,False
1256,Östra Göinge,2011,2.11,False,1.9,0.20999999999999996,26,False
1256,Östra Göinge,2012,2.11,False,1.9,0.20999999999999996,26,False
1256,Östra Göinge,2013,1.94,False,1.89,0.050000000000000044,26,False
1256,Östra Göinge,2014,2.07,False,1.88,0.18999999999999995,26,False
1256,Östra Göinge,2015,2.11,False,1.85,0.2599999999999998,26,False
1256,Östra Göinge,2016,1.89,False,1.85,0.039999999999999813,26,False
1256,Östra Göinge,2017,2.06,False,1.78,0.28,26,False
1256,Östra Göinge,2018,2.44,False,1.75,0.69,26,False
1256,Östra Göinge,2019,2.36,False,1.7,0.6599999999999999,26,False
1256,Östra Göinge,2020,1.93,False,1.66,0.27,26,False
1256,Östra Göinge,2021,2.09,False,1.67,0.41999999999999993,26,False
1256,Östra Göinge,2022,1.46,False,1.52,-0.06000000000000005,26,False
1256,Östra Göinge,2023,1.68,False,1.45,0.22999999999999998,26,False
1256,Östra Göinge,2024,1.41,False,1.43,-0.020000000000000018,26,False
1256,Östra Göinge,2025,1.37,False,1.42,-0.04999999999999982,26,False
1257,Örkelljunga,2000,1.63,False,1.54,0.08999999999999986,26,False
1257,Örkelljunga,2001,1.66,False,1.57,0.08999999999999986,26,False
1257,Örkelljunga,2002,1.86,False,1.65,0.2100000000000002,26,False
1257,Örkelljunga,2003,2.0,False,1.71,0.29000000000000004,26,False
1257,Örkelljunga,2004,1.79,False,1.75,0.040000000000000036,26,False
1257,Örkelljunga,2005,2.36,False,1.77,0.5899999999999999,26,False
1257,Örkelljunga,2006,1.66,False,1.85,-0.19000000000000017,26,False
1257,Örkelljunga,2007,2.18,False,1.88,0.30000000000000027,26,False
1257,Örkelljunga,2008,2.33,False,1.91,0.42000000000000015,26,False
1257,Örkelljunga,2009,1.95,False,1.93,0.020000000000000018,26,False
1257,Örkelljunga,2010,1.56,False,1.98,-0.41999999999999993,26,False
1257,Örkelljunga,2011,2.37,False,1.9,0.4700000000000002,26,False
1257,Örkelljunga,2012,1.91,False,1.9,0.010000000000000009,26,False
1257,Örkelljunga,2013,1.84,False,1.89,-0.04999999999999982,26,False
1257,Örkelljunga,2014,1.74,False,1.88,-0.1399999999999999,26,False
1257,Örkelljunga,2015,1.97,False,1.85,0.11999999999999988,26,False
1257,Örkelljunga,2016,1.94,False,1.85,0.08999999999999986,26,False
1257,Örkelljunga,2017,1.98,False,1.78,0.19999999999999996,26,False
1257,Örkelljunga,2018,1.71,False,1.75,-0.040000000000000036,26,False
1257,Örkelljunga,2019,1.98,False,1.7,0.28,26,False
1257,Örkelljunga,2020,1.97,False,1.66,0.31000000000000005,26,False
1257,Örkelljunga,2021,2.0,False,1.67,0.33000000000000007,26,False
1257,Örkelljunga,2022,1.75,False,1.52,0.22999999999999998,26,False
1257,Örkelljunga,2023,1.82,False,1.45,0.3700000000000001,26,False
1257,Örkelljunga,2024,1.44,False,1.43,0.010000000000000009,26,False
1257,Örkelljunga,2025,1.5,False,1.42,0.08000000000000007,26,False
1260,Bjuv,2000,1.91,False,1.54,0.3699999999999999,26,False
1260,Bjuv,2001,1.59,False,1.57,0.020000000000000018,26,False
1260,Bjuv,2002,1.9,False,1.65,0.25,26,False
1260,Bjuv,2003,1.93,False,1.71,0.21999999999999997,26,False
1260,Bjuv,2004,1.96,False,1.75,0.20999999999999996,26,False
1260,Bjuv,2005,1.91,False,1.77,0.1399999999999999,26,False
1260,Bjuv,2006,2.33,False,1.85,0.48,26,False
1260,Bjuv,2007,2.17,False,1.88,0.29000000000000004,26,False
1260,Bjuv,2008,2.28,False,1.91,0.3699999999999999,26,False
1260,Bjuv,2009,2.33,False,1.93,0.40000000000000013,26,False
1260,Bjuv,2010,2.13,False,1.98,0.1499999999999999,26,False
1260,Bjuv,2011,2.14,False,1.9,0.2400000000000002,26,False
1260,Bjuv,2012,1.94,False,1.9,0.040000000000000036,26,False
1260,Bjuv,2013,2.2,False,1.89,0.3100000000000003,26,False
1260,Bjuv,2014,1.93,False,1.88,0.050000000000000044,26,False
1260,Bjuv,2015,1.86,False,1.85,0.010000000000000009,26,False
1260,Bjuv,2016,2.16,False,1.85,0.31000000000000005,26,False
1260,Bjuv,2017,1.88,False,1.78,0.09999999999999987,26,False
1260,Bjuv,2018,2.18,False,1.75,0.43000000000000016,26,False
1260,Bjuv,2019,2.04,False,1.7,0.3400000000000001,26,False
1260,Bjuv,2020,1.83,False,1.66,0.17000000000000015,26,False
1260,Bjuv,2021,1.83,False,1.67,0.16000000000000014,26,False
1260,Bjuv,2022,1.76,False,1.52,0.24,26,False
1260,Bjuv,2023,1.54,False,1.45,0.09000000000000008,26,False
1260,Bjuv,2024,1.44,False,1.43,0.010000000000000009,26,False
1260,Bjuv,2025,1.6,False,1.42,0.18000000000000016,26,False
1261,Kävlinge,2000,1.83,False,1.54,0.29000000000000004,26,False
1261,Kävlinge,2001,1.75,False,1.57,0.17999999999999994,26,False
1261,Kävlinge,2002,1.89,False,1.65,0.24,26,False
1261,Kävlinge,2003,2.04,False,1.71,0.33000000000000007,26,False
1261,Kävlinge,2004,2.07,False,1.75,0.31999999999999984,26,False
1261,Kävlinge,2005,1.95,False,1.77,0.17999999999999994,26,False
1261,Kävlinge,2006,2.18,False,1.85,0.33000000000000007,26,False
1261,Kävlinge,2007,2.09,False,1.88,0.20999999999999996,26,False
1261,Kävlinge,2008,2.26,False,1.91,0.34999999999999987,26,False
1261,Kävlinge,2009,2.02,False,1.93,0.09000000000000008,26,False
1261,Kävlinge,2010,2.39,False,1.98,0.41000000000000014,26,False
1261,Kävlinge,2011,2.27,False,1.9,0.3700000000000001,26,False
1261,Kävlinge,2012,2.17,False,1.9,0.27,26,False
1261,Kävlinge,2013,2.23,False,1.89,0.3400000000000001,26,False
1261,Kävlinge,2014,2.22,False,1.88,0.3400000000000003,26,False
1261,Kävlinge,2015,1.76,False,1.85,-0.09000000000000008,26,False
1261,Kävlinge,2016,2.04,False,1.85,0.18999999999999995,26,False
1261,Kävlinge,2017,1.94,False,1.78,0.15999999999999992,26,False
1261,Kävlinge,2018,1.94,False,1.75,0.18999999999999995,26,False
1261,Kävlinge,2019,1.89,False,1.7,0.18999999999999995,26,False
1261,Kävlinge,2020,1.98,False,1.66,0.32000000000000006,26,False
1261,Kävlinge,2021,1.8,False,1.67,0.13000000000000012,26,False
1261,Kävlinge,2022,1.8,False,1.52,0.28,26,False
1261,Kävlinge,2023,1.59,False,1.45,0.14000000000000012,26,False
1261,Kävlinge,2024,1.64,False,1.43,0.20999999999999996,26,False
1261,Kävlinge,2025,1.66,False,1.42,0.24,26,False
1262,Lomma,2000,1.68,False,1.54,0.1399999999999999,26,False
1262,Lomma,2001,1.66,False,1.57,0.08999999999999986,26,False
1262,Lomma,2002,1.8,False,1.65,0.15000000000000013,26,False
1262,Lomma,2003,2.07,False,1.71,0.3599999999999999,26,False
1262,Lomma,2004,2.14,False,1.75,0.3900000000000001,26,False
1262,Lomma,2005,1.98,False,1.77,0.20999999999999996,26,False
1262,Lomma,2006,2.29,False,1.85,0.43999999999999995,26,False
1262,Lomma,2007,2.12,False,1.88,0.2400000000000002,26,False
1262,Lomma,2008,2.41,False,1.91,0.5000000000000002,26,False
1262,Lomma,2009,2.2,False,1.93,0.27000000000000024,26,False
1262,Lomma,2010,2.14,False,1.98,0.16000000000000014,26,False
1262,Lomma,2011,2.17,False,1.9,0.27,26,False
1262,Lomma,2012,2.35,False,1.9,0.4500000000000002,26,False
1262,Lomma,2013,2.33,False,1.89,0.44000000000000017,26,False
1262,Lomma,2014,2.42,False,1.88,0.54,26,False
1262,Lomma,2015,2.28,False,1.85,0.4299999999999997,26,False
1262,Lomma,2016,2.14,False,1.85,0.29000000000000004,26,False
1262,Lomma,2017,1.78,False,1.78,0.0,26,False
1262,Lomma,2018,1.91,False,1.75,0.15999999999999992,26,False
1262,Lomma,2019,1.97,False,1.7,0.27,26,False
1262,Lomma,2020,1.81,False,1.66,0.15000000000000013,26,False
1262,Lomma,2021,1.69,False,1.67,0.020000000000000018,26,False
1262,Lomma,2022,1.81,False,1.52,0.29000000000000004,26,False
1262,Lomma,2023,1.67,False,1.45,0.21999999999999997,26,False
1262,Lomma,2024,1.52,False,1.43,0.09000000000000008,26,False
1262,Lomma,2025,1.64,False,1.42,0.21999999999999997,26,False
1263,Svedala,2000,1.74,False,1.54,0.19999999999999996,26,False
1263,Svedala,2001,1.69,False,1.57,0.11999999999999988,26,False
1263,Svedala,2002,1.77,False,1.65,0.1200000000000001,26,False
1263,Svedala,2003,2.1,False,1.71,0.3900000000000001,26,False
1263,Svedala,2004,1.93,False,1.75,0.17999999999999994,26,False
1263,Svedala,2005,2.06,False,1.77,0.29000000000000004,26,False
1263,Svedala,2006,2.17,False,1.85,0.31999999999999984,26,False
1263,Svedala,2007,2.22,False,1.88,0.3400000000000003,26,False
1263,Svedala,2008,2.1,False,1.91,0.19000000000000017,26,False
1263,Svedala,2009,2.04,False,1.93,0.1100000000000001,26,False
1263,Svedala,2010,2.22,False,1.98,0.2400000000000002,26,False
1263,Svedala,2011,1.99,False,1.9,0.09000000000000008,26,False
1263,Svedala,2012,2.32,False,1.9,0.41999999999999993,26,False
1263,Svedala,2013,2.12,False,1.89,0.2300000000000002,26,False
1263,Svedala,2014,2.01,False,1.88,0.1299999999999999,26,False
1263,Svedala,2015,2.24,False,1.85,0.3900000000000001,26,False
1263,Svedala,2016,1.85,False,1.85,0.0,26,False
1263,Svedala,2017,1.71,False,1.78,-0.07000000000000006,26,False
1263,Svedala,2018,1.98,False,1.75,0.22999999999999998,26,False
1263,Svedala,2019,1.96,False,1.7,0.26,26,False
1263,Svedala,2020,1.9,False,1.66,0.24,26,False
1263,Svedala,2021,1.93,False,1.67,0.26,26,False
1263,Svedala,2022,2.13,False,1.52,0.6099999999999999,26,False
1263,Svedala,2023,1.66,False,1.45,0.20999999999999996,26,False
1263,Svedala,2024,1.81,False,1.43,0.3800000000000001,26,False
1263,Svedala,2025,1.89,False,1.42,0.47,26,False
1264,Skurup,2000,1.76,False,1.54,0.21999999999999997,26,False
1264,Skurup,2001,2.0,False,1.57,0.42999999999999994,26,False
1264,Skurup,2002,2.05,False,1.65,0.3999999999999999,26,False
1264,Skurup,2003,1.64,False,1.71,-0.07000000000000006,26,False
1264,Skurup,2004,1.98,False,1.75,0.22999999999999998,26,False
1264,Skurup,2005,2.03,False,1.77,0.2599999999999998,26,False
1264,Skurup,2006,2.25,False,1.85,0.3999999999999999,26,False
1264,Skurup,2007,2.11,False,1.88,0.22999999999999998,26,False
1264,Skurup,2008,2.22,False,1.91,0.3100000000000003,26,False
1264,Skurup,2009,1.86,False,1.93,-0.06999999999999984,26,False
1264,Skurup,2010,1.93,False,1.98,-0.050000000000000044,26,False
1264,Skurup,2011,1.86,False,1.9,-0.039999999999999813,26,False
1264,Skurup,2012,1.95,False,1.9,0.050000000000000044,26,False
1264,Skurup,2013,2.06,False,1.89,0.17000000000000015,26,False
1264,Skurup,2014,2.22,False,1.88,0.3400000000000003,26,False
1264,Skurup,2015,1.77,False,1.85,-0.08000000000000007,26,False
1264,Skurup,2016,2.0,False,1.85,0.1499999999999999,26,False
1264,Skurup,2017,2.0,False,1.78,0.21999999999999997,26,False
1264,Skurup,2018,1.84,False,1.75,0.09000000000000008,26,False
1264,Skurup,2019,1.69,False,1.7,-0.010000000000000009,26,False
1264,Skurup,2020,2.14,False,1.66,0.4800000000000002,26,False
1264,Skurup,2021,1.77,False,1.67,0.10000000000000009,26,False
1264,Skurup,2022,1.75,False,1.52,0.22999999999999998,26,False
1264,Skurup,2023,1.73,False,1.45,0.28,26,False
1264,Skurup,2024,1.56,False,1.43,0.13000000000000012,26,False
1264,Skurup,2025,1.63,False,1.42,0.20999999999999996,26,False
1265,Sjöbo,2000,1.8,False,1.54,0.26,26,False
1265,Sjöbo,2001,1.86,False,1.57,0.29000000000000004,26,False
1265,Sjöbo,2002,1.81,False,1.65,0.16000000000000014,26,False
1265,Sjöbo,2003,2.12,False,1.71,0.41000000000000014,26,False
1265,Sjöbo,2004,2.1,False,1.75,0.3500000000000001,26,False
1265,Sjöbo,2005,1.89,False,1.77,0.11999999999999988,26,False
1265,Sjöbo,2006,1.97,False,1.85,0.11999999999999988,26,False
1265,Sjöbo,2007,2.18,False,1.88,0.30000000000000027,26,False
1265,Sjöbo,2008,2.28,False,1.91,0.3699999999999999,26,False
1265,Sjöbo,2009,2.05,False,1.93,0.11999999999999988,26,False
1265,Sjöbo,2010,2.07,False,1.98,0.08999999999999986,26,False
1265,Sjöbo,2011,2.32,False,1.9,0.41999999999999993,26,False
1265,Sjöbo,2012,2.25,False,1.9,0.3500000000000001,26,False
1265,Sjöbo,2013,2.13,False,1.89,0.24,26,False
1265,Sjöbo,2014,1.95,False,1.88,0.07000000000000006,26,False
1265,Sjöbo,2015,2.08,False,1.85,0.22999999999999998,26,False
1265,Sjöbo,2016,2.15,False,1.85,0.2999999999999998,26,False
1265,Sjöbo,2017,1.88,False,1.78,0.09999999999999987,26,False
1265,Sjöbo,2018,1.96,False,1.75,0.20999999999999996,26,False
1265,Sjöbo,2019,1.99,False,1.7,0.29000000000000004,26,False
1265,Sjöbo,2020,1.81,False,1.66,0.15000000000000013,26,False
1265,Sjöbo,2021,1.81,False,1.67,0.14000000000000012,26,False
1265,Sjöbo,2022,1.77,False,1.52,0.25,26,False
1265,Sjöbo,2023,1.61,False,1.45,0.16000000000000014,26,False
1265,Sjöbo,2024,1.63,False,1.43,0.19999999999999996,26,False
1265,Sjöbo,2025,1.47,False,1.42,0.050000000000000044,26,False
1266,Hörby,2000,1.91,False,1.54,0.3699999999999999,26,False
1266,Hörby,2001,1.53,False,1.57,-0.040000000000000036,26,False
1266,Hörby,2002,2.16,False,1.65,0.5100000000000002,26,False
1266,Hörby,2003,1.87,False,1.71,0.16000000000000014,26,False
1266,Hörby,2004,2.0,False,1.75,0.25,26,False
1266,Hörby,2005,2.11,False,1.77,0.33999999999999986,26,False
1266,Hörby,2006,2.19,False,1.85,0.33999999999999986,26,False
1266,Hörby,2007,1.69,False,1.88,-0.18999999999999995,26,False
1266,Hörby,2008,2.17,False,1.91,0.26,26,False
1266,Hörby,2009,1.85,False,1.93,-0.07999999999999985,26,False
1266,Hörby,2010,2.14,False,1.98,0.16000000000000014,26,False
1266,Hörby,2011,1.92,False,1.9,0.020000000000000018,26,False
1266,Hörby,2012,2.04,False,1.9,0.14000000000000012,26,False
1266,Hörby,2013,2.17,False,1.89,0.28,26,False
1266,Hörby,2014,1.9,False,1.88,0.020000000000000018,26,False
1266,Hörby,2015,2.05,False,1.85,0.19999999999999973,26,False
1266,Hörby,2016,2.1,False,1.85,0.25,26,False
1266,Hörby,2017,2.15,False,1.78,0.3699999999999999,26,False
1266,Hörby,2018,1.9,False,1.75,0.1499999999999999,26,False
1266,Hörby,2019,1.99,False,1.7,0.29000000000000004,26,False
1266,Hörby,2020,1.77,False,1.66,0.1100000000000001,26,False
1266,Hörby,2021,1.93,False,1.67,0.26,26,False
1266,Hörby,2022,1.62,False,1.52,0.10000000000000009,26,False
1266,Hörby,2023,1.55,False,1.45,0.10000000000000009,26,False
1266,Hörby,2024,1.81,False,1.43,0.3800000000000001,26,False
1266,Hörby,2025,1.59,False,1.42,0.17000000000000015,26,False
1267,Höör,2000,1.68,False,1.54,0.1399999999999999,26,False
1267,Höör,2001,1.79,False,1.57,0.21999999999999997,26,False
1267,Höör,2002,2.05,False,1.65,0.3999999999999999,26,False
1267,Höör,2003,2.1,False,1.71,0.3900000000000001,26,False
1267,Höör,2004,1.99,False,1.75,0.24,26,False
1267,Höör,2005,1.89,False,1.77,0.11999999999999988,26,False
1267,Höör,2006,2.03,False,1.85,0.17999999999999972,26,False
1267,Höör,2007,2.09,False,1.88,0.20999999999999996,26,False
1267,Höör,2008,1.88,False,1.91,-0.030000000000000027,26,False
1267,Höör,2009,2.13,False,1.93,0.19999999999999996,26,False
1267,Höör,2010,2.47,False,1.98,0.4900000000000002,26,False
1267,Höör,2011,1.79,False,1.9,-0.10999999999999988,26,False
1267,Höör,2012,1.99,False,1.9,0.09000000000000008,26,False
1267,Höör,2013,2.19,False,1.89,0.30000000000000004,26,False
1267,Höör,2014,1.79,False,1.88,-0.08999999999999986,26,False
1267,Höör,2015,2.08,False,1.85,0.22999999999999998,26,False
1267,Höör,2016,2.12,False,1.85,0.27,26,False
1267,Höör,2017,2.06,False,1.78,0.28,26,False
1267,Höör,2018,1.93,False,1.75,0.17999999999999994,26,False
1267,Höör,2019,1.68,False,1.7,-0.020000000000000018,26,False
1267,Höör,2020,1.91,False,1.66,0.25,26,False
1267,Höör,2021,2.0,False,1.67,0.33000000000000007,26,False
1267,Höör,2022,1.72,False,1.52,0.19999999999999996,26,False
1267,Höör,2023,1.75,False,1.45,0.30000000000000004,26,False
1267,Höör,2024,1.82,False,1.43,0.3900000000000001,26,False
1267,Höör,2025,1.68,False,1.42,0.26,26,False
1270,Tomelilla,2000,1.78,False,1.54,0.24,26,False
1270,Tomelilla,2001,1.65,False,1.57,0.07999999999999985,26,False
1270,Tomelilla,2002,1.74,False,1.65,0.09000000000000008,26,False
1270,Tomelilla,2003,1.62,False,1.71,-0.08999999999999986,26,False
1270,Tomelilla,2004,2.19,False,1.75,0.43999999999999995,26,False
1270,Tomelilla,2005,2.0,False,1.77,0.22999999999999998,26,False
1270,Tomelilla,2006,1.98,False,1.85,0.1299999999999999,26,False
1270,Tomelilla,2007,2.19,False,1.88,0.31000000000000005,26,False
1270,Tomelilla,2008,2.04,False,1.91,0.13000000000000012,26,False
1270,Tomelilla,2009,2.12,False,1.93,0.19000000000000017,26,False
1270,Tomelilla,2010,2.25,False,1.98,0.27,26,False
1270,Tomelilla,2011,2.02,False,1.9,0.1200000000000001,26,False
1270,Tomelilla,2012,1.86,False,1.9,-0.039999999999999813,26,False
1270,Tomelilla,2013,2.21,False,1.89,0.32000000000000006,26,False
1270,Tomelilla,2014,1.88,False,1.88,0.0,26,False
1270,Tomelilla,2015,1.96,False,1.85,0.10999999999999988,26,False
1270,Tomelilla,2016,1.73,False,1.85,-0.1200000000000001,26,False
1270,Tomelilla,2017,2.01,False,1.78,0.22999999999999976,26,False
1270,Tomelilla,2018,1.86,False,1.75,0.1100000000000001,26,False
1270,Tomelilla,2019,1.69,False,1.7,-0.010000000000000009,26,False
1270,Tomelilla,2020,2.0,False,1.66,0.3400000000000001,26,False
1270,Tomelilla,2021,1.87,False,1.67,0.20000000000000018,26,False
1270,Tomelilla,2022,1.57,False,1.52,0.050000000000000044,26,False
1270,Tomelilla,2023,1.59,False,1.45,0.14000000000000012,26,False
1270,Tomelilla,2024,1.37,False,1.43,-0.05999999999999983,26,False
1270,Tomelilla,2025,1.76,False,1.42,0.3400000000000001,26,False
1272,Bromölla,2000,1.72,False,1.54,0.17999999999999994,26,False
1272,Bromölla,2001,1.56,False,1.57,-0.010000000000000009,26,False
1272,Bromölla,2002,1.77,False,1.65,0.1200000000000001,26,False
1272,Bromölla,2003,1.55,False,1.71,-0.15999999999999992,26,False
1272,Bromölla,2004,2.09,False,1.75,0.33999999999999986,26,False
1272,Bromölla,2005,2.3,False,1.77,0.5299999999999998,26,False
1272,Bromölla,2006,2.36,False,1.85,0.5099999999999998,26,False
1272,Bromölla,2007,2.08,False,1.88,0.20000000000000018,26,False
1272,Bromölla,2008,2.14,False,1.91,0.2300000000000002,26,False
1272,Bromölla,2009,2.32,False,1.93,0.3899999999999999,26,False
1272,Bromölla,2010,2.21,False,1.98,0.22999999999999998,26,False
1272,Bromölla,2011,1.97,False,1.9,0.07000000000000006,26,False
1272,Bromölla,2012,1.81,False,1.9,-0.08999999999999986,26,False
1272,Bromölla,2013,2.03,False,1.89,0.1399999999999999,26,False
1272,Bromölla,2014,1.9,False,1.88,0.020000000000000018,26,False
1272,Bromölla,2015,2.06,False,1.85,0.20999999999999996,26,False
1272,Bromölla,2016,2.21,False,1.85,0.3599999999999999,26,False
1272,Bromölla,2017,2.02,False,1.78,0.24,26,False
1272,Bromölla,2018,1.67,False,1.75,-0.08000000000000007,26,False
1272,Bromölla,2019,1.73,False,1.7,0.030000000000000027,26,False
1272,Bromölla,2020,1.84,False,1.66,0.18000000000000016,26,False
1272,Bromölla,2021,1.84,False,1.67,0.17000000000000015,26,False
1272,Bromölla,2022,1.98,False,1.52,0.45999999999999996,26,False
1272,Bromölla,2023,1.61,False,1.45,0.16000000000000014,26,False
1272,Bromölla,2024,1.34,False,1.43,-0.08999999999999986,26,False
1272,Bromölla,2025,2.0,False,1.42,0.5800000000000001,26,False
1273,Osby,2000,1.55,False,1.54,0.010000000000000009,26,False
1273,Osby,2001,1.42,False,1.57,-0.15000000000000013,26,False
1273,Osby,2002,1.64,False,1.65,-0.010000000000000009,26,False
1273,Osby,2003,2.18,False,1.71,0.4700000000000002,26,False
1273,Osby,2004,1.87,False,1.75,0.1200000000000001,26,False
1273,Osby,2005,1.8,False,1.77,0.030000000000000027,26,False
1273,Osby,2006,1.96,False,1.85,0.10999999999999988,26,False
1273,Osby,2007,2.1,False,1.88,0.2200000000000002,26,False
1273,Osby,2008,1.69,False,1.91,-0.21999999999999997,26,False
1273,Osby,2009,2.08,False,1.93,0.15000000000000013,26,False
1273,Osby,2010,2.33,False,1.98,0.3500000000000001,26,False
1273,Osby,2011,2.23,False,1.9,0.33000000000000007,26,False
1273,Osby,2012,2.06,False,1.9,0.16000000000000014,26,False
1273,Osby,2013,2.0,False,1.89,0.1100000000000001,26,False
1273,Osby,2014,1.97,False,1.88,0.09000000000000008,26,False
1273,Osby,2015,1.86,False,1.85,0.010000000000000009,26,False
1273,Osby,2016,1.9,False,1.85,0.04999999999999982,26,False
1273,Osby,2017,2.05,False,1.78,0.2699999999999998,26,False
1273,Osby,2018,1.79,False,1.75,0.040000000000000036,26,False
1273,Osby,2019,2.06,False,1.7,0.3600000000000001,26,False
1273,Osby,2020,1.55,False,1.66,-0.10999999999999988,26,False
1273,Osby,2021,1.88,False,1.67,0.20999999999999996,26,False
1273,Osby,2022,1.63,False,1.52,0.10999999999999988,26,False
1273,Osby,2023,1.71,False,1.45,0.26,26,False
1273,Osby,2024,1.52,False,1.43,0.09000000000000008,26,False
1273,Osby,2025,1.55,False,1.42,0.13000000000000012,26,False
1275,Perstorp,2000,2.16,False,1.54,0.6200000000000001,26,False
1275,Perstorp,2001,1.56,False,1.57,-0.010000000000000009,26,False
1275,Perstorp,2002,2.09,False,1.65,0.43999999999999995,26,False
1275,Perstorp,2003,1.81,False,1.71,0.10000000000000009,26,False
1275,Perstorp,2004,1.81,False,1.75,0.06000000000000005,26,False
1275,Perstorp,2005,1.75,False,1.77,-0.020000000000000018,26,False
1275,Perstorp,2006,2.22,False,1.85,0.3700000000000001,26,False
1275,Perstorp,2007,2.15,False,1.88,0.27,26,False
1275,Perstorp,2008,2.55,False,1.91,0.6399999999999999,26,False
1275,Perstorp,2009,2.01,False,1.93,0.07999999999999985,26,False
1275,Perstorp,2010,1.6,False,1.98,-0.3799999999999999,26,False
1275,Perstorp,2011,2.13,False,1.9,0.22999999999999998,26,False
1275,Perstorp,2012,2.28,False,1.9,0.3799999999999999,26,False
1275,Perstorp,2013,2.06,False,1.89,0.17000000000000015,26,False
1275,Perstorp,2014,2.01,False,1.88,0.1299999999999999,26,False
1275,Perstorp,2015,2.08,False,1.85,0.22999999999999998,26,False
1275,Perstorp,2016,1.91,False,1.85,0.05999999999999983,26,False
1275,Perstorp,2017,2.02,False,1.78,0.24,26,False
1275,Perstorp,2018,2.14,False,1.75,0.3900000000000001,26,False
1275,Perstorp,2019,1.73,False,1.7,0.030000000000000027,26,False
1275,Perstorp,2020,1.94,False,1.66,0.28,26,False
1275,Perstorp,2021,2.09,False,1.67,0.41999999999999993,26,False
1275,Perstorp,2022,1.82,False,1.52,0.30000000000000004,26,False
1275,Perstorp,2023,2.04,False,1.45,0.5900000000000001,26,False
1275,Perstorp,2024,1.98,False,1.43,0.55,26,False
1275,Perstorp,2025,1.71,False,1.42,0.29000000000000004,26,False
1276,Klippan,2000,2.04,False,1.54,0.5,26,False
1276,Klippan,2001,1.74,False,1.57,0.16999999999999993,26,False
1276,Klippan,2002,1.67,False,1.65,0.020000000000000018,26,False
1276,Klippan,2003,1.81,False,1.71,0.10000000000000009,26,False
1276,Klippan,2004,2.04,False,1.75,0.29000000000000004,26,False
1276,Klippan,2005,1.76,False,1.77,-0.010000000000000009,26,False
1276,Klippan,2006,2.09,False,1.85,0.23999999999999977,26,False
1276,Klippan,2007,1.91,False,1.88,0.030000000000000027,26,False
1276,Klippan,2008,1.8,False,1.91,-0.10999999999999988,26,False
1276,Klippan,2009,1.94,False,1.93,0.010000000000000009,26,False
1276,Klippan,2010,2.18,False,1.98,0.20000000000000018,26,False
1276,Klippan,2011,2.01,False,1.9,0.10999999999999988,26,False
1276,Klippan,2012,2.17,False,1.9,0.27,26,False
1276,Klippan,2013,1.7,False,1.89,-0.18999999999999995,26,False
1276,Klippan,2014,2.2,False,1.88,0.3200000000000003,26,False
1276,Klippan,2015,1.69,False,1.85,-0.16000000000000014,26,False
1276,Klippan,2016,1.83,False,1.85,-0.020000000000000018,26,False
1276,Klippan,2017,1.73,False,1.78,-0.050000000000000044,26,False
1276,Klippan,2018,1.86,False,1.75,0.1100000000000001,26,False
1276,Klippan,2019,2.11,False,1.7,0.4099999999999999,26,False
1276,Klippan,2020,1.68,False,1.66,0.020000000000000018,26,False
1276,Klippan,2021,1.89,False,1.67,0.21999999999999997,26,False
1276,Klippan,2022,1.67,False,1.52,0.1499999999999999,26,False
1276,Klippan,2023,1.48,False,1.45,0.030000000000000027,26,False
1276,Klippan,2024,1.43,False,1.43,0.0,26,False
1276,Klippan,2025,1.47,False,1.42,0.050000000000000044,26,False
1277,Åstorp,2000,1.85,False,1.54,0.31000000000000005,26,False
1277,Åstorp,2001,1.82,False,1.57,0.25,26,False
1277,Åstorp,2002,1.81,False,1.65,0.16000000000000014,26,False
1277,Åstorp,2003,1.98,False,1.71,0.27,26,False
1277,Åstorp,2004,2.02,False,1.75,0.27,26,False
1277,Åstorp,2005,2.21,False,1.77,0.43999999999999995,26,False
1277,Åstorp,2006,2.21,False,1.85,0.3599999999999999,26,False
1277,Åstorp,2007,2.27,False,1.88,0.3900000000000001,26,False
1277,Åstorp,2008,2.11,False,1.91,0.19999999999999996,26,False
1277,Åstorp,2009,2.3,False,1.93,0.3699999999999999,26,False
1277,Åstorp,2010,1.87,False,1.98,-0.10999999999999988,26,False
1277,Åstorp,2011,2.31,False,1.9,0.41000000000000014,26,False
1277,Åstorp,2012,2.16,False,1.9,0.26000000000000023,26,False
1277,Åstorp,2013,2.11,False,1.89,0.21999999999999997,26,False
1277,Åstorp,2014,2.14,False,1.88,0.26000000000000023,26,False
1277,Åstorp,2015,2.16,False,1.85,0.31000000000000005,26,False
1277,Åstorp,2016,2.06,False,1.85,0.20999999999999996,26,False
1277,Åstorp,2017,1.83,False,1.78,0.050000000000000044,26,False
1277,Åstorp,2018,2.1,False,1.75,0.3500000000000001,26,False
1277,Åstorp,2019,2.01,False,1.7,0.30999999999999983,26,False
1277,Åstorp,2020,2.02,False,1.66,0.3600000000000001,26,False
1277,Åstorp,2021,2.1,False,1.67,0.43000000000000016,26,False
1277,Åstorp,2022,1.95,False,1.52,0.42999999999999994,26,False
1277,Åstorp,2023,1.78,False,1.45,0.33000000000000007,26,False
1277,Åstorp,2024,1.81,False,1.43,0.3800000000000001,26,False
1277,Åstorp,2025,1.8,False,1.42,0.3800000000000001,26,False
1278,Båstad,2000,1.59,False,1.54,0.050000000000000044,26,False
1278,Båstad,2001,1.42,False,1.57,-0.15000000000000013,26,False
1278,Båstad,2002,1.38,False,1.65,-0.27,26,False
1278,Båstad,2003,1.56,False,1.71,-0.1499999999999999,26,False
1278,Båstad,2004,1.63,False,1.75,-0.1200000000000001,26,False
1278,Båstad,2005,1.64,False,1.77,-0.13000000000000012,26,False
1278,Båstad,2006,2.09,False,1.85,0.23999999999999977,26,False
1278,Båstad,2007,1.79,False,1.88,-0.08999999999999986,26,False
1278,Båstad,2008,1.67,False,1.91,-0.24,26,False
1278,Båstad,2009,1.99,False,1.93,0.06000000000000005,26,False
1278,Båstad,2010,1.91,False,1.98,-0.07000000000000006,26,False
1278,Båstad,2011,1.9,False,1.9,0.0,26,False
1278,Båstad,2012,1.95,False,1.9,0.050000000000000044,26,False
1278,Båstad,2013,2.13,False,1.89,0.24,26,False
1278,Båstad,2014,1.68,False,1.88,-0.19999999999999996,26,False
1278,Båstad,2015,1.7,False,1.85,-0.15000000000000013,26,False
1278,Båstad,2016,1.99,False,1.85,0.1399999999999999,26,False
1278,Båstad,2017,1.66,False,1.78,-0.1200000000000001,26,False
1278,Båstad,2018,1.81,False,1.75,0.06000000000000005,26,False
1278,Båstad,2019,1.84,False,1.7,0.14000000000000012,26,False
1278,Båstad,2020,1.98,False,1.66,0.32000000000000006,26,False
1278,Båstad,2021,2.02,False,1.67,0.3500000000000001,26,False
1278,Båstad,2022,1.52,False,1.52,0.0,26,False
1278,Båstad,2023,1.93,False,1.45,0.48,26,False
1278,Båstad,2024,1.67,False,1.43,0.24,26,False
1278,Båstad,2025,2.03,False,1.42,0.6099999999999999,26,False
1280,Malmö,2000,1.47,False,1.54,-0.07000000000000006,26,False
1280,Malmö,2001,1.51,False,1.57,-0.06000000000000005,26,False
1280,Malmö,2002,1.58,False,1.65,-0.06999999999999984,26,False
1280,Malmö,2003,1.58,False,1.71,-0.1299999999999999,26,False
1280,Malmö,2004,1.61,False,1.75,-0.1399999999999999,26,False
1280,Malmö,2005,1.68,False,1.77,-0.09000000000000008,26,False
1280,Malmö,2006,1.75,False,1.85,-0.10000000000000009,26,False
1280,Malmö,2007,1.81,False,1.88,-0.06999999999999984,26,False
1280,Malmö,2008,1.91,False,1.91,0.0,26,False
1280,Malmö,2009,1.93,False,1.93,0.0,26,False
1280,Malmö,2010,2.01,False,1.98,0.029999999999999805,26,False
1280,Malmö,2011,1.93,False,1.9,0.030000000000000027,26,False
1280,Malmö,2012,1.96,False,1.9,0.06000000000000005,26,False
1280,Malmö,2013,1.92,False,1.89,0.030000000000000027,26,False
1280,Malmö,2014,1.91,False,1.88,0.030000000000000027,26,False
1280,Malmö,2015,1.84,False,1.85,-0.010000000000000009,26,False
1280,Malmö,2016,1.81,False,1.85,-0.040000000000000036,26,False
1280,Malmö,2017,1.77,False,1.78,-0.010000000000000009,26,False
1280,Malmö,2018,1.71,False,1.75,-0.040000000000000036,26,False
1280,Malmö,2019,1.69,False,1.7,-0.010000000000000009,26,False
1280,Malmö,2020,1.62,False,1.66,-0.039999999999999813,26,False
1280,Malmö,2021,1.61,False,1.67,-0.05999999999999983,26,False
1280,Malmö,2022,1.49,False,1.52,-0.030000000000000027,26,False
1280,Malmö,2023,1.42,False,1.45,-0.030000000000000027,26,False
1280,Malmö,2024,1.4,False,1.43,-0.030000000000000027,26,False
1280,Malmö,2025,1.39,False,1.42,-0.030000000000000027,26,False
1281,Lund,2000,1.29,False,1.54,-0.25,26,False
1281,Lund,2001,1.4,False,1.57,-0.17000000000000015,26,False
1281,Lund,2002,1.52,False,1.65,-0.1299999999999999,26,False
1281,Lund,2003,1.5,False,1.71,-0.20999999999999996,26,False
1281,Lund,2004,1.5,False,1.75,-0.25,26,False
1281,Lund,2005,1.51,False,1.77,-0.26,26,False
1281,Lund,2006,1.64,False,1.85,-0.2100000000000002,26,False
1281,Lund,2007,1.63,False,1.88,-0.25,26,False
1281,Lund,2008,1.66,False,1.91,-0.25,26,False
1281,Lund,2009,1.71,False,1.93,-0.21999999999999997,26,False
1281,Lund,2010,1.69,False,1.98,-0.29000000000000004,26,False
1281,Lund,2011,1.57,False,1.9,-0.32999999999999985,26,False
1281,Lund,2012,1.66,False,1.9,-0.24,26,False
1281,Lund,2013,1.51,False,1.89,-0.3799999999999999,26,False
1281,Lund,2014,1.5,False,1.88,-0.3799999999999999,26,False
1281,Lund,2015,1.53,False,1.85,-0.32000000000000006,26,False
1281,Lund,2016,1.57,False,1.85,-0.28,26,False
1281,Lund,2017,1.34,False,1.78,-0.43999999999999995,26,False
1281,Lund,2018,1.43,False,1.75,-0.32000000000000006,26,False
1281,Lund,2019,1.34,False,1.7,-0.3599999999999999,26,False
1281,Lund,2020,1.3,False,1.66,-0.3599999999999999,26,False
1281,Lund,2021,1.31,False,1.67,-0.3599999999999999,26,False
1281,Lund,2022,1.12,False,1.52,-0.3999999999999999,26,False
1281,Lund,2023,1.17,False,1.45,-0.28,26,False
1281,Lund,2024,1.12,False,1.43,-0.30999999999999983,26,False
1281,Lund,2025,1.12,False,1.42,-0.2999999999999998,26,False
1282,Landskrona,2000,1.62,False,1.54,0.08000000000000007,26,False
1282,Landskrona,2001,1.65,False,1.57,0.07999999999999985,26,False
1282,Landskrona,2002,1.71,False,1.65,0.06000000000000005,26,False
1282,Landskrona,2003,1.81,False,1.71,0.10000000000000009,26,False
1282,Landskrona,2004,1.86,False,1.75,0.1100000000000001,26,False
1282,Landskrona,2005,1.71,False,1.77,-0.06000000000000005,26,False
1282,Landskrona,2006,1.88,False,1.85,0.029999999999999805,26,False
1282,Landskrona,2007,2.01,False,1.88,0.1299999999999999,26,False
1282,Landskrona,2008,1.91,False,1.91,0.0,26,False
1282,Landskrona,2009,2.22,False,1.93,0.29000000000000026,26,False
1282,Landskrona,2010,2.05,False,1.98,0.06999999999999984,26,False
1282,Landskrona,2011,2.15,False,1.9,0.25,26,False
1282,Landskrona,2012,2.11,False,1.9,0.20999999999999996,26,False
1282,Landskrona,2013,2.04,False,1.89,0.15000000000000013,26,False
1282,Landskrona,2014,1.99,False,1.88,0.1100000000000001,26,False
1282,Landskrona,2015,2.05,False,1.85,0.19999999999999973,26,False
1282,Landskrona,2016,1.97,False,1.85,0.11999999999999988,26,False
1282,Landskrona,2017,2.1,False,1.78,0.32000000000000006,26,False
1282,Landskrona,2018,1.88,False,1.75,0.1299999999999999,26,False
1282,Landskrona,2019,1.93,False,1.7,0.22999999999999998,26,False
1282,Landskrona,2020,1.85,False,1.66,0.19000000000000017,26,False
1282,Landskrona,2021,1.85,False,1.67,0.18000000000000016,26,False
1282,Landskrona,2022,1.6,False,1.52,0.08000000000000007,26,False
1282,Landskrona,2023,1.62,False,1.45,0.17000000000000015,26,False
1282,Landskrona,2024,1.7,False,1.43,0.27,26,False
1282,Landskrona,2025,1.66,False,1.42,0.24,26,False
1283,Helsingborg,2000,1.5,False,1.54,-0.040000000000000036,26,False
1283,Helsingborg,2001,1.58,False,1.57,0.010000000000000009,26,False
1283,Helsingborg,2002,1.51,False,1.65,-0.1399999999999999,26,False
1283,Helsingborg,2003,1.6,False,1.71,-0.10999999999999988,26,False
1283,Helsingborg,2004,1.68,False,1.75,-0.07000000000000006,26,False
1283,Helsingborg,2005,1.67,False,1.77,-0.10000000000000009,26,False
1283,Helsingborg,2006,1.77,False,1.85,-0.08000000000000007,26,False
1283,Helsingborg,2007,1.75,False,1.88,-0.1299999999999999,26,False
1283,Helsingborg,2008,1.9,False,1.91,-0.010000000000000009,26,False
1283,Helsingborg,2009,1.95,False,1.93,0.020000000000000018,26,False
1283,Helsingborg,2010,1.89,False,1.98,-0.09000000000000008,26,False
1283,Helsingborg,2011,1.9,False,1.9,0.0,26,False
1283,Helsingborg,2012,1.87,False,1.9,-0.029999999999999805,26,False
1283,Helsingborg,2013,1.88,False,1.89,-0.010000000000000009,26,False
1283,Helsingborg,2014,1.87,False,1.88,-0.009999999999999787,26,False
1283,Helsingborg,2015,1.82,False,1.85,-0.030000000000000027,26,False
1283,Helsingborg,2016,1.8,False,1.85,-0.050000000000000044,26,False
1283,Helsingborg,2017,1.81,False,1.78,0.030000000000000027,26,False
1283,Helsingborg,2018,1.74,False,1.75,-0.010000000000000009,26,False
1283,Helsingborg,2019,1.73,False,1.7,0.030000000000000027,26,False
1283,Helsingborg,2020,1.67,False,1.66,0.010000000000000009,26,False
1283,Helsingborg,2021,1.69,False,1.67,0.020000000000000018,26,False
1283,Helsingborg,2022,1.53,False,1.52,0.010000000000000009,26,False
1283,Helsingborg,2023,1.52,False,1.45,0.07000000000000006,26,False
1283,Helsingborg,2024,1.5,False,1.43,0.07000000000000006,26,False
1283,Helsingborg,2025,1.53,False,1.42,0.1100000000000001,26,False
1284,Höganäs,2000,1.7,False,1.54,0.15999999999999992,26,False
1284,Höganäs,2001,1.79,False,1.57,0.21999999999999997,26,False
1284,Höganäs,2002,1.7,False,1.65,0.050000000000000044,26,False
1284,Höganäs,2003,2.19,False,1.71,0.48,26,False
1284,Höganäs,2004,1.75,False,1.75,0.0,26,False
1284,Höganäs,2005,2.09,False,1.77,0.31999999999999984,26,False
1284,Höganäs,2006,2.06,False,1.85,0.20999999999999996,26,False
1284,Höganäs,2007,1.99,False,1.88,0.1100000000000001,26,False
1284,Höganäs,2008,2.19,False,1.91,0.28,26,False
1284,Höganäs,2009,1.91,False,1.93,-0.020000000000000018,26,False
1284,Höganäs,2010,2.17,False,1.98,0.18999999999999995,26,False
1284,Höganäs,2011,2.3,False,1.9,0.3999999999999999,26,False
1284,Höganäs,2012,2.07,False,1.9,0.16999999999999993,26,False
1284,Höganäs,2013,2.11,False,1.89,0.21999999999999997,26,False
1284,Höganäs,2014,2.08,False,1.88,0.20000000000000018,26,False
1284,Höganäs,2015,2.04,False,1.85,0.18999999999999995,26,False
1284,Höganäs,2016,2.11,False,1.85,0.2599999999999998,26,False
1284,Höganäs,2017,1.85,False,1.78,0.07000000000000006,26,False
1284,Höganäs,2018,1.86,False,1.75,0.1100000000000001,26,False
1284,Höganäs,2019,2.05,False,1.7,0.34999999999999987,26,False
1284,Höganäs,2020,1.88,False,1.66,0.21999999999999997,26,False
1284,Höganäs,2021,1.6,False,1.67,-0.06999999999999984,26,False
1284,Höganäs,2022,1.91,False,1.52,0.3899999999999999,26,False
1284,Höganäs,2023,1.76,False,1.45,0.31000000000000005,26,False
1284,Höganäs,2024,1.81,False,1.43,0.3800000000000001,26,False
1284,Höganäs,2025,1.77,False,1.42,0.3500000000000001,26,False
1285,Eslöv,2000,1.76,False,1.54,0.21999999999999997,26,False
1285,Eslöv,2001,1.78,False,1.57,0.20999999999999996,26,False
1285,Eslöv,2002,1.81,False,1.65,0.16000000000000014,26,False
1285,Eslöv,2003,1.91,False,1.71,0.19999999999999996,26,False
1285,Eslöv,2004,1.85,False,1.75,0.10000000000000009,26,False
1285,Eslöv,2005,2.05,False,1.77,0.2799999999999998,26,False
1285,Eslöv,2006,2.06,False,1.85,0.20999999999999996,26,False
1285,Eslöv,2007,2.02,False,1.88,0.14000000000000012,26,False
1285,Eslöv,2008,2.13,False,1.91,0.21999999999999997,26,False
1285,Eslöv,2009,2.08,False,1.93,0.15000000000000013,26,False
1285,Eslöv,2010,2.08,False,1.98,0.10000000000000009,26,False
1285,Eslöv,2011,2.1,False,1.9,0.20000000000000018,26,False
1285,Eslöv,2012,1.89,False,1.9,-0.010000000000000009,26,False
1285,Eslöv,2013,2.19,False,1.89,0.30000000000000004,26,False
1285,Eslöv,2014,1.9,False,1.88,0.020000000000000018,26,False
1285,Eslöv,2015,2.08,False,1.85,0.22999999999999998,26,False
1285,Eslöv,2016,2.05,False,1.85,0.19999999999999973,26,False
1285,Eslöv,2017,1.93,False,1.78,0.1499999999999999,26,False
1285,Eslöv,2018,1.99,False,1.75,0.24,26,False
1285,Eslöv,2019,1.91,False,1.7,0.20999999999999996,26,False
1285,Eslöv,2020,1.76,False,1.66,0.10000000000000009,26,False
1285,Eslöv,2021,1.94,False,1.67,0.27,26,False
1285,Eslöv,2022,1.74,False,1.52,0.21999999999999997,26,False
1285,Eslöv,2023,1.6,False,1.45,0.15000000000000013,26,False
1285,Eslöv,2024,1.81,False,1.43,0.3800000000000001,26,False
1285,Eslöv,2025,1.73,False,1.42,0.31000000000000005,26,False
1286,Ystad,2000,1.6,False,1.54,0.06000000000000005,26,False
1286,Ystad,2001,1.43,False,1.57,-0.14000000000000012,26,False
1286,Ystad,2002,1.56,False,1.65,-0.08999999999999986,26,False
1286,Ystad,2003,1.63,False,1.71,-0.08000000000000007,26,False
1286,Ystad,2004,1.61,False,1.75,-0.1399999999999999,26,False
1286,Ystad,2005,1.6,False,1.77,-0.16999999999999993,26,False
1286,Ystad,2006,1.96,False,1.85,0.10999999999999988,26,False
1286,Ystad,2007,2.01,False,1.88,0.1299999999999999,26,False
1286,Ystad,2008,1.84,False,1.91,-0.06999999999999984,26,False
1286,Ystad,2009,1.93,False,1.93,0.0,26,False
1286,Ystad,2010,1.91,False,1.98,-0.07000000000000006,26,False
1286,Ystad,2011,1.94,False,1.9,0.040000000000000036,26,False
1286,Ystad,2012,1.9,False,1.9,0.0,26,False
1286,Ystad,2013,1.94,False,1.89,0.050000000000000044,26,False
1286,Ystad,2014,1.72,False,1.88,-0.15999999999999992,26,False
1286,Ystad,2015,1.84,False,1.85,-0.010000000000000009,26,False
1286,Ystad,2016,1.84,False,1.85,-0.010000000000000009,26,False
1286,Ystad,2017,1.73,False,1.78,-0.050000000000000044,26,False
1286,Ystad,2018,1.61,False,1.75,-0.1399999999999999,26,False
1286,Ystad,2019,1.64,False,1.7,-0.06000000000000005,26,False
1286,Ystad,2020,1.68,False,1.66,0.020000000000000018,26,False
1286,Ystad,2021,1.76,False,1.67,0.09000000000000008,26,False
1286,Ystad,2022,1.52,False,1.52,0.0,26,False
1286,Ystad,2023,1.5,False,1.45,0.050000000000000044,26,False
1286,Ystad,2024,1.44,False,1.43,0.010000000000000009,26,False
1286,Ystad,2025,1.48,False,1.42,0.06000000000000005,26,False
1287,Trelleborg,2000,1.51,False,1.54,-0.030000000000000027,26,False
1287,Trelleborg,2001,1.58,False,1.57,0.010000000000000009,26,False
1287,Trelleborg,2002,1.62,False,1.65,-0.029999999999999805,26,False
1287,Trelleborg,2003,1.83,False,1.71,0.1200000000000001,26,False
1287,Trelleborg,2004,1.8,False,1.75,0.050000000000000044,26,False
1287,Trelleborg,2005,1.91,False,1.77,0.1399999999999999,26,False
1287,Trelleborg,2006,2.03,False,1.85,0.17999999999999972,26,False
1287,Trelleborg,2007,2.02,False,1.88,0.14000000000000012,26,False
1287,Trelleborg,2008,2.1,False,1.91,0.19000000000000017,26,False
1287,Trelleborg,2009,1.96,False,1.93,0.030000000000000027,26,False
1287,Trelleborg,2010,2.17,False,1.98,0.18999999999999995,26,False
1287,Trelleborg,2011,2.04,False,1.9,0.14000000000000012,26,False
1287,Trelleborg,2012,1.9,False,1.9,0.0,26,False
1287,Trelleborg,2013,2.0,False,1.89,0.1100000000000001,26,False
1287,Trelleborg,2014,1.96,False,1.88,0.08000000000000007,26,False
1287,Trelleborg,2015,1.71,False,1.85,-0.14000000000000012,26,False
1287,Trelleborg,2016,2.03,False,1.85,0.17999999999999972,26,False
1287,Trelleborg,2017,1.91,False,1.78,0.1299999999999999,26,False
1287,Trelleborg,2018,1.88,False,1.75,0.1299999999999999,26,False
1287,Trelleborg,2019,1.76,False,1.7,0.06000000000000005,26,False
1287,Trelleborg,2020,1.89,False,1.66,0.22999999999999998,26,False
1287,Trelleborg,2021,1.94,False,1.67,0.27,26,False
1287,Trelleborg,2022,1.67,False,1.52,0.1499999999999999,26,False
1287,Trelleborg,2023,1.6,False,1.45,0.15000000000000013,26,False
1287,Trelleborg,2024,1.7,False,1.43,0.27,26,False
1287,Trelleborg,2025,1.69,False,1.42,0.27,26,False
1290,Kristianstad,2000,1.66,False,1.54,0.11999999999999988,26,False
1290,Kristianstad,2001,1.66,False,1.57,0.08999999999999986,26,False
1290,Kristianstad,2002,1.61,False,1.65,-0.039999999999999813,26,False
1290,Kristianstad,2003,1.67,False,1.71,-0.040000000000000036,26,False
1290,Kristianstad,2004,1.66,False,1.75,-0.09000000000000008,26,False
1290,Kristianstad,2005,1.69,False,1.77,-0.08000000000000007,26,False
1290,Kristianstad,2006,1.86,False,1.85,0.010000000000000009,26,False
1290,Kristianstad,2007,1.87,False,1.88,-0.009999999999999787,26,False
1290,Kristianstad,2008,1.9,False,1.91,-0.010000000000000009,26,False
1290,Kristianstad,2009,1.99,False,1.93,0.06000000000000005,26,False
1290,Kristianstad,2010,2.02,False,1.98,0.040000000000000036,26,False
1290,Kristianstad,2011,1.9,False,1.9,0.0,26,False
1290,Kristianstad,2012,1.94,False,1.9,0.040000000000000036,26,False
1290,Kristianstad,2013,1.86,False,1.89,-0.029999999999999805,26,False
1290,Kristianstad,2014,1.88,False,1.88,0.0,26,False
1290,Kristianstad,2015,1.89,False,1.85,0.039999999999999813,26,False
1290,Kristianstad,2016,1.87,False,1.85,0.020000000000000018,26,False
1290,Kristianstad,2017,1.85,False,1.78,0.07000000000000006,26,False
1290,Kristianstad,2018,1.78,False,1.75,0.030000000000000027,26,False
1290,Kristianstad,2019,1.67,False,1.7,-0.030000000000000027,26,False
1290,Kristianstad,2020,1.74,False,1.66,0.08000000000000007,26,False
1290,Kristianstad,2021,1.82,False,1.67,0.15000000000000013,26,False
1290,Kristianstad,2022,1.56,False,1.52,0.040000000000000036,26,False
1290,Kristianstad,2023,1.66,False,1.45,0.20999999999999996,26,False
1290,Kristianstad,2024,1.5,False,1.43,0.07000000000000006,26,False
1290,Kristianstad,2025,1.44,False,1.42,0.020000000000000018,26,False
1291,Simrishamn,2000,1.64,False,1.54,0.09999999999999987,26,False
1291,Simrishamn,2001,1.58,False,1.57,0.010000000000000009,26,False
1291,Simrishamn,2002,1.71,False,1.65,0.06000000000000005,26,False
1291,Simrishamn,2003,1.74,False,1.71,0.030000000000000027,26,False
1291,Simrishamn,2004,1.78,False,1.75,0.030000000000000027,26,False
1291,Simrishamn,2005,1.72,False,1.77,-0.050000000000000044,26,False
1291,Simrishamn,2006,2.0,False,1.85,0.1499999999999999,26,False
1291,Simrishamn,2007,1.95,False,1.88,0.07000000000000006,26,False
1291,Simrishamn,2008,2.1,False,1.91,0.19000000000000017,26,False
1291,Simrishamn,2009,2.0,False,1.93,0.07000000000000006,26,False
1291,Simrishamn,2010,1.78,False,1.98,-0.19999999999999996,26,False
1291,Simrishamn,2011,1.71,False,1.9,-0.18999999999999995,26,False
1291,Simrishamn,2012,1.8,False,1.9,-0.09999999999999987,26,False
1291,Simrishamn,2013,1.78,False,1.89,-0.10999999999999988,26,False
1291,Simrishamn,2014,1.78,False,1.88,-0.09999999999999987,26,False
1291,Simrishamn,2015,1.75,False,1.85,-0.10000000000000009,26,False
1291,Simrishamn,2016,1.65,False,1.85,-0.20000000000000018,26,False
1291,Simrishamn,2017,2.09,False,1.78,0.30999999999999983,26,False
1291,Simrishamn,2018,1.9,False,1.75,0.1499999999999999,26,False
1291,Simrishamn,2019,1.65,False,1.7,-0.050000000000000044,26,False
1291,Simrishamn,2020,1.65,False,1.66,-0.010000000000000009,26,False
1291,Simrishamn,2021,1.65,False,1.67,-0.020000000000000018,26,False
1291,Simrishamn,2022,1.5,False,1.52,-0.020000000000000018,26,False
1291,Simrishamn,2023,1.83,False,1.45,0.3800000000000001,26,False
1291,Simrishamn,2024,1.56,False,1.43,0.13000000000000012,26,False
1291,Simrishamn,2025,1.66,False,1.42,0.24,26,False
1292,Ängelholm,2000,1.61,False,1.54,0.07000000000000006,26,False
1292,Ängelholm,2001,1.4,False,1.57,-0.17000000000000015,26,False
1292,Ängelholm,2002,1.58,False,1.65,-0.06999999999999984,26,False
1292,Ängelholm,2003,1.66,False,1.71,-0.050000000000000044,26,False
1292,Ängelholm,2004,1.61,False,1.75,-0.1399999999999999,26,False
1292,Ängelholm,2005,1.76,False,1.77,-0.010000000000000009,26,False
1292,Ängelholm,2006,1.67,False,1.85,-0.18000000000000016,26,False
1292,Ängelholm,2007,1.91,False,1.88,0.030000000000000027,26,False
1292,Ängelholm,2008,1.88,False,1.91,-0.030000000000000027,26,False
1292,Ängelholm,2009,1.88,False,1.93,-0.050000000000000044,26,False
1292,Ängelholm,2010,2.01,False,1.98,0.029999999999999805,26,False
1292,Ängelholm,2011,1.83,False,1.9,-0.06999999999999984,26,False
1292,Ängelholm,2012,1.88,False,1.9,-0.020000000000000018,26,False
1292,Ängelholm,2013,1.85,False,1.89,-0.039999999999999813,26,False
1292,Ängelholm,2014,1.95,False,1.88,0.07000000000000006,26,False
1292,Ängelholm,2015,1.76,False,1.85,-0.09000000000000008,26,False
1292,Ängelholm,2016,1.94,False,1.85,0.08999999999999986,26,False
1292,Ängelholm,2017,1.92,False,1.78,0.1399999999999999,26,False
1292,Ängelholm,2018,1.96,False,1.75,0.20999999999999996,26,False
1292,Ängelholm,2019,1.69,False,1.7,-0.010000000000000009,26,False
1292,Ängelholm,2020,1.8,False,1.66,0.14000000000000012,26,False
1292,Ängelholm,2021,1.57,False,1.67,-0.09999999999999987,26,False
1292,Ängelholm,2022,1.74,False,1.52,0.21999999999999997,26,False
1292,Ängelholm,2023,1.57,False,1.45,0.1200000000000001,26,False
1292,Ängelholm,2024,1.55,False,1.43,0.1200000000000001,26,False
1292,Ängelholm,2025,1.45,False,1.42,0.030000000000000027,26,False
1293,Hässleholm,2000,1.59,False,1.54,0.050000000000000044,26,False
1293,Hässleholm,2001,1.57,False,1.57,0.0,26,False
1293,Hässleholm,2002,1.63,False,1.65,-0.020000000000000018,26,False
1293,Hässleholm,2003,1.72,False,1.71,0.010000000000000009,26,False
1293,Hässleholm,2004,1.7,False,1.75,-0.050000000000000044,26,False
1293,Hässleholm,2005,1.79,False,1.77,0.020000000000000018,26,False
1293,Hässleholm,2006,1.8,False,1.85,-0.050000000000000044,26,False
1293,Hässleholm,2007,1.86,False,1.88,-0.019999999999999796,26,False
1293,Hässleholm,2008,2.01,False,1.91,0.09999999999999987,26,False
1293,Hässleholm,2009,1.99,False,1.93,0.06000000000000005,26,False
1293,Hässleholm,2010,1.96,False,1.98,-0.020000000000000018,26,False
1293,Hässleholm,2011,1.89,False,1.9,-0.010000000000000009,26,False
1293,Hässleholm,2012,1.9,False,1.9,0.0,26,False
1293,Hässleholm,2013,1.8,False,1.89,-0.08999999999999986,26,False
1293,Hässleholm,2014,1.83,False,1.88,-0.04999999999999982,26,False
1293,Hässleholm,2015,1.92,False,1.85,0.06999999999999984,26,False
1293,Hässleholm,2016,1.87,False,1.85,0.020000000000000018,26,False
1293,Hässleholm,2017,1.8,False,1.78,0.020000000000000018,26,False
1293,Hässleholm,2018,1.8,False,1.75,0.050000000000000044,26,False
1293,Hässleholm,2019,1.82,False,1.7,0.1200000000000001,26,False
1293,Hässleholm,2020,1.86,False,1.66,0.20000000000000018,26,False
1293,Hässleholm,2021,1.82,False,1.67,0.15000000000000013,26,False
1293,Hässleholm,2022,1.63,False,1.52,0.10999999999999988,26,False
1293,Hässleholm,2023,1.53,False,1.45,0.08000000000000007,26,False
1293,Hässleholm,2024,1.45,False,1.43,0.020000000000000018,26,False
1293,Hässleholm,2025,1.46,False,1.42,0.040000000000000036,26,False
1315,Hylte,2000,1.71,False,1.54,0.16999999999999993,26,False
1315,Hylte,2001,2.01,False,1.57,0.4399999999999997,26,False
1315,Hylte,2002,2.08,False,1.65,0.43000000000000016,26,False
1315,Hylte,2003,1.88,False,1.71,0.16999999999999993,26,False
1315,Hylte,2004,2.14,False,1.75,0.3900000000000001,26,False
1315,Hylte,2005,2.21,False,1.77,0.43999999999999995,26,False
1315,Hylte,2006,2.54,False,1.85,0.69,26,False
1315,Hylte,2007,2.64,False,1.88,0.7600000000000002,26,False
1315,Hylte,2008,1.85,False,1.91,-0.05999999999999983,26,False
1315,Hylte,2009,2.23,False,1.93,0.30000000000000004,26,False
1315,Hylte,2010,2.17,False,1.98,0.18999999999999995,26,False
1315,Hylte,2011,2.04,False,1.9,0.14000000000000012,26,False
1315,Hylte,2012,2.44,False,1.9,0.54,26,False
1315,Hylte,2013,1.94,False,1.89,0.050000000000000044,26,False
1315,Hylte,2014,2.46,False,1.88,0.5800000000000001,26,False
1315,Hylte,2015,2.31,False,1.85,0.45999999999999996,26,False
1315,Hylte,2016,2.37,False,1.85,0.52,26,False
1315,Hylte,2017,2.21,False,1.78,0.42999999999999994,26,False
1315,Hylte,2018,2.38,False,1.75,0.6299999999999999,26,False
1315,Hylte,2019,2.23,False,1.7,0.53,26,False
1315,Hylte,2020,2.33,False,1.66,0.6700000000000002,26,False
1315,Hylte,2021,2.04,False,1.67,0.3700000000000001,26,False
1315,Hylte,2022,1.79,False,1.52,0.27,26,False
1315,Hylte,2023,1.68,False,1.45,0.22999999999999998,26,False
1315,Hylte,2024,1.92,False,1.43,0.49,26,False
1315,Hylte,2025,1.91,False,1.42,0.49,26,False
1380,Halmstad,2000,1.5,False,1.54,-0.040000000000000036,26,False
1380,Halmstad,2001,1.44,False,1.57,-0.13000000000000012,26,False
1380,Halmstad,2002,1.57,False,1.65,-0.07999999999999985,26,False
1380,Halmstad,2003,1.67,False,1.71,-0.040000000000000036,26,False
1380,Halmstad,2004,1.75,False,1.75,0.0,26,False
1380,Halmstad,2005,1.79,False,1.77,0.020000000000000018,26,False
1380,Halmstad,2006,1.82,False,1.85,-0.030000000000000027,26,False
1380,Halmstad,2007,1.86,False,1.88,-0.019999999999999796,26,False
1380,Halmstad,2008,1.77,False,1.91,-0.1399999999999999,26,False
1380,Halmstad,2009,1.81,False,1.93,-0.11999999999999988,26,False
1380,Halmstad,2010,2.04,False,1.98,0.06000000000000005,26,False
1380,Halmstad,2011,1.82,False,1.9,-0.07999999999999985,26,False
1380,Halmstad,2012,1.88,False,1.9,-0.020000000000000018,26,False
1380,Halmstad,2013,1.81,False,1.89,-0.07999999999999985,26,False
1380,Halmstad,2014,1.85,False,1.88,-0.029999999999999805,26,False
1380,Halmstad,2015,1.76,False,1.85,-0.09000000000000008,26,False
1380,Halmstad,2016,1.81,False,1.85,-0.040000000000000036,26,False
1380,Halmstad,2017,1.75,False,1.78,-0.030000000000000027,26,False
1380,Halmstad,2018,1.7,False,1.75,-0.050000000000000044,26,False
1380,Halmstad,2019,1.69,False,1.7,-0.010000000000000009,26,False
1380,Halmstad,2020,1.65,False,1.66,-0.010000000000000009,26,False
1380,Halmstad,2021,1.68,False,1.67,0.010000000000000009,26,False
1380,Halmstad,2022,1.51,False,1.52,-0.010000000000000009,26,False
1380,Halmstad,2023,1.44,False,1.45,-0.010000000000000009,26,False
1380,Halmstad,2024,1.55,False,1.43,0.1200000000000001,26,False
1380,Halmstad,2025,1.51,False,1.42,0.09000000000000008,26,False
1381,Laholm,2000,1.77,False,1.54,0.22999999999999998,26,False
1381,Laholm,2001,1.82,False,1.57,0.25,26,False
1381,Laholm,2002,2.03,False,1.65,0.3799999999999999,26,False
1381,Laholm,2003,1.81,False,1.71,0.10000000000000009,26,False
1381,Laholm,2004,1.98,False,1.75,0.22999999999999998,26,False
1381,Laholm,2005,1.97,False,1.77,0.19999999999999996,26,False
1381,Laholm,2006,2.16,False,1.85,0.31000000000000005,26,False
1381,Laholm,2007,1.95,False,1.88,0.07000000000000006,26,False
1381,Laholm,2008,1.87,False,1.91,-0.039999999999999813,26,False
1381,Laholm,2009,2.03,False,1.93,0.09999999999999987,26,False
1381,Laholm,2010,2.14,False,1.98,0.16000000000000014,26,False
1381,Laholm,2011,1.88,False,1.9,-0.020000000000000018,26,False
1381,Laholm,2012,1.99,False,1.9,0.09000000000000008,26,False
1381,Laholm,2013,2.25,False,1.89,0.3600000000000001,26,False
1381,Laholm,2014,1.95,False,1.88,0.07000000000000006,26,False
1381,Laholm,2015,1.95,False,1.85,0.09999999999999987,26,False
1381,Laholm,2016,2.35,False,1.85,0.5,26,False
1381,Laholm,2017,2.03,False,1.78,0.24999999999999978,26,False
1381,Laholm,2018,2.03,False,1.75,0.2799999999999998,26,False
1381,Laholm,2019,2.13,False,1.7,0.42999999999999994,26,False
1381,Laholm,2020,2.02,False,1.66,0.3600000000000001,26,False
1381,Laholm,2021,2.03,False,1.67,0.3599999999999999,26,False
1381,Laholm,2022,1.72,False,1.52,0.19999999999999996,26,False
1381,Laholm,2023,1.74,False,1.45,0.29000000000000004,26,False
1381,Laholm,2024,1.72,False,1.43,0.29000000000000004,26,False
1381,Laholm,2025,1.81,False,1.42,0.3900000000000001,26,False
1382,Falkenberg,2000,1.82,False,1.54,0.28,26,False
1382,Falkenberg,2001,1.84,False,1.57,0.27,26,False
1382,Falkenberg,2002,1.88,False,1.65,0.22999999999999998,26,False
1382,Falkenberg,2003,2.01,False,1.71,0.2999999999999998,26,False
1382,Falkenberg,2004,1.87,False,1.75,0.1200000000000001,26,False
1382,Falkenberg,2005,1.85,False,1.77,0.08000000000000007,26,False
1382,Falkenberg,2006,1.94,False,1.85,0.08999999999999986,26,False
1382,Falkenberg,2007,1.94,False,1.88,0.06000000000000005,26,False
1382,Falkenberg,2008,2.15,False,1.91,0.24,26,False
1382,Falkenberg,2009,2.18,False,1.93,0.2500000000000002,26,False
1382,Falkenberg,2010,2.15,False,1.98,0.16999999999999993,26,False
1382,Falkenberg,2011,2.35,False,1.9,0.4500000000000002,26,False
1382,Falkenberg,2012,1.8,False,1.9,-0.09999999999999987,26,False
1382,Falkenberg,2013,1.94,False,1.89,0.050000000000000044,26,False
1382,Falkenberg,2014,2.12,False,1.88,0.2400000000000002,26,False
1382,Falkenberg,2015,1.98,False,1.85,0.1299999999999999,26,False
1382,Falkenberg,2016,2.0,False,1.85,0.1499999999999999,26,False
1382,Falkenberg,2017,1.91,False,1.78,0.1299999999999999,26,False
1382,Falkenberg,2018,1.9,False,1.75,0.1499999999999999,26,False
1382,Falkenberg,2019,1.87,False,1.7,0.17000000000000015,26,False
1382,Falkenberg,2020,1.93,False,1.66,0.27,26,False
1382,Falkenberg,2021,1.92,False,1.67,0.25,26,False
1382,Falkenberg,2022,1.86,False,1.52,0.3400000000000001,26,False
1382,Falkenberg,2023,1.74,False,1.45,0.29000000000000004,26,False
1382,Falkenberg,2024,1.66,False,1.43,0.22999999999999998,26,False
1382,Falkenberg,2025,1.62,False,1.42,0.20000000000000018,26,False
1383,Varberg,2000,1.63,False,1.54,0.08999999999999986,26,False
1383,Varberg,2001,1.75,False,1.57,0.17999999999999994,26,False
1383,Varberg,2002,1.87,False,1.65,0.2200000000000002,26,False
1383,Varberg,2003,2.01,False,1.71,0.2999999999999998,26,False
1383,Varberg,2004,1.91,False,1.75,0.15999999999999992,26,False
1383,Varberg,2005,1.94,False,1.77,0.16999999999999993,26,False
1383,Varberg,2006,2.1,False,1.85,0.25,26,False
1383,Varberg,2007,2.04,False,1.88,0.16000000000000014,26,False
1383,Varberg,2008,2.15,False,1.91,0.24,26,False
1383,Varberg,2009,2.17,False,1.93,0.24,26,False
1383,Varberg,2010,2.28,False,1.98,0.2999999999999998,26,False
1383,Varberg,2011,2.12,False,1.9,0.2200000000000002,26,False
1383,Varberg,2012,1.94,False,1.9,0.040000000000000036,26,False
1383,Varberg,2013,2.07,False,1.89,0.17999999999999994,26,False
1383,Varberg,2014,1.92,False,1.88,0.040000000000000036,26,False
1383,Varberg,2015,1.86,False,1.85,0.010000000000000009,26,False
1383,Varberg,2016,1.89,False,1.85,0.039999999999999813,26,False
1383,Varberg,2017,1.92,False,1.78,0.1399999999999999,26,False
1383,Varberg,2018,1.82,False,1.75,0.07000000000000006,26,False
1383,Varberg,2019,1.8,False,1.7,0.10000000000000009,26,False
1383,Varberg,2020,1.74,False,1.66,0.08000000000000007,26,False
1383,Varberg,2021,1.86,False,1.67,0.19000000000000017,26,False
1383,Varberg,2022,1.82,False,1.52,0.30000000000000004,26,False
1383,Varberg,2023,1.56,False,1.45,0.1100000000000001,26,False
1383,Varberg,2024,1.64,False,1.43,0.20999999999999996,26,False
1383,Varberg,2025,1.73,False,1.42,0.31000000000000005,26,False
1384,Kungsbacka,2000,1.86,False,1.54,0.32000000000000006,26,False
1384,Kungsbacka,2001,1.91,False,1.57,0.33999999999999986,26,False
1384,Kungsbacka,2002,2.14,False,1.65,0.4900000000000002,26,False
1384,Kungsbacka,2003,2.11,False,1.71,0.3999999999999999,26,False
1384,Kungsbacka,2004,2.08,False,1.75,0.33000000000000007,26,False
1384,Kungsbacka,2005,2.22,False,1.77,0.4500000000000002,26,False
1384,Kungsbacka,2006,2.18,False,1.85,0.33000000000000007,26,False
1384,Kungsbacka,2007,2.17,False,1.88,0.29000000000000004,26,False
1384,Kungsbacka,2008,2.14,False,1.91,0.2300000000000002,26,False
1384,Kungsbacka,2009,2.34,False,1.93,0.4099999999999999,26,False
1384,Kungsbacka,2010,2.37,False,1.98,0.3900000000000001,26,False
1384,Kungsbacka,2011,2.1,False,1.9,0.20000000000000018,26,False
1384,Kungsbacka,2012,2.21,False,1.9,0.31000000000000005,26,False
1384,Kungsbacka,2013,2.12,False,1.89,0.2300000000000002,26,False
1384,Kungsbacka,2014,2.17,False,1.88,0.29000000000000004,26,False
1384,Kungsbacka,2015,2.02,False,1.85,0.16999999999999993,26,False
1384,Kungsbacka,2016,2.04,False,1.85,0.18999999999999995,26,False
1384,Kungsbacka,2017,1.83,False,1.78,0.050000000000000044,26,False
1384,Kungsbacka,2018,1.99,False,1.75,0.24,26,False
1384,Kungsbacka,2019,1.9,False,1.7,0.19999999999999996,26,False
1384,Kungsbacka,2020,1.77,False,1.66,0.1100000000000001,26,False
1384,Kungsbacka,2021,1.82,False,1.67,0.15000000000000013,26,False
1384,Kungsbacka,2022,1.71,False,1.52,0.18999999999999995,26,False
1384,Kungsbacka,2023,1.68,False,1.45,0.22999999999999998,26,False
1384,Kungsbacka,2024,1.68,False,1.43,0.25,26,False
1384,Kungsbacka,2025,1.58,False,1.42,0.16000000000000014,26,False
1401,Härryda,2000,1.84,False,1.54,0.30000000000000004,26,False
1401,Härryda,2001,1.8,False,1.57,0.22999999999999998,26,False
1401,Härryda,2002,1.95,False,1.65,0.30000000000000004,26,False
1401,Härryda,2003,1.97,False,1.71,0.26,26,False
1401,Härryda,2004,1.86,False,1.75,0.1100000000000001,26,False
1401,Härryda,2005,2.14,False,1.77,0.3700000000000001,26,False
1401,Härryda,2006,2.27,False,1.85,0.41999999999999993,26,False
1401,Härryda,2007,2.3,False,1.88,0.41999999999999993,26,False
1401,Härryda,2008,2.49,False,1.91,0.5800000000000003,26,False
1401,Härryda,2009,2.24,False,1.93,0.3100000000000003,26,False
1401,Härryda,2010,2.71,False,1.98,0.73,26,False
1401,Härryda,2011,2.08,False,1.9,0.18000000000000016,26,False
1401,Härryda,2012,2.43,False,1.9,0.5300000000000002,26,False
1401,Härryda,2013,2.21,False,1.89,0.32000000000000006,26,False
1401,Härryda,2014,2.17,False,1.88,0.29000000000000004,26,False
1401,Härryda,2015,2.04,False,1.85,0.18999999999999995,26,False
1401,Härryda,2016,2.15,False,1.85,0.2999999999999998,26,False
1401,Härryda,2017,1.87,False,1.78,0.09000000000000008,26,False
1401,Härryda,2018,1.73,False,1.75,-0.020000000000000018,26,False
1401,Härryda,2019,1.84,False,1.7,0.14000000000000012,26,False
1401,Härryda,2020,1.72,False,1.66,0.06000000000000005,26,False
1401,Härryda,2021,1.85,False,1.67,0.18000000000000016,26,False
1401,Härryda,2022,1.74,False,1.52,0.21999999999999997,26,False
1401,Härryda,2023,1.66,False,1.45,0.20999999999999996,26,False
1401,Härryda,2024,1.6,False,1.43,0.17000000000000015,26,False
1401,Härryda,2025,1.55,False,1.42,0.13000000000000012,26,False
1402,Partille,2000,1.8,False,1.54,0.26,26,False
1402,Partille,2001,1.86,False,1.57,0.29000000000000004,26,False
1402,Partille,2002,1.8,False,1.65,0.15000000000000013,26,False
1402,Partille,2003,1.95,False,1.71,0.24,26,False
1402,Partille,2004,2.09,False,1.75,0.33999999999999986,26,False
1402,Partille,2005,1.88,False,1.77,0.10999999999999988,26,False
1402,Partille,2006,1.95,False,1.85,0.09999999999999987,26,False
1402,Partille,2007,1.99,False,1.88,0.1100000000000001,26,False
1402,Partille,2008,1.95,False,1.91,0.040000000000000036,26,False
1402,Partille,2009,2.07,False,1.93,0.1399999999999999,26,False
1402,Partille,2010,2.2,False,1.98,0.2200000000000002,26,False
1402,Partille,2011,2.08,False,1.9,0.18000000000000016,26,False
1402,Partille,2012,2.22,False,1.9,0.3200000000000003,26,False
1402,Partille,2013,2.09,False,1.89,0.19999999999999996,26,False
1402,Partille,2014,1.83,False,1.88,-0.04999999999999982,26,False
1402,Partille,2015,1.93,False,1.85,0.07999999999999985,26,False
1402,Partille,2016,2.01,False,1.85,0.1599999999999997,26,False
1402,Partille,2017,1.79,False,1.78,0.010000000000000009,26,False
1402,Partille,2018,1.67,False,1.75,-0.08000000000000007,26,False
1402,Partille,2019,1.83,False,1.7,0.13000000000000012,26,False
1402,Partille,2020,1.81,False,1.66,0.15000000000000013,26,False
1402,Partille,2021,1.8,False,1.67,0.13000000000000012,26,False
1402,Partille,2022,1.67,False,1.52,0.1499999999999999,26,False
1402,Partille,2023,1.74,False,1.45,0.29000000000000004,26,False
1402,Partille,2024,1.49,False,1.43,0.06000000000000005,26,False
1402,Partille,2025,1.84,False,1.42,0.42000000000000015,26,False
1407,Öckerö,2000,1.67,False,1.54,0.1299999999999999,26,False
1407,Öckerö,2001,2.09,False,1.57,0.5199999999999998,26,False
1407,Öckerö,2002,2.26,False,1.65,0.6099999999999999,26,False
1407,Öckerö,2003,2.01,False,1.71,0.2999999999999998,26,False
1407,Öckerö,2004,2.0,False,1.75,0.25,26,False
1407,Öckerö,2005,2.23,False,1.77,0.45999999999999996,26,False
1407,Öckerö,2006,2.29,False,1.85,0.43999999999999995,26,False
1407,Öckerö,2007,2.35,False,1.88,0.4700000000000002,26,False
1407,Öckerö,2008,2.22,False,1.91,0.3100000000000003,26,False
1407,Öckerö,2009,1.97,False,1.93,0.040000000000000036,26,False
1407,Öckerö,2010,2.5,False,1.98,0.52,26,False
1407,Öckerö,2011,1.92,False,1.9,0.020000000000000018,26,False
1407,Öckerö,2012,2.04,False,1.9,0.14000000000000012,26,False
1407,Öckerö,2013,2.03,False,1.89,0.1399999999999999,26,False
1407,Öckerö,2014,2.05,False,1.88,0.16999999999999993,26,False
1407,Öckerö,2015,2.02,False,1.85,0.16999999999999993,26,False
1407,Öckerö,2016,1.97,False,1.85,0.11999999999999988,26,False
1407,Öckerö,2017,1.77,False,1.78,-0.010000000000000009,26,False
1407,Öckerö,2018,1.8,False,1.75,0.050000000000000044,26,False
1407,Öckerö,2019,1.97,False,1.7,0.27,26,False
1407,Öckerö,2020,1.72,False,1.66,0.06000000000000005,26,False
1407,Öckerö,2021,1.68,False,1.67,0.010000000000000009,26,False
1407,Öckerö,2022,1.43,False,1.52,-0.09000000000000008,26,False
1407,Öckerö,2023,1.59,False,1.45,0.14000000000000012,26,False
1407,Öckerö,2024,1.72,False,1.43,0.29000000000000004,26,False
1407,Öckerö,2025,1.87,False,1.42,0.4500000000000002,26,False
1415,Stenungsund,2000,1.74,False,1.54,0.19999999999999996,26,False
1415,Stenungsund,2001,1.73,False,1.57,0.15999999999999992,26,False
1415,Stenungsund,2002,1.92,False,1.65,0.27,26,False
1415,Stenungsund,2003,1.94,False,1.71,0.22999999999999998,26,False
1415,Stenungsund,2004,1.91,False,1.75,0.15999999999999992,26,False
1415,Stenungsund,2005,2.25,False,1.77,0.48,26,False
1415,Stenungsund,2006,2.15,False,1.85,0.2999999999999998,26,False
1415,Stenungsund,2007,2.18,False,1.88,0.30000000000000027,26,False
1415,Stenungsund,2008,1.99,False,1.91,0.08000000000000007,26,False
1415,Stenungsund,2009,2.28,False,1.93,0.34999999999999987,26,False
1415,Stenungsund,2010,2.16,False,1.98,0.18000000000000016,26,False
1415,Stenungsund,2011,2.09,False,1.9,0.18999999999999995,26,False
1415,Stenungsund,2012,2.12,False,1.9,0.2200000000000002,26,False
1415,Stenungsund,2013,2.03,False,1.89,0.1399999999999999,26,False
1415,Stenungsund,2014,2.18,False,1.88,0.30000000000000027,26,False
1415,Stenungsund,2015,1.93,False,1.85,0.07999999999999985,26,False
1415,Stenungsund,2016,1.95,False,1.85,0.09999999999999987,26,False
1415,Stenungsund,2017,1.85,False,1.78,0.07000000000000006,26,False
1415,Stenungsund,2018,1.97,False,1.75,0.21999999999999997,26,False
1415,Stenungsund,2019,1.9,False,1.7,0.19999999999999996,26,False
1415,Stenungsund,2020,1.91,False,1.66,0.25,26,False
1415,Stenungsund,2021,1.84,False,1.67,0.17000000000000015,26,False
1415,Stenungsund,2022,1.82,False,1.52,0.30000000000000004,26,False
1415,Stenungsund,2023,1.63,False,1.45,0.17999999999999994,26,False
1415,Stenungsund,2024,1.59,False,1.43,0.16000000000000014,26,False
1415,Stenungsund,2025,1.56,False,1.42,0.14000000000000012,26,False
1419,Tjörn,2000,1.81,False,1.54,0.27,26,False
1419,Tjörn,2001,1.8,False,1.57,0.22999999999999998,26,False
1419,Tjörn,2002,1.69,False,1.65,0.040000000000000036,26,False
1419,Tjörn,2003,1.89,False,1.71,0.17999999999999994,26,False
1419,Tjörn,2004,1.81,False,1.75,0.06000000000000005,26,False
1419,Tjörn,2005,2.17,False,1.77,0.3999999999999999,26,False
1419,Tjörn,2006,2.27,False,1.85,0.41999999999999993,26,False
1419,Tjörn,2007,2.43,False,1.88,0.5500000000000003,26,False
1419,Tjörn,2008,2.08,False,1.91,0.17000000000000015,26,False
1419,Tjörn,2009,2.27,False,1.93,0.3400000000000001,26,False
1419,Tjörn,2010,2.31,False,1.98,0.33000000000000007,26,False
1419,Tjörn,2011,1.89,False,1.9,-0.010000000000000009,26,False
1419,Tjörn,2012,1.76,False,1.9,-0.1399999999999999,26,False
1419,Tjörn,2013,2.15,False,1.89,0.26,26,False
1419,Tjörn,2014,2.17,False,1.88,0.29000000000000004,26,False
1419,Tjörn,2015,2.03,False,1.85,0.17999999999999972,26,False
1419,Tjörn,2016,2.32,False,1.85,0.46999999999999975,26,False
1419,Tjörn,2017,2.17,False,1.78,0.3899999999999999,26,False
1419,Tjörn,2018,1.88,False,1.75,0.1299999999999999,26,False
1419,Tjörn,2019,2.09,False,1.7,0.3899999999999999,26,False
1419,Tjörn,2020,2.0,False,1.66,0.3400000000000001,26,False
1419,Tjörn,2021,1.68,False,1.67,0.010000000000000009,26,False
1419,Tjörn,2022,1.64,False,1.52,0.11999999999999988,26,False
1419,Tjörn,2023,1.63,False,1.45,0.17999999999999994,26,False
1419,Tjörn,2024,1.69,False,1.43,0.26,26,False
1419,Tjörn,2025,1.78,False,1.42,0.3600000000000001,26,False
1421,Orust,2000,1.65,False,1.54,0.10999999999999988,26,False
1421,Orust,2001,1.79,False,1.57,0.21999999999999997,26,False
1421,Orust,2002,1.55,False,1.65,-0.09999999999999987,26,False
1421,Orust,2003,1.64,False,1.71,-0.07000000000000006,26,False
1421,Orust,2004,1.71,False,1.75,-0.040000000000000036,26,False
1421,Orust,2005,1.69,False,1.77,-0.08000000000000007,26,False
1421,Orust,2006,1.99,False,1.85,0.1399999999999999,26,False
1421,Orust,2007,1.93,False,1.88,0.050000000000000044,26,False
1421,Orust,2008,1.99,False,1.91,0.08000000000000007,26,False
1421,Orust,2009,2.12,False,1.93,0.19000000000000017,26,False
1421,Orust,2010,1.98,False,1.98,0.0,26,False
1421,Orust,2011,1.82,False,1.9,-0.07999999999999985,26,False
1421,Orust,2012,2.25,False,1.9,0.3500000000000001,26,False
1421,Orust,2013,1.85,False,1.89,-0.039999999999999813,26,False
1421,Orust,2014,1.98,False,1.88,0.10000000000000009,26,False
1421,Orust,2015,1.92,False,1.85,0.06999999999999984,26,False
1421,Orust,2016,1.83,False,1.85,-0.020000000000000018,26,False
1421,Orust,2017,1.73,False,1.78,-0.050000000000000044,26,False
1421,Orust,2018,1.66,False,1.75,-0.09000000000000008,26,False
1421,Orust,2019,1.91,False,1.7,0.20999999999999996,26,False
1421,Orust,2020,1.77,False,1.66,0.1100000000000001,26,False
1421,Orust,2021,2.16,False,1.67,0.4900000000000002,26,False
1421,Orust,2022,1.76,False,1.52,0.24,26,False
1421,Orust,2023,1.59,False,1.45,0.14000000000000012,26,False
1421,Orust,2024,1.67,False,1.43,0.24,26,False
1421,Orust,2025,1.72,False,1.42,0.30000000000000004,26,False
1427,Sotenäs,2000,1.92,False,1.54,0.3799999999999999,26,False
1427,Sotenäs,2001,1.45,False,1.57,-0.1200000000000001,26,False
1427,Sotenäs,2002,1.57,False,1.65,-0.07999999999999985,26,False
1427,Sotenäs,2003,1.63,False,1.71,-0.08000000000000007,26,False
1427,Sotenäs,2004,1.93,False,1.75,0.17999999999999994,26,False
1427,Sotenäs,2005,1.41,False,1.77,-0.3600000000000001,26,False
1427,Sotenäs,2006,1.55,False,1.85,-0.30000000000000004,26,False
1427,Sotenäs,2007,2.19,False,1.88,0.31000000000000005,26,False
1427,Sotenäs,2008,1.69,False,1.91,-0.21999999999999997,26,False
1427,Sotenäs,2009,1.91,False,1.93,-0.020000000000000018,26,False
1427,Sotenäs,2010,1.9,False,1.98,-0.08000000000000007,26,False
1427,Sotenäs,2011,1.72,False,1.9,-0.17999999999999994,26,False
1427,Sotenäs,2012,1.77,False,1.9,-0.1299999999999999,26,False
1427,Sotenäs,2013,1.3,False,1.89,-0.5899999999999999,26,False
1427,Sotenäs,2014,1.81,False,1.88,-0.06999999999999984,26,False
1427,Sotenäs,2015,2.0,False,1.85,0.1499999999999999,26,False
1427,Sotenäs,2016,1.46,False,1.85,-0.3900000000000001,26,False
1427,Sotenäs,2017,2.04,False,1.78,0.26,26,False
1427,Sotenäs,2018,1.64,False,1.75,-0.1100000000000001,26,False
1427,Sotenäs,2019,2.1,False,1.7,0.40000000000000013,26,False
1427,Sotenäs,2020,1.41,False,1.66,-0.25,26,False
1427,Sotenäs,2021,1.65,False,1.67,-0.020000000000000018,26,False
1427,Sotenäs,2022,1.41,False,1.52,-0.1100000000000001,26,False
1427,Sotenäs,2023,1.51,False,1.45,0.06000000000000005,26,False
1427,Sotenäs,2024,1.59,False,1.43,0.16000000000000014,26,False
1427,Sotenäs,2025,1.65,False,1.42,0.22999999999999998,26,False
1430,Munkedal,2000,1.78,False,1.54,0.24,26,False
1430,Munkedal,2001,1.82,False,1.57,0.25,26,False
1430,Munkedal,2002,1.46,False,1.65,-0.18999999999999995,26,False
1430,Munkedal,2003,1.83,False,1.71,0.1200000000000001,26,False
1430,Munkedal,2004,2.01,False,1.75,0.2599999999999998,26,False
1430,Munkedal,2005,1.92,False,1.77,0.1499999999999999,26,False
1430,Munkedal,2006,1.96,False,1.85,0.10999999999999988,26,False
1430,Munkedal,2007,2.1,False,1.88,0.2200000000000002,26,False
1430,Munkedal,2008,2.09,False,1.91,0.17999999999999994,26,False
1430,Munkedal,2009,2.31,False,1.93,0.3800000000000001,26,False
1430,Munkedal,2010,1.87,False,1.98,-0.10999999999999988,26,False
1430,Munkedal,2011,2.07,False,1.9,0.16999999999999993,26,False
1430,Munkedal,2012,2.45,False,1.9,0.5500000000000003,26,False
1430,Munkedal,2013,1.99,False,1.89,0.10000000000000009,26,False
1430,Munkedal,2014,2.27,False,1.88,0.3900000000000001,26,False
1430,Munkedal,2015,2.07,False,1.85,0.21999999999999975,26,False
1430,Munkedal,2016,1.95,False,1.85,0.09999999999999987,26,False
1430,Munkedal,2017,2.13,False,1.78,0.34999999999999987,26,False
1430,Munkedal,2018,2.07,False,1.75,0.31999999999999984,26,False
1430,Munkedal,2019,1.76,False,1.7,0.06000000000000005,26,False
1430,Munkedal,2020,1.66,False,1.66,0.0,26,False
1430,Munkedal,2021,1.75,False,1.67,0.08000000000000007,26,False
1430,Munkedal,2022,1.76,False,1.52,0.24,26,False
1430,Munkedal,2023,1.47,False,1.45,0.020000000000000018,26,False
1430,Munkedal,2024,1.49,False,1.43,0.06000000000000005,26,False
1430,Munkedal,2025,1.56,False,1.42,0.14000000000000012,26,False
1435,Tanum,2000,1.59,False,1.54,0.050000000000000044,26,False
1435,Tanum,2001,1.45,False,1.57,-0.1200000000000001,26,False
1435,Tanum,2002,1.82,False,1.65,0.17000000000000015,26,False
1435,Tanum,2003,1.69,False,1.71,-0.020000000000000018,26,False
1435,Tanum,2004,2.07,False,1.75,0.31999999999999984,26,False
1435,Tanum,2005,1.89,False,1.77,0.11999999999999988,26,False
1435,Tanum,2006,2.0,False,1.85,0.1499999999999999,26,False
1435,Tanum,2007,1.73,False,1.88,-0.1499999999999999,26,False
1435,Tanum,2008,1.96,False,1.91,0.050000000000000044,26,False
1435,Tanum,2009,2.15,False,1.93,0.21999999999999997,26,False
1435,Tanum,2010,2.28,False,1.98,0.2999999999999998,26,False
1435,Tanum,2011,1.94,False,1.9,0.040000000000000036,26,False
1435,Tanum,2012,1.75,False,1.9,-0.1499999999999999,26,False
1435,Tanum,2013,2.08,False,1.89,0.19000000000000017,26,False
1435,Tanum,2014,2.08,False,1.88,0.20000000000000018,26,False
1435,Tanum,2015,1.92,False,1.85,0.06999999999999984,26,False
1435,Tanum,2016,2.13,False,1.85,0.2799999999999998,26,False
1435,Tanum,2017,2.12,False,1.78,0.3400000000000001,26,False
1435,Tanum,2018,1.75,False,1.75,0.0,26,False
1435,Tanum,2019,1.87,False,1.7,0.17000000000000015,26,False
1435,Tanum,2020,1.67,False,1.66,0.010000000000000009,26,False
1435,Tanum,2021,1.54,False,1.67,-0.1299999999999999,26,False
1435,Tanum,2022,1.86,False,1.52,0.3400000000000001,26,False
1435,Tanum,2023,1.24,False,1.45,-0.20999999999999996,26,False
1435,Tanum,2024,1.21,False,1.43,-0.21999999999999997,26,False
1435,Tanum,2025,1.18,False,1.42,-0.24,26,False
1438,Dals-Ed,2000,2.22,False,1.54,0.6800000000000002,25,True
1438,Dals-Ed,2001,1.89,False,1.57,0.31999999999999984,25,True
1438,Dals-Ed,2002,2.09,False,1.65,0.43999999999999995,25,True
1438,Dals-Ed,2003,2.2,False,1.71,0.4900000000000002,25,True
1438,Dals-Ed,2004,1.86,False,1.75,0.1100000000000001,25,True
1438,Dals-Ed,2005,2.5,False,1.77,0.73,25,True
1438,Dals-Ed,2006,2.23,False,1.85,0.3799999999999999,25,True
1438,Dals-Ed,2007,2.18,False,1.88,0.30000000000000027,25,True
1438,Dals-Ed,2008,1.62,False,1.91,-0.2899999999999998,25,True
1438,Dals-Ed,2009,1.95,False,1.93,0.020000000000000018,25,True
1438,Dals-Ed,2010,2.21,False,1.98,0.22999999999999998,25,True
1438,Dals-Ed,2011,1.67,False,1.9,-0.22999999999999998,25,True
1438,Dals-Ed,2012,1.88,False,1.9,-0.020000000000000018,25,True
1438,Dals-Ed,2013,2.23,False,1.89,0.3400000000000001,25,True
1438,Dals-Ed,2014,1.64,False,1.88,-0.24,25,True
1438,Dals-Ed,2015,1.73,False,1.85,-0.1200000000000001,25,True
1438,Dals-Ed,2016,1.87,False,1.85,0.020000000000000018,25,True
1438,Dals-Ed,2017,1.51,False,1.78,-0.27,25,True
1438,Dals-Ed,2018,1.95,False,1.75,0.19999999999999996,25,True
1438,Dals-Ed,2019,1.93,False,1.7,0.22999999999999998,25,True
1438,Dals-Ed,2020,1.65,False,1.66,-0.010000000000000009,25,True
1438,Dals-Ed,2021,1.73,False,1.67,0.06000000000000005,25,True
1438,Dals-Ed,2022,1.55,False,1.52,0.030000000000000027,25,True
1438,Dals-Ed,2023,1.685,True,1.45,0.2350000000000001,25,True
1438,Dals-Ed,2024,1.82,False,1.43,0.3900000000000001,25,True
1438,Dals-Ed,2025,1.96,False,1.42,0.54,25,True
1439,Färgelanda,2000,2.11,False,1.54,0.5699999999999998,26,False
1439,Färgelanda,2001,1.97,False,1.57,0.3999999999999999,26,False
1439,Färgelanda,2002,1.76,False,1.65,0.1100000000000001,26,False
1439,Färgelanda,2003,1.68,False,1.71,-0.030000000000000027,26,False
1439,Färgelanda,2004,1.88,False,1.75,0.1299999999999999,26,False
1439,Färgelanda,2005,1.98,False,1.77,0.20999999999999996,26,False
1439,Färgelanda,2006,1.89,False,1.85,0.039999999999999813,26,False
1439,Färgelanda,2007,2.36,False,1.88,0.48,26,False
1439,Färgelanda,2008,1.97,False,1.91,0.06000000000000005,26,False
1439,Färgelanda,2009,2.43,False,1.93,0.5000000000000002,26,False
1439,Färgelanda,2010,2.25,False,1.98,0.27,26,False
1439,Färgelanda,2011,2.1,False,1.9,0.20000000000000018,26,False
1439,Färgelanda,2012,1.8,False,1.9,-0.09999999999999987,26,False
1439,Färgelanda,2013,1.9,False,1.89,0.010000000000000009,26,False
1439,Färgelanda,2014,2.32,False,1.88,0.43999999999999995,26,False
1439,Färgelanda,2015,1.98,False,1.85,0.1299999999999999,26,False
1439,Färgelanda,2016,2.18,False,1.85,0.33000000000000007,26,False
1439,Färgelanda,2017,1.95,False,1.78,0.16999999999999993,26,False
1439,Färgelanda,2018,1.96,False,1.75,0.20999999999999996,26,False
1439,Färgelanda,2019,2.03,False,1.7,0.32999999999999985,26,False
1439,Färgelanda,2020,1.86,False,1.66,0.20000000000000018,26,False
1439,Färgelanda,2021,1.34,False,1.67,-0.32999999999999985,26,False
1439,Färgelanda,2022,2.12,False,1.52,0.6000000000000001,26,False
1439,Färgelanda,2023,1.47,False,1.45,0.020000000000000018,26,False
1439,Färgelanda,2024,1.66,False,1.43,0.22999999999999998,26,False
1439,Färgelanda,2025,1.32,False,1.42,-0.09999999999999987,26,False
1440,Ale,2000,1.73,False,1.54,0.18999999999999995,26,False
1440,Ale,2001,1.76,False,1.57,0.18999999999999995,26,False
1440,Ale,2002,1.86,False,1.65,0.2100000000000002,26,False
1440,Ale,2003,1.7,False,1.71,-0.010000000000000009,26,False
1440,Ale,2004,2.04,False,1.75,0.29000000000000004,26,False
1440,Ale,2005,1.98,False,1.77,0.20999999999999996,26,False
1440,Ale,2006,2.18,False,1.85,0.33000000000000007,26,False
1440,Ale,2007,2.15,False,1.88,0.27,26,False
1440,Ale,2008,1.86,False,1.91,-0.04999999999999982,26,False
1440,Ale,2009,2.14,False,1.93,0.2100000000000002,26,False
1440,Ale,2010,1.96,False,1.98,-0.020000000000000018,26,False
1440,Ale,2011,1.97,False,1.9,0.07000000000000006,26,False
1440,Ale,2012,2.08,False,1.9,0.18000000000000016,26,False
1440,Ale,2013,2.01,False,1.89,0.11999999999999988,26,False
1440,Ale,2014,1.89,False,1.88,0.010000000000000009,26,False
1440,Ale,2015,1.87,False,1.85,0.020000000000000018,26,False
1440,Ale,2016,1.82,False,1.85,-0.030000000000000027,26,False
1440,Ale,2017,1.98,False,1.78,0.19999999999999996,26,False
1440,Ale,2018,2.13,False,1.75,0.3799999999999999,26,False
1440,Ale,2019,1.84,False,1.7,0.14000000000000012,26,False
1440,Ale,2020,1.87,False,1.66,0.2100000000000002,26,False
1440,Ale,2021,1.97,False,1.67,0.30000000000000004,26,False
1440,Ale,2022,1.64,False,1.52,0.11999999999999988,26,False
1440,Ale,2023,1.57,False,1.45,0.1200000000000001,26,False
1440,Ale,2024,1.83,False,1.43,0.40000000000000013,26,False
1440,Ale,2025,1.47,False,1.42,0.050000000000000044,26,False
1441,Lerum,2000,1.59,False,1.54,0.050000000000000044,26,False
1441,Lerum,2001,1.88,False,1.57,0.30999999999999983,26,False
1441,Lerum,2002,1.99,False,1.65,0.3400000000000001,26,False
1441,Lerum,2003,1.84,False,1.71,0.13000000000000012,26,False
1441,Lerum,2004,2.25,False,1.75,0.5,26,False
1441,Lerum,2005,1.94,False,1.77,0.16999999999999993,26,False
1441,Lerum,2006,2.02,False,1.85,0.16999999999999993,26,False
1441,Lerum,2007,2.31,False,1.88,0.43000000000000016,26,False
1441,Lerum,2008,2.44,False,1.91,0.53,26,False
1441,Lerum,2009,2.24,False,1.93,0.3100000000000003,26,False
1441,Lerum,2010,2.19,False,1.98,0.20999999999999996,26,False
1441,Lerum,2011,2.2,False,1.9,0.30000000000000027,26,False
1441,Lerum,2012,2.03,False,1.9,0.1299999999999999,26,False
1441,Lerum,2013,2.15,False,1.89,0.26,26,False
1441,Lerum,2014,2.28,False,1.88,0.3999999999999999,26,False
1441,Lerum,2015,2.03,False,1.85,0.17999999999999972,26,False
1441,Lerum,2016,2.0,False,1.85,0.1499999999999999,26,False
1441,Lerum,2017,1.91,False,1.78,0.1299999999999999,26,False
1441,Lerum,2018,2.12,False,1.75,0.3700000000000001,26,False
1441,Lerum,2019,1.87,False,1.7,0.17000000000000015,26,False
1441,Lerum,2020,2.11,False,1.66,0.44999999999999996,26,False
1441,Lerum,2021,2.1,False,1.67,0.43000000000000016,26,False
1441,Lerum,2022,1.57,False,1.52,0.050000000000000044,26,False
1441,Lerum,2023,1.81,False,1.45,0.3600000000000001,26,False
1441,Lerum,2024,1.63,False,1.43,0.19999999999999996,26,False
1441,Lerum,2025,1.95,False,1.42,0.53,26,False
1442,Vårgårda,2000,1.9,False,1.54,0.3599999999999999,26,False
1442,Vårgårda,2001,1.49,False,1.57,-0.08000000000000007,26,False
1442,Vårgårda,2002,1.66,False,1.65,0.010000000000000009,26,False
1442,Vårgårda,2003,1.76,False,1.71,0.050000000000000044,26,False
1442,Vårgårda,2004,1.83,False,1.75,0.08000000000000007,26,False
1442,Vårgårda,2005,2.27,False,1.77,0.5,26,False
1442,Vårgårda,2006,2.33,False,1.85,0.48,26,False
1442,Vårgårda,2007,2.34,False,1.88,0.45999999999999996,26,False
1442,Vårgårda,2008,2.02,False,1.91,0.1100000000000001,26,False
1442,Vårgårda,2009,2.48,False,1.93,0.55,26,False
1442,Vårgårda,2010,2.08,False,1.98,0.10000000000000009,26,False
1442,Vårgårda,2011,2.14,False,1.9,0.2400000000000002,26,False
1442,Vårgårda,2012,2.0,False,1.9,0.10000000000000009,26,False
1442,Vårgårda,2013,2.07,False,1.89,0.17999999999999994,26,False
1442,Vårgårda,2014,2.36,False,1.88,0.48,26,False
1442,Vårgårda,2015,2.09,False,1.85,0.23999999999999977,26,False
1442,Vårgårda,2016,2.46,False,1.85,0.6099999999999999,26,False
1442,Vårgårda,2017,2.19,False,1.78,0.4099999999999999,26,False
1442,Vårgårda,2018,1.97,False,1.75,0.21999999999999997,26,False
1442,Vårgårda,2019,1.9,False,1.7,0.19999999999999996,26,False
1442,Vårgårda,2020,1.87,False,1.66,0.2100000000000002,26,False
1442,Vårgårda,2021,1.79,False,1.67,0.1200000000000001,26,False
1442,Vårgårda,2022,1.69,False,1.52,0.16999999999999993,26,False
1442,Vårgårda,2023,1.8,False,1.45,0.3500000000000001,26,False
1442,Vårgårda,2024,1.63,False,1.43,0.19999999999999996,26,False
1442,Vårgårda,2025,1.44,False,1.42,0.020000000000000018,26,False
1443,Bollebygd,2000,1.56,False,1.54,0.020000000000000018,26,False
1443,Bollebygd,2001,1.84,False,1.57,0.27,26,False
1443,Bollebygd,2002,1.33,False,1.65,-0.31999999999999984,26,False
1443,Bollebygd,2003,2.14,False,1.71,0.43000000000000016,26,False
1443,Bollebygd,2004,2.19,False,1.75,0.43999999999999995,26,False
1443,Bollebygd,2005,2.17,False,1.77,0.3999999999999999,26,False
1443,Bollebygd,2006,2.22,False,1.85,0.3700000000000001,26,False
1443,Bollebygd,2007,2.22,False,1.88,0.3400000000000003,26,False
1443,Bollebygd,2008,2.33,False,1.91,0.42000000000000015,26,False
1443,Bollebygd,2009,2.36,False,1.93,0.42999999999999994,26,False
1443,Bollebygd,2010,2.22,False,1.98,0.2400000000000002,26,False
1443,Bollebygd,2011,2.41,False,1.9,0.5100000000000002,26,False
1443,Bollebygd,2012,2.2,False,1.9,0.30000000000000027,26,False
1443,Bollebygd,2013,2.43,False,1.89,0.5400000000000003,26,False
1443,Bollebygd,2014,2.01,False,1.88,0.1299999999999999,26,False
1443,Bollebygd,2015,1.99,False,1.85,0.1399999999999999,26,False
1443,Bollebygd,2016,2.02,False,1.85,0.16999999999999993,26,False
1443,Bollebygd,2017,1.79,False,1.78,0.010000000000000009,26,False
1443,Bollebygd,2018,1.72,False,1.75,-0.030000000000000027,26,False
1443,Bollebygd,2019,1.87,False,1.7,0.17000000000000015,26,False
1443,Bollebygd,2020,1.78,False,1.66,0.1200000000000001,26,False
1443,Bollebygd,2021,2.03,False,1.67,0.3599999999999999,26,False
1443,Bollebygd,2022,1.57,False,1.52,0.050000000000000044,26,False
1443,Bollebygd,2023,1.74,False,1.45,0.29000000000000004,26,False
1443,Bollebygd,2024,1.57,False,1.43,0.14000000000000012,26,False
1443,Bollebygd,2025,1.74,False,1.42,0.32000000000000006,26,False
1444,Grästorp,2000,1.58,False,1.54,0.040000000000000036,26,False
1444,Grästorp,2001,2.22,False,1.57,0.6500000000000001,26,False
1444,Grästorp,2002,1.61,False,1.65,-0.039999999999999813,26,False
1444,Grästorp,2003,2.31,False,1.71,0.6000000000000001,26,False
1444,Grästorp,2004,1.77,False,1.75,0.020000000000000018,26,False
1444,Grästorp,2005,2.18,False,1.77,0.41000000000000014,26,False
1444,Grästorp,2006,2.62,False,1.85,0.77,26,False
1444,Grästorp,2007,2.63,False,1.88,0.75,26,False
1444,Grästorp,2008,2.42,False,1.91,0.51,26,False
1444,Grästorp,2009,2.13,False,1.93,0.19999999999999996,26,False
1444,Grästorp,2010,2.13,False,1.98,0.1499999999999999,26,False
1444,Grästorp,2011,2.38,False,1.9,0.48,26,False
1444,Grästorp,2012,1.89,False,1.9,-0.010000000000000009,26,False
1444,Grästorp,2013,2.05,False,1.89,0.15999999999999992,26,False
1444,Grästorp,2014,2.2,False,1.88,0.3200000000000003,26,False
1444,Grästorp,2015,1.84,False,1.85,-0.010000000000000009,26,False
1444,Grästorp,2016,2.22,False,1.85,0.3700000000000001,26,False
1444,Grästorp,2017,2.05,False,1.78,0.2699999999999998,26,False
1444,Grästorp,2018,1.54,False,1.75,-0.20999999999999996,26,False
1444,Grästorp,2019,1.62,False,1.7,-0.07999999999999985,26,False
1444,Grästorp,2020,1.9,False,1.66,0.24,26,False
1444,Grästorp,2021,1.75,False,1.67,0.08000000000000007,26,False
1444,Grästorp,2022,1.7,False,1.52,0.17999999999999994,26,False
1444,Grästorp,2023,1.27,False,1.45,-0.17999999999999994,26,False
1444,Grästorp,2024,1.36,False,1.43,-0.06999999999999984,26,False
1444,Grästorp,2025,1.74,False,1.42,0.32000000000000006,26,False
1445,Essunga,2000,1.7,False,1.54,0.15999999999999992,26,False
1445,Essunga,2001,1.72,False,1.57,0.1499999999999999,26,False
1445,Essunga,2002,1.96,False,1.65,0.31000000000000005,26,False
1445,Essunga,2003,2.27,False,1.71,0.56,26,False
1445,Essunga,2004,1.67,False,1.75,-0.08000000000000007,26,False
1445,Essunga,2005,1.9,False,1.77,0.1299999999999999,26,False
1445,Essunga,2006,1.64,False,1.85,-0.2100000000000002,26,False
1445,Essunga,2007,2.51,False,1.88,0.6299999999999999,26,False
1445,Essunga,2008,2.25,False,1.91,0.3400000000000001,26,False
1445,Essunga,2009,2.04,False,1.93,0.1100000000000001,26,False
1445,Essunga,2010,2.38,False,1.98,0.3999999999999999,26,False
1445,Essunga,2011,2.06,False,1.9,0.16000000000000014,26,False
1445,Essunga,2012,1.69,False,1.9,-0.20999999999999996,26,False
1445,Essunga,2013,2.02,False,1.89,0.13000000000000012,26,False
1445,Essunga,2014,2.19,False,1.88,0.31000000000000005,26,False
1445,Essunga,2015,1.77,False,1.85,-0.08000000000000007,26,False
1445,Essunga,2016,2.23,False,1.85,0.3799999999999999,26,False
1445,Essunga,2017,1.9,False,1.78,0.11999999999999988,26,False
1445,Essunga,2018,1.77,False,1.75,0.020000000000000018,26,False
1445,Essunga,2019,1.92,False,1.7,0.21999999999999997,26,False
1445,Essunga,2020,1.55,False,1.66,-0.10999999999999988,26,False
1445,Essunga,2021,1.63,False,1.67,-0.040000000000000036,26,False
1445,Essunga,2022,2.12,False,1.52,0.6000000000000001,26,False
1445,Essunga,2023,1.05,False,1.45,-0.3999999999999999,26,False
1445,Essunga,2024,2.07,False,1.43,0.6399999999999999,26,False
1445,Essunga,2025,1.76,False,1.42,0.3400000000000001,26,False
1446,Karlsborg,2000,1.53,False,1.54,-0.010000000000000009,26,False
1446,Karlsborg,2001,1.77,False,1.57,0.19999999999999996,26,False
1446,Karlsborg,2002,1.71,False,1.65,0.06000000000000005,26,False
1446,Karlsborg,2003,1.77,False,1.71,0.06000000000000005,26,False
1446,Karlsborg,2004,2.05,False,1.75,0.2999999999999998,26,False
1446,Karlsborg,2005,2.12,False,1.77,0.3500000000000001,26,False
1446,Karlsborg,2006,1.99,False,1.85,0.1399999999999999,26,False
1446,Karlsborg,2007,1.71,False,1.88,-0.16999999999999993,26,False
1446,Karlsborg,2008,1.83,False,1.91,-0.07999999999999985,26,False
1446,Karlsborg,2009,1.73,False,1.93,-0.19999999999999996,26,False
1446,Karlsborg,2010,1.97,False,1.98,-0.010000000000000009,26,False
1446,Karlsborg,2011,1.59,False,1.9,-0.30999999999999983,26,False
1446,Karlsborg,2012,1.52,False,1.9,-0.3799999999999999,26,False
1446,Karlsborg,2013,2.2,False,1.89,0.3100000000000003,26,False
1446,Karlsborg,2014,1.91,False,1.88,0.030000000000000027,26,False
1446,Karlsborg,2015,1.74,False,1.85,-0.1100000000000001,26,False
1446,Karlsborg,2016,1.91,False,1.85,0.05999999999999983,26,False
1446,Karlsborg,2017,2.25,False,1.78,0.47,26,False
1446,Karlsborg,2018,1.83,False,1.75,0.08000000000000007,26,False
1446,Karlsborg,2019,2.16,False,1.7,0.4600000000000002,26,False
1446,Karlsborg,2020,2.04,False,1.66,0.3800000000000001,26,False
1446,Karlsborg,2021,1.72,False,1.67,0.050000000000000044,26,False
1446,Karlsborg,2022,1.61,False,1.52,0.09000000000000008,26,False
1446,Karlsborg,2023,1.43,False,1.45,-0.020000000000000018,26,False
1446,Karlsborg,2024,1.56,False,1.43,0.13000000000000012,26,False
1446,Karlsborg,2025,1.27,False,1.42,-0.1499999999999999,26,False
1447,Gullspång,2000,1.65,False,1.54,0.10999999999999988,23,True
1447,Gullspång,2001,2.35,False,1.57,0.78,23,True
1447,Gullspång,2002,1.7,False,1.65,0.050000000000000044,23,True
1447,Gullspång,2003,1.73,False,1.71,0.020000000000000018,23,True
1447,Gullspång,2004,2.45,False,1.75,0.7000000000000002,23,True
1447,Gullspång,2005,1.69,False,1.77,-0.08000000000000007,23,True
1447,Gullspång,2006,1.48,False,1.85,-0.3700000000000001,23,True
1447,Gullspång,2007,1.92,False,1.88,0.040000000000000036,23,True
1447,Gullspång,2008,1.95,False,1.91,0.040000000000000036,23,True
1447,Gullspång,2009,1.66,False,1.93,-0.27,23,True
1447,Gullspång,2010,1.59,False,1.98,-0.3899999999999999,23,True
1447,Gullspång,2011,2.19,False,1.9,0.29000000000000004,23,True
1447,Gullspång,2012,1.66,False,1.9,-0.24,23,True
1447,Gullspång,2013,1.86,False,1.89,-0.029999999999999805,23,True
1447,Gullspång,2014,2.15,False,1.88,0.27,23,True
1447,Gullspång,2015,2.23,True,1.85,0.3799999999999999,23,True
1447,Gullspång,2016,2.31,False,1.85,0.45999999999999996,23,True
1447,Gullspång,2017,2.01,False,1.78,0.22999999999999976,23,True
1447,Gullspång,2018,2.32,False,1.75,0.5699999999999998,23,True
1447,Gullspång,2019,2.42,False,1.7,0.72,23,True
1447,Gullspång,2020,1.8,False,1.66,0.14000000000000012,23,True
1447,Gullspång,2021,1.89,False,1.67,0.21999999999999997,23,True
1447,Gullspång,2022,1.79,False,1.52,0.27,23,True
1447,Gullspång,2023,1.89,False,1.45,0.43999999999999995,23,True
1447,Gullspång,2024,,False,1.43,,23,True
1447,Gullspång,2025,,False,1.42,,23,True
1452,Tranemo,2000,1.95,False,1.54,0.4099999999999999,26,False
1452,Tranemo,2001,1.73,False,1.57,0.15999999999999992,26,False
1452,Tranemo,2002,2.08,False,1.65,0.43000000000000016,26,False
1452,Tranemo,2003,1.66,False,1.71,-0.050000000000000044,26,False
1452,Tranemo,2004,1.89,False,1.75,0.1399999999999999,26,False
1452,Tranemo,2005,1.97,False,1.77,0.19999999999999996,26,False
1452,Tranemo,2006,1.84,False,1.85,-0.010000000000000009,26,False
1452,Tranemo,2007,2.14,False,1.88,0.26000000000000023,26,False
1452,Tranemo,2008,2.24,False,1.91,0.3300000000000003,26,False
1452,Tranemo,2009,2.17,False,1.93,0.24,26,False
1452,Tranemo,2010,2.37,False,1.98,0.3900000000000001,26,False
1452,Tranemo,2011,1.85,False,1.9,-0.04999999999999982,26,False
1452,Tranemo,2012,2.36,False,1.9,0.45999999999999996,26,False
1452,Tranemo,2013,2.09,False,1.89,0.19999999999999996,26,False
1452,Tranemo,2014,2.01,False,1.88,0.1299999999999999,26,False
1452,Tranemo,2015,1.87,False,1.85,0.020000000000000018,26,False
1452,Tranemo,2016,1.86,False,1.85,0.010000000000000009,26,False
1452,Tranemo,2017,1.76,False,1.78,-0.020000000000000018,26,False
1452,Tranemo,2018,2.05,False,1.75,0.2999999999999998,26,False
1452,Tranemo,2019,2.03,False,1.7,0.32999999999999985,26,False
1452,Tranemo,2020,1.92,False,1.66,0.26,26,False
1452,Tranemo,2021,2.18,False,1.67,0.5100000000000002,26,False
1452,Tranemo,2022,1.8,False,1.52,0.28,26,False
1452,Tranemo,2023,1.62,False,1.45,0.17000000000000015,26,False
1452,Tranemo,2024,1.66,False,1.43,0.22999999999999998,26,False
1452,Tranemo,2025,2.01,False,1.42,0.5899999999999999,26,False
1460,Bengtsfors,2000,1.75,False,1.54,0.20999999999999996,26,False
1460,Bengtsfors,2001,1.3,False,1.57,-0.27,26,False
1460,Bengtsfors,2002,1.66,False,1.65,0.010000000000000009,26,False
1460,Bengtsfors,2003,1.75,False,1.71,0.040000000000000036,26,False
1460,Bengtsfors,2004,1.85,False,1.75,0.10000000000000009,26,False
1460,Bengtsfors,2005,1.91,False,1.77,0.1399999999999999,26,False
1460,Bengtsfors,2006,1.96,False,1.85,0.10999999999999988,26,False
1460,Bengtsfors,2007,1.41,False,1.88,-0.47,26,False
1460,Bengtsfors,2008,2.06,False,1.91,0.15000000000000013,26,False
1460,Bengtsfors,2009,2.04,False,1.93,0.1100000000000001,26,False
1460,Bengtsfors,2010,2.03,False,1.98,0.04999999999999982,26,False
1460,Bengtsfors,2011,2.01,False,1.9,0.10999999999999988,26,False
1460,Bengtsfors,2012,1.91,False,1.9,0.010000000000000009,26,False
1460,Bengtsfors,2013,1.71,False,1.89,-0.17999999999999994,26,False
1460,Bengtsfors,2014,1.68,False,1.88,-0.19999999999999996,26,False
1460,Bengtsfors,2015,1.91,False,1.85,0.05999999999999983,26,False
1460,Bengtsfors,2016,2.03,False,1.85,0.17999999999999972,26,False
1460,Bengtsfors,2017,1.77,False,1.78,-0.010000000000000009,26,False
1460,Bengtsfors,2018,1.95,False,1.75,0.19999999999999996,26,False
1460,Bengtsfors,2019,1.91,False,1.7,0.20999999999999996,26,False
1460,Bengtsfors,2020,1.83,False,1.66,0.17000000000000015,26,False
1460,Bengtsfors,2021,1.56,False,1.67,-0.10999999999999988,26,False
1460,Bengtsfors,2022,1.59,False,1.52,0.07000000000000006,26,False
1460,Bengtsfors,2023,1.4,False,1.45,-0.050000000000000044,26,False
1460,Bengtsfors,2024,1.63,False,1.43,0.19999999999999996,26,False
1460,Bengtsfors,2025,1.75,False,1.42,0.33000000000000007,26,False
1461,Mellerud,2000,1.7,False,1.54,0.15999999999999992,26,False
1461,Mellerud,2001,1.91,False,1.57,0.33999999999999986,26,False
1461,Mellerud,2002,2.11,False,1.65,0.45999999999999996,26,False
1461,Mellerud,2003,1.95,False,1.71,0.24,26,False
1461,Mellerud,2004,1.88,False,1.75,0.1299999999999999,26,False
1461,Mellerud,2005,1.72,False,1.77,-0.050000000000000044,26,False
1461,Mellerud,2006,1.7,False,1.85,-0.15000000000000013,26,False
1461,Mellerud,2007,2.31,False,1.88,0.43000000000000016,26,False
1461,Mellerud,2008,2.42,False,1.91,0.51,26,False
1461,Mellerud,2009,2.03,False,1.93,0.09999999999999987,26,False
1461,Mellerud,2010,2.12,False,1.98,0.14000000000000012,26,False
1461,Mellerud,2011,2.24,False,1.9,0.3400000000000003,26,False
1461,Mellerud,2012,1.93,False,1.9,0.030000000000000027,26,False
1461,Mellerud,2013,2.09,False,1.89,0.19999999999999996,26,False
1461,Mellerud,2014,2.08,False,1.88,0.20000000000000018,26,False
1461,Mellerud,2015,2.13,False,1.85,0.2799999999999998,26,False
1461,Mellerud,2016,2.17,False,1.85,0.31999999999999984,26,False
1461,Mellerud,2017,2.43,False,1.78,0.6500000000000001,26,False
1461,Mellerud,2018,2.14,False,1.75,0.3900000000000001,26,False
1461,Mellerud,2019,1.62,False,1.7,-0.07999999999999985,26,False
1461,Mellerud,2020,1.98,False,1.66,0.32000000000000006,26,False
1461,Mellerud,2021,1.85,False,1.67,0.18000000000000016,26,False
1461,Mellerud,2022,1.9,False,1.52,0.3799999999999999,26,False
1461,Mellerud,2023,1.87,False,1.45,0.42000000000000015,26,False
1461,Mellerud,2024,1.48,False,1.43,0.050000000000000044,26,False
1461,Mellerud,2025,2.08,False,1.42,0.6600000000000001,26,False
1462,Lilla Edet,2000,1.7,False,1.54,0.15999999999999992,26,False
1462,Lilla Edet,2001,1.78,False,1.57,0.20999999999999996,26,False
1462,Lilla Edet,2002,1.94,False,1.65,0.29000000000000004,26,False
1462,Lilla Edet,2003,1.94,False,1.71,0.22999999999999998,26,False
1462,Lilla Edet,2004,2.15,False,1.75,0.3999999999999999,26,False
1462,Lilla Edet,2005,1.75,False,1.77,-0.020000000000000018,26,False
1462,Lilla Edet,2006,2.22,False,1.85,0.3700000000000001,26,False
1462,Lilla Edet,2007,2.07,False,1.88,0.18999999999999995,26,False
1462,Lilla Edet,2008,2.41,False,1.91,0.5000000000000002,26,False
1462,Lilla Edet,2009,2.13,False,1.93,0.19999999999999996,26,False
1462,Lilla Edet,2010,1.98,False,1.98,0.0,26,False
1462,Lilla Edet,2011,2.19,False,1.9,0.29000000000000004,26,False
1462,Lilla Edet,2012,2.02,False,1.9,0.1200000000000001,26,False
1462,Lilla Edet,2013,1.83,False,1.89,-0.05999999999999983,26,False
1462,Lilla Edet,2014,2.31,False,1.88,0.43000000000000016,26,False
1462,Lilla Edet,2015,2.29,False,1.85,0.43999999999999995,26,False
1462,Lilla Edet,2016,2.19,False,1.85,0.33999999999999986,26,False
1462,Lilla Edet,2017,2.09,False,1.78,0.30999999999999983,26,False
1462,Lilla Edet,2018,2.03,False,1.75,0.2799999999999998,26,False
1462,Lilla Edet,2019,1.63,False,1.7,-0.07000000000000006,26,False
1462,Lilla Edet,2020,2.07,False,1.66,0.4099999999999999,26,False
1462,Lilla Edet,2021,1.87,False,1.67,0.20000000000000018,26,False
1462,Lilla Edet,2022,2.0,False,1.52,0.48,26,False
1462,Lilla Edet,2023,1.82,False,1.45,0.3700000000000001,26,False
1462,Lilla Edet,2024,1.66,False,1.43,0.22999999999999998,26,False
1462,Lilla Edet,2025,1.58,False,1.42,0.16000000000000014,26,False
1463,Mark,2000,1.86,False,1.54,0.32000000000000006,26,False
1463,Mark,2001,1.9,False,1.57,0.32999999999999985,26,False
1463,Mark,2002,1.85,False,1.65,0.20000000000000018,26,False
1463,Mark,2003,2.05,False,1.71,0.33999999999999986,26,False
1463,Mark,2004,2.01,False,1.75,0.2599999999999998,26,False
1463,Mark,2005,2.03,False,1.77,0.2599999999999998,26,False
1463,Mark,2006,2.02,False,1.85,0.16999999999999993,26,False
1463,Mark,2007,2.32,False,1.88,0.43999999999999995,26,False
1463,Mark,2008,2.31,False,1.91,0.40000000000000013,26,False
1463,Mark,2009,2.27,False,1.93,0.3400000000000001,26,False
1463,Mark,2010,2.27,False,1.98,0.29000000000000004,26,False
1463,Mark,2011,2.05,False,1.9,0.1499999999999999,26,False
1463,Mark,2012,1.96,False,1.9,0.06000000000000005,26,False
1463,Mark,2013,1.91,False,1.89,0.020000000000000018,26,False
1463,Mark,2014,1.95,False,1.88,0.07000000000000006,26,False
1463,Mark,2015,1.98,False,1.85,0.1299999999999999,26,False
1463,Mark,2016,1.88,False,1.85,0.029999999999999805,26,False
1463,Mark,2017,1.9,False,1.78,0.11999999999999988,26,False
1463,Mark,2018,1.87,False,1.75,0.1200000000000001,26,False
1463,Mark,2019,1.81,False,1.7,0.1100000000000001,26,False
1463,Mark,2020,1.77,False,1.66,0.1100000000000001,26,False
1463,Mark,2021,1.94,False,1.67,0.27,26,False
1463,Mark,2022,1.78,False,1.52,0.26,26,False
1463,Mark,2023,1.55,False,1.45,0.10000000000000009,26,False
1463,Mark,2024,1.78,False,1.43,0.3500000000000001,26,False
1463,Mark,2025,1.71,False,1.42,0.29000000000000004,26,False
1465,Svenljunga,2000,2.04,False,1.54,0.5,26,False
1465,Svenljunga,2001,2.21,False,1.57,0.6399999999999999,26,False
1465,Svenljunga,2002,2.01,False,1.65,0.3599999999999999,26,False
1465,Svenljunga,2003,1.87,False,1.71,0.16000000000000014,26,False
1465,Svenljunga,2004,1.84,False,1.75,0.09000000000000008,26,False
1465,Svenljunga,2005,1.82,False,1.77,0.050000000000000044,26,False
1465,Svenljunga,2006,2.19,False,1.85,0.33999999999999986,26,False
1465,Svenljunga,2007,2.25,False,1.88,0.3700000000000001,26,False
1465,Svenljunga,2008,2.03,False,1.91,0.11999999999999988,26,False
1465,Svenljunga,2009,2.61,False,1.93,0.6799999999999999,26,False
1465,Svenljunga,2010,2.3,False,1.98,0.31999999999999984,26,False
1465,Svenljunga,2011,2.1,False,1.9,0.20000000000000018,26,False
1465,Svenljunga,2012,2.21,False,1.9,0.31000000000000005,26,False
1465,Svenljunga,2013,2.13,False,1.89,0.24,26,False
1465,Svenljunga,2014,2.1,False,1.88,0.2200000000000002,26,False
1465,Svenljunga,2015,2.2,False,1.85,0.3500000000000001,26,False
1465,Svenljunga,2016,1.81,False,1.85,-0.040000000000000036,26,False
1465,Svenljunga,2017,2.25,False,1.78,0.47,26,False
1465,Svenljunga,2018,2.1,False,1.75,0.3500000000000001,26,False
1465,Svenljunga,2019,1.87,False,1.7,0.17000000000000015,26,False
1465,Svenljunga,2020,1.82,False,1.66,0.16000000000000014,26,False
1465,Svenljunga,2021,1.98,False,1.67,0.31000000000000005,26,False
1465,Svenljunga,2022,1.94,False,1.52,0.41999999999999993,26,False
1465,Svenljunga,2023,2.13,False,1.45,0.6799999999999999,26,False
1465,Svenljunga,2024,1.62,False,1.43,0.19000000000000017,26,False
1465,Svenljunga,2025,1.73,False,1.42,0.31000000000000005,26,False
1466,Herrljunga,2000,1.51,False,1.54,-0.030000000000000027,26,False
1466,Herrljunga,2001,1.76,False,1.57,0.18999999999999995,26,False
1466,Herrljunga,2002,2.04,False,1.65,0.3900000000000001,26,False
1466,Herrljunga,2003,1.91,False,1.71,0.19999999999999996,26,False
1466,Herrljunga,2004,1.84,False,1.75,0.09000000000000008,26,False
1466,Herrljunga,2005,1.73,False,1.77,-0.040000000000000036,26,False
1466,Herrljunga,2006,1.9,False,1.85,0.04999999999999982,26,False
1466,Herrljunga,2007,2.55,False,1.88,0.6699999999999999,26,False
1466,Herrljunga,2008,1.66,False,1.91,-0.25,26,False
1466,Herrljunga,2009,2.03,False,1.93,0.09999999999999987,26,False
1466,Herrljunga,2010,2.13,False,1.98,0.1499999999999999,26,False
1466,Herrljunga,2011,2.05,False,1.9,0.1499999999999999,26,False
1466,Herrljunga,2012,2.12,False,1.9,0.2200000000000002,26,False
1466,Herrljunga,2013,2.08,False,1.89,0.19000000000000017,26,False
1466,Herrljunga,2014,2.07,False,1.88,0.18999999999999995,26,False
1466,Herrljunga,2015,1.86,False,1.85,0.010000000000000009,26,False
1466,Herrljunga,2016,2.18,False,1.85,0.33000000000000007,26,False
1466,Herrljunga,2017,1.88,False,1.78,0.09999999999999987,26,False
1466,Herrljunga,2018,1.65,False,1.75,-0.10000000000000009,26,False
1466,Herrljunga,2019,1.74,False,1.7,0.040000000000000036,26,False
1466,Herrljunga,2020,1.66,False,1.66,0.0,26,False
1466,Herrljunga,2021,2.09,False,1.67,0.41999999999999993,26,False
1466,Herrljunga,2022,1.7,False,1.52,0.17999999999999994,26,False
1466,Herrljunga,2023,1.74,False,1.45,0.29000000000000004,26,False
1466,Herrljunga,2024,1.96,False,1.43,0.53,26,False
1466,Herrljunga,2025,1.52,False,1.42,0.10000000000000009,26,False
1470,Vara,2000,1.46,False,1.54,-0.08000000000000007,26,False
1470,Vara,2001,2.02,False,1.57,0.44999999999999996,26,False
1470,Vara,2002,1.76,False,1.65,0.1100000000000001,26,False
1470,Vara,2003,1.81,False,1.71,0.10000000000000009,26,False
1470,Vara,2004,2.16,False,1.75,0.41000000000000014,26,False
1470,Vara,2005,1.56,False,1.77,-0.20999999999999996,26,False
1470,Vara,2006,2.1,False,1.85,0.25,26,False
1470,Vara,2007,2.1,False,1.88,0.2200000000000002,26,False
1470,Vara,2008,1.88,False,1.91,-0.030000000000000027,26,False
1470,Vara,2009,2.22,False,1.93,0.29000000000000026,26,False
1470,Vara,2010,2.18,False,1.98,0.20000000000000018,26,False
1470,Vara,2011,1.93,False,1.9,0.030000000000000027,26,False
1470,Vara,2012,2.3,False,1.9,0.3999999999999999,26,False
1470,Vara,2013,2.13,False,1.89,0.24,26,False
1470,Vara,2014,1.92,False,1.88,0.040000000000000036,26,False
1470,Vara,2015,2.04,False,1.85,0.18999999999999995,26,False
1470,Vara,2016,1.92,False,1.85,0.06999999999999984,26,False
1470,Vara,2017,2.08,False,1.78,0.30000000000000004,26,False
1470,Vara,2018,1.73,False,1.75,-0.020000000000000018,26,False
1470,Vara,2019,1.91,False,1.7,0.20999999999999996,26,False
1470,Vara,2020,1.59,False,1.66,-0.06999999999999984,26,False
1470,Vara,2021,2.11,False,1.67,0.43999999999999995,26,False
1470,Vara,2022,1.62,False,1.52,0.10000000000000009,26,False
1470,Vara,2023,1.71,False,1.45,0.26,26,False
1470,Vara,2024,1.55,False,1.43,0.1200000000000001,26,False
1470,Vara,2025,1.51,False,1.42,0.09000000000000008,26,False
1471,Götene,2000,1.56,False,1.54,0.020000000000000018,26,False
1471,Götene,2001,1.83,False,1.57,0.26,26,False
1471,Götene,2002,1.99,False,1.65,0.3400000000000001,26,False
1471,Götene,2003,1.99,False,1.71,0.28,26,False
1471,Götene,2004,1.83,False,1.75,0.08000000000000007,26,False
1471,Götene,2005,1.97,False,1.77,0.19999999999999996,26,False
1471,Götene,2006,2.03,False,1.85,0.17999999999999972,26,False
1471,Götene,2007,2.26,False,1.88,0.3799999999999999,26,False
1471,Götene,2008,2.32,False,1.91,0.4099999999999999,26,False
1471,Götene,2009,2.43,False,1.93,0.5000000000000002,26,False
1471,Götene,2010,2.43,False,1.98,0.4500000000000002,26,False
1471,Götene,2011,1.97,False,1.9,0.07000000000000006,26,False
1471,Götene,2012,2.04,False,1.9,0.14000000000000012,26,False
1471,Götene,2013,2.31,False,1.89,0.42000000000000015,26,False
1471,Götene,2014,2.21,False,1.88,0.33000000000000007,26,False
1471,Götene,2015,1.99,False,1.85,0.1399999999999999,26,False
1471,Götene,2016,1.9,False,1.85,0.04999999999999982,26,False
1471,Götene,2017,1.95,False,1.78,0.16999999999999993,26,False
1471,Götene,2018,1.91,False,1.75,0.15999999999999992,26,False
1471,Götene,2019,2.15,False,1.7,0.44999999999999996,26,False
1471,Götene,2020,1.66,False,1.66,0.0,26,False
1471,Götene,2021,1.67,False,1.67,0.0,26,False
1471,Götene,2022,1.89,False,1.52,0.3699999999999999,26,False
1471,Götene,2023,1.68,False,1.45,0.22999999999999998,26,False
1471,Götene,2024,1.66,False,1.43,0.22999999999999998,26,False
1471,Götene,2025,1.95,False,1.42,0.53,26,False
1472,Tibro,2000,1.77,False,1.54,0.22999999999999998,26,False
1472,Tibro,2001,1.55,False,1.57,-0.020000000000000018,26,False
1472,Tibro,2002,1.81,False,1.65,0.16000000000000014,26,False
1472,Tibro,2003,1.81,False,1.71,0.10000000000000009,26,False
1472,Tibro,2004,1.9,False,1.75,0.1499999999999999,26,False
1472,Tibro,2005,1.97,False,1.77,0.19999999999999996,26,False
1472,Tibro,2006,2.39,False,1.85,0.54,26,False
1472,Tibro,2007,1.91,False,1.88,0.030000000000000027,26,False
1472,Tibro,2008,2.32,False,1.91,0.4099999999999999,26,False
1472,Tibro,2009,2.24,False,1.93,0.3100000000000003,26,False
1472,Tibro,2010,2.29,False,1.98,0.31000000000000005,26,False
1472,Tibro,2011,2.4,False,1.9,0.5,26,False
1472,Tibro,2012,1.8,False,1.9,-0.09999999999999987,26,False
1472,Tibro,2013,2.38,False,1.89,0.49,26,False
1472,Tibro,2014,2.3,False,1.88,0.41999999999999993,26,False
1472,Tibro,2015,1.86,False,1.85,0.010000000000000009,26,False
1472,Tibro,2016,1.73,False,1.85,-0.1200000000000001,26,False
1472,Tibro,2017,2.07,False,1.78,0.2899999999999998,26,False
1472,Tibro,2018,1.67,False,1.75,-0.08000000000000007,26,False
1472,Tibro,2019,1.97,False,1.7,0.27,26,False
1472,Tibro,2020,2.04,False,1.66,0.3800000000000001,26,False
1472,Tibro,2021,1.73,False,1.67,0.06000000000000005,26,False
1472,Tibro,2022,1.95,False,1.52,0.42999999999999994,26,False
1472,Tibro,2023,1.64,False,1.45,0.18999999999999995,26,False
1472,Tibro,2024,1.6,False,1.43,0.17000000000000015,26,False
1472,Tibro,2025,1.72,False,1.42,0.30000000000000004,26,False
1473,Töreboda,2000,1.89,False,1.54,0.34999999999999987,26,False
1473,Töreboda,2001,1.51,False,1.57,-0.06000000000000005,26,False
1473,Töreboda,2002,1.82,False,1.65,0.17000000000000015,26,False
1473,Töreboda,2003,1.67,False,1.71,-0.040000000000000036,26,False
1473,Töreboda,2004,2.19,False,1.75,0.43999999999999995,26,False
1473,Töreboda,2005,1.82,False,1.77,0.050000000000000044,26,False
1473,Töreboda,2006,2.05,False,1.85,0.19999999999999973,26,False
1473,Töreboda,2007,2.28,False,1.88,0.3999999999999999,26,False
1473,Töreboda,2008,1.73,False,1.91,-0.17999999999999994,26,False
1473,Töreboda,2009,2.12,False,1.93,0.19000000000000017,26,False
1473,Töreboda,2010,2.07,False,1.98,0.08999999999999986,26,False
1473,Töreboda,2011,1.86,False,1.9,-0.039999999999999813,26,False
1473,Töreboda,2012,1.94,False,1.9,0.040000000000000036,26,False
1473,Töreboda,2013,2.03,False,1.89,0.1399999999999999,26,False
1473,Töreboda,2014,2.17,False,1.88,0.29000000000000004,26,False
1473,Töreboda,2015,1.94,False,1.85,0.08999999999999986,26,False
1473,Töreboda,2016,2.36,False,1.85,0.5099999999999998,26,False
1473,Töreboda,2017,2.0,False,1.78,0.21999999999999997,26,False
1473,Töreboda,2018,1.66,False,1.75,-0.09000000000000008,26,False
1473,Töreboda,2019,1.81,False,1.7,0.1100000000000001,26,False
1473,Töreboda,2020,2.01,False,1.66,0.34999999999999987,26,False
1473,Töreboda,2021,1.98,False,1.67,0.31000000000000005,26,False
1473,Töreboda,2022,1.7,False,1.52,0.17999999999999994,26,False
1473,Töreboda,2023,1.88,False,1.45,0.42999999999999994,26,False
1473,Töreboda,2024,1.46,False,1.43,0.030000000000000027,26,False
1473,Töreboda,2025,1.48,False,1.42,0.06000000000000005,26,False
1480,Göteborg,2000,1.42,False,1.54,-0.1200000000000001,26,False
1480,Göteborg,2001,1.46,False,1.57,-0.1100000000000001,26,False
1480,Göteborg,2002,1.49,False,1.65,-0.15999999999999992,26,False
1480,Göteborg,2003,1.55,False,1.71,-0.15999999999999992,26,False
1480,Göteborg,2004,1.61,False,1.75,-0.1399999999999999,26,False
1480,Göteborg,2005,1.6,False,1.77,-0.16999999999999993,26,False
1480,Göteborg,2006,1.71,False,1.85,-0.14000000000000012,26,False
1480,Göteborg,2007,1.73,False,1.88,-0.1499999999999999,26,False
1480,Göteborg,2008,1.76,False,1.91,-0.1499999999999999,26,False
1480,Göteborg,2009,1.83,False,1.93,-0.09999999999999987,26,False
1480,Göteborg,2010,1.88,False,1.98,-0.10000000000000009,26,False
1480,Göteborg,2011,1.78,False,1.9,-0.11999999999999988,26,False
1480,Göteborg,2012,1.77,False,1.9,-0.1299999999999999,26,False
1480,Göteborg,2013,1.75,False,1.89,-0.1399999999999999,26,False
1480,Göteborg,2014,1.72,False,1.88,-0.15999999999999992,26,False
1480,Göteborg,2015,1.69,False,1.85,-0.16000000000000014,26,False
1480,Göteborg,2016,1.7,False,1.85,-0.15000000000000013,26,False
1480,Göteborg,2017,1.61,False,1.78,-0.16999999999999993,26,False
1480,Göteborg,2018,1.59,False,1.75,-0.15999999999999992,26,False
1480,Göteborg,2019,1.56,False,1.7,-0.1399999999999999,26,False
1480,Göteborg,2020,1.52,False,1.66,-0.1399999999999999,26,False
1480,Göteborg,2021,1.56,False,1.67,-0.10999999999999988,26,False
1480,Göteborg,2022,1.39,False,1.52,-0.13000000000000012,26,False
1480,Göteborg,2023,1.34,False,1.45,-0.10999999999999988,26,False
1480,Göteborg,2024,1.33,False,1.43,-0.09999999999999987,26,False
1480,Göteborg,2025,1.34,False,1.42,-0.07999999999999985,26,False
1481,Mölndal,2000,1.76,False,1.54,0.21999999999999997,26,False
1481,Mölndal,2001,1.65,False,1.57,0.07999999999999985,26,False
1481,Mölndal,2002,1.73,False,1.65,0.08000000000000007,26,False
1481,Mölndal,2003,1.66,False,1.71,-0.050000000000000044,26,False
1481,Mölndal,2004,1.78,False,1.75,0.030000000000000027,26,False
1481,Mölndal,2005,1.82,False,1.77,0.050000000000000044,26,False
1481,Mölndal,2006,1.85,False,1.85,0.0,26,False
1481,Mölndal,2007,1.96,False,1.88,0.08000000000000007,26,False
1481,Mölndal,2008,1.88,False,1.91,-0.030000000000000027,26,False
1481,Mölndal,2009,2.13,False,1.93,0.19999999999999996,26,False
1481,Mölndal,2010,2.2,False,1.98,0.2200000000000002,26,False
1481,Mölndal,2011,1.83,False,1.9,-0.06999999999999984,26,False
1481,Mölndal,2012,2.01,False,1.9,0.10999999999999988,26,False
1481,Mölndal,2013,1.8,False,1.89,-0.08999999999999986,26,False
1481,Mölndal,2014,1.82,False,1.88,-0.05999999999999983,26,False
1481,Mölndal,2015,1.74,False,1.85,-0.1100000000000001,26,False
1481,Mölndal,2016,1.94,False,1.85,0.08999999999999986,26,False
1481,Mölndal,2017,1.59,False,1.78,-0.18999999999999995,26,False
1481,Mölndal,2018,1.75,False,1.75,0.0,26,False
1481,Mölndal,2019,1.72,False,1.7,0.020000000000000018,26,False
1481,Mölndal,2020,1.74,False,1.66,0.08000000000000007,26,False
1481,Mölndal,2021,1.69,False,1.67,0.020000000000000018,26,False
1481,Mölndal,2022,1.5,False,1.52,-0.020000000000000018,26,False
1481,Mölndal,2023,1.53,False,1.45,0.08000000000000007,26,False
1481,Mölndal,2024,1.45,False,1.43,0.020000000000000018,26,False
1481,Mölndal,2025,1.52,False,1.42,0.10000000000000009,26,False
1482,Kungälv,2000,1.55,False,1.54,0.010000000000000009,26,False
1482,Kungälv,2001,1.69,False,1.57,0.11999999999999988,26,False
1482,Kungälv,2002,1.73,False,1.65,0.08000000000000007,26,False
1482,Kungälv,2003,1.98,False,1.71,0.27,26,False
1482,Kungälv,2004,1.99,False,1.75,0.24,26,False
1482,Kungälv,2005,2.03,False,1.77,0.2599999999999998,26,False
1482,Kungälv,2006,2.14,False,1.85,0.29000000000000004,26,False
1482,Kungälv,2007,2.04,False,1.88,0.16000000000000014,26,False
1482,Kungälv,2008,2.18,False,1.91,0.27000000000000024,26,False
1482,Kungälv,2009,2.35,False,1.93,0.42000000000000015,26,False
1482,Kungälv,2010,2.29,False,1.98,0.31000000000000005,26,False
1482,Kungälv,2011,2.09,False,1.9,0.18999999999999995,26,False
1482,Kungälv,2012,2.16,False,1.9,0.26000000000000023,26,False
1482,Kungälv,2013,2.1,False,1.89,0.2100000000000002,26,False
1482,Kungälv,2014,2.0,False,1.88,0.1200000000000001,26,False
1482,Kungälv,2015,2.08,False,1.85,0.22999999999999998,26,False
1482,Kungälv,2016,2.04,False,1.85,0.18999999999999995,26,False
1482,Kungälv,2017,1.88,False,1.78,0.09999999999999987,26,False
1482,Kungälv,2018,1.88,False,1.75,0.1299999999999999,26,False
1482,Kungälv,2019,1.77,False,1.7,0.07000000000000006,26,False
1482,Kungälv,2020,1.9,False,1.66,0.24,26,False
1482,Kungälv,2021,1.79,False,1.67,0.1200000000000001,26,False
1482,Kungälv,2022,1.78,False,1.52,0.26,26,False
1482,Kungälv,2023,1.52,False,1.45,0.07000000000000006,26,False
1482,Kungälv,2024,1.72,False,1.43,0.29000000000000004,26,False
1482,Kungälv,2025,1.76,False,1.42,0.3400000000000001,26,False
1484,Lysekil,2000,1.48,False,1.54,-0.06000000000000005,26,False
1484,Lysekil,2001,1.87,False,1.57,0.30000000000000004,26,False
1484,Lysekil,2002,1.76,False,1.65,0.1100000000000001,26,False
1484,Lysekil,2003,1.47,False,1.71,-0.24,26,False
1484,Lysekil,2004,1.9,False,1.75,0.1499999999999999,26,False
1484,Lysekil,2005,1.84,False,1.77,0.07000000000000006,26,False
1484,Lysekil,2006,1.83,False,1.85,-0.020000000000000018,26,False
1484,Lysekil,2007,2.07,False,1.88,0.18999999999999995,26,False
1484,Lysekil,2008,2.2,False,1.91,0.29000000000000026,26,False
1484,Lysekil,2009,1.97,False,1.93,0.040000000000000036,26,False
1484,Lysekil,2010,2.09,False,1.98,0.10999999999999988,26,False
1484,Lysekil,2011,2.07,False,1.9,0.16999999999999993,26,False
1484,Lysekil,2012,2.28,False,1.9,0.3799999999999999,26,False
1484,Lysekil,2013,1.86,False,1.89,-0.029999999999999805,26,False
1484,Lysekil,2014,1.98,False,1.88,0.10000000000000009,26,False
1484,Lysekil,2015,1.72,False,1.85,-0.13000000000000012,26,False
1484,Lysekil,2016,2.0,False,1.85,0.1499999999999999,26,False
1484,Lysekil,2017,1.95,False,1.78,0.16999999999999993,26,False
1484,Lysekil,2018,1.69,False,1.75,-0.06000000000000005,26,False
1484,Lysekil,2019,1.92,False,1.7,0.21999999999999997,26,False
1484,Lysekil,2020,1.83,False,1.66,0.17000000000000015,26,False
1484,Lysekil,2021,1.81,False,1.67,0.14000000000000012,26,False
1484,Lysekil,2022,1.37,False,1.52,-0.1499999999999999,26,False
1484,Lysekil,2023,1.61,False,1.45,0.16000000000000014,26,False
1484,Lysekil,2024,1.44,False,1.43,0.010000000000000009,26,False
1484,Lysekil,2025,1.74,False,1.42,0.32000000000000006,26,False
1485,Uddevalla,2000,1.68,False,1.54,0.1399999999999999,26,False
1485,Uddevalla,2001,1.62,False,1.57,0.050000000000000044,26,False
1485,Uddevalla,2002,1.64,False,1.65,-0.010000000000000009,26,False
1485,Uddevalla,2003,1.7,False,1.71,-0.010000000000000009,26,False
1485,Uddevalla,2004,1.88,False,1.75,0.1299999999999999,26,False
1485,Uddevalla,2005,1.81,False,1.77,0.040000000000000036,26,False
1485,Uddevalla,2006,1.9,False,1.85,0.04999999999999982,26,False
1485,Uddevalla,2007,2.03,False,1.88,0.1499999999999999,26,False
1485,Uddevalla,2008,1.98,False,1.91,0.07000000000000006,26,False
1485,Uddevalla,2009,1.98,False,1.93,0.050000000000000044,26,False
1485,Uddevalla,2010,2.22,False,1.98,0.2400000000000002,26,False
1485,Uddevalla,2011,2.09,False,1.9,0.18999999999999995,26,False
1485,Uddevalla,2012,2.06,False,1.9,0.16000000000000014,26,False
1485,Uddevalla,2013,2.07,False,1.89,0.17999999999999994,26,False
1485,Uddevalla,2014,2.0,False,1.88,0.1200000000000001,26,False
1485,Uddevalla,2015,1.95,False,1.85,0.09999999999999987,26,False
1485,Uddevalla,2016,1.95,False,1.85,0.09999999999999987,26,False
1485,Uddevalla,2017,1.99,False,1.78,0.20999999999999996,26,False
1485,Uddevalla,2018,1.82,False,1.75,0.07000000000000006,26,False
1485,Uddevalla,2019,1.91,False,1.7,0.20999999999999996,26,False
1485,Uddevalla,2020,1.81,False,1.66,0.15000000000000013,26,False
1485,Uddevalla,2021,1.84,False,1.67,0.17000000000000015,26,False
1485,Uddevalla,2022,1.72,False,1.52,0.19999999999999996,26,False
1485,Uddevalla,2023,1.65,False,1.45,0.19999999999999996,26,False
1485,Uddevalla,2024,1.51,False,1.43,0.08000000000000007,26,False
1485,Uddevalla,2025,1.6,False,1.42,0.18000000000000016,26,False
1486,Strömstad,2000,1.93,False,1.54,0.3899999999999999,26,False
1486,Strömstad,2001,1.78,False,1.57,0.20999999999999996,26,False
1486,Strömstad,2002,1.57,False,1.65,-0.07999999999999985,26,False
1486,Strömstad,2003,2.08,False,1.71,0.3700000000000001,26,False
1486,Strömstad,2004,1.7,False,1.75,-0.050000000000000044,26,False
1486,Strömstad,2005,1.62,False,1.77,-0.1499999999999999,26,False
1486,Strömstad,2006,1.7,False,1.85,-0.15000000000000013,26,False
1486,Strömstad,2007,1.78,False,1.88,-0.09999999999999987,26,False
1486,Strömstad,2008,1.74,False,1.91,-0.16999999999999993,26,False
1486,Strömstad,2009,1.99,False,1.93,0.06000000000000005,26,False
1486,Strömstad,2010,2.24,False,1.98,0.26000000000000023,26,False
1486,Strömstad,2011,1.9,False,1.9,0.0,26,False
1486,Strömstad,2012,2.31,False,1.9,0.41000000000000014,26,False
1486,Strömstad,2013,1.99,False,1.89,0.10000000000000009,26,False
1486,Strömstad,2014,1.92,False,1.88,0.040000000000000036,26,False
1486,Strömstad,2015,2.1,False,1.85,0.25,26,False
1486,Strömstad,2016,2.01,False,1.85,0.1599999999999997,26,False
1486,Strömstad,2017,2.0,False,1.78,0.21999999999999997,26,False
1486,Strömstad,2018,1.82,False,1.75,0.07000000000000006,26,False
1486,Strömstad,2019,1.57,False,1.7,-0.1299999999999999,26,False
1486,Strömstad,2020,1.66,False,1.66,0.0,26,False
1486,Strömstad,2021,1.93,False,1.67,0.26,26,False
1486,Strömstad,2022,1.59,False,1.52,0.07000000000000006,26,False
1486,Strömstad,2023,1.7,False,1.45,0.25,26,False
1486,Strömstad,2024,1.87,False,1.43,0.44000000000000017,26,False
1486,Strömstad,2025,1.62,False,1.42,0.20000000000000018,26,False
1487,Vänersborg,2000,1.6,False,1.54,0.06000000000000005,26,False
1487,Vänersborg,2001,1.74,False,1.57,0.16999999999999993,26,False
1487,Vänersborg,2002,1.79,False,1.65,0.14000000000000012,26,False
1487,Vänersborg,2003,1.83,False,1.71,0.1200000000000001,26,False
1487,Vänersborg,2004,1.75,False,1.75,0.0,26,False
1487,Vänersborg,2005,1.89,False,1.77,0.11999999999999988,26,False
1487,Vänersborg,2006,2.03,False,1.85,0.17999999999999972,26,False
1487,Vänersborg,2007,1.98,False,1.88,0.10000000000000009,26,False
1487,Vänersborg,2008,2.05,False,1.91,0.1399999999999999,26,False
1487,Vänersborg,2009,2.05,False,1.93,0.11999999999999988,26,False
1487,Vänersborg,2010,2.3,False,1.98,0.31999999999999984,26,False
1487,Vänersborg,2011,2.17,False,1.9,0.27,26,False
1487,Vänersborg,2012,1.95,False,1.9,0.050000000000000044,26,False
1487,Vänersborg,2013,2.03,False,1.89,0.1399999999999999,26,False
1487,Vänersborg,2014,2.23,False,1.88,0.3500000000000001,26,False
1487,Vänersborg,2015,2.0,False,1.85,0.1499999999999999,26,False
1487,Vänersborg,2016,1.89,False,1.85,0.039999999999999813,26,False
1487,Vänersborg,2017,1.95,False,1.78,0.16999999999999993,26,False
1487,Vänersborg,2018,2.05,False,1.75,0.2999999999999998,26,False
1487,Vänersborg,2019,1.82,False,1.7,0.1200000000000001,26,False
1487,Vänersborg,2020,1.94,False,1.66,0.28,26,False
1487,Vänersborg,2021,1.87,False,1.67,0.20000000000000018,26,False
1487,Vänersborg,2022,1.8,False,1.52,0.28,26,False
1487,Vänersborg,2023,1.75,False,1.45,0.30000000000000004,26,False
1487,Vänersborg,2024,1.63,False,1.43,0.19999999999999996,26,False
1487,Vänersborg,2025,1.52,False,1.42,0.10000000000000009,26,False
1488,Trollhättan,2000,1.55,False,1.54,0.010000000000000009,26,False
1488,Trollhättan,2001,1.59,False,1.57,0.020000000000000018,26,False
1488,Trollhättan,2002,1.7,False,1.65,0.050000000000000044,26,False
1488,Trollhättan,2003,1.72,False,1.71,0.010000000000000009,26,False
1488,Trollhättan,2004,1.75,False,1.75,0.0,26,False
1488,Trollhättan,2005,1.87,False,1.77,0.10000000000000009,26,False
1488,Trollhättan,2006,1.73,False,1.85,-0.1200000000000001,26,False
1488,Trollhättan,2007,2.05,False,1.88,0.16999999999999993,26,False
1488,Trollhättan,2008,1.85,False,1.91,-0.05999999999999983,26,False
1488,Trollhättan,2009,1.89,False,1.93,-0.040000000000000036,26,False
1488,Trollhättan,2010,1.96,False,1.98,-0.020000000000000018,26,False
1488,Trollhättan,2011,2.02,False,1.9,0.1200000000000001,26,False
1488,Trollhättan,2012,1.96,False,1.9,0.06000000000000005,26,False
1488,Trollhättan,2013,2.01,False,1.89,0.11999999999999988,26,False
1488,Trollhättan,2014,1.88,False,1.88,0.0,26,False
1488,Trollhättan,2015,1.89,False,1.85,0.039999999999999813,26,False
1488,Trollhättan,2016,1.93,False,1.85,0.07999999999999985,26,False
1488,Trollhättan,2017,1.83,False,1.78,0.050000000000000044,26,False
1488,Trollhättan,2018,1.79,False,1.75,0.040000000000000036,26,False
1488,Trollhättan,2019,1.62,False,1.7,-0.07999999999999985,26,False
1488,Trollhättan,2020,1.6,False,1.66,-0.05999999999999983,26,False
1488,Trollhättan,2021,1.61,False,1.67,-0.05999999999999983,26,False
1488,Trollhättan,2022,1.73,False,1.52,0.20999999999999996,26,False
1488,Trollhättan,2023,1.45,False,1.45,0.0,26,False
1488,Trollhättan,2024,1.32,False,1.43,-0.10999999999999988,26,False
1488,Trollhättan,2025,1.5,False,1.42,0.08000000000000007,26,False
1489,Alingsås,2000,1.72,False,1.54,0.17999999999999994,26,False
1489,Alingsås,2001,1.64,False,1.57,0.06999999999999984,26,False
1489,Alingsås,2002,1.6,False,1.65,-0.04999999999999982,26,False
1489,Alingsås,2003,1.86,False,1.71,0.15000000000000013,26,False
1489,Alingsås,2004,1.76,False,1.75,0.010000000000000009,26,False
1489,Alingsås,2005,2.02,False,1.77,0.25,26,False
1489,Alingsås,2006,2.16,False,1.85,0.31000000000000005,26,False
1489,Alingsås,2007,1.99,False,1.88,0.1100000000000001,26,False
1489,Alingsås,2008,2.27,False,1.91,0.3600000000000001,26,False
1489,Alingsås,2009,2.07,False,1.93,0.1399999999999999,26,False
1489,Alingsås,2010,2.11,False,1.98,0.1299999999999999,26,False
1489,Alingsås,2011,2.06,False,1.9,0.16000000000000014,26,False
1489,Alingsås,2012,1.98,False,1.9,0.08000000000000007,26,False
1489,Alingsås,2013,1.88,False,1.89,-0.010000000000000009,26,False
1489,Alingsås,2014,2.02,False,1.88,0.14000000000000012,26,False
1489,Alingsås,2015,1.89,False,1.85,0.039999999999999813,26,False
1489,Alingsås,2016,1.96,False,1.85,0.10999999999999988,26,False
1489,Alingsås,2017,1.84,False,1.78,0.06000000000000005,26,False
1489,Alingsås,2018,1.81,False,1.75,0.06000000000000005,26,False
1489,Alingsås,2019,1.8,False,1.7,0.10000000000000009,26,False
1489,Alingsås,2020,1.81,False,1.66,0.15000000000000013,26,False
1489,Alingsås,2021,1.66,False,1.67,-0.010000000000000009,26,False
1489,Alingsås,2022,1.61,False,1.52,0.09000000000000008,26,False
1489,Alingsås,2023,1.53,False,1.45,0.08000000000000007,26,False
1489,Alingsås,2024,1.59,False,1.43,0.16000000000000014,26,False
1489,Alingsås,2025,1.45,False,1.42,0.030000000000000027,26,False
1490,Borås,2000,1.54,False,1.54,0.0,26,False
1490,Borås,2001,1.51,False,1.57,-0.06000000000000005,26,False
1490,Borås,2002,1.6,False,1.65,-0.04999999999999982,26,False
1490,Borås,2003,1.63,False,1.71,-0.08000000000000007,26,False
1490,Borås,2004,1.61,False,1.75,-0.1399999999999999,26,False
1490,Borås,2005,1.69,False,1.77,-0.08000000000000007,26,False
1490,Borås,2006,1.81,False,1.85,-0.040000000000000036,26,False
1490,Borås,2007,1.82,False,1.88,-0.05999999999999983,26,False
1490,Borås,2008,1.89,False,1.91,-0.020000000000000018,26,False
1490,Borås,2009,1.86,False,1.93,-0.06999999999999984,26,False
1490,Borås,2010,1.93,False,1.98,-0.050000000000000044,26,False
1490,Borås,2011,1.93,False,1.9,0.030000000000000027,26,False
1490,Borås,2012,1.94,False,1.9,0.040000000000000036,26,False
1490,Borås,2013,1.88,False,1.89,-0.010000000000000009,26,False
1490,Borås,2014,1.88,False,1.88,0.0,26,False
1490,Borås,2015,1.81,False,1.85,-0.040000000000000036,26,False
1490,Borås,2016,1.82,False,1.85,-0.030000000000000027,26,False
1490,Borås,2017,1.68,False,1.78,-0.10000000000000009,26,False
1490,Borås,2018,1.73,False,1.75,-0.020000000000000018,26,False
1490,Borås,2019,1.64,False,1.7,-0.06000000000000005,26,False
1490,Borås,2020,1.57,False,1.66,-0.08999999999999986,26,False
1490,Borås,2021,1.68,False,1.67,0.010000000000000009,26,False
1490,Borås,2022,1.48,False,1.52,-0.040000000000000036,26,False
1490,Borås,2023,1.47,False,1.45,0.020000000000000018,26,False
1490,Borås,2024,1.49,False,1.43,0.06000000000000005,26,False
1490,Borås,2025,1.35,False,1.42,-0.06999999999999984,26,False
1491,Ulricehamn,2000,1.93,False,1.54,0.3899999999999999,26,False
1491,Ulricehamn,2001,1.73,False,1.57,0.15999999999999992,26,False
1491,Ulricehamn,2002,1.95,False,1.65,0.30000000000000004,26,False
1491,Ulricehamn,2003,2.07,False,1.71,0.3599999999999999,26,False
1491,Ulricehamn,2004,2.01,False,1.75,0.2599999999999998,26,False
1491,Ulricehamn,2005,1.95,False,1.77,0.17999999999999994,26,False
1491,Ulricehamn,2006,1.96,False,1.85,0.10999999999999988,26,False
1491,Ulricehamn,2007,2.35,False,1.88,0.4700000000000002,26,False
1491,Ulricehamn,2008,1.86,False,1.91,-0.04999999999999982,26,False
1491,Ulricehamn,2009,2.12,False,1.93,0.19000000000000017,26,False
1491,Ulricehamn,2010,2.11,False,1.98,0.1299999999999999,26,False
1491,Ulricehamn,2011,2.22,False,1.9,0.3200000000000003,26,False
1491,Ulricehamn,2012,1.85,False,1.9,-0.04999999999999982,26,False
1491,Ulricehamn,2013,2.02,False,1.89,0.13000000000000012,26,False
1491,Ulricehamn,2014,2.12,False,1.88,0.2400000000000002,26,False
1491,Ulricehamn,2015,1.88,False,1.85,0.029999999999999805,26,False
1491,Ulricehamn,2016,2.28,False,1.85,0.4299999999999997,26,False
1491,Ulricehamn,2017,1.9,False,1.78,0.11999999999999988,26,False
1491,Ulricehamn,2018,1.88,False,1.75,0.1299999999999999,26,False
1491,Ulricehamn,2019,1.93,False,1.7,0.22999999999999998,26,False
1491,Ulricehamn,2020,1.85,False,1.66,0.19000000000000017,26,False
1491,Ulricehamn,2021,1.83,False,1.67,0.16000000000000014,26,False
1491,Ulricehamn,2022,1.98,False,1.52,0.45999999999999996,26,False
1491,Ulricehamn,2023,1.55,False,1.45,0.10000000000000009,26,False
1491,Ulricehamn,2024,1.45,False,1.43,0.020000000000000018,26,False
1491,Ulricehamn,2025,1.58,False,1.42,0.16000000000000014,26,False
1492,Åmål,2000,1.94,False,1.54,0.3999999999999999,26,False
1492,Åmål,2001,2.05,False,1.57,0.47999999999999976,26,False
1492,Åmål,2002,1.91,False,1.65,0.26,26,False
1492,Åmål,2003,2.12,False,1.71,0.41000000000000014,26,False
1492,Åmål,2004,2.12,False,1.75,0.3700000000000001,26,False
1492,Åmål,2005,1.94,False,1.77,0.16999999999999993,26,False
1492,Åmål,2006,1.61,False,1.85,-0.24,26,False
1492,Åmål,2007,2.04,False,1.88,0.16000000000000014,26,False
1492,Åmål,2008,1.82,False,1.91,-0.08999999999999986,26,False
1492,Åmål,2009,1.95,False,1.93,0.020000000000000018,26,False
1492,Åmål,2010,2.15,False,1.98,0.16999999999999993,26,False
1492,Åmål,2011,1.84,False,1.9,-0.05999999999999983,26,False
1492,Åmål,2012,1.91,False,1.9,0.010000000000000009,26,False
1492,Åmål,2013,1.55,False,1.89,-0.33999999999999986,26,False
1492,Åmål,2014,1.89,False,1.88,0.010000000000000009,26,False
1492,Åmål,2015,2.07,False,1.85,0.21999999999999975,26,False
1492,Åmål,2016,2.11,False,1.85,0.2599999999999998,26,False
1492,Åmål,2017,1.64,False,1.78,-0.14000000000000012,26,False
1492,Åmål,2018,1.93,False,1.75,0.17999999999999994,26,False
1492,Åmål,2019,1.72,False,1.7,0.020000000000000018,26,False
1492,Åmål,2020,1.93,False,1.66,0.27,26,False
1492,Åmål,2021,1.49,False,1.67,-0.17999999999999994,26,False
1492,Åmål,2022,1.78,False,1.52,0.26,26,False
1492,Åmål,2023,1.4,False,1.45,-0.050000000000000044,26,False
1492,Åmål,2024,1.44,False,1.43,0.010000000000000009,26,False
1492,Åmål,2025,1.38,False,1.42,-0.040000000000000036,26,False
1493,Mariestad,2000,1.51,False,1.54,-0.030000000000000027,26,False
1493,Mariestad,2001,1.73,False,1.57,0.15999999999999992,26,False
1493,Mariestad,2002,2.0,False,1.65,0.3500000000000001,26,False
1493,Mariestad,2003,1.97,False,1.71,0.26,26,False
1493,Mariestad,2004,1.91,False,1.75,0.15999999999999992,26,False
1493,Mariestad,2005,2.09,False,1.77,0.31999999999999984,26,False
1493,Mariestad,2006,1.87,False,1.85,0.020000000000000018,26,False
1493,Mariestad,2007,1.8,False,1.88,-0.07999999999999985,26,False
1493,Mariestad,2008,1.82,False,1.91,-0.08999999999999986,26,False
1493,Mariestad,2009,2.11,False,1.93,0.17999999999999994,26,False
1493,Mariestad,2010,2.12,False,1.98,0.14000000000000012,26,False
1493,Mariestad,2011,2.02,False,1.9,0.1200000000000001,26,False
1493,Mariestad,2012,1.78,False,1.9,-0.11999999999999988,26,False
1493,Mariestad,2013,1.94,False,1.89,0.050000000000000044,26,False
1493,Mariestad,2014,1.93,False,1.88,0.050000000000000044,26,False
1493,Mariestad,2015,2.08,False,1.85,0.22999999999999998,26,False
1493,Mariestad,2016,1.87,False,1.85,0.020000000000000018,26,False
1493,Mariestad,2017,1.76,False,1.78,-0.020000000000000018,26,False
1493,Mariestad,2018,1.83,False,1.75,0.08000000000000007,26,False
1493,Mariestad,2019,1.84,False,1.7,0.14000000000000012,26,False
1493,Mariestad,2020,1.63,False,1.66,-0.030000000000000027,26,False
1493,Mariestad,2021,1.68,False,1.67,0.010000000000000009,26,False
1493,Mariestad,2022,1.56,False,1.52,0.040000000000000036,26,False
1493,Mariestad,2023,1.43,False,1.45,-0.020000000000000018,26,False
1493,Mariestad,2024,1.54,False,1.43,0.1100000000000001,26,False
1493,Mariestad,2025,1.47,False,1.42,0.050000000000000044,26,False
1494,Lidköping,2000,1.66,False,1.54,0.11999999999999988,26,False
1494,Lidköping,2001,1.7,False,1.57,0.1299999999999999,26,False
1494,Lidköping,2002,1.61,False,1.65,-0.039999999999999813,26,False
1494,Lidköping,2003,1.97,False,1.71,0.26,26,False
1494,Lidköping,2004,1.77,False,1.75,0.020000000000000018,26,False
1494,Lidköping,2005,1.78,False,1.77,0.010000000000000009,26,False
1494,Lidköping,2006,1.98,False,1.85,0.1299999999999999,26,False
1494,Lidköping,2007,2.19,False,1.88,0.31000000000000005,26,False
1494,Lidköping,2008,1.91,False,1.91,0.0,26,False
1494,Lidköping,2009,2.14,False,1.93,0.2100000000000002,26,False
1494,Lidköping,2010,2.01,False,1.98,0.029999999999999805,26,False
1494,Lidköping,2011,1.93,False,1.9,0.030000000000000027,26,False
1494,Lidköping,2012,1.87,False,1.9,-0.029999999999999805,26,False
1494,Lidköping,2013,2.0,False,1.89,0.1100000000000001,26,False
1494,Lidköping,2014,1.95,False,1.88,0.07000000000000006,26,False
1494,Lidköping,2015,1.92,False,1.85,0.06999999999999984,26,False
1494,Lidköping,2016,1.78,False,1.85,-0.07000000000000006,26,False
1494,Lidköping,2017,1.87,False,1.78,0.09000000000000008,26,False
1494,Lidköping,2018,1.73,False,1.75,-0.020000000000000018,26,False
1494,Lidköping,2019,1.73,False,1.7,0.030000000000000027,26,False
1494,Lidköping,2020,1.83,False,1.66,0.17000000000000015,26,False
1494,Lidköping,2021,1.72,False,1.67,0.050000000000000044,26,False
1494,Lidköping,2022,1.59,False,1.52,0.07000000000000006,26,False
1494,Lidköping,2023,1.61,False,1.45,0.16000000000000014,26,False
1494,Lidköping,2024,1.43,False,1.43,0.0,26,False
1494,Lidköping,2025,1.48,False,1.42,0.06000000000000005,26,False
1495,Skara,2000,1.46,False,1.54,-0.08000000000000007,26,False
1495,Skara,2001,1.72,False,1.57,0.1499999999999999,26,False
1495,Skara,2002,1.52,False,1.65,-0.1299999999999999,26,False
1495,Skara,2003,1.65,False,1.71,-0.06000000000000005,26,False
1495,Skara,2004,1.81,False,1.75,0.06000000000000005,26,False
1495,Skara,2005,1.93,False,1.77,0.15999999999999992,26,False
1495,Skara,2006,1.85,False,1.85,0.0,26,False
1495,Skara,2007,1.75,False,1.88,-0.1299999999999999,26,False
1495,Skara,2008,1.73,False,1.91,-0.17999999999999994,26,False
1495,Skara,2009,1.8,False,1.93,-0.1299999999999999,26,False
1495,Skara,2010,1.94,False,1.98,-0.040000000000000036,26,False
1495,Skara,2011,1.52,False,1.9,-0.3799999999999999,26,False
1495,Skara,2012,2.03,False,1.9,0.1299999999999999,26,False
1495,Skara,2013,1.91,False,1.89,0.020000000000000018,26,False
1495,Skara,2014,2.13,False,1.88,0.25,26,False
1495,Skara,2015,1.87,False,1.85,0.020000000000000018,26,False
1495,Skara,2016,1.97,False,1.85,0.11999999999999988,26,False
1495,Skara,2017,1.9,False,1.78,0.11999999999999988,26,False
1495,Skara,2018,1.82,False,1.75,0.07000000000000006,26,False
1495,Skara,2019,1.88,False,1.7,0.17999999999999994,26,False
1495,Skara,2020,1.71,False,1.66,0.050000000000000044,26,False
1495,Skara,2021,1.91,False,1.67,0.24,26,False
1495,Skara,2022,1.54,False,1.52,0.020000000000000018,26,False
1495,Skara,2023,1.8,False,1.45,0.3500000000000001,26,False
1495,Skara,2024,1.7,False,1.43,0.27,26,False
1495,Skara,2025,1.49,False,1.42,0.07000000000000006,26,False
1496,Skövde,2000,1.57,False,1.54,0.030000000000000027,26,False
1496,Skövde,2001,1.37,False,1.57,-0.19999999999999996,26,False
1496,Skövde,2002,1.56,False,1.65,-0.08999999999999986,26,False
1496,Skövde,2003,1.59,False,1.71,-0.11999999999999988,26,False
1496,Skövde,2004,1.64,False,1.75,-0.1100000000000001,26,False
1496,Skövde,2005,1.67,False,1.77,-0.10000000000000009,26,False
1496,Skövde,2006,1.84,False,1.85,-0.010000000000000009,26,False
1496,Skövde,2007,1.78,False,1.88,-0.09999999999999987,26,False
1496,Skövde,2008,1.77,False,1.91,-0.1399999999999999,26,False
1496,Skövde,2009,1.99,False,1.93,0.06000000000000005,26,False
1496,Skövde,2010,1.91,False,1.98,-0.07000000000000006,26,False
1496,Skövde,2011,1.75,False,1.9,-0.1499999999999999,26,False
1496,Skövde,2012,1.86,False,1.9,-0.039999999999999813,26,False
1496,Skövde,2013,1.91,False,1.89,0.020000000000000018,26,False
1496,Skövde,2014,1.83,False,1.88,-0.04999999999999982,26,False
1496,Skövde,2015,1.86,False,1.85,0.010000000000000009,26,False
1496,Skövde,2016,1.84,False,1.85,-0.010000000000000009,26,False
1496,Skövde,2017,1.83,False,1.78,0.050000000000000044,26,False
1496,Skövde,2018,1.83,False,1.75,0.08000000000000007,26,False
1496,Skövde,2019,1.71,False,1.7,0.010000000000000009,26,False
1496,Skövde,2020,1.69,False,1.66,0.030000000000000027,26,False
1496,Skövde,2021,1.56,False,1.67,-0.10999999999999988,26,False
1496,Skövde,2022,1.61,False,1.52,0.09000000000000008,26,False
1496,Skövde,2023,1.42,False,1.45,-0.030000000000000027,26,False
1496,Skövde,2024,1.42,False,1.43,-0.010000000000000009,26,False
1496,Skövde,2025,1.34,False,1.42,-0.07999999999999985,26,False
1497,Hjo,2000,1.64,False,1.54,0.09999999999999987,26,False
1497,Hjo,2001,1.67,False,1.57,0.09999999999999987,26,False
1497,Hjo,2002,2.0,False,1.65,0.3500000000000001,26,False
1497,Hjo,2003,1.79,False,1.71,0.08000000000000007,26,False
1497,Hjo,2004,2.02,False,1.75,0.27,26,False
1497,Hjo,2005,1.71,False,1.77,-0.06000000000000005,26,False
1497,Hjo,2006,1.79,False,1.85,-0.06000000000000005,26,False
1497,Hjo,2007,1.82,False,1.88,-0.05999999999999983,26,False
1497,Hjo,2008,2.08,False,1.91,0.17000000000000015,26,False
1497,Hjo,2009,2.32,False,1.93,0.3899999999999999,26,False
1497,Hjo,2010,2.05,False,1.98,0.06999999999999984,26,False
1497,Hjo,2011,2.29,False,1.9,0.3900000000000001,26,False
1497,Hjo,2012,1.95,False,1.9,0.050000000000000044,26,False
1497,Hjo,2013,2.06,False,1.89,0.17000000000000015,26,False
1497,Hjo,2014,2.21,False,1.88,0.33000000000000007,26,False
1497,Hjo,2015,1.9,False,1.85,0.04999999999999982,26,False
1497,Hjo,2016,1.65,False,1.85,-0.20000000000000018,26,False
1497,Hjo,2017,1.81,False,1.78,0.030000000000000027,26,False
1497,Hjo,2018,2.24,False,1.75,0.4900000000000002,26,False
1497,Hjo,2019,2.19,False,1.7,0.49,26,False
1497,Hjo,2020,1.84,False,1.66,0.18000000000000016,26,False
1497,Hjo,2021,1.86,False,1.67,0.19000000000000017,26,False
1497,Hjo,2022,1.76,False,1.52,0.24,26,False
1497,Hjo,2023,1.69,False,1.45,0.24,26,False
1497,Hjo,2024,1.69,False,1.43,0.26,26,False
1497,Hjo,2025,1.23,False,1.42,-0.18999999999999995,26,False
1498,Tidaholm,2000,1.7,False,1.54,0.15999999999999992,26,False
1498,Tidaholm,2001,1.82,False,1.57,0.25,26,False
1498,Tidaholm,2002,1.87,False,1.65,0.2200000000000002,26,False
1498,Tidaholm,2003,2.0,False,1.71,0.29000000000000004,26,False
1498,Tidaholm,2004,1.49,False,1.75,-0.26,26,False
1498,Tidaholm,2005,2.22,False,1.77,0.4500000000000002,26,False
1498,Tidaholm,2006,1.9,False,1.85,0.04999999999999982,26,False
1498,Tidaholm,2007,1.66,False,1.88,-0.21999999999999997,26,False
1498,Tidaholm,2008,2.02,False,1.91,0.1100000000000001,26,False
1498,Tidaholm,2009,1.95,False,1.93,0.020000000000000018,26,False
1498,Tidaholm,2010,2.34,False,1.98,0.3599999999999999,26,False
1498,Tidaholm,2011,1.97,False,1.9,0.07000000000000006,26,False
1498,Tidaholm,2012,2.57,False,1.9,0.6699999999999999,26,False
1498,Tidaholm,2013,2.05,False,1.89,0.15999999999999992,26,False
1498,Tidaholm,2014,1.91,False,1.88,0.030000000000000027,26,False
1498,Tidaholm,2015,2.3,False,1.85,0.44999999999999973,26,False
1498,Tidaholm,2016,1.93,False,1.85,0.07999999999999985,26,False
1498,Tidaholm,2017,1.94,False,1.78,0.15999999999999992,26,False
1498,Tidaholm,2018,1.83,False,1.75,0.08000000000000007,26,False
1498,Tidaholm,2019,1.71,False,1.7,0.010000000000000009,26,False
1498,Tidaholm,2020,1.85,False,1.66,0.19000000000000017,26,False
1498,Tidaholm,2021,1.84,False,1.67,0.17000000000000015,26,False
1498,Tidaholm,2022,1.73,False,1.52,0.20999999999999996,26,False
1498,Tidaholm,2023,1.74,False,1.45,0.29000000000000004,26,False
1498,Tidaholm,2024,1.75,False,1.43,0.32000000000000006,26,False
1498,Tidaholm,2025,1.85,False,1.42,0.43000000000000016,26,False
1499,Falköping,2000,1.73,False,1.54,0.18999999999999995,26,False
1499,Falköping,2001,1.86,False,1.57,0.29000000000000004,26,False
1499,Falköping,2002,2.0,False,1.65,0.3500000000000001,26,False
1499,Falköping,2003,2.14,False,1.71,0.43000000000000016,26,False
1499,Falköping,2004,1.97,False,1.75,0.21999999999999997,26,False
1499,Falköping,2005,1.88,False,1.77,0.10999999999999988,26,False
1499,Falköping,2006,2.22,False,1.85,0.3700000000000001,26,False
1499,Falköping,2007,2.19,False,1.88,0.31000000000000005,26,False
1499,Falköping,2008,1.9,False,1.91,-0.010000000000000009,26,False
1499,Falköping,2009,2.01,False,1.93,0.07999999999999985,26,False
1499,Falköping,2010,2.14,False,1.98,0.16000000000000014,26,False
1499,Falköping,2011,2.1,False,1.9,0.20000000000000018,26,False
1499,Falköping,2012,2.12,False,1.9,0.2200000000000002,26,False
1499,Falköping,2013,2.09,False,1.89,0.19999999999999996,26,False
1499,Falköping,2014,2.2,False,1.88,0.3200000000000003,26,False
1499,Falköping,2015,2.1,False,1.85,0.25,26,False
1499,Falköping,2016,2.17,False,1.85,0.31999999999999984,26,False
1499,Falköping,2017,2.01,False,1.78,0.22999999999999976,26,False
1499,Falköping,2018,2.08,False,1.75,0.33000000000000007,26,False
1499,Falköping,2019,2.09,False,1.7,0.3899999999999999,26,False
1499,Falköping,2020,1.93,False,1.66,0.27,26,False
1499,Falköping,2021,1.77,False,1.67,0.10000000000000009,26,False
1499,Falköping,2022,1.82,False,1.52,0.30000000000000004,26,False
1499,Falköping,2023,1.83,False,1.45,0.3800000000000001,26,False
1499,Falköping,2024,1.64,False,1.43,0.20999999999999996,26,False
1499,Falköping,2025,1.67,False,1.42,0.25,26,False
1715,Kil,2000,1.79,False,1.54,0.25,26,False
1715,Kil,2001,1.81,False,1.57,0.24,26,False
1715,Kil,2002,1.31,False,1.65,-0.33999999999999986,26,False
1715,Kil,2003,1.77,False,1.71,0.06000000000000005,26,False
1715,Kil,2004,1.96,False,1.75,0.20999999999999996,26,False
1715,Kil,2005,1.98,False,1.77,0.20999999999999996,26,False
1715,Kil,2006,1.97,False,1.85,0.11999999999999988,26,False
1715,Kil,2007,2.04,False,1.88,0.16000000000000014,26,False
1715,Kil,2008,1.98,False,1.91,0.07000000000000006,26,False
1715,Kil,2009,2.18,False,1.93,0.2500000000000002,26,False
1715,Kil,2010,2.12,False,1.98,0.14000000000000012,26,False
1715,Kil,2011,2.22,False,1.9,0.3200000000000003,26,False
1715,Kil,2012,2.16,False,1.9,0.26000000000000023,26,False
1715,Kil,2013,2.06,False,1.89,0.17000000000000015,26,False
1715,Kil,2014,2.24,False,1.88,0.3600000000000003,26,False
1715,Kil,2015,2.12,False,1.85,0.27,26,False
1715,Kil,2016,1.97,False,1.85,0.11999999999999988,26,False
1715,Kil,2017,1.98,False,1.78,0.19999999999999996,26,False
1715,Kil,2018,2.23,False,1.75,0.48,26,False
1715,Kil,2019,1.65,False,1.7,-0.050000000000000044,26,False
1715,Kil,2020,1.84,False,1.66,0.18000000000000016,26,False
1715,Kil,2021,2.19,False,1.67,0.52,26,False
1715,Kil,2022,1.73,False,1.52,0.20999999999999996,26,False
1715,Kil,2023,1.7,False,1.45,0.25,26,False
1715,Kil,2024,1.32,False,1.43,-0.10999999999999988,26,False
1715,Kil,2025,1.5,False,1.42,0.08000000000000007,26,False
1730,Eda,2000,1.78,False,1.54,0.24,26,False
1730,Eda,2001,1.76,False,1.57,0.18999999999999995,26,False
1730,Eda,2002,1.92,False,1.65,0.27,26,False
1730,Eda,2003,1.65,False,1.71,-0.06000000000000005,26,False
1730,Eda,2004,1.95,False,1.75,0.19999999999999996,26,False
1730,Eda,2005,1.65,False,1.77,-0.1200000000000001,26,False
1730,Eda,2006,1.9,False,1.85,0.04999999999999982,26,False
1730,Eda,2007,1.65,False,1.88,-0.22999999999999998,26,False
1730,Eda,2008,2.36,False,1.91,0.44999999999999996,26,False
1730,Eda,2009,1.96,False,1.93,0.030000000000000027,26,False
1730,Eda,2010,1.92,False,1.98,-0.06000000000000005,26,False
1730,Eda,2011,2.2,False,1.9,0.30000000000000027,26,False
1730,Eda,2012,2.43,False,1.9,0.5300000000000002,26,False
1730,Eda,2013,2.25,False,1.89,0.3600000000000001,26,False
1730,Eda,2014,2.22,False,1.88,0.3400000000000003,26,False
1730,Eda,2015,2.18,False,1.85,0.33000000000000007,26,False
1730,Eda,2016,1.71,False,1.85,-0.14000000000000012,26,False
1730,Eda,2017,1.94,False,1.78,0.15999999999999992,26,False
1730,Eda,2018,2.0,False,1.75,0.25,26,False
1730,Eda,2019,1.75,False,1.7,0.050000000000000044,26,False
1730,Eda,2020,1.72,False,1.66,0.06000000000000005,26,False
1730,Eda,2021,1.78,False,1.67,0.1100000000000001,26,False
1730,Eda,2022,1.77,False,1.52,0.25,26,False
1730,Eda,2023,1.38,False,1.45,-0.07000000000000006,26,False
1730,Eda,2024,1.71,False,1.43,0.28,26,False
1730,Eda,2025,1.37,False,1.42,-0.04999999999999982,26,False
1737,Torsby,2000,2.02,False,1.54,0.48,26,False
1737,Torsby,2001,1.73,False,1.57,0.15999999999999992,26,False
1737,Torsby,2002,1.6,False,1.65,-0.04999999999999982,26,False
1737,Torsby,2003,1.74,False,1.71,0.030000000000000027,26,False
1737,Torsby,2004,1.24,False,1.75,-0.51,26,False
1737,Torsby,2005,2.09,False,1.77,0.31999999999999984,26,False
1737,Torsby,2006,1.51,False,1.85,-0.3400000000000001,26,False
1737,Torsby,2007,1.8,False,1.88,-0.07999999999999985,26,False
1737,Torsby,2008,1.8,False,1.91,-0.10999999999999988,26,False
1737,Torsby,2009,1.64,False,1.93,-0.29000000000000004,26,False
1737,Torsby,2010,2.1,False,1.98,0.1200000000000001,26,False
1737,Torsby,2011,2.13,False,1.9,0.22999999999999998,26,False
1737,Torsby,2012,2.15,False,1.9,0.25,26,False
1737,Torsby,2013,1.58,False,1.89,-0.30999999999999983,26,False
1737,Torsby,2014,1.97,False,1.88,0.09000000000000008,26,False
1737,Torsby,2015,1.64,False,1.85,-0.2100000000000002,26,False
1737,Torsby,2016,2.04,False,1.85,0.18999999999999995,26,False
1737,Torsby,2017,1.86,False,1.78,0.08000000000000007,26,False
1737,Torsby,2018,1.73,False,1.75,-0.020000000000000018,26,False
1737,Torsby,2019,1.95,False,1.7,0.25,26,False
1737,Torsby,2020,1.59,False,1.66,-0.06999999999999984,26,False
1737,Torsby,2021,1.85,False,1.67,0.18000000000000016,26,False
1737,Torsby,2022,2.22,False,1.52,0.7000000000000002,26,False
1737,Torsby,2023,1.49,False,1.45,0.040000000000000036,26,False
1737,Torsby,2024,1.63,False,1.43,0.19999999999999996,26,False
1737,Torsby,2025,1.5,False,1.42,0.08000000000000007,26,False
1760,Storfors,2000,1.46,False,1.54,-0.08000000000000007,21,True
1760,Storfors,2001,1.94,False,1.57,0.3699999999999999,21,True
1760,Storfors,2002,2.14,False,1.65,0.4900000000000002,21,True
1760,Storfors,2003,2.0,False,1.71,0.29000000000000004,21,True
1760,Storfors,2004,2.73,False,1.75,0.98,21,True
1760,Storfors,2005,1.9,False,1.77,0.1299999999999999,21,True
1760,Storfors,2006,1.98,False,1.85,0.1299999999999999,21,True
1760,Storfors,2007,2.1,False,1.88,0.2200000000000002,21,True
1760,Storfors,2008,1.98,False,1.91,0.07000000000000006,21,True
1760,Storfors,2009,2.31,False,1.93,0.3800000000000001,21,True
1760,Storfors,2010,2.55,False,1.98,0.5699999999999998,21,True
1760,Storfors,2011,2.535,True,1.9,0.6350000000000002,21,True
1760,Storfors,2012,2.52,False,1.9,0.6200000000000001,21,True
1760,Storfors,2013,2.34,False,1.89,0.44999999999999996,21,True
1760,Storfors,2014,2.47,False,1.88,0.5900000000000003,21,True
1760,Storfors,2015,2.1550000000000002,True,1.85,0.30500000000000016,21,True
1760,Storfors,2016,1.84,False,1.85,-0.010000000000000009,21,True
1760,Storfors,2017,2.11,False,1.78,0.32999999999999985,21,True
1760,Storfors,2018,1.9,False,1.75,0.1499999999999999,21,True
1760,Storfors,2019,1.88,False,1.7,0.17999999999999994,21,True
1760,Storfors,2020,1.77,False,1.66,0.1100000000000001,21,True
1760,Storfors,2021,1.98,False,1.67,0.31000000000000005,21,True
1760,Storfors,2022,1.915,True,1.52,0.395,21,True
1760,Storfors,2023,1.85,False,1.45,0.40000000000000013,21,True
1760,Storfors,2024,,False,1.43,,21,True
1760,Storfors,2025,,False,1.42,,21,True
1761,Hammarö,2000,2.04,False,1.54,0.5,26,False
1761,Hammarö,2001,1.89,False,1.57,0.31999999999999984,26,False
1761,Hammarö,2002,2.0,False,1.65,0.3500000000000001,26,False
1761,Hammarö,2003,1.75,False,1.71,0.040000000000000036,26,False
1761,Hammarö,2004,1.87,False,1.75,0.1200000000000001,26,False
1761,Hammarö,2005,2.11,False,1.77,0.33999999999999986,26,False
1761,Hammarö,2006,1.96,False,1.85,0.10999999999999988,26,False
1761,Hammarö,2007,2.15,False,1.88,0.27,26,False
1761,Hammarö,2008,2.09,False,1.91,0.17999999999999994,26,False
1761,Hammarö,2009,2.31,False,1.93,0.3800000000000001,26,False
1761,Hammarö,2010,2.47,False,1.98,0.4900000000000002,26,False
1761,Hammarö,2011,2.16,False,1.9,0.26000000000000023,26,False
1761,Hammarö,2012,2.41,False,1.9,0.5100000000000002,26,False
1761,Hammarö,2013,2.01,False,1.89,0.11999999999999988,26,False
1761,Hammarö,2014,2.41,False,1.88,0.5300000000000002,26,False
1761,Hammarö,2015,2.04,False,1.85,0.18999999999999995,26,False
1761,Hammarö,2016,2.09,False,1.85,0.23999999999999977,26,False
1761,Hammarö,2017,2.22,False,1.78,0.44000000000000017,26,False
1761,Hammarö,2018,2.11,False,1.75,0.3599999999999999,26,False
1761,Hammarö,2019,2.28,False,1.7,0.5799999999999998,26,False
1761,Hammarö,2020,1.94,False,1.66,0.28,26,False
1761,Hammarö,2021,1.74,False,1.67,0.07000000000000006,26,False
1761,Hammarö,2022,1.87,False,1.52,0.3500000000000001,26,False
1761,Hammarö,2023,1.54,False,1.45,0.09000000000000008,26,False
1761,Hammarö,2024,1.65,False,1.43,0.21999999999999997,26,False
1761,Hammarö,2025,1.5,False,1.42,0.08000000000000007,26,False
1762,Munkfors,2000,1.51,False,1.54,-0.030000000000000027,13,True
1762,Munkfors,2001,1.7,False,1.57,0.1299999999999999,13,True
1762,Munkfors,2002,,False,1.65,,13,True
1762,Munkfors,2003,1.96,False,1.71,0.25,13,True
1762,Munkfors,2004,1.9,False,1.75,0.1499999999999999,13,True
1762,Munkfors,2005,1.77,False,1.77,0.0,13,True
1762,Munkfors,2006,1.79,False,1.85,-0.06000000000000005,13,True
1762,Munkfors,2007,,False,1.88,,13,True
1762,Munkfors,2008,,False,1.91,,13,True
1762,Munkfors,2009,2.55,False,1.93,0.6199999999999999,13,True
1762,Munkfors,2010,2.05,False,1.98,0.06999999999999984,13,True
1762,Munkfors,2011,,False,1.9,,13,True
1762,Munkfors,2012,,False,1.9,,13,True
1762,Munkfors,2013,,False,1.89,,13,True
1762,Munkfors,2014,1.89,False,1.88,0.010000000000000009,13,True
1762,Munkfors,2015,,False,1.85,,13,True
1762,Munkfors,2016,,False,1.85,,13,True
1762,Munkfors,2017,2.33,False,1.78,0.55,13,True
1762,Munkfors,2018,,False,1.75,,13,True
1762,Munkfors,2019,1.93,False,1.7,0.22999999999999998,13,True
1762,Munkfors,2020,,False,1.66,,13,True
1762,Munkfors,2021,1.92,False,1.67,0.25,13,True
1762,Munkfors,2022,,False,1.52,,13,True
1762,Munkfors,2023,,False,1.45,,13,True
1762,Munkfors,2024,,False,1.43,,13,True
1762,Munkfors,2025,2.05,False,1.42,0.6299999999999999,13,True
1763,Forshaga,2000,1.92,False,1.54,0.3799999999999999,26,False
1763,Forshaga,2001,1.48,False,1.57,-0.09000000000000008,26,False
1763,Forshaga,2002,1.87,False,1.65,0.2200000000000002,26,False
1763,Forshaga,2003,2.06,False,1.71,0.3500000000000001,26,False
1763,Forshaga,2004,1.98,False,1.75,0.22999999999999998,26,False
1763,Forshaga,2005,1.99,False,1.77,0.21999999999999997,26,False
1763,Forshaga,2006,2.2,False,1.85,0.3500000000000001,26,False
1763,Forshaga,2007,2.27,False,1.88,0.3900000000000001,26,False
1763,Forshaga,2008,1.98,False,1.91,0.07000000000000006,26,False
1763,Forshaga,2009,2.23,False,1.93,0.30000000000000004,26,False
1763,Forshaga,2010,1.81,False,1.98,-0.16999999999999993,26,False
1763,Forshaga,2011,2.16,False,1.9,0.26000000000000023,26,False
1763,Forshaga,2012,2.23,False,1.9,0.33000000000000007,26,False
1763,Forshaga,2013,1.99,False,1.89,0.10000000000000009,26,False
1763,Forshaga,2014,2.02,False,1.88,0.14000000000000012,26,False
1763,Forshaga,2015,1.72,False,1.85,-0.13000000000000012,26,False
1763,Forshaga,2016,2.61,False,1.85,0.7599999999999998,26,False
1763,Forshaga,2017,2.07,False,1.78,0.2899999999999998,26,False
1763,Forshaga,2018,2.36,False,1.75,0.6099999999999999,26,False
1763,Forshaga,2019,2.08,False,1.7,0.3800000000000001,26,False
1763,Forshaga,2020,1.81,False,1.66,0.15000000000000013,26,False
1763,Forshaga,2021,1.74,False,1.67,0.07000000000000006,26,False
1763,Forshaga,2022,1.52,False,1.52,0.0,26,False
1763,Forshaga,2023,1.59,False,1.45,0.14000000000000012,26,False
1763,Forshaga,2024,1.83,False,1.43,0.40000000000000013,26,False
1763,Forshaga,2025,1.68,False,1.42,0.26,26,False
1764,Grums,2000,1.47,False,1.54,-0.07000000000000006,26,False
1764,Grums,2001,1.44,False,1.57,-0.13000000000000012,26,False
1764,Grums,2002,1.55,False,1.65,-0.09999999999999987,26,False
1764,Grums,2003,1.79,False,1.71,0.08000000000000007,26,False
1764,Grums,2004,2.13,False,1.75,0.3799999999999999,26,False
1764,Grums,2005,1.8,False,1.77,0.030000000000000027,26,False
1764,Grums,2006,1.92,False,1.85,0.06999999999999984,26,False
1764,Grums,2007,2.34,False,1.88,0.45999999999999996,26,False
1764,Grums,2008,1.93,False,1.91,0.020000000000000018,26,False
1764,Grums,2009,2.28,False,1.93,0.34999999999999987,26,False
1764,Grums,2010,1.92,False,1.98,-0.06000000000000005,26,False
1764,Grums,2011,2.08,False,1.9,0.18000000000000016,26,False
1764,Grums,2012,1.91,False,1.9,0.010000000000000009,26,False
1764,Grums,2013,2.21,False,1.89,0.32000000000000006,26,False
1764,Grums,2014,2.03,False,1.88,0.1499999999999999,26,False
1764,Grums,2015,1.88,False,1.85,0.029999999999999805,26,False
1764,Grums,2016,1.9,False,1.85,0.04999999999999982,26,False
1764,Grums,2017,1.81,False,1.78,0.030000000000000027,26,False
1764,Grums,2018,2.11,False,1.75,0.3599999999999999,26,False
1764,Grums,2019,1.69,False,1.7,-0.010000000000000009,26,False
1764,Grums,2020,1.67,False,1.66,0.010000000000000009,26,False
1764,Grums,2021,2.04,False,1.67,0.3700000000000001,26,False
1764,Grums,2022,1.58,False,1.52,0.06000000000000005,26,False
1764,Grums,2023,1.47,False,1.45,0.020000000000000018,26,False
1764,Grums,2024,1.55,False,1.43,0.1200000000000001,26,False
1764,Grums,2025,1.45,False,1.42,0.030000000000000027,26,False
1765,Årjäng,2000,1.66,False,1.54,0.11999999999999988,26,False
1765,Årjäng,2001,1.96,False,1.57,0.3899999999999999,26,False
1765,Årjäng,2002,1.87,False,1.65,0.2200000000000002,26,False
1765,Årjäng,2003,1.94,False,1.71,0.22999999999999998,26,False
1765,Årjäng,2004,2.21,False,1.75,0.45999999999999996,26,False
1765,Årjäng,2005,1.98,False,1.77,0.20999999999999996,26,False
1765,Årjäng,2006,1.55,False,1.85,-0.30000000000000004,26,False
1765,Årjäng,2007,2.01,False,1.88,0.1299999999999999,26,False
1765,Årjäng,2008,1.98,False,1.91,0.07000000000000006,26,False
1765,Årjäng,2009,2.15,False,1.93,0.21999999999999997,26,False
1765,Årjäng,2010,2.22,False,1.98,0.2400000000000002,26,False
1765,Årjäng,2011,1.91,False,1.9,0.010000000000000009,26,False
1765,Årjäng,2012,1.71,False,1.9,-0.18999999999999995,26,False
1765,Årjäng,2013,1.69,False,1.89,-0.19999999999999996,26,False
1765,Årjäng,2014,1.6,False,1.88,-0.2799999999999998,26,False
1765,Årjäng,2015,1.89,False,1.85,0.039999999999999813,26,False
1765,Årjäng,2016,2.02,False,1.85,0.16999999999999993,26,False
1765,Årjäng,2017,1.8,False,1.78,0.020000000000000018,26,False
1765,Årjäng,2018,1.78,False,1.75,0.030000000000000027,26,False
1765,Årjäng,2019,2.02,False,1.7,0.32000000000000006,26,False
1765,Årjäng,2020,1.52,False,1.66,-0.1399999999999999,26,False
1765,Årjäng,2021,1.61,False,1.67,-0.05999999999999983,26,False
1765,Årjäng,2022,1.6,False,1.52,0.08000000000000007,26,False
1765,Årjäng,2023,1.75,False,1.45,0.30000000000000004,26,False
1765,Årjäng,2024,1.73,False,1.43,0.30000000000000004,26,False
1765,Årjäng,2025,1.65,False,1.42,0.22999999999999998,26,False
1766,Sunne,2000,1.84,False,1.54,0.30000000000000004,26,False
1766,Sunne,2001,1.61,False,1.57,0.040000000000000036,26,False
1766,Sunne,2002,1.52,False,1.65,-0.1299999999999999,26,False
1766,Sunne,2003,1.91,False,1.71,0.19999999999999996,26,False
1766,Sunne,2004,1.85,False,1.75,0.10000000000000009,26,False
1766,Sunne,2005,1.73,False,1.77,-0.040000000000000036,26,False
1766,Sunne,2006,1.83,False,1.85,-0.020000000000000018,26,False
1766,Sunne,2007,2.0,False,1.88,0.1200000000000001,26,False
1766,Sunne,2008,1.72,False,1.91,-0.18999999999999995,26,False
1766,Sunne,2009,2.15,False,1.93,0.21999999999999997,26,False
1766,Sunne,2010,2.06,False,1.98,0.08000000000000007,26,False
1766,Sunne,2011,1.81,False,1.9,-0.08999999999999986,26,False
1766,Sunne,2012,2.1,False,1.9,0.20000000000000018,26,False
1766,Sunne,2013,1.74,False,1.89,-0.1499999999999999,26,False
1766,Sunne,2014,1.98,False,1.88,0.10000000000000009,26,False
1766,Sunne,2015,2.03,False,1.85,0.17999999999999972,26,False
1766,Sunne,2016,2.09,False,1.85,0.23999999999999977,26,False
1766,Sunne,2017,2.05,False,1.78,0.2699999999999998,26,False
1766,Sunne,2018,2.32,False,1.75,0.5699999999999998,26,False
1766,Sunne,2019,2.14,False,1.7,0.44000000000000017,26,False
1766,Sunne,2020,1.8,False,1.66,0.14000000000000012,26,False
1766,Sunne,2021,1.59,False,1.67,-0.07999999999999985,26,False
1766,Sunne,2022,1.67,False,1.52,0.1499999999999999,26,False
1766,Sunne,2023,1.58,False,1.45,0.13000000000000012,26,False
1766,Sunne,2024,1.34,False,1.43,-0.08999999999999986,26,False
1766,Sunne,2025,1.68,False,1.42,0.26,26,False
1780,Karlstad,2000,1.36,False,1.54,-0.17999999999999994,26,False
1780,Karlstad,2001,1.45,False,1.57,-0.1200000000000001,26,False
1780,Karlstad,2002,1.4,False,1.65,-0.25,26,False
1780,Karlstad,2003,1.58,False,1.71,-0.1299999999999999,26,False
1780,Karlstad,2004,1.53,False,1.75,-0.21999999999999997,26,False
1780,Karlstad,2005,1.63,False,1.77,-0.14000000000000012,26,False
1780,Karlstad,2006,1.71,False,1.85,-0.14000000000000012,26,False
1780,Karlstad,2007,1.79,False,1.88,-0.08999999999999986,26,False
1780,Karlstad,2008,1.71,False,1.91,-0.19999999999999996,26,False
1780,Karlstad,2009,1.81,False,1.93,-0.11999999999999988,26,False
1780,Karlstad,2010,1.81,False,1.98,-0.16999999999999993,26,False
1780,Karlstad,2011,1.8,False,1.9,-0.09999999999999987,26,False
1780,Karlstad,2012,1.82,False,1.9,-0.07999999999999985,26,False
1780,Karlstad,2013,1.72,False,1.89,-0.16999999999999993,26,False
1780,Karlstad,2014,1.78,False,1.88,-0.09999999999999987,26,False
1780,Karlstad,2015,1.73,False,1.85,-0.1200000000000001,26,False
1780,Karlstad,2016,1.71,False,1.85,-0.14000000000000012,26,False
1780,Karlstad,2017,1.76,False,1.78,-0.020000000000000018,26,False
1780,Karlstad,2018,1.65,False,1.75,-0.10000000000000009,26,False
1780,Karlstad,2019,1.5,False,1.7,-0.19999999999999996,26,False
1780,Karlstad,2020,1.53,False,1.66,-0.1299999999999999,26,False
1780,Karlstad,2021,1.46,False,1.67,-0.20999999999999996,26,False
1780,Karlstad,2022,1.36,False,1.52,-0.15999999999999992,26,False
1780,Karlstad,2023,1.26,False,1.45,-0.18999999999999995,26,False
1780,Karlstad,2024,1.3,False,1.43,-0.1299999999999999,26,False
1780,Karlstad,2025,1.29,False,1.42,-0.1299999999999999,26,False
1781,Kristinehamn,2000,1.47,False,1.54,-0.07000000000000006,26,False
1781,Kristinehamn,2001,1.44,False,1.57,-0.13000000000000012,26,False
1781,Kristinehamn,2002,1.8,False,1.65,0.15000000000000013,26,False
1781,Kristinehamn,2003,1.75,False,1.71,0.040000000000000036,26,False
1781,Kristinehamn,2004,1.77,False,1.75,0.020000000000000018,26,False
1781,Kristinehamn,2005,1.62,False,1.77,-0.1499999999999999,26,False
1781,Kristinehamn,2006,1.93,False,1.85,0.07999999999999985,26,False
1781,Kristinehamn,2007,1.89,False,1.88,0.010000000000000009,26,False
1781,Kristinehamn,2008,1.92,False,1.91,0.010000000000000009,26,False
1781,Kristinehamn,2009,1.89,False,1.93,-0.040000000000000036,26,False
1781,Kristinehamn,2010,2.01,False,1.98,0.029999999999999805,26,False
1781,Kristinehamn,2011,1.97,False,1.9,0.07000000000000006,26,False
1781,Kristinehamn,2012,1.98,False,1.9,0.08000000000000007,26,False
1781,Kristinehamn,2013,2.01,False,1.89,0.11999999999999988,26,False
1781,Kristinehamn,2014,1.86,False,1.88,-0.019999999999999796,26,False
1781,Kristinehamn,2015,2.0,False,1.85,0.1499999999999999,26,False
1781,Kristinehamn,2016,1.73,False,1.85,-0.1200000000000001,26,False
1781,Kristinehamn,2017,1.93,False,1.78,0.1499999999999999,26,False
1781,Kristinehamn,2018,1.38,False,1.75,-0.3700000000000001,26,False
1781,Kristinehamn,2019,1.83,False,1.7,0.13000000000000012,26,False
1781,Kristinehamn,2020,1.72,False,1.66,0.06000000000000005,26,False
1781,Kristinehamn,2021,1.57,False,1.67,-0.09999999999999987,26,False
1781,Kristinehamn,2022,1.59,False,1.52,0.07000000000000006,26,False
1781,Kristinehamn,2023,1.49,False,1.45,0.040000000000000036,26,False
1781,Kristinehamn,2024,1.41,False,1.43,-0.020000000000000018,26,False
1781,Kristinehamn,2025,1.47,False,1.42,0.050000000000000044,26,False
1782,Filipstad,2000,1.73,False,1.54,0.18999999999999995,26,False
1782,Filipstad,2001,1.85,False,1.57,0.28,26,False
1782,Filipstad,2002,1.88,False,1.65,0.22999999999999998,26,False
1782,Filipstad,2003,2.36,False,1.71,0.6499999999999999,26,False
1782,Filipstad,2004,1.82,False,1.75,0.07000000000000006,26,False
1782,Filipstad,2005,1.5,False,1.77,-0.27,26,False
1782,Filipstad,2006,2.29,False,1.85,0.43999999999999995,26,False
1782,Filipstad,2007,2.03,False,1.88,0.1499999999999999,26,False
1782,Filipstad,2008,1.94,False,1.91,0.030000000000000027,26,False
1782,Filipstad,2009,1.81,False,1.93,-0.11999999999999988,26,False
1782,Filipstad,2010,1.96,False,1.98,-0.020000000000000018,26,False
1782,Filipstad,2011,2.08,False,1.9,0.18000000000000016,26,False
1782,Filipstad,2012,1.88,False,1.9,-0.020000000000000018,26,False
1782,Filipstad,2013,1.78,False,1.89,-0.10999999999999988,26,False
1782,Filipstad,2014,1.89,False,1.88,0.010000000000000009,26,False
1782,Filipstad,2015,2.21,False,1.85,0.3599999999999999,26,False
1782,Filipstad,2016,2.32,False,1.85,0.46999999999999975,26,False
1782,Filipstad,2017,2.34,False,1.78,0.5599999999999998,26,False
1782,Filipstad,2018,2.18,False,1.75,0.43000000000000016,26,False
1782,Filipstad,2019,1.76,False,1.7,0.06000000000000005,26,False
1782,Filipstad,2020,2.07,False,1.66,0.4099999999999999,26,False
1782,Filipstad,2021,1.82,False,1.67,0.15000000000000013,26,False
1782,Filipstad,2022,1.96,False,1.52,0.43999999999999995,26,False
1782,Filipstad,2023,1.31,False,1.45,-0.1399999999999999,26,False
1782,Filipstad,2024,1.62,False,1.43,0.19000000000000017,26,False
1782,Filipstad,2025,1.2,False,1.42,-0.21999999999999997,26,False
1783,Hagfors,2000,1.39,False,1.54,-0.15000000000000013,26,False
1783,Hagfors,2001,1.62,False,1.57,0.050000000000000044,26,False
1783,Hagfors,2002,1.78,False,1.65,0.13000000000000012,26,False
1783,Hagfors,2003,1.83,False,1.71,0.1200000000000001,26,False
1783,Hagfors,2004,1.74,False,1.75,-0.010000000000000009,26,False
1783,Hagfors,2005,1.9,False,1.77,0.1299999999999999,26,False
1783,Hagfors,2006,1.56,False,1.85,-0.29000000000000004,26,False
1783,Hagfors,2007,1.74,False,1.88,-0.1399999999999999,26,False
1783,Hagfors,2008,1.65,False,1.91,-0.26,26,False
1783,Hagfors,2009,1.94,False,1.93,0.010000000000000009,26,False
1783,Hagfors,2010,2.08,False,1.98,0.10000000000000009,26,False
1783,Hagfors,2011,2.13,False,1.9,0.22999999999999998,26,False
1783,Hagfors,2012,1.86,False,1.9,-0.039999999999999813,26,False
1783,Hagfors,2013,1.75,False,1.89,-0.1399999999999999,26,False
1783,Hagfors,2014,1.64,False,1.88,-0.24,26,False
1783,Hagfors,2015,1.91,False,1.85,0.05999999999999983,26,False
1783,Hagfors,2016,2.07,False,1.85,0.21999999999999975,26,False
1783,Hagfors,2017,1.75,False,1.78,-0.030000000000000027,26,False
1783,Hagfors,2018,1.7,False,1.75,-0.050000000000000044,26,False
1783,Hagfors,2019,2.18,False,1.7,0.4800000000000002,26,False
1783,Hagfors,2020,1.89,False,1.66,0.22999999999999998,26,False
1783,Hagfors,2021,1.8,False,1.67,0.13000000000000012,26,False
1783,Hagfors,2022,1.61,False,1.52,0.09000000000000008,26,False
1783,Hagfors,2023,1.95,False,1.45,0.5,26,False
1783,Hagfors,2024,1.79,False,1.43,0.3600000000000001,26,False
1783,Hagfors,2025,1.32,False,1.42,-0.09999999999999987,26,False
1784,Arvika,2000,1.66,False,1.54,0.11999999999999988,26,False
1784,Arvika,2001,1.53,False,1.57,-0.040000000000000036,26,False
1784,Arvika,2002,1.63,False,1.65,-0.020000000000000018,26,False
1784,Arvika,2003,1.7,False,1.71,-0.010000000000000009,26,False
1784,Arvika,2004,1.69,False,1.75,-0.06000000000000005,26,False
1784,Arvika,2005,1.77,False,1.77,0.0,26,False
1784,Arvika,2006,2.01,False,1.85,0.1599999999999997,26,False
1784,Arvika,2007,1.86,False,1.88,-0.019999999999999796,26,False
1784,Arvika,2008,1.79,False,1.91,-0.11999999999999988,26,False
1784,Arvika,2009,1.89,False,1.93,-0.040000000000000036,26,False
1784,Arvika,2010,1.92,False,1.98,-0.06000000000000005,26,False
1784,Arvika,2011,1.76,False,1.9,-0.1399999999999999,26,False
1784,Arvika,2012,1.98,False,1.9,0.08000000000000007,26,False
1784,Arvika,2013,2.03,False,1.89,0.1399999999999999,26,False
1784,Arvika,2014,1.97,False,1.88,0.09000000000000008,26,False
1784,Arvika,2015,1.94,False,1.85,0.08999999999999986,26,False
1784,Arvika,2016,2.09,False,1.85,0.23999999999999977,26,False
1784,Arvika,2017,1.86,False,1.78,0.08000000000000007,26,False
1784,Arvika,2018,1.94,False,1.75,0.18999999999999995,26,False
1784,Arvika,2019,1.84,False,1.7,0.14000000000000012,26,False
1784,Arvika,2020,1.76,False,1.66,0.10000000000000009,26,False
1784,Arvika,2021,1.59,False,1.67,-0.07999999999999985,26,False
1784,Arvika,2022,1.73,False,1.52,0.20999999999999996,26,False
1784,Arvika,2023,1.27,False,1.45,-0.17999999999999994,26,False
1784,Arvika,2024,1.44,False,1.43,0.010000000000000009,26,False
1784,Arvika,2025,1.3,False,1.42,-0.11999999999999988,26,False
1785,Säffle,2000,1.4,False,1.54,-0.14000000000000012,26,False
1785,Säffle,2001,1.87,False,1.57,0.30000000000000004,26,False
1785,Säffle,2002,1.88,False,1.65,0.22999999999999998,26,False
1785,Säffle,2003,1.63,False,1.71,-0.08000000000000007,26,False
1785,Säffle,2004,1.69,False,1.75,-0.06000000000000005,26,False
1785,Säffle,2005,2.33,False,1.77,0.56,26,False
1785,Säffle,2006,2.01,False,1.85,0.1599999999999997,26,False
1785,Säffle,2007,2.03,False,1.88,0.1499999999999999,26,False
1785,Säffle,2008,2.12,False,1.91,0.2100000000000002,26,False
1785,Säffle,2009,1.94,False,1.93,0.010000000000000009,26,False
1785,Säffle,2010,2.27,False,1.98,0.29000000000000004,26,False
1785,Säffle,2011,1.71,False,1.9,-0.18999999999999995,26,False
1785,Säffle,2012,1.81,False,1.9,-0.08999999999999986,26,False
1785,Säffle,2013,1.98,False,1.89,0.09000000000000008,26,False
1785,Säffle,2014,1.78,False,1.88,-0.09999999999999987,26,False
1785,Säffle,2015,2.04,False,1.85,0.18999999999999995,26,False
1785,Säffle,2016,2.13,False,1.85,0.2799999999999998,26,False
1785,Säffle,2017,1.94,False,1.78,0.15999999999999992,26,False
1785,Säffle,2018,1.97,False,1.75,0.21999999999999997,26,False
1785,Säffle,2019,1.73,False,1.7,0.030000000000000027,26,False
1785,Säffle,2020,2.23,False,1.66,0.5700000000000001,26,False
1785,Säffle,2021,1.86,False,1.67,0.19000000000000017,26,False
1785,Säffle,2022,1.61,False,1.52,0.09000000000000008,26,False
1785,Säffle,2023,1.67,False,1.45,0.21999999999999997,26,False
1785,Säffle,2024,1.6,False,1.43,0.17000000000000015,26,False
1785,Säffle,2025,1.43,False,1.42,0.010000000000000009,26,False
1814,Lekeberg,2000,1.83,False,1.54,0.29000000000000004,26,False
1814,Lekeberg,2001,2.08,False,1.57,0.51,26,False
1814,Lekeberg,2002,1.85,False,1.65,0.20000000000000018,26,False
1814,Lekeberg,2003,2.58,False,1.71,0.8700000000000001,26,False
1814,Lekeberg,2004,2.18,False,1.75,0.43000000000000016,26,False
1814,Lekeberg,2005,2.37,False,1.77,0.6000000000000001,26,False
1814,Lekeberg,2006,2.43,False,1.85,0.5800000000000001,26,False
1814,Lekeberg,2007,2.36,False,1.88,0.48,26,False
1814,Lekeberg,2008,2.99,False,1.91,1.0800000000000003,26,False
1814,Lekeberg,2009,2.31,False,1.93,0.3800000000000001,26,False
1814,Lekeberg,2010,3.1,False,1.98,1.12,26,False
1814,Lekeberg,2011,2.87,False,1.9,0.9700000000000002,26,False
1814,Lekeberg,2012,2.02,False,1.9,0.1200000000000001,26,False
1814,Lekeberg,2013,2.26,False,1.89,0.3699999999999999,26,False
1814,Lekeberg,2014,2.44,False,1.88,0.56,26,False
1814,Lekeberg,2015,2.34,False,1.85,0.48999999999999977,26,False
1814,Lekeberg,2016,2.1,False,1.85,0.25,26,False
1814,Lekeberg,2017,2.26,False,1.78,0.47999999999999976,26,False
1814,Lekeberg,2018,2.46,False,1.75,0.71,26,False
1814,Lekeberg,2019,2.13,False,1.7,0.42999999999999994,26,False
1814,Lekeberg,2020,2.32,False,1.66,0.6599999999999999,26,False
1814,Lekeberg,2021,1.86,False,1.67,0.19000000000000017,26,False
1814,Lekeberg,2022,1.95,False,1.52,0.42999999999999994,26,False
1814,Lekeberg,2023,1.57,False,1.45,0.1200000000000001,26,False
1814,Lekeberg,2024,1.59,False,1.43,0.16000000000000014,26,False
1814,Lekeberg,2025,1.88,False,1.42,0.45999999999999996,26,False
1860,Laxå,2000,1.43,False,1.54,-0.1100000000000001,24,True
1860,Laxå,2001,1.52,False,1.57,-0.050000000000000044,24,True
1860,Laxå,2002,2.15,False,1.65,0.5,24,True
1860,Laxå,2003,1.95,False,1.71,0.24,24,True
1860,Laxå,2004,2.02,False,1.75,0.27,24,True
1860,Laxå,2005,2.32,False,1.77,0.5499999999999998,24,True
1860,Laxå,2006,1.93,False,1.85,0.07999999999999985,24,True
1860,Laxå,2007,1.85,False,1.88,-0.029999999999999805,24,True
1860,Laxå,2008,2.19,False,1.91,0.28,24,True
1860,Laxå,2009,2.33,False,1.93,0.40000000000000013,24,True
1860,Laxå,2010,1.75,False,1.98,-0.22999999999999998,24,True
1860,Laxå,2011,2.2,False,1.9,0.30000000000000027,24,True
1860,Laxå,2012,2.28,False,1.9,0.3799999999999999,24,True
1860,Laxå,2013,1.95,False,1.89,0.06000000000000005,24,True
1860,Laxå,2014,1.51,False,1.88,-0.3699999999999999,24,True
1860,Laxå,2015,2.38,False,1.85,0.5299999999999998,24,True
1860,Laxå,2016,2.18,False,1.85,0.33000000000000007,24,True
1860,Laxå,2017,1.68,False,1.78,-0.10000000000000009,24,True
1860,Laxå,2018,1.86,False,1.75,0.1100000000000001,24,True
1860,Laxå,2019,2.4,False,1.7,0.7,24,True
1860,Laxå,2020,1.79,False,1.66,0.13000000000000012,24,True
1860,Laxå,2021,1.75,False,1.67,0.08000000000000007,24,True
1860,Laxå,2022,1.78,False,1.52,0.26,24,True
1860,Laxå,2023,1.78,True,1.45,0.33000000000000007,24,True
1860,Laxå,2024,1.78,False,1.43,0.3500000000000001,24,True
1860,Laxå,2025,,False,1.42,,24,True
1861,Hallsberg,2000,1.73,False,1.54,0.18999999999999995,26,False
1861,Hallsberg,2001,1.51,False,1.57,-0.06000000000000005,26,False
1861,Hallsberg,2002,1.84,False,1.65,0.19000000000000017,26,False
1861,Hallsberg,2003,1.71,False,1.71,0.0,26,False
1861,Hallsberg,2004,1.81,False,1.75,0.06000000000000005,26,False
1861,Hallsberg,2005,1.88,False,1.77,0.10999999999999988,26,False
1861,Hallsberg,2006,2.14,False,1.85,0.29000000000000004,26,False
1861,Hallsberg,2007,1.96,False,1.88,0.08000000000000007,26,False
1861,Hallsberg,2008,2.14,False,1.91,0.2300000000000002,26,False
1861,Hallsberg,2009,2.04,False,1.93,0.1100000000000001,26,False
1861,Hallsberg,2010,2.14,False,1.98,0.16000000000000014,26,False
1861,Hallsberg,2011,2.05,False,1.9,0.1499999999999999,26,False
1861,Hallsberg,2012,1.85,False,1.9,-0.04999999999999982,26,False
1861,Hallsberg,2013,2.03,False,1.89,0.1399999999999999,26,False
1861,Hallsberg,2014,1.91,False,1.88,0.030000000000000027,26,False
1861,Hallsberg,2015,2.07,False,1.85,0.21999999999999975,26,False
1861,Hallsberg,2016,1.93,False,1.85,0.07999999999999985,26,False
1861,Hallsberg,2017,1.91,False,1.78,0.1299999999999999,26,False
1861,Hallsberg,2018,1.92,False,1.75,0.16999999999999993,26,False
1861,Hallsberg,2019,2.11,False,1.7,0.4099999999999999,26,False
1861,Hallsberg,2020,1.97,False,1.66,0.31000000000000005,26,False
1861,Hallsberg,2021,2.24,False,1.67,0.5700000000000003,26,False
1861,Hallsberg,2022,1.79,False,1.52,0.27,26,False
1861,Hallsberg,2023,1.58,False,1.45,0.13000000000000012,26,False
1861,Hallsberg,2024,1.88,False,1.43,0.44999999999999996,26,False
1861,Hallsberg,2025,1.68,False,1.42,0.26,26,False
1862,Degerfors,2000,1.62,False,1.54,0.08000000000000007,26,False
1862,Degerfors,2001,1.88,False,1.57,0.30999999999999983,26,False
1862,Degerfors,2002,1.83,False,1.65,0.18000000000000016,26,False
1862,Degerfors,2003,2.29,False,1.71,0.5800000000000001,26,False
1862,Degerfors,2004,1.86,False,1.75,0.1100000000000001,26,False
1862,Degerfors,2005,1.98,False,1.77,0.20999999999999996,26,False
1862,Degerfors,2006,1.68,False,1.85,-0.17000000000000015,26,False
1862,Degerfors,2007,1.88,False,1.88,0.0,26,False
1862,Degerfors,2008,2.34,False,1.91,0.42999999999999994,26,False
1862,Degerfors,2009,1.58,False,1.93,-0.34999999999999987,26,False
1862,Degerfors,2010,1.98,False,1.98,0.0,26,False
1862,Degerfors,2011,2.13,False,1.9,0.22999999999999998,26,False
1862,Degerfors,2012,1.77,False,1.9,-0.1299999999999999,26,False
1862,Degerfors,2013,2.23,False,1.89,0.3400000000000001,26,False
1862,Degerfors,2014,1.76,False,1.88,-0.11999999999999988,26,False
1862,Degerfors,2015,1.56,False,1.85,-0.29000000000000004,26,False
1862,Degerfors,2016,1.75,False,1.85,-0.10000000000000009,26,False
1862,Degerfors,2017,2.05,False,1.78,0.2699999999999998,26,False
1862,Degerfors,2018,2.23,False,1.75,0.48,26,False
1862,Degerfors,2019,1.96,False,1.7,0.26,26,False
1862,Degerfors,2020,1.86,False,1.66,0.20000000000000018,26,False
1862,Degerfors,2021,1.44,False,1.67,-0.22999999999999998,26,False
1862,Degerfors,2022,2.11,False,1.52,0.5899999999999999,26,False
1862,Degerfors,2023,1.46,False,1.45,0.010000000000000009,26,False
1862,Degerfors,2024,1.77,False,1.43,0.3400000000000001,26,False
1862,Degerfors,2025,1.32,False,1.42,-0.09999999999999987,26,False
1863,Hällefors,2000,1.45,False,1.54,-0.09000000000000008,26,False
1863,Hällefors,2001,1.54,False,1.57,-0.030000000000000027,26,False
1863,Hällefors,2002,1.49,False,1.65,-0.15999999999999992,26,False
1863,Hällefors,2003,1.61,False,1.71,-0.09999999999999987,26,False
1863,Hällefors,2004,1.89,False,1.75,0.1399999999999999,26,False
1863,Hällefors,2005,1.67,False,1.77,-0.10000000000000009,26,False
1863,Hällefors,2006,1.74,False,1.85,-0.1100000000000001,26,False
1863,Hällefors,2007,2.12,False,1.88,0.2400000000000002,26,False
1863,Hällefors,2008,1.93,False,1.91,0.020000000000000018,26,False
1863,Hällefors,2009,2.49,False,1.93,0.5600000000000003,26,False
1863,Hällefors,2010,2.03,False,1.98,0.04999999999999982,26,False
1863,Hällefors,2011,1.95,False,1.9,0.050000000000000044,26,False
1863,Hällefors,2012,2.03,False,1.9,0.1299999999999999,26,False
1863,Hällefors,2013,2.13,False,1.89,0.24,26,False
1863,Hällefors,2014,1.88,False,1.88,0.0,26,False
1863,Hällefors,2015,1.83,False,1.85,-0.020000000000000018,26,False
1863,Hällefors,2016,2.42,False,1.85,0.5699999999999998,26,False
1863,Hällefors,2017,2.22,False,1.78,0.44000000000000017,26,False
1863,Hällefors,2018,1.68,False,1.75,-0.07000000000000006,26,False
1863,Hällefors,2019,2.25,False,1.7,0.55,26,False
1863,Hällefors,2020,1.52,False,1.66,-0.1399999999999999,26,False
1863,Hällefors,2021,2.2,False,1.67,0.5300000000000002,26,False
1863,Hällefors,2022,1.72,False,1.52,0.19999999999999996,26,False
1863,Hällefors,2023,1.1,False,1.45,-0.34999999999999987,26,False
1863,Hällefors,2024,1.78,False,1.43,0.3500000000000001,26,False
1863,Hällefors,2025,1.37,False,1.42,-0.04999999999999982,26,False
1864,Ljusnarsberg,2000,1.97,False,1.54,0.42999999999999994,21,True
1864,Ljusnarsberg,2001,1.64,False,1.57,0.06999999999999984,21,True
1864,Ljusnarsberg,2002,1.68,False,1.65,0.030000000000000027,21,True
1864,Ljusnarsberg,2003,2.0,False,1.71,0.29000000000000004,21,True
1864,Ljusnarsberg,2004,1.77,False,1.75,0.020000000000000018,21,True
1864,Ljusnarsberg,2005,1.86,False,1.77,0.09000000000000008,21,True
1864,Ljusnarsberg,2006,1.98,False,1.85,0.1299999999999999,21,True
1864,Ljusnarsberg,2007,1.76,False,1.88,-0.11999999999999988,21,True
1864,Ljusnarsberg,2008,,False,1.91,,21,True
1864,Ljusnarsberg,2009,,False,1.93,,21,True
1864,Ljusnarsberg,2010,1.8,False,1.98,-0.17999999999999994,21,True
1864,Ljusnarsberg,2011,2.19,False,1.9,0.29000000000000004,21,True
1864,Ljusnarsberg,2012,2.1550000000000002,True,1.9,0.25500000000000034,21,True
1864,Ljusnarsberg,2013,2.12,False,1.89,0.2300000000000002,21,True
1864,Ljusnarsberg,2014,2.09,False,1.88,0.20999999999999996,21,True
1864,Ljusnarsberg,2015,2.12,False,1.85,0.27,21,True
1864,Ljusnarsberg,2016,2.19,False,1.85,0.33999999999999986,21,True
1864,Ljusnarsberg,2017,1.73,False,1.78,-0.050000000000000044,21,True
1864,Ljusnarsberg,2018,2.01,False,1.75,0.2599999999999998,21,True
1864,Ljusnarsberg,2019,2.16,False,1.7,0.4600000000000002,21,True
1864,Ljusnarsberg,2020,2.31,False,1.66,0.6500000000000001,21,True
1864,Ljusnarsberg,2021,2.05,False,1.67,0.3799999999999999,21,True
1864,Ljusnarsberg,2022,1.79,False,1.52,0.27,21,True
1864,Ljusnarsberg,2023,1.79,False,1.45,0.3400000000000001,21,True
1864,Ljusnarsberg,2024,,False,1.43,,21,True
1864,Ljusnarsberg,2025,,False,1.42,,21,True
1880,Örebro,2000,1.57,False,1.54,0.030000000000000027,26,False
1880,Örebro,2001,1.48,False,1.57,-0.09000000000000008,26,False
1880,Örebro,2002,1.53,False,1.65,-0.11999999999999988,26,False
1880,Örebro,2003,1.6,False,1.71,-0.10999999999999988,26,False
1880,Örebro,2004,1.64,False,1.75,-0.1100000000000001,26,False
1880,Örebro,2005,1.64,False,1.77,-0.13000000000000012,26,False
1880,Örebro,2006,1.71,False,1.85,-0.14000000000000012,26,False
1880,Örebro,2007,1.84,False,1.88,-0.039999999999999813,26,False
1880,Örebro,2008,1.94,False,1.91,0.030000000000000027,26,False
1880,Örebro,2009,1.9,False,1.93,-0.030000000000000027,26,False
1880,Örebro,2010,1.91,False,1.98,-0.07000000000000006,26,False
1880,Örebro,2011,1.97,False,1.9,0.07000000000000006,26,False
1880,Örebro,2012,1.92,False,1.9,0.020000000000000018,26,False
1880,Örebro,2013,1.87,False,1.89,-0.019999999999999796,26,False
1880,Örebro,2014,1.93,False,1.88,0.050000000000000044,26,False
1880,Örebro,2015,1.83,False,1.85,-0.020000000000000018,26,False
1880,Örebro,2016,1.75,False,1.85,-0.10000000000000009,26,False
1880,Örebro,2017,1.73,False,1.78,-0.050000000000000044,26,False
1880,Örebro,2018,1.76,False,1.75,0.010000000000000009,26,False
1880,Örebro,2019,1.66,False,1.7,-0.040000000000000036,26,False
1880,Örebro,2020,1.63,False,1.66,-0.030000000000000027,26,False
1880,Örebro,2021,1.64,False,1.67,-0.030000000000000027,26,False
1880,Örebro,2022,1.44,False,1.52,-0.08000000000000007,26,False
1880,Örebro,2023,1.41,False,1.45,-0.040000000000000036,26,False
1880,Örebro,2024,1.42,False,1.43,-0.010000000000000009,26,False
1880,Örebro,2025,1.36,False,1.42,-0.05999999999999983,26,False
1881,Kumla,2000,1.91,False,1.54,0.3699999999999999,26,False
1881,Kumla,2001,1.8,False,1.57,0.22999999999999998,26,False
1881,Kumla,2002,1.97,False,1.65,0.32000000000000006,26,False
1881,Kumla,2003,1.91,False,1.71,0.19999999999999996,26,False
1881,Kumla,2004,1.9,False,1.75,0.1499999999999999,26,False
1881,Kumla,2005,1.98,False,1.77,0.20999999999999996,26,False
1881,Kumla,2006,1.69,False,1.85,-0.16000000000000014,26,False
1881,Kumla,2007,2.22,False,1.88,0.3400000000000003,26,False
1881,Kumla,2008,2.06,False,1.91,0.15000000000000013,26,False
1881,Kumla,2009,2.25,False,1.93,0.32000000000000006,26,False
1881,Kumla,2010,2.52,False,1.98,0.54,26,False
1881,Kumla,2011,2.12,False,1.9,0.2200000000000002,26,False
1881,Kumla,2012,2.14,False,1.9,0.2400000000000002,26,False
1881,Kumla,2013,2.26,False,1.89,0.3699999999999999,26,False
1881,Kumla,2014,2.27,False,1.88,0.3900000000000001,26,False
1881,Kumla,2015,1.85,False,1.85,0.0,26,False
1881,Kumla,2016,1.82,False,1.85,-0.030000000000000027,26,False
1881,Kumla,2017,1.95,False,1.78,0.16999999999999993,26,False
1881,Kumla,2018,1.89,False,1.75,0.1399999999999999,26,False
1881,Kumla,2019,1.69,False,1.7,-0.010000000000000009,26,False
1881,Kumla,2020,1.9,False,1.66,0.24,26,False
1881,Kumla,2021,1.59,False,1.67,-0.07999999999999985,26,False
1881,Kumla,2022,1.98,False,1.52,0.45999999999999996,26,False
1881,Kumla,2023,1.64,False,1.45,0.18999999999999995,26,False
1881,Kumla,2024,1.54,False,1.43,0.1100000000000001,26,False
1881,Kumla,2025,1.61,False,1.42,0.19000000000000017,26,False
1882,Askersund,2000,1.98,False,1.54,0.43999999999999995,26,False
1882,Askersund,2001,1.91,False,1.57,0.33999999999999986,26,False
1882,Askersund,2002,1.63,False,1.65,-0.020000000000000018,26,False
1882,Askersund,2003,1.87,False,1.71,0.16000000000000014,26,False
1882,Askersund,2004,1.86,False,1.75,0.1100000000000001,26,False
1882,Askersund,2005,2.33,False,1.77,0.56,26,False
1882,Askersund,2006,2.1,False,1.85,0.25,26,False
1882,Askersund,2007,1.79,False,1.88,-0.08999999999999986,26,False
1882,Askersund,2008,1.94,False,1.91,0.030000000000000027,26,False
1882,Askersund,2009,2.12,False,1.93,0.19000000000000017,26,False
1882,Askersund,2010,2.16,False,1.98,0.18000000000000016,26,False
1882,Askersund,2011,1.78,False,1.9,-0.11999999999999988,26,False
1882,Askersund,2012,2.39,False,1.9,0.4900000000000002,26,False
1882,Askersund,2013,1.83,False,1.89,-0.05999999999999983,26,False
1882,Askersund,2014,1.91,False,1.88,0.030000000000000027,26,False
1882,Askersund,2015,1.85,False,1.85,0.0,26,False
1882,Askersund,2016,2.05,False,1.85,0.19999999999999973,26,False
1882,Askersund,2017,1.85,False,1.78,0.07000000000000006,26,False
1882,Askersund,2018,2.25,False,1.75,0.5,26,False
1882,Askersund,2019,2.38,False,1.7,0.6799999999999999,26,False
1882,Askersund,2020,2.2,False,1.66,0.5400000000000003,26,False
1882,Askersund,2021,1.78,False,1.67,0.1100000000000001,26,False
1882,Askersund,2022,1.79,False,1.52,0.27,26,False
1882,Askersund,2023,2.03,False,1.45,0.5799999999999998,26,False
1882,Askersund,2024,1.94,False,1.43,0.51,26,False
1882,Askersund,2025,1.69,False,1.42,0.27,26,False
1883,Karlskoga,2000,1.68,False,1.54,0.1399999999999999,26,False
1883,Karlskoga,2001,1.7,False,1.57,0.1299999999999999,26,False
1883,Karlskoga,2002,1.76,False,1.65,0.1100000000000001,26,False
1883,Karlskoga,2003,1.82,False,1.71,0.1100000000000001,26,False
1883,Karlskoga,2004,1.6,False,1.75,-0.1499999999999999,26,False
1883,Karlskoga,2005,1.7,False,1.77,-0.07000000000000006,26,False
1883,Karlskoga,2006,2.03,False,1.85,0.17999999999999972,26,False
1883,Karlskoga,2007,2.02,False,1.88,0.14000000000000012,26,False
1883,Karlskoga,2008,2.08,False,1.91,0.17000000000000015,26,False
1883,Karlskoga,2009,1.99,False,1.93,0.06000000000000005,26,False
1883,Karlskoga,2010,2.03,False,1.98,0.04999999999999982,26,False
1883,Karlskoga,2011,1.89,False,1.9,-0.010000000000000009,26,False
1883,Karlskoga,2012,1.95,False,1.9,0.050000000000000044,26,False
1883,Karlskoga,2013,1.88,False,1.89,-0.010000000000000009,26,False
1883,Karlskoga,2014,1.9,False,1.88,0.020000000000000018,26,False
1883,Karlskoga,2015,2.03,False,1.85,0.17999999999999972,26,False
1883,Karlskoga,2016,1.8,False,1.85,-0.050000000000000044,26,False
1883,Karlskoga,2017,1.82,False,1.78,0.040000000000000036,26,False
1883,Karlskoga,2018,1.77,False,1.75,0.020000000000000018,26,False
1883,Karlskoga,2019,1.72,False,1.7,0.020000000000000018,26,False
1883,Karlskoga,2020,1.73,False,1.66,0.07000000000000006,26,False
1883,Karlskoga,2021,1.95,False,1.67,0.28,26,False
1883,Karlskoga,2022,1.73,False,1.52,0.20999999999999996,26,False
1883,Karlskoga,2023,1.58,False,1.45,0.13000000000000012,26,False
1883,Karlskoga,2024,1.49,False,1.43,0.06000000000000005,26,False
1883,Karlskoga,2025,1.53,False,1.42,0.1100000000000001,26,False
1884,Nora,2000,1.85,False,1.54,0.31000000000000005,26,False
1884,Nora,2001,1.94,False,1.57,0.3699999999999999,26,False
1884,Nora,2002,1.76,False,1.65,0.1100000000000001,26,False
1884,Nora,2003,1.59,False,1.71,-0.11999999999999988,26,False
1884,Nora,2004,1.5,False,1.75,-0.25,26,False
1884,Nora,2005,1.92,False,1.77,0.1499999999999999,26,False
1884,Nora,2006,2.01,False,1.85,0.1599999999999997,26,False
1884,Nora,2007,1.92,False,1.88,0.040000000000000036,26,False
1884,Nora,2008,2.21,False,1.91,0.30000000000000004,26,False
1884,Nora,2009,1.94,False,1.93,0.010000000000000009,26,False
1884,Nora,2010,2.17,False,1.98,0.18999999999999995,26,False
1884,Nora,2011,1.88,False,1.9,-0.020000000000000018,26,False
1884,Nora,2012,1.99,False,1.9,0.09000000000000008,26,False
1884,Nora,2013,2.04,False,1.89,0.15000000000000013,26,False
1884,Nora,2014,1.73,False,1.88,-0.1499999999999999,26,False
1884,Nora,2015,1.71,False,1.85,-0.14000000000000012,26,False
1884,Nora,2016,1.85,False,1.85,0.0,26,False
1884,Nora,2017,2.05,False,1.78,0.2699999999999998,26,False
1884,Nora,2018,1.91,False,1.75,0.15999999999999992,26,False
1884,Nora,2019,2.01,False,1.7,0.30999999999999983,26,False
1884,Nora,2020,1.47,False,1.66,-0.18999999999999995,26,False
1884,Nora,2021,1.72,False,1.67,0.050000000000000044,26,False
1884,Nora,2022,1.77,False,1.52,0.25,26,False
1884,Nora,2023,1.73,False,1.45,0.28,26,False
1884,Nora,2024,1.57,False,1.43,0.14000000000000012,26,False
1884,Nora,2025,1.54,False,1.42,0.1200000000000001,26,False
1885,Lindesberg,2000,1.65,False,1.54,0.10999999999999988,26,False
1885,Lindesberg,2001,1.83,False,1.57,0.26,26,False
1885,Lindesberg,2002,1.68,False,1.65,0.030000000000000027,26,False
1885,Lindesberg,2003,1.84,False,1.71,0.13000000000000012,26,False
1885,Lindesberg,2004,1.67,False,1.75,-0.08000000000000007,26,False
1885,Lindesberg,2005,1.74,False,1.77,-0.030000000000000027,26,False
1885,Lindesberg,2006,1.74,False,1.85,-0.1100000000000001,26,False
1885,Lindesberg,2007,2.13,False,1.88,0.25,26,False
1885,Lindesberg,2008,1.94,False,1.91,0.030000000000000027,26,False
1885,Lindesberg,2009,2.12,False,1.93,0.19000000000000017,26,False
1885,Lindesberg,2010,2.02,False,1.98,0.040000000000000036,26,False
1885,Lindesberg,2011,2.3,False,1.9,0.3999999999999999,26,False
1885,Lindesberg,2012,1.94,False,1.9,0.040000000000000036,26,False
1885,Lindesberg,2013,2.09,False,1.89,0.19999999999999996,26,False
1885,Lindesberg,2014,2.04,False,1.88,0.16000000000000014,26,False
1885,Lindesberg,2015,1.97,False,1.85,0.11999999999999988,26,False
1885,Lindesberg,2016,2.1,False,1.85,0.25,26,False
1885,Lindesberg,2017,2.01,False,1.78,0.22999999999999976,26,False
1885,Lindesberg,2018,2.19,False,1.75,0.43999999999999995,26,False
1885,Lindesberg,2019,1.82,False,1.7,0.1200000000000001,26,False
1885,Lindesberg,2020,1.79,False,1.66,0.13000000000000012,26,False
1885,Lindesberg,2021,1.94,False,1.67,0.27,26,False
1885,Lindesberg,2022,1.68,False,1.52,0.15999999999999992,26,False
1885,Lindesberg,2023,1.7,False,1.45,0.25,26,False
1885,Lindesberg,2024,1.6,False,1.43,0.17000000000000015,26,False
1885,Lindesberg,2025,1.64,False,1.42,0.21999999999999997,26,False
1904,Skinnskatteberg,2000,1.76,False,1.54,0.21999999999999997,21,True
1904,Skinnskatteberg,2001,1.84,False,1.57,0.27,21,True
1904,Skinnskatteberg,2002,2.06,False,1.65,0.41000000000000014,21,True
1904,Skinnskatteberg,2003,2.92,False,1.71,1.21,21,True
1904,Skinnskatteberg,2004,1.82,False,1.75,0.07000000000000006,21,True
1904,Skinnskatteberg,2005,2.24,False,1.77,0.4700000000000002,21,True
1904,Skinnskatteberg,2006,1.75,False,1.85,-0.10000000000000009,21,True
1904,Skinnskatteberg,2007,1.68,False,1.88,-0.19999999999999996,21,True
1904,Skinnskatteberg,2008,1.76,False,1.91,-0.1499999999999999,21,True
1904,Skinnskatteberg,2009,1.76,False,1.93,-0.16999999999999993,21,True
1904,Skinnskatteberg,2010,2.13,False,1.98,0.1499999999999999,21,True
1904,Skinnskatteberg,2011,2.1550000000000002,True,1.9,0.25500000000000034,21,True
1904,Skinnskatteberg,2012,2.18,False,1.9,0.28000000000000025,21,True
1904,Skinnskatteberg,2013,2.39,False,1.89,0.5000000000000002,21,True
1904,Skinnskatteberg,2014,2.22,False,1.88,0.3400000000000003,21,True
1904,Skinnskatteberg,2015,2.27,False,1.85,0.41999999999999993,21,True
1904,Skinnskatteberg,2016,1.99,False,1.85,0.1399999999999999,21,True
1904,Skinnskatteberg,2017,1.82,False,1.78,0.040000000000000036,21,True
1904,Skinnskatteberg,2018,1.71,False,1.75,-0.040000000000000036,21,True
1904,Skinnskatteberg,2019,1.95,False,1.7,0.25,21,True
1904,Skinnskatteberg,2020,1.81,False,1.66,0.15000000000000013,21,True
1904,Skinnskatteberg,2021,1.84,True,1.67,0.17000000000000015,21,True
1904,Skinnskatteberg,2022,1.87,False,1.52,0.3500000000000001,21,True
1904,Skinnskatteberg,2023,,False,1.45,,21,True
1904,Skinnskatteberg,2024,,False,1.43,,21,True
1904,Skinnskatteberg,2025,,False,1.42,,21,True
1907,Surahammar,2000,2.04,False,1.54,0.5,26,False
1907,Surahammar,2001,1.98,False,1.57,0.4099999999999999,26,False
1907,Surahammar,2002,1.76,False,1.65,0.1100000000000001,26,False
1907,Surahammar,2003,2.04,False,1.71,0.33000000000000007,26,False
1907,Surahammar,2004,2.02,False,1.75,0.27,26,False
1907,Surahammar,2005,2.45,False,1.77,0.6800000000000002,26,False
1907,Surahammar,2006,2.5,False,1.85,0.6499999999999999,26,False
1907,Surahammar,2007,1.9,False,1.88,0.020000000000000018,26,False
1907,Surahammar,2008,2.02,False,1.91,0.1100000000000001,26,False
1907,Surahammar,2009,1.88,False,1.93,-0.050000000000000044,26,False
1907,Surahammar,2010,2.21,False,1.98,0.22999999999999998,26,False
1907,Surahammar,2011,1.94,False,1.9,0.040000000000000036,26,False
1907,Surahammar,2012,2.22,False,1.9,0.3200000000000003,26,False
1907,Surahammar,2013,1.97,False,1.89,0.08000000000000007,26,False
1907,Surahammar,2014,1.98,False,1.88,0.10000000000000009,26,False
1907,Surahammar,2015,1.98,False,1.85,0.1299999999999999,26,False
1907,Surahammar,2016,2.43,False,1.85,0.5800000000000001,26,False
1907,Surahammar,2017,1.99,False,1.78,0.20999999999999996,26,False
1907,Surahammar,2018,1.77,False,1.75,0.020000000000000018,26,False
1907,Surahammar,2019,1.98,False,1.7,0.28,26,False
1907,Surahammar,2020,2.02,False,1.66,0.3600000000000001,26,False
1907,Surahammar,2021,1.95,False,1.67,0.28,26,False
1907,Surahammar,2022,1.58,False,1.52,0.06000000000000005,26,False
1907,Surahammar,2023,1.77,False,1.45,0.32000000000000006,26,False
1907,Surahammar,2024,1.47,False,1.43,0.040000000000000036,26,False
1907,Surahammar,2025,1.74,False,1.42,0.32000000000000006,26,False
1960,Kungsör,2000,1.75,False,1.54,0.20999999999999996,26,False
1960,Kungsör,2001,1.99,False,1.57,0.41999999999999993,26,False
1960,Kungsör,2002,1.78,False,1.65,0.13000000000000012,26,False
1960,Kungsör,2003,2.27,False,1.71,0.56,26,False
1960,Kungsör,2004,2.08,False,1.75,0.33000000000000007,26,False
1960,Kungsör,2005,1.94,False,1.77,0.16999999999999993,26,False
1960,Kungsör,2006,1.54,False,1.85,-0.31000000000000005,26,False
1960,Kungsör,2007,2.1,False,1.88,0.2200000000000002,26,False
1960,Kungsör,2008,1.79,False,1.91,-0.11999999999999988,26,False
1960,Kungsör,2009,2.07,False,1.93,0.1399999999999999,26,False
1960,Kungsör,2010,2.08,False,1.98,0.10000000000000009,26,False
1960,Kungsör,2011,2.08,False,1.9,0.18000000000000016,26,False
1960,Kungsör,2012,1.9,False,1.9,0.0,26,False
1960,Kungsör,2013,2.22,False,1.89,0.3300000000000003,26,False
1960,Kungsör,2014,2.29,False,1.88,0.41000000000000014,26,False
1960,Kungsör,2015,1.88,False,1.85,0.029999999999999805,26,False
1960,Kungsör,2016,1.89,False,1.85,0.039999999999999813,26,False
1960,Kungsör,2017,2.33,False,1.78,0.55,26,False
1960,Kungsör,2018,2.23,False,1.75,0.48,26,False
1960,Kungsör,2019,2.08,False,1.7,0.3800000000000001,26,False
1960,Kungsör,2020,2.12,False,1.66,0.4600000000000002,26,False
1960,Kungsör,2021,2.08,False,1.67,0.41000000000000014,26,False
1960,Kungsör,2022,1.77,False,1.52,0.25,26,False
1960,Kungsör,2023,1.75,False,1.45,0.30000000000000004,26,False
1960,Kungsör,2024,1.85,False,1.43,0.42000000000000015,26,False
1960,Kungsör,2025,1.84,False,1.42,0.42000000000000015,26,False
1961,Hallstahammar,2000,1.69,False,1.54,0.1499999999999999,26,False
1961,Hallstahammar,2001,1.52,False,1.57,-0.050000000000000044,26,False
1961,Hallstahammar,2002,1.73,False,1.65,0.08000000000000007,26,False
1961,Hallstahammar,2003,1.84,False,1.71,0.13000000000000012,26,False
1961,Hallstahammar,2004,1.94,False,1.75,0.18999999999999995,26,False
1961,Hallstahammar,2005,2.26,False,1.77,0.48999999999999977,26,False
1961,Hallstahammar,2006,2.14,False,1.85,0.29000000000000004,26,False
1961,Hallstahammar,2007,1.72,False,1.88,-0.15999999999999992,26,False
1961,Hallstahammar,2008,2.11,False,1.91,0.19999999999999996,26,False
1961,Hallstahammar,2009,2.46,False,1.93,0.53,26,False
1961,Hallstahammar,2010,2.48,False,1.98,0.5,26,False
1961,Hallstahammar,2011,2.03,False,1.9,0.1299999999999999,26,False
1961,Hallstahammar,2012,2.24,False,1.9,0.3400000000000003,26,False
1961,Hallstahammar,2013,2.41,False,1.89,0.5200000000000002,26,False
1961,Hallstahammar,2014,1.87,False,1.88,-0.009999999999999787,26,False
1961,Hallstahammar,2015,1.87,False,1.85,0.020000000000000018,26,False
1961,Hallstahammar,2016,1.99,False,1.85,0.1399999999999999,26,False
1961,Hallstahammar,2017,2.01,False,1.78,0.22999999999999976,26,False
1961,Hallstahammar,2018,1.99,False,1.75,0.24,26,False
1961,Hallstahammar,2019,1.76,False,1.7,0.06000000000000005,26,False
1961,Hallstahammar,2020,1.92,False,1.66,0.26,26,False
1961,Hallstahammar,2021,1.8,False,1.67,0.13000000000000012,26,False
1961,Hallstahammar,2022,1.83,False,1.52,0.31000000000000005,26,False
1961,Hallstahammar,2023,1.63,False,1.45,0.17999999999999994,26,False
1961,Hallstahammar,2024,1.51,False,1.43,0.08000000000000007,26,False
1961,Hallstahammar,2025,1.46,False,1.42,0.040000000000000036,26,False
1962,Norberg,2000,1.83,False,1.54,0.29000000000000004,26,False
1962,Norberg,2001,1.72,False,1.57,0.1499999999999999,26,False
1962,Norberg,2002,1.98,False,1.65,0.33000000000000007,26,False
1962,Norberg,2003,1.56,False,1.71,-0.1499999999999999,26,False
1962,Norberg,2004,1.91,False,1.75,0.15999999999999992,26,False
1962,Norberg,2005,1.65,False,1.77,-0.1200000000000001,26,False
1962,Norberg,2006,2.49,False,1.85,0.6400000000000001,26,False
1962,Norberg,2007,2.08,False,1.88,0.20000000000000018,26,False
1962,Norberg,2008,2.16,False,1.91,0.2500000000000002,26,False
1962,Norberg,2009,2.87,False,1.93,0.9400000000000002,26,False
1962,Norberg,2010,1.65,False,1.98,-0.33000000000000007,26,False
1962,Norberg,2011,2.19,False,1.9,0.29000000000000004,26,False
1962,Norberg,2012,2.36,False,1.9,0.45999999999999996,26,False
1962,Norberg,2013,1.94,False,1.89,0.050000000000000044,26,False
1962,Norberg,2014,1.51,False,1.88,-0.3699999999999999,26,False
1962,Norberg,2015,2.2,False,1.85,0.3500000000000001,26,False
1962,Norberg,2016,1.84,False,1.85,-0.010000000000000009,26,False
1962,Norberg,2017,2.01,False,1.78,0.22999999999999976,26,False
1962,Norberg,2018,2.07,False,1.75,0.31999999999999984,26,False
1962,Norberg,2019,1.63,False,1.7,-0.07000000000000006,26,False
1962,Norberg,2020,2.1,False,1.66,0.44000000000000017,26,False
1962,Norberg,2021,1.91,False,1.67,0.24,26,False
1962,Norberg,2022,1.58,False,1.52,0.06000000000000005,26,False
1962,Norberg,2023,1.26,False,1.45,-0.18999999999999995,26,False
1962,Norberg,2024,1.34,False,1.43,-0.08999999999999986,26,False
1962,Norberg,2025,1.55,False,1.42,0.13000000000000012,26,False
1980,Västerås,2000,1.5,False,1.54,-0.040000000000000036,26,False
1980,Västerås,2001,1.53,False,1.57,-0.040000000000000036,26,False
1980,Västerås,2002,1.62,False,1.65,-0.029999999999999805,26,False
1980,Västerås,2003,1.74,False,1.71,0.030000000000000027,26,False
1980,Västerås,2004,1.74,False,1.75,-0.010000000000000009,26,False
1980,Västerås,2005,1.76,False,1.77,-0.010000000000000009,26,False
1980,Västerås,2006,1.79,False,1.85,-0.06000000000000005,26,False
1980,Västerås,2007,1.85,False,1.88,-0.029999999999999805,26,False
1980,Västerås,2008,1.77,False,1.91,-0.1399999999999999,26,False
1980,Västerås,2009,1.84,False,1.93,-0.08999999999999986,26,False
1980,Västerås,2010,1.93,False,1.98,-0.050000000000000044,26,False
1980,Västerås,2011,1.9,False,1.9,0.0,26,False
1980,Västerås,2012,1.9,False,1.9,0.0,26,False
1980,Västerås,2013,1.84,False,1.89,-0.04999999999999982,26,False
1980,Västerås,2014,1.91,False,1.88,0.030000000000000027,26,False
1980,Västerås,2015,1.84,False,1.85,-0.010000000000000009,26,False
1980,Västerås,2016,1.82,False,1.85,-0.030000000000000027,26,False
1980,Västerås,2017,1.81,False,1.78,0.030000000000000027,26,False
1980,Västerås,2018,1.79,False,1.75,0.040000000000000036,26,False
1980,Västerås,2019,1.76,False,1.7,0.06000000000000005,26,False
1980,Västerås,2020,1.7,False,1.66,0.040000000000000036,26,False
1980,Västerås,2021,1.61,False,1.67,-0.05999999999999983,26,False
1980,Västerås,2022,1.61,False,1.52,0.09000000000000008,26,False
1980,Västerås,2023,1.44,False,1.45,-0.010000000000000009,26,False
1980,Västerås,2024,1.47,False,1.43,0.040000000000000036,26,False
1980,Västerås,2025,1.46,False,1.42,0.040000000000000036,26,False
1981,Sala,2000,1.71,False,1.54,0.16999999999999993,26,False
1981,Sala,2001,1.49,False,1.57,-0.08000000000000007,26,False
1981,Sala,2002,1.7,False,1.65,0.050000000000000044,26,False
1981,Sala,2003,1.98,False,1.71,0.27,26,False
1981,Sala,2004,1.68,False,1.75,-0.07000000000000006,26,False
1981,Sala,2005,1.77,False,1.77,0.0,26,False
1981,Sala,2006,1.72,False,1.85,-0.13000000000000012,26,False
1981,Sala,2007,2.31,False,1.88,0.43000000000000016,26,False
1981,Sala,2008,1.85,False,1.91,-0.05999999999999983,26,False
1981,Sala,2009,2.04,False,1.93,0.1100000000000001,26,False
1981,Sala,2010,2.31,False,1.98,0.33000000000000007,26,False
1981,Sala,2011,2.32,False,1.9,0.41999999999999993,26,False
1981,Sala,2012,1.91,False,1.9,0.010000000000000009,26,False
1981,Sala,2013,1.98,False,1.89,0.09000000000000008,26,False
1981,Sala,2014,1.88,False,1.88,0.0,26,False
1981,Sala,2015,1.85,False,1.85,0.0,26,False
1981,Sala,2016,1.86,False,1.85,0.010000000000000009,26,False
1981,Sala,2017,2.0,False,1.78,0.21999999999999997,26,False
1981,Sala,2018,1.72,False,1.75,-0.030000000000000027,26,False
1981,Sala,2019,1.61,False,1.7,-0.08999999999999986,26,False
1981,Sala,2020,1.46,False,1.66,-0.19999999999999996,26,False
1981,Sala,2021,1.51,False,1.67,-0.15999999999999992,26,False
1981,Sala,2022,1.75,False,1.52,0.22999999999999998,26,False
1981,Sala,2023,1.57,False,1.45,0.1200000000000001,26,False
1981,Sala,2024,1.48,False,1.43,0.050000000000000044,26,False
1981,Sala,2025,1.5,False,1.42,0.08000000000000007,26,False
1982,Fagersta,2000,1.54,False,1.54,0.0,26,False
1982,Fagersta,2001,1.9,False,1.57,0.32999999999999985,26,False
1982,Fagersta,2002,2.09,False,1.65,0.43999999999999995,26,False
1982,Fagersta,2003,1.67,False,1.71,-0.040000000000000036,26,False
1982,Fagersta,2004,1.78,False,1.75,0.030000000000000027,26,False
1982,Fagersta,2005,2.21,False,1.77,0.43999999999999995,26,False
1982,Fagersta,2006,2.12,False,1.85,0.27,26,False
1982,Fagersta,2007,1.88,False,1.88,0.0,26,False
1982,Fagersta,2008,2.24,False,1.91,0.3300000000000003,26,False
1982,Fagersta,2009,2.11,False,1.93,0.17999999999999994,26,False
1982,Fagersta,2010,2.24,False,1.98,0.26000000000000023,26,False
1982,Fagersta,2011,2.17,False,1.9,0.27,26,False
1982,Fagersta,2012,2.4,False,1.9,0.5,26,False
1982,Fagersta,2013,2.16,False,1.89,0.27000000000000024,26,False
1982,Fagersta,2014,2.2,False,1.88,0.3200000000000003,26,False
1982,Fagersta,2015,2.23,False,1.85,0.3799999999999999,26,False
1982,Fagersta,2016,1.96,False,1.85,0.10999999999999988,26,False
1982,Fagersta,2017,2.25,False,1.78,0.47,26,False
1982,Fagersta,2018,1.87,False,1.75,0.1200000000000001,26,False
1982,Fagersta,2019,1.85,False,1.7,0.15000000000000013,26,False
1982,Fagersta,2020,2.06,False,1.66,0.40000000000000013,26,False
1982,Fagersta,2021,1.96,False,1.67,0.29000000000000004,26,False
1982,Fagersta,2022,1.75,False,1.52,0.22999999999999998,26,False
1982,Fagersta,2023,1.44,False,1.45,-0.010000000000000009,26,False
1982,Fagersta,2024,1.52,False,1.43,0.09000000000000008,26,False
1982,Fagersta,2025,1.44,False,1.42,0.020000000000000018,26,False
1983,Köping,2000,1.64,False,1.54,0.09999999999999987,26,False
1983,Köping,2001,1.66,False,1.57,0.08999999999999986,26,False
1983,Köping,2002,1.76,False,1.65,0.1100000000000001,26,False
1983,Köping,2003,1.61,False,1.71,-0.09999999999999987,26,False
1983,Köping,2004,1.88,False,1.75,0.1299999999999999,26,False
1983,Köping,2005,1.85,False,1.77,0.08000000000000007,26,False
1983,Köping,2006,2.06,False,1.85,0.20999999999999996,26,False
1983,Köping,2007,2.01,False,1.88,0.1299999999999999,26,False
1983,Köping,2008,2.07,False,1.91,0.15999999999999992,26,False
1983,Köping,2009,2.02,False,1.93,0.09000000000000008,26,False
1983,Köping,2010,2.01,False,1.98,0.029999999999999805,26,False
1983,Köping,2011,2.05,False,1.9,0.1499999999999999,26,False
1983,Köping,2012,1.86,False,1.9,-0.039999999999999813,26,False
1983,Köping,2013,2.07,False,1.89,0.17999999999999994,26,False
1983,Köping,2014,1.93,False,1.88,0.050000000000000044,26,False
1983,Köping,2015,1.81,False,1.85,-0.040000000000000036,26,False
1983,Köping,2016,1.98,False,1.85,0.1299999999999999,26,False
1983,Köping,2017,1.95,False,1.78,0.16999999999999993,26,False
1983,Köping,2018,1.77,False,1.75,0.020000000000000018,26,False
1983,Köping,2019,1.86,False,1.7,0.16000000000000014,26,False
1983,Köping,2020,1.84,False,1.66,0.18000000000000016,26,False
1983,Köping,2021,1.72,False,1.67,0.050000000000000044,26,False
1983,Köping,2022,1.77,False,1.52,0.25,26,False
1983,Köping,2023,1.67,False,1.45,0.21999999999999997,26,False
1983,Köping,2024,1.31,False,1.43,-0.11999999999999988,26,False
1983,Köping,2025,1.54,False,1.42,0.1200000000000001,26,False
1984,Arboga,2000,1.94,False,1.54,0.3999999999999999,26,False
1984,Arboga,2001,1.86,False,1.57,0.29000000000000004,26,False
1984,Arboga,2002,1.88,False,1.65,0.22999999999999998,26,False
1984,Arboga,2003,2.01,False,1.71,0.2999999999999998,26,False
1984,Arboga,2004,1.79,False,1.75,0.040000000000000036,26,False
1984,Arboga,2005,1.81,False,1.77,0.040000000000000036,26,False
1984,Arboga,2006,1.8,False,1.85,-0.050000000000000044,26,False
1984,Arboga,2007,1.76,False,1.88,-0.11999999999999988,26,False
1984,Arboga,2008,2.09,False,1.91,0.17999999999999994,26,False
1984,Arboga,2009,1.79,False,1.93,-0.1399999999999999,26,False
1984,Arboga,2010,1.92,False,1.98,-0.06000000000000005,26,False
1984,Arboga,2011,2.01,False,1.9,0.10999999999999988,26,False
1984,Arboga,2012,1.96,False,1.9,0.06000000000000005,26,False
1984,Arboga,2013,1.9,False,1.89,0.010000000000000009,26,False
1984,Arboga,2014,1.98,False,1.88,0.10000000000000009,26,False
1984,Arboga,2015,1.91,False,1.85,0.05999999999999983,26,False
1984,Arboga,2016,1.95,False,1.85,0.09999999999999987,26,False
1984,Arboga,2017,2.04,False,1.78,0.26,26,False
1984,Arboga,2018,1.83,False,1.75,0.08000000000000007,26,False
1984,Arboga,2019,1.79,False,1.7,0.09000000000000008,26,False
1984,Arboga,2020,1.8,False,1.66,0.14000000000000012,26,False
1984,Arboga,2021,1.72,False,1.67,0.050000000000000044,26,False
1984,Arboga,2022,1.5,False,1.52,-0.020000000000000018,26,False
1984,Arboga,2023,1.52,False,1.45,0.07000000000000006,26,False
1984,Arboga,2024,1.54,False,1.43,0.1100000000000001,26,False
1984,Arboga,2025,1.7,False,1.42,0.28,26,False
2021,Vansbro,2000,1.55,False,1.54,0.010000000000000009,26,False
2021,Vansbro,2001,1.86,False,1.57,0.29000000000000004,26,False
2021,Vansbro,2002,1.81,False,1.65,0.16000000000000014,26,False
2021,Vansbro,2003,1.49,False,1.71,-0.21999999999999997,26,False
2021,Vansbro,2004,2.19,False,1.75,0.43999999999999995,26,False
2021,Vansbro,2005,2.05,False,1.77,0.2799999999999998,26,False
2021,Vansbro,2006,2.09,False,1.85,0.23999999999999977,26,False
2021,Vansbro,2007,2.42,False,1.88,0.54,26,False
2021,Vansbro,2008,2.25,False,1.91,0.3400000000000001,26,False
2021,Vansbro,2009,2.47,False,1.93,0.5400000000000003,26,False
2021,Vansbro,2010,1.66,False,1.98,-0.32000000000000006,26,False
2021,Vansbro,2011,2.28,False,1.9,0.3799999999999999,26,False
2021,Vansbro,2012,2.14,False,1.9,0.2400000000000002,26,False
2021,Vansbro,2013,1.88,False,1.89,-0.010000000000000009,26,False
2021,Vansbro,2014,2.06,False,1.88,0.18000000000000016,26,False
2021,Vansbro,2015,1.84,False,1.85,-0.010000000000000009,26,False
2021,Vansbro,2016,1.64,False,1.85,-0.2100000000000002,26,False
2021,Vansbro,2017,1.81,False,1.78,0.030000000000000027,26,False
2021,Vansbro,2018,1.51,False,1.75,-0.24,26,False
2021,Vansbro,2019,1.88,False,1.7,0.17999999999999994,26,False
2021,Vansbro,2020,1.88,False,1.66,0.21999999999999997,26,False
2021,Vansbro,2021,1.47,False,1.67,-0.19999999999999996,26,False
2021,Vansbro,2022,1.93,False,1.52,0.4099999999999999,26,False
2021,Vansbro,2023,1.57,False,1.45,0.1200000000000001,26,False
2021,Vansbro,2024,1.61,False,1.43,0.18000000000000016,26,False
2021,Vansbro,2025,1.5,False,1.42,0.08000000000000007,26,False
2023,Malung-Sälen,2000,1.61,False,1.54,0.07000000000000006,26,False
2023,Malung-Sälen,2001,1.59,False,1.57,0.020000000000000018,26,False
2023,Malung-Sälen,2002,1.67,False,1.65,0.020000000000000018,26,False
2023,Malung-Sälen,2003,1.38,False,1.71,-0.33000000000000007,26,False
2023,Malung-Sälen,2004,1.75,False,1.75,0.0,26,False
2023,Malung-Sälen,2005,1.68,False,1.77,-0.09000000000000008,26,False
2023,Malung-Sälen,2006,1.95,False,1.85,0.09999999999999987,26,False
2023,Malung-Sälen,2007,1.56,False,1.88,-0.31999999999999984,26,False
2023,Malung-Sälen,2008,1.89,False,1.91,-0.020000000000000018,26,False
2023,Malung-Sälen,2009,1.76,False,1.93,-0.16999999999999993,26,False
2023,Malung-Sälen,2010,2.08,False,1.98,0.10000000000000009,26,False
2023,Malung-Sälen,2011,1.87,False,1.9,-0.029999999999999805,26,False
2023,Malung-Sälen,2012,1.85,False,1.9,-0.04999999999999982,26,False
2023,Malung-Sälen,2013,1.67,False,1.89,-0.21999999999999997,26,False
2023,Malung-Sälen,2014,1.67,False,1.88,-0.20999999999999996,26,False
2023,Malung-Sälen,2015,1.89,False,1.85,0.039999999999999813,26,False
2023,Malung-Sälen,2016,1.77,False,1.85,-0.08000000000000007,26,False
2023,Malung-Sälen,2017,2.06,False,1.78,0.28,26,False
2023,Malung-Sälen,2018,1.55,False,1.75,-0.19999999999999996,26,False
2023,Malung-Sälen,2019,1.78,False,1.7,0.08000000000000007,26,False
2023,Malung-Sälen,2020,1.59,False,1.66,-0.06999999999999984,26,False
2023,Malung-Sälen,2021,1.43,False,1.67,-0.24,26,False
2023,Malung-Sälen,2022,1.53,False,1.52,0.010000000000000009,26,False
2023,Malung-Sälen,2023,1.65,False,1.45,0.19999999999999996,26,False
2023,Malung-Sälen,2024,1.63,False,1.43,0.19999999999999996,26,False
2023,Malung-Sälen,2025,0.96,False,1.42,-0.45999999999999996,26,False
2026,Gagnef,2000,1.97,False,1.54,0.42999999999999994,26,False
2026,Gagnef,2001,2.0,False,1.57,0.42999999999999994,26,False
2026,Gagnef,2002,1.91,False,1.65,0.26,26,False
2026,Gagnef,2003,2.49,False,1.71,0.7800000000000002,26,False
2026,Gagnef,2004,2.18,False,1.75,0.43000000000000016,26,False
2026,Gagnef,2005,2.19,False,1.77,0.41999999999999993,26,False
2026,Gagnef,2006,2.2,False,1.85,0.3500000000000001,26,False
2026,Gagnef,2007,2.23,False,1.88,0.3500000000000001,26,False
2026,Gagnef,2008,2.58,False,1.91,0.6700000000000002,26,False
2026,Gagnef,2009,2.17,False,1.93,0.24,26,False
2026,Gagnef,2010,2.3,False,1.98,0.31999999999999984,26,False
2026,Gagnef,2011,2.35,False,1.9,0.4500000000000002,26,False
2026,Gagnef,2012,2.49,False,1.9,0.5900000000000003,26,False
2026,Gagnef,2013,2.14,False,1.89,0.2500000000000002,26,False
2026,Gagnef,2014,2.57,False,1.88,0.69,26,False
2026,Gagnef,2015,2.39,False,1.85,0.54,26,False
2026,Gagnef,2016,2.22,False,1.85,0.3700000000000001,26,False
2026,Gagnef,2017,2.69,False,1.78,0.9099999999999999,26,False
2026,Gagnef,2018,2.01,False,1.75,0.2599999999999998,26,False
2026,Gagnef,2019,2.06,False,1.7,0.3600000000000001,26,False
2026,Gagnef,2020,2.61,False,1.66,0.95,26,False
2026,Gagnef,2021,2.01,False,1.67,0.33999999999999986,26,False
2026,Gagnef,2022,1.94,False,1.52,0.41999999999999993,26,False
2026,Gagnef,2023,2.24,False,1.45,0.7900000000000003,26,False
2026,Gagnef,2024,1.42,False,1.43,-0.010000000000000009,26,False
2026,Gagnef,2025,1.78,False,1.42,0.3600000000000001,26,False
2029,Leksand,2000,1.57,False,1.54,0.030000000000000027,26,False
2029,Leksand,2001,1.43,False,1.57,-0.14000000000000012,26,False
2029,Leksand,2002,1.5,False,1.65,-0.1499999999999999,26,False
2029,Leksand,2003,1.79,False,1.71,0.08000000000000007,26,False
2029,Leksand,2004,1.9,False,1.75,0.1499999999999999,26,False
2029,Leksand,2005,1.77,False,1.77,0.0,26,False
2029,Leksand,2006,1.83,False,1.85,-0.020000000000000018,26,False
2029,Leksand,2007,1.84,False,1.88,-0.039999999999999813,26,False
2029,Leksand,2008,2.0,False,1.91,0.09000000000000008,26,False
2029,Leksand,2009,2.06,False,1.93,0.13000000000000012,26,False
2029,Leksand,2010,1.85,False,1.98,-0.1299999999999999,26,False
2029,Leksand,2011,2.05,False,1.9,0.1499999999999999,26,False
2029,Leksand,2012,1.71,False,1.9,-0.18999999999999995,26,False
2029,Leksand,2013,2.07,False,1.89,0.17999999999999994,26,False
2029,Leksand,2014,1.79,False,1.88,-0.08999999999999986,26,False
2029,Leksand,2015,2.14,False,1.85,0.29000000000000004,26,False
2029,Leksand,2016,1.98,False,1.85,0.1299999999999999,26,False
2029,Leksand,2017,1.88,False,1.78,0.09999999999999987,26,False
2029,Leksand,2018,1.95,False,1.75,0.19999999999999996,26,False
2029,Leksand,2019,1.6,False,1.7,-0.09999999999999987,26,False
2029,Leksand,2020,1.78,False,1.66,0.1200000000000001,26,False
2029,Leksand,2021,1.49,False,1.67,-0.17999999999999994,26,False
2029,Leksand,2022,1.38,False,1.52,-0.14000000000000012,26,False
2029,Leksand,2023,1.68,False,1.45,0.22999999999999998,26,False
2029,Leksand,2024,1.49,False,1.43,0.06000000000000005,26,False
2029,Leksand,2025,1.48,False,1.42,0.06000000000000005,26,False
2031,Rättvik,2000,1.48,False,1.54,-0.06000000000000005,26,False
2031,Rättvik,2001,1.67,False,1.57,0.09999999999999987,26,False
2031,Rättvik,2002,2.01,False,1.65,0.3599999999999999,26,False
2031,Rättvik,2003,1.94,False,1.71,0.22999999999999998,26,False
2031,Rättvik,2004,1.91,False,1.75,0.15999999999999992,26,False
2031,Rättvik,2005,1.75,False,1.77,-0.020000000000000018,26,False
2031,Rättvik,2006,1.84,False,1.85,-0.010000000000000009,26,False
2031,Rättvik,2007,1.64,False,1.88,-0.24,26,False
2031,Rättvik,2008,2.1,False,1.91,0.19000000000000017,26,False
2031,Rättvik,2009,1.78,False,1.93,-0.1499999999999999,26,False
2031,Rättvik,2010,2.05,False,1.98,0.06999999999999984,26,False
2031,Rättvik,2011,1.89,False,1.9,-0.010000000000000009,26,False
2031,Rättvik,2012,1.67,False,1.9,-0.22999999999999998,26,False
2031,Rättvik,2013,1.5,False,1.89,-0.3899999999999999,26,False
2031,Rättvik,2014,1.86,False,1.88,-0.019999999999999796,26,False
2031,Rättvik,2015,1.35,False,1.85,-0.5,26,False
2031,Rättvik,2016,1.46,False,1.85,-0.3900000000000001,26,False
2031,Rättvik,2017,2.0,False,1.78,0.21999999999999997,26,False
2031,Rättvik,2018,1.84,False,1.75,0.09000000000000008,26,False
2031,Rättvik,2019,1.6,False,1.7,-0.09999999999999987,26,False
2031,Rättvik,2020,1.76,False,1.66,0.10000000000000009,26,False
2031,Rättvik,2021,1.72,False,1.67,0.050000000000000044,26,False
2031,Rättvik,2022,1.89,False,1.52,0.3699999999999999,26,False
2031,Rättvik,2023,1.67,False,1.45,0.21999999999999997,26,False
2031,Rättvik,2024,1.59,False,1.43,0.16000000000000014,26,False
2031,Rättvik,2025,1.48,False,1.42,0.06000000000000005,26,False
2034,Orsa,2000,1.66,False,1.54,0.11999999999999988,26,False
2034,Orsa,2001,1.97,False,1.57,0.3999999999999999,26,False
2034,Orsa,2002,2.02,False,1.65,0.3700000000000001,26,False
2034,Orsa,2003,1.55,False,1.71,-0.15999999999999992,26,False
2034,Orsa,2004,2.08,False,1.75,0.33000000000000007,26,False
2034,Orsa,2005,1.58,False,1.77,-0.18999999999999995,26,False
2034,Orsa,2006,2.08,False,1.85,0.22999999999999998,26,False
2034,Orsa,2007,2.17,False,1.88,0.29000000000000004,26,False
2034,Orsa,2008,1.69,False,1.91,-0.21999999999999997,26,False
2034,Orsa,2009,1.78,False,1.93,-0.1499999999999999,26,False
2034,Orsa,2010,1.88,False,1.98,-0.10000000000000009,26,False
2034,Orsa,2011,1.88,False,1.9,-0.020000000000000018,26,False
2034,Orsa,2012,1.62,False,1.9,-0.2799999999999998,26,False
2034,Orsa,2013,1.2,False,1.89,-0.69,26,False
2034,Orsa,2014,1.92,False,1.88,0.040000000000000036,26,False
2034,Orsa,2015,1.47,False,1.85,-0.3800000000000001,26,False
2034,Orsa,2016,1.61,False,1.85,-0.24,26,False
2034,Orsa,2017,1.91,False,1.78,0.1299999999999999,26,False
2034,Orsa,2018,1.42,False,1.75,-0.33000000000000007,26,False
2034,Orsa,2019,1.77,False,1.7,0.07000000000000006,26,False
2034,Orsa,2020,2.04,False,1.66,0.3800000000000001,26,False
2034,Orsa,2021,1.79,False,1.67,0.1200000000000001,26,False
2034,Orsa,2022,1.31,False,1.52,-0.20999999999999996,26,False
2034,Orsa,2023,1.36,False,1.45,-0.08999999999999986,26,False
2034,Orsa,2024,1.53,False,1.43,0.10000000000000009,26,False
2034,Orsa,2025,1.45,False,1.42,0.030000000000000027,26,False
2039,Älvdalen,2000,1.83,False,1.54,0.29000000000000004,26,False
2039,Älvdalen,2001,1.48,False,1.57,-0.09000000000000008,26,False
2039,Älvdalen,2002,2.34,False,1.65,0.69,26,False
2039,Älvdalen,2003,1.99,False,1.71,0.28,26,False
2039,Älvdalen,2004,2.31,False,1.75,0.56,26,False
2039,Älvdalen,2005,2.17,False,1.77,0.3999999999999999,26,False
2039,Älvdalen,2006,2.17,False,1.85,0.31999999999999984,26,False
2039,Älvdalen,2007,1.98,False,1.88,0.10000000000000009,26,False
2039,Älvdalen,2008,2.12,False,1.91,0.2100000000000002,26,False
2039,Älvdalen,2009,2.0,False,1.93,0.07000000000000006,26,False
2039,Älvdalen,2010,2.21,False,1.98,0.22999999999999998,26,False
2039,Älvdalen,2011,2.43,False,1.9,0.5300000000000002,26,False
2039,Älvdalen,2012,1.89,False,1.9,-0.010000000000000009,26,False
2039,Älvdalen,2013,1.47,False,1.89,-0.41999999999999993,26,False
2039,Älvdalen,2014,2.06,False,1.88,0.18000000000000016,26,False
2039,Älvdalen,2015,1.45,False,1.85,-0.40000000000000013,26,False
2039,Älvdalen,2016,1.5,False,1.85,-0.3500000000000001,26,False
2039,Älvdalen,2017,1.68,False,1.78,-0.10000000000000009,26,False
2039,Älvdalen,2018,2.11,False,1.75,0.3599999999999999,26,False
2039,Älvdalen,2019,1.41,False,1.7,-0.29000000000000004,26,False
2039,Älvdalen,2020,1.79,False,1.66,0.13000000000000012,26,False
2039,Älvdalen,2021,1.7,False,1.67,0.030000000000000027,26,False
2039,Älvdalen,2022,1.17,False,1.52,-0.3500000000000001,26,False
2039,Älvdalen,2023,1.41,False,1.45,-0.040000000000000036,26,False
2039,Älvdalen,2024,1.48,False,1.43,0.050000000000000044,26,False
2039,Älvdalen,2025,1.25,False,1.42,-0.16999999999999993,26,False
2061,Smedjebacken,2000,1.69,False,1.54,0.1499999999999999,26,False
2061,Smedjebacken,2001,1.28,False,1.57,-0.29000000000000004,26,False
2061,Smedjebacken,2002,1.66,False,1.65,0.010000000000000009,26,False
2061,Smedjebacken,2003,1.29,False,1.71,-0.41999999999999993,26,False
2061,Smedjebacken,2004,2.13,False,1.75,0.3799999999999999,26,False
2061,Smedjebacken,2005,2.16,False,1.77,0.3900000000000001,26,False
2061,Smedjebacken,2006,1.75,False,1.85,-0.10000000000000009,26,False
2061,Smedjebacken,2007,1.95,False,1.88,0.07000000000000006,26,False
2061,Smedjebacken,2008,2.25,False,1.91,0.3400000000000001,26,False
2061,Smedjebacken,2009,2.03,False,1.93,0.09999999999999987,26,False
2061,Smedjebacken,2010,2.05,False,1.98,0.06999999999999984,26,False
2061,Smedjebacken,2011,2.11,False,1.9,0.20999999999999996,26,False
2061,Smedjebacken,2012,2.2,False,1.9,0.30000000000000027,26,False
2061,Smedjebacken,2013,2.07,False,1.89,0.17999999999999994,26,False
2061,Smedjebacken,2014,1.98,False,1.88,0.10000000000000009,26,False
2061,Smedjebacken,2015,2.21,False,1.85,0.3599999999999999,26,False
2061,Smedjebacken,2016,2.29,False,1.85,0.43999999999999995,26,False
2061,Smedjebacken,2017,2.04,False,1.78,0.26,26,False
2061,Smedjebacken,2018,1.94,False,1.75,0.18999999999999995,26,False
2061,Smedjebacken,2019,1.88,False,1.7,0.17999999999999994,26,False
2061,Smedjebacken,2020,1.84,False,1.66,0.18000000000000016,26,False
2061,Smedjebacken,2021,1.77,False,1.67,0.10000000000000009,26,False
2061,Smedjebacken,2022,1.91,False,1.52,0.3899999999999999,26,False
2061,Smedjebacken,2023,1.73,False,1.45,0.28,26,False
2061,Smedjebacken,2024,1.51,False,1.43,0.08000000000000007,26,False
2061,Smedjebacken,2025,1.35,False,1.42,-0.06999999999999984,26,False
2062,Mora,2000,1.64,False,1.54,0.09999999999999987,26,False
2062,Mora,2001,1.45,False,1.57,-0.1200000000000001,26,False
2062,Mora,2002,1.72,False,1.65,0.07000000000000006,26,False
2062,Mora,2003,1.75,False,1.71,0.040000000000000036,26,False
2062,Mora,2004,1.65,False,1.75,-0.10000000000000009,26,False
2062,Mora,2005,2.15,False,1.77,0.3799999999999999,26,False
2062,Mora,2006,1.93,False,1.85,0.07999999999999985,26,False
2062,Mora,2007,2.04,False,1.88,0.16000000000000014,26,False
2062,Mora,2008,1.93,False,1.91,0.020000000000000018,26,False
2062,Mora,2009,2.21,False,1.93,0.28,26,False
2062,Mora,2010,1.92,False,1.98,-0.06000000000000005,26,False
2062,Mora,2011,2.07,False,1.9,0.16999999999999993,26,False
2062,Mora,2012,1.83,False,1.9,-0.06999999999999984,26,False
2062,Mora,2013,1.72,False,1.89,-0.16999999999999993,26,False
2062,Mora,2014,1.73,False,1.88,-0.1499999999999999,26,False
2062,Mora,2015,1.55,False,1.85,-0.30000000000000004,26,False
2062,Mora,2016,1.87,False,1.85,0.020000000000000018,26,False
2062,Mora,2017,1.7,False,1.78,-0.08000000000000007,26,False
2062,Mora,2018,1.77,False,1.75,0.020000000000000018,26,False
2062,Mora,2019,1.57,False,1.7,-0.1299999999999999,26,False
2062,Mora,2020,1.41,False,1.66,-0.25,26,False
2062,Mora,2021,1.64,False,1.67,-0.030000000000000027,26,False
2062,Mora,2022,1.57,False,1.52,0.050000000000000044,26,False
2062,Mora,2023,1.32,False,1.45,-0.1299999999999999,26,False
2062,Mora,2024,1.4,False,1.43,-0.030000000000000027,26,False
2062,Mora,2025,1.44,False,1.42,0.020000000000000018,26,False
2080,Falun,2000,1.62,False,1.54,0.08000000000000007,26,False
2080,Falun,2001,1.48,False,1.57,-0.09000000000000008,26,False
2080,Falun,2002,1.72,False,1.65,0.07000000000000006,26,False
2080,Falun,2003,1.73,False,1.71,0.020000000000000018,26,False
2080,Falun,2004,1.8,False,1.75,0.050000000000000044,26,False
2080,Falun,2005,1.94,False,1.77,0.16999999999999993,26,False
2080,Falun,2006,1.82,False,1.85,-0.030000000000000027,26,False
2080,Falun,2007,1.81,False,1.88,-0.06999999999999984,26,False
2080,Falun,2008,1.86,False,1.91,-0.04999999999999982,26,False
2080,Falun,2009,1.89,False,1.93,-0.040000000000000036,26,False
2080,Falun,2010,1.89,False,1.98,-0.09000000000000008,26,False
2080,Falun,2011,1.89,False,1.9,-0.010000000000000009,26,False
2080,Falun,2012,1.96,False,1.9,0.06000000000000005,26,False
2080,Falun,2013,1.71,False,1.89,-0.17999999999999994,26,False
2080,Falun,2014,1.92,False,1.88,0.040000000000000036,26,False
2080,Falun,2015,1.9,False,1.85,0.04999999999999982,26,False
2080,Falun,2016,1.88,False,1.85,0.029999999999999805,26,False
2080,Falun,2017,1.8,False,1.78,0.020000000000000018,26,False
2080,Falun,2018,1.83,False,1.75,0.08000000000000007,26,False
2080,Falun,2019,1.7,False,1.7,0.0,26,False
2080,Falun,2020,1.75,False,1.66,0.09000000000000008,26,False
2080,Falun,2021,1.67,False,1.67,0.0,26,False
2080,Falun,2022,1.6,False,1.52,0.08000000000000007,26,False
2080,Falun,2023,1.55,False,1.45,0.10000000000000009,26,False
2080,Falun,2024,1.5,False,1.43,0.07000000000000006,26,False
2080,Falun,2025,1.48,False,1.42,0.06000000000000005,26,False
2081,Borlänge,2000,1.46,False,1.54,-0.08000000000000007,26,False
2081,Borlänge,2001,1.56,False,1.57,-0.010000000000000009,26,False
2081,Borlänge,2002,1.68,False,1.65,0.030000000000000027,26,False
2081,Borlänge,2003,1.83,False,1.71,0.1200000000000001,26,False
2081,Borlänge,2004,1.78,False,1.75,0.030000000000000027,26,False
2081,Borlänge,2005,1.9,False,1.77,0.1299999999999999,26,False
2081,Borlänge,2006,1.95,False,1.85,0.09999999999999987,26,False
2081,Borlänge,2007,2.03,False,1.88,0.1499999999999999,26,False
2081,Borlänge,2008,2.13,False,1.91,0.21999999999999997,26,False
2081,Borlänge,2009,2.0,False,1.93,0.07000000000000006,26,False
2081,Borlänge,2010,2.16,False,1.98,0.18000000000000016,26,False
2081,Borlänge,2011,1.97,False,1.9,0.07000000000000006,26,False
2081,Borlänge,2012,1.95,False,1.9,0.050000000000000044,26,False
2081,Borlänge,2013,2.0,False,1.89,0.1100000000000001,26,False
2081,Borlänge,2014,2.14,False,1.88,0.26000000000000023,26,False
2081,Borlänge,2015,2.03,False,1.85,0.17999999999999972,26,False
2081,Borlänge,2016,2.06,False,1.85,0.20999999999999996,26,False
2081,Borlänge,2017,1.88,False,1.78,0.09999999999999987,26,False
2081,Borlänge,2018,2.04,False,1.75,0.29000000000000004,26,False
2081,Borlänge,2019,1.99,False,1.7,0.29000000000000004,26,False
2081,Borlänge,2020,1.73,False,1.66,0.07000000000000006,26,False
2081,Borlänge,2021,1.77,False,1.67,0.10000000000000009,26,False
2081,Borlänge,2022,1.63,False,1.52,0.10999999999999988,26,False
2081,Borlänge,2023,1.47,False,1.45,0.020000000000000018,26,False
2081,Borlänge,2024,1.48,False,1.43,0.050000000000000044,26,False
2081,Borlänge,2025,1.45,False,1.42,0.030000000000000027,26,False
2082,Säter,2000,1.79,False,1.54,0.25,26,False
2082,Säter,2001,1.42,False,1.57,-0.15000000000000013,26,False
2082,Säter,2002,1.79,False,1.65,0.14000000000000012,26,False
2082,Säter,2003,1.85,False,1.71,0.14000000000000012,26,False
2082,Säter,2004,2.12,False,1.75,0.3700000000000001,26,False
2082,Säter,2005,1.8,False,1.77,0.030000000000000027,26,False
2082,Säter,2006,2.17,False,1.85,0.31999999999999984,26,False
2082,Säter,2007,1.82,False,1.88,-0.05999999999999983,26,False
2082,Säter,2008,2.35,False,1.91,0.44000000000000017,26,False
2082,Säter,2009,2.07,False,1.93,0.1399999999999999,26,False
2082,Säter,2010,2.31,False,1.98,0.33000000000000007,26,False
2082,Säter,2011,2.17,False,1.9,0.27,26,False
2082,Säter,2012,1.78,False,1.9,-0.11999999999999988,26,False
2082,Säter,2013,2.11,False,1.89,0.21999999999999997,26,False
2082,Säter,2014,1.9,False,1.88,0.020000000000000018,26,False
2082,Säter,2015,1.79,False,1.85,-0.06000000000000005,26,False
2082,Säter,2016,2.26,False,1.85,0.4099999999999997,26,False
2082,Säter,2017,2.15,False,1.78,0.3699999999999999,26,False
2082,Säter,2018,1.77,False,1.75,0.020000000000000018,26,False
2082,Säter,2019,1.66,False,1.7,-0.040000000000000036,26,False
2082,Säter,2020,1.94,False,1.66,0.28,26,False
2082,Säter,2021,1.93,False,1.67,0.26,26,False
2082,Säter,2022,1.85,False,1.52,0.33000000000000007,26,False
2082,Säter,2023,1.84,False,1.45,0.3900000000000001,26,False
2082,Säter,2024,1.8,False,1.43,0.3700000000000001,26,False
2082,Säter,2025,1.79,False,1.42,0.3700000000000001,26,False
2083,Hedemora,2000,1.51,False,1.54,-0.030000000000000027,26,False
2083,Hedemora,2001,1.95,False,1.57,0.3799999999999999,26,False
2083,Hedemora,2002,1.51,False,1.65,-0.1399999999999999,26,False
2083,Hedemora,2003,1.87,False,1.71,0.16000000000000014,26,False
2083,Hedemora,2004,1.95,False,1.75,0.19999999999999996,26,False
2083,Hedemora,2005,2.07,False,1.77,0.2999999999999998,26,False
2083,Hedemora,2006,1.61,False,1.85,-0.24,26,False
2083,Hedemora,2007,2.14,False,1.88,0.26000000000000023,26,False
2083,Hedemora,2008,2.23,False,1.91,0.32000000000000006,26,False
2083,Hedemora,2009,2.01,False,1.93,0.07999999999999985,26,False
2083,Hedemora,2010,2.14,False,1.98,0.16000000000000014,26,False
2083,Hedemora,2011,1.76,False,1.9,-0.1399999999999999,26,False
2083,Hedemora,2012,2.19,False,1.9,0.29000000000000004,26,False
2083,Hedemora,2013,1.84,False,1.89,-0.04999999999999982,26,False
2083,Hedemora,2014,1.59,False,1.88,-0.2899999999999998,26,False
2083,Hedemora,2015,2.23,False,1.85,0.3799999999999999,26,False
2083,Hedemora,2016,1.86,False,1.85,0.010000000000000009,26,False
2083,Hedemora,2017,2.21,False,1.78,0.42999999999999994,26,False
2083,Hedemora,2018,2.16,False,1.75,0.41000000000000014,26,False
2083,Hedemora,2019,2.06,False,1.7,0.3600000000000001,26,False
2083,Hedemora,2020,2.24,False,1.66,0.5800000000000003,26,False
2083,Hedemora,2021,1.75,False,1.67,0.08000000000000007,26,False
2083,Hedemora,2022,1.73,False,1.52,0.20999999999999996,26,False
2083,Hedemora,2023,1.54,False,1.45,0.09000000000000008,26,False
2083,Hedemora,2024,1.68,False,1.43,0.25,26,False
2083,Hedemora,2025,1.39,False,1.42,-0.030000000000000027,26,False
2084,Avesta,2000,1.48,False,1.54,-0.06000000000000005,26,False
2084,Avesta,2001,1.5,False,1.57,-0.07000000000000006,26,False
2084,Avesta,2002,1.42,False,1.65,-0.22999999999999998,26,False
2084,Avesta,2003,1.57,False,1.71,-0.1399999999999999,26,False
2084,Avesta,2004,1.85,False,1.75,0.10000000000000009,26,False
2084,Avesta,2005,1.68,False,1.77,-0.09000000000000008,26,False
2084,Avesta,2006,1.59,False,1.85,-0.26,26,False
2084,Avesta,2007,2.03,False,1.88,0.1499999999999999,26,False
2084,Avesta,2008,1.65,False,1.91,-0.26,26,False
2084,Avesta,2009,1.6,False,1.93,-0.32999999999999985,26,False
2084,Avesta,2010,2.12,False,1.98,0.14000000000000012,26,False
2084,Avesta,2011,1.79,False,1.9,-0.10999999999999988,26,False
2084,Avesta,2012,1.88,False,1.9,-0.020000000000000018,26,False
2084,Avesta,2013,1.83,False,1.89,-0.05999999999999983,26,False
2084,Avesta,2014,1.96,False,1.88,0.08000000000000007,26,False
2084,Avesta,2015,1.97,False,1.85,0.11999999999999988,26,False
2084,Avesta,2016,2.16,False,1.85,0.31000000000000005,26,False
2084,Avesta,2017,1.92,False,1.78,0.1399999999999999,26,False
2084,Avesta,2018,2.34,False,1.75,0.5899999999999999,26,False
2084,Avesta,2019,1.95,False,1.7,0.25,26,False
2084,Avesta,2020,1.83,False,1.66,0.17000000000000015,26,False
2084,Avesta,2021,2.09,False,1.67,0.41999999999999993,26,False
2084,Avesta,2022,1.71,False,1.52,0.18999999999999995,26,False
2084,Avesta,2023,1.65,False,1.45,0.19999999999999996,26,False
2084,Avesta,2024,1.44,False,1.43,0.010000000000000009,26,False
2084,Avesta,2025,1.62,False,1.42,0.20000000000000018,26,False
2085,Ludvika,2000,1.53,False,1.54,-0.010000000000000009,26,False
2085,Ludvika,2001,1.6,False,1.57,0.030000000000000027,26,False
2085,Ludvika,2002,1.89,False,1.65,0.24,26,False
2085,Ludvika,2003,1.94,False,1.71,0.22999999999999998,26,False
2085,Ludvika,2004,1.79,False,1.75,0.040000000000000036,26,False
2085,Ludvika,2005,2.05,False,1.77,0.2799999999999998,26,False
2085,Ludvika,2006,1.8,False,1.85,-0.050000000000000044,26,False
2085,Ludvika,2007,2.12,False,1.88,0.2400000000000002,26,False
2085,Ludvika,2008,1.96,False,1.91,0.050000000000000044,26,False
2085,Ludvika,2009,2.09,False,1.93,0.15999999999999992,26,False
2085,Ludvika,2010,2.04,False,1.98,0.06000000000000005,26,False
2085,Ludvika,2011,2.1,False,1.9,0.20000000000000018,26,False
2085,Ludvika,2012,2.35,False,1.9,0.4500000000000002,26,False
2085,Ludvika,2013,2.26,False,1.89,0.3699999999999999,26,False
2085,Ludvika,2014,2.22,False,1.88,0.3400000000000003,26,False
2085,Ludvika,2015,2.28,False,1.85,0.4299999999999997,26,False
2085,Ludvika,2016,2.33,False,1.85,0.48,26,False
2085,Ludvika,2017,2.31,False,1.78,0.53,26,False
2085,Ludvika,2018,1.97,False,1.75,0.21999999999999997,26,False
2085,Ludvika,2019,2.29,False,1.7,0.5900000000000001,26,False
2085,Ludvika,2020,2.02,False,1.66,0.3600000000000001,26,False
2085,Ludvika,2021,2.06,False,1.67,0.3900000000000001,26,False
2085,Ludvika,2022,1.68,False,1.52,0.15999999999999992,26,False
2085,Ludvika,2023,1.63,False,1.45,0.17999999999999994,26,False
2085,Ludvika,2024,1.69,False,1.43,0.26,26,False
2085,Ludvika,2025,1.41,False,1.42,-0.010000000000000009,26,False
2101,Ockelbo,2000,1.64,False,1.54,0.09999999999999987,26,False
2101,Ockelbo,2001,1.71,False,1.57,0.1399999999999999,26,False
2101,Ockelbo,2002,1.63,False,1.65,-0.020000000000000018,26,False
2101,Ockelbo,2003,2.34,False,1.71,0.6299999999999999,26,False
2101,Ockelbo,2004,2.15,False,1.75,0.3999999999999999,26,False
2101,Ockelbo,2005,1.42,False,1.77,-0.3500000000000001,26,False
2101,Ockelbo,2006,2.27,False,1.85,0.41999999999999993,26,False
2101,Ockelbo,2007,1.83,False,1.88,-0.04999999999999982,26,False
2101,Ockelbo,2008,2.49,False,1.91,0.5800000000000003,26,False
2101,Ockelbo,2009,1.9,False,1.93,-0.030000000000000027,26,False
2101,Ockelbo,2010,1.74,False,1.98,-0.24,26,False
2101,Ockelbo,2011,1.59,False,1.9,-0.30999999999999983,26,False
2101,Ockelbo,2012,2.1,False,1.9,0.20000000000000018,26,False
2101,Ockelbo,2013,1.91,False,1.89,0.020000000000000018,26,False
2101,Ockelbo,2014,1.6,False,1.88,-0.2799999999999998,26,False
2101,Ockelbo,2015,2.12,False,1.85,0.27,26,False
2101,Ockelbo,2016,1.17,False,1.85,-0.6800000000000002,26,False
2101,Ockelbo,2017,1.58,False,1.78,-0.19999999999999996,26,False
2101,Ockelbo,2018,2.02,False,1.75,0.27,26,False
2101,Ockelbo,2019,2.09,False,1.7,0.3899999999999999,26,False
2101,Ockelbo,2020,1.97,False,1.66,0.31000000000000005,26,False
2101,Ockelbo,2021,1.94,False,1.67,0.27,26,False
2101,Ockelbo,2022,1.62,False,1.52,0.10000000000000009,26,False
2101,Ockelbo,2023,1.73,False,1.45,0.28,26,False
2101,Ockelbo,2024,1.75,False,1.43,0.32000000000000006,26,False
2101,Ockelbo,2025,1.57,False,1.42,0.15000000000000013,26,False
2104,Hofors,2000,1.82,False,1.54,0.28,26,False
2104,Hofors,2001,1.72,False,1.57,0.1499999999999999,26,False
2104,Hofors,2002,1.66,False,1.65,0.010000000000000009,26,False
2104,Hofors,2003,1.72,False,1.71,0.010000000000000009,26,False
2104,Hofors,2004,2.06,False,1.75,0.31000000000000005,26,False
2104,Hofors,2005,1.73,False,1.77,-0.040000000000000036,26,False
2104,Hofors,2006,2.23,False,1.85,0.3799999999999999,26,False
2104,Hofors,2007,2.15,False,1.88,0.27,26,False
2104,Hofors,2008,2.08,False,1.91,0.17000000000000015,26,False
2104,Hofors,2009,2.22,False,1.93,0.29000000000000026,26,False
2104,Hofors,2010,2.41,False,1.98,0.43000000000000016,26,False
2104,Hofors,2011,2.13,False,1.9,0.22999999999999998,26,False
2104,Hofors,2012,2.0,False,1.9,0.10000000000000009,26,False
2104,Hofors,2013,1.82,False,1.89,-0.06999999999999984,26,False
2104,Hofors,2014,2.2,False,1.88,0.3200000000000003,26,False
2104,Hofors,2015,2.18,False,1.85,0.33000000000000007,26,False
2104,Hofors,2016,2.17,False,1.85,0.31999999999999984,26,False
2104,Hofors,2017,1.9,False,1.78,0.11999999999999988,26,False
2104,Hofors,2018,1.79,False,1.75,0.040000000000000036,26,False
2104,Hofors,2019,1.85,False,1.7,0.15000000000000013,26,False
2104,Hofors,2020,1.66,False,1.66,0.0,26,False
2104,Hofors,2021,1.74,False,1.67,0.07000000000000006,26,False
2104,Hofors,2022,1.56,False,1.52,0.040000000000000036,26,False
2104,Hofors,2023,1.44,False,1.45,-0.010000000000000009,26,False
2104,Hofors,2024,1.43,False,1.43,0.0,26,False
2104,Hofors,2025,1.66,False,1.42,0.24,26,False
2121,Ovanåker,2000,1.75,False,1.54,0.20999999999999996,26,False
2121,Ovanåker,2001,1.76,False,1.57,0.18999999999999995,26,False
2121,Ovanåker,2002,1.61,False,1.65,-0.039999999999999813,26,False
2121,Ovanåker,2003,1.63,False,1.71,-0.08000000000000007,26,False
2121,Ovanåker,2004,1.74,False,1.75,-0.010000000000000009,26,False
2121,Ovanåker,2005,2.08,False,1.77,0.31000000000000005,26,False
2121,Ovanåker,2006,1.83,False,1.85,-0.020000000000000018,26,False
2121,Ovanåker,2007,2.41,False,1.88,0.5300000000000002,26,False
2121,Ovanåker,2008,2.12,False,1.91,0.2100000000000002,26,False
2121,Ovanåker,2009,2.16,False,1.93,0.2300000000000002,26,False
2121,Ovanåker,2010,2.08,False,1.98,0.10000000000000009,26,False
2121,Ovanåker,2011,2.2,False,1.9,0.30000000000000027,26,False
2121,Ovanåker,2012,2.37,False,1.9,0.4700000000000002,26,False
2121,Ovanåker,2013,2.28,False,1.89,0.3899999999999999,26,False
2121,Ovanåker,2014,1.79,False,1.88,-0.08999999999999986,26,False
2121,Ovanåker,2015,2.14,False,1.85,0.29000000000000004,26,False
2121,Ovanåker,2016,2.12,False,1.85,0.27,26,False
2121,Ovanåker,2017,1.98,False,1.78,0.19999999999999996,26,False
2121,Ovanåker,2018,2.14,False,1.75,0.3900000000000001,26,False
2121,Ovanåker,2019,2.22,False,1.7,0.5200000000000002,26,False
2121,Ovanåker,2020,2.21,False,1.66,0.55,26,False
2121,Ovanåker,2021,2.12,False,1.67,0.4500000000000002,26,False
2121,Ovanåker,2022,1.77,False,1.52,0.25,26,False
2121,Ovanåker,2023,1.92,False,1.45,0.47,26,False
2121,Ovanåker,2024,1.41,False,1.43,-0.020000000000000018,26,False
2121,Ovanåker,2025,1.58,False,1.42,0.16000000000000014,26,False
2132,Nordanstig,2000,1.54,False,1.54,0.0,26,False
2132,Nordanstig,2001,1.33,False,1.57,-0.24,26,False
2132,Nordanstig,2002,1.63,False,1.65,-0.020000000000000018,26,False
2132,Nordanstig,2003,2.57,False,1.71,0.8599999999999999,26,False
2132,Nordanstig,2004,2.11,False,1.75,0.3599999999999999,26,False
2132,Nordanstig,2005,2.08,False,1.77,0.31000000000000005,26,False
2132,Nordanstig,2006,1.96,False,1.85,0.10999999999999988,26,False
2132,Nordanstig,2007,2.38,False,1.88,0.5,26,False
2132,Nordanstig,2008,2.18,False,1.91,0.27000000000000024,26,False
2132,Nordanstig,2009,2.52,False,1.93,0.5900000000000001,26,False
2132,Nordanstig,2010,2.61,False,1.98,0.6299999999999999,26,False
2132,Nordanstig,2011,2.12,False,1.9,0.2200000000000002,26,False
2132,Nordanstig,2012,2.14,False,1.9,0.2400000000000002,26,False
2132,Nordanstig,2013,2.15,False,1.89,0.26,26,False
2132,Nordanstig,2014,1.84,False,1.88,-0.039999999999999813,26,False
2132,Nordanstig,2015,1.71,False,1.85,-0.14000000000000012,26,False
2132,Nordanstig,2016,2.08,False,1.85,0.22999999999999998,26,False
2132,Nordanstig,2017,2.26,False,1.78,0.47999999999999976,26,False
2132,Nordanstig,2018,1.96,False,1.75,0.20999999999999996,26,False
2132,Nordanstig,2019,1.74,False,1.7,0.040000000000000036,26,False
2132,Nordanstig,2020,2.04,False,1.66,0.3800000000000001,26,False
2132,Nordanstig,2021,1.56,False,1.67,-0.10999999999999988,26,False
2132,Nordanstig,2022,2.13,False,1.52,0.6099999999999999,26,False
2132,Nordanstig,2023,1.58,False,1.45,0.13000000000000012,26,False
2132,Nordanstig,2024,1.82,False,1.43,0.3900000000000001,26,False
2132,Nordanstig,2025,1.8,False,1.42,0.3800000000000001,26,False
2161,Ljusdal,2000,1.79,False,1.54,0.25,26,False
2161,Ljusdal,2001,1.79,False,1.57,0.21999999999999997,26,False
2161,Ljusdal,2002,1.98,False,1.65,0.33000000000000007,26,False
2161,Ljusdal,2003,2.08,False,1.71,0.3700000000000001,26,False
2161,Ljusdal,2004,1.92,False,1.75,0.16999999999999993,26,False
2161,Ljusdal,2005,2.11,False,1.77,0.33999999999999986,26,False
2161,Ljusdal,2006,2.12,False,1.85,0.27,26,False
2161,Ljusdal,2007,2.45,False,1.88,0.5700000000000003,26,False
2161,Ljusdal,2008,1.87,False,1.91,-0.039999999999999813,26,False
2161,Ljusdal,2009,2.08,False,1.93,0.15000000000000013,26,False
2161,Ljusdal,2010,2.05,False,1.98,0.06999999999999984,26,False
2161,Ljusdal,2011,1.93,False,1.9,0.030000000000000027,26,False
2161,Ljusdal,2012,1.92,False,1.9,0.020000000000000018,26,False
2161,Ljusdal,2013,1.89,False,1.89,0.0,26,False
2161,Ljusdal,2014,1.83,False,1.88,-0.04999999999999982,26,False
2161,Ljusdal,2015,1.95,False,1.85,0.09999999999999987,26,False
2161,Ljusdal,2016,1.97,False,1.85,0.11999999999999988,26,False
2161,Ljusdal,2017,1.85,False,1.78,0.07000000000000006,26,False
2161,Ljusdal,2018,1.97,False,1.75,0.21999999999999997,26,False
2161,Ljusdal,2019,1.59,False,1.7,-0.10999999999999988,26,False
2161,Ljusdal,2020,1.84,False,1.66,0.18000000000000016,26,False
2161,Ljusdal,2021,1.74,False,1.67,0.07000000000000006,26,False
2161,Ljusdal,2022,1.6,False,1.52,0.08000000000000007,26,False
2161,Ljusdal,2023,1.39,False,1.45,-0.06000000000000005,26,False
2161,Ljusdal,2024,1.56,False,1.43,0.13000000000000012,26,False
2161,Ljusdal,2025,1.56,False,1.42,0.14000000000000012,26,False
2180,Gävle,2000,1.36,False,1.54,-0.17999999999999994,26,False
2180,Gävle,2001,1.53,False,1.57,-0.040000000000000036,26,False
2180,Gävle,2002,1.54,False,1.65,-0.10999999999999988,26,False
2180,Gävle,2003,1.63,False,1.71,-0.08000000000000007,26,False
2180,Gävle,2004,1.68,False,1.75,-0.07000000000000006,26,False
2180,Gävle,2005,1.62,False,1.77,-0.1499999999999999,26,False
2180,Gävle,2006,1.73,False,1.85,-0.1200000000000001,26,False
2180,Gävle,2007,1.66,False,1.88,-0.21999999999999997,26,False
2180,Gävle,2008,1.84,False,1.91,-0.06999999999999984,26,False
2180,Gävle,2009,1.91,False,1.93,-0.020000000000000018,26,False
2180,Gävle,2010,1.86,False,1.98,-0.11999999999999988,26,False
2180,Gävle,2011,1.84,False,1.9,-0.05999999999999983,26,False
2180,Gävle,2012,1.89,False,1.9,-0.010000000000000009,26,False
2180,Gävle,2013,1.77,False,1.89,-0.11999999999999988,26,False
2180,Gävle,2014,1.87,False,1.88,-0.009999999999999787,26,False
2180,Gävle,2015,1.84,False,1.85,-0.010000000000000009,26,False
2180,Gävle,2016,1.76,False,1.85,-0.09000000000000008,26,False
2180,Gävle,2017,1.77,False,1.78,-0.010000000000000009,26,False
2180,Gävle,2018,1.82,False,1.75,0.07000000000000006,26,False
2180,Gävle,2019,1.69,False,1.7,-0.010000000000000009,26,False
2180,Gävle,2020,1.56,False,1.66,-0.09999999999999987,26,False
2180,Gävle,2021,1.62,False,1.67,-0.04999999999999982,26,False
2180,Gävle,2022,1.44,False,1.52,-0.08000000000000007,26,False
2180,Gävle,2023,1.35,False,1.45,-0.09999999999999987,26,False
2180,Gävle,2024,1.4,False,1.43,-0.030000000000000027,26,False
2180,Gävle,2025,1.33,False,1.42,-0.08999999999999986,26,False
2181,Sandviken,2000,1.6,False,1.54,0.06000000000000005,26,False
2181,Sandviken,2001,1.47,False,1.57,-0.10000000000000009,26,False
2181,Sandviken,2002,1.61,False,1.65,-0.039999999999999813,26,False
2181,Sandviken,2003,1.84,False,1.71,0.13000000000000012,26,False
2181,Sandviken,2004,1.88,False,1.75,0.1299999999999999,26,False
2181,Sandviken,2005,1.8,False,1.77,0.030000000000000027,26,False
2181,Sandviken,2006,1.88,False,1.85,0.029999999999999805,26,False
2181,Sandviken,2007,2.01,False,1.88,0.1299999999999999,26,False
2181,Sandviken,2008,1.66,False,1.91,-0.25,26,False
2181,Sandviken,2009,1.84,False,1.93,-0.08999999999999986,26,False
2181,Sandviken,2010,1.88,False,1.98,-0.10000000000000009,26,False
2181,Sandviken,2011,1.77,False,1.9,-0.1299999999999999,26,False
2181,Sandviken,2012,1.97,False,1.9,0.07000000000000006,26,False
2181,Sandviken,2013,2.01,False,1.89,0.11999999999999988,26,False
2181,Sandviken,2014,2.02,False,1.88,0.14000000000000012,26,False
2181,Sandviken,2015,1.86,False,1.85,0.010000000000000009,26,False
2181,Sandviken,2016,1.98,False,1.85,0.1299999999999999,26,False
2181,Sandviken,2017,1.89,False,1.78,0.10999999999999988,26,False
2181,Sandviken,2018,1.96,False,1.75,0.20999999999999996,26,False
2181,Sandviken,2019,1.74,False,1.7,0.040000000000000036,26,False
2181,Sandviken,2020,1.73,False,1.66,0.07000000000000006,26,False
2181,Sandviken,2021,1.61,False,1.67,-0.05999999999999983,26,False
2181,Sandviken,2022,1.46,False,1.52,-0.06000000000000005,26,False
2181,Sandviken,2023,1.5,False,1.45,0.050000000000000044,26,False
2181,Sandviken,2024,1.43,False,1.43,0.0,26,False
2181,Sandviken,2025,1.45,False,1.42,0.030000000000000027,26,False
2182,Söderhamn,2000,1.69,False,1.54,0.1499999999999999,26,False
2182,Söderhamn,2001,1.7,False,1.57,0.1299999999999999,26,False
2182,Söderhamn,2002,1.72,False,1.65,0.07000000000000006,26,False
2182,Söderhamn,2003,1.65,False,1.71,-0.06000000000000005,26,False
2182,Söderhamn,2004,1.55,False,1.75,-0.19999999999999996,26,False
2182,Söderhamn,2005,1.68,False,1.77,-0.09000000000000008,26,False
2182,Söderhamn,2006,1.99,False,1.85,0.1399999999999999,26,False
2182,Söderhamn,2007,1.77,False,1.88,-0.10999999999999988,26,False
2182,Söderhamn,2008,1.95,False,1.91,0.040000000000000036,26,False
2182,Söderhamn,2009,1.78,False,1.93,-0.1499999999999999,26,False
2182,Söderhamn,2010,2.22,False,1.98,0.2400000000000002,26,False
2182,Söderhamn,2011,1.99,False,1.9,0.09000000000000008,26,False
2182,Söderhamn,2012,2.13,False,1.9,0.22999999999999998,26,False
2182,Söderhamn,2013,2.08,False,1.89,0.19000000000000017,26,False
2182,Söderhamn,2014,2.15,False,1.88,0.27,26,False
2182,Söderhamn,2015,2.21,False,1.85,0.3599999999999999,26,False
2182,Söderhamn,2016,1.97,False,1.85,0.11999999999999988,26,False
2182,Söderhamn,2017,1.79,False,1.78,0.010000000000000009,26,False
2182,Söderhamn,2018,2.33,False,1.75,0.5800000000000001,26,False
2182,Söderhamn,2019,2.0,False,1.7,0.30000000000000004,26,False
2182,Söderhamn,2020,1.83,False,1.66,0.17000000000000015,26,False
2182,Söderhamn,2021,1.95,False,1.67,0.28,26,False
2182,Söderhamn,2022,1.67,False,1.52,0.1499999999999999,26,False
2182,Söderhamn,2023,1.39,False,1.45,-0.06000000000000005,26,False
2182,Söderhamn,2024,1.47,False,1.43,0.040000000000000036,26,False
2182,Söderhamn,2025,1.61,False,1.42,0.19000000000000017,26,False
2183,Bollnäs,2000,1.61,False,1.54,0.07000000000000006,26,False
2183,Bollnäs,2001,1.63,False,1.57,0.05999999999999983,26,False
2183,Bollnäs,2002,1.65,False,1.65,0.0,26,False
2183,Bollnäs,2003,1.95,False,1.71,0.24,26,False
2183,Bollnäs,2004,1.9,False,1.75,0.1499999999999999,26,False
2183,Bollnäs,2005,1.9,False,1.77,0.1299999999999999,26,False
2183,Bollnäs,2006,1.99,False,1.85,0.1399999999999999,26,False
2183,Bollnäs,2007,1.83,False,1.88,-0.04999999999999982,26,False
2183,Bollnäs,2008,1.68,False,1.91,-0.22999999999999998,26,False
2183,Bollnäs,2009,2.0,False,1.93,0.07000000000000006,26,False
2183,Bollnäs,2010,2.24,False,1.98,0.26000000000000023,26,False
2183,Bollnäs,2011,1.9,False,1.9,0.0,26,False
2183,Bollnäs,2012,2.04,False,1.9,0.14000000000000012,26,False
2183,Bollnäs,2013,1.81,False,1.89,-0.07999999999999985,26,False
2183,Bollnäs,2014,1.74,False,1.88,-0.1399999999999999,26,False
2183,Bollnäs,2015,2.0,False,1.85,0.1499999999999999,26,False
2183,Bollnäs,2016,1.99,False,1.85,0.1399999999999999,26,False
2183,Bollnäs,2017,1.98,False,1.78,0.19999999999999996,26,False
2183,Bollnäs,2018,2.27,False,1.75,0.52,26,False
2183,Bollnäs,2019,2.07,False,1.7,0.3699999999999999,26,False
2183,Bollnäs,2020,1.81,False,1.66,0.15000000000000013,26,False
2183,Bollnäs,2021,1.78,False,1.67,0.1100000000000001,26,False
2183,Bollnäs,2022,1.6,False,1.52,0.08000000000000007,26,False
2183,Bollnäs,2023,1.47,False,1.45,0.020000000000000018,26,False
2183,Bollnäs,2024,1.52,False,1.43,0.09000000000000008,26,False
2183,Bollnäs,2025,1.59,False,1.42,0.17000000000000015,26,False
2184,Hudiksvall,2000,1.65,False,1.54,0.10999999999999988,26,False
2184,Hudiksvall,2001,1.52,False,1.57,-0.050000000000000044,26,False
2184,Hudiksvall,2002,1.86,False,1.65,0.2100000000000002,26,False
2184,Hudiksvall,2003,1.86,False,1.71,0.15000000000000013,26,False
2184,Hudiksvall,2004,1.93,False,1.75,0.17999999999999994,26,False
2184,Hudiksvall,2005,1.85,False,1.77,0.08000000000000007,26,False
2184,Hudiksvall,2006,2.14,False,1.85,0.29000000000000004,26,False
2184,Hudiksvall,2007,2.0,False,1.88,0.1200000000000001,26,False
2184,Hudiksvall,2008,1.96,False,1.91,0.050000000000000044,26,False
2184,Hudiksvall,2009,2.01,False,1.93,0.07999999999999985,26,False
2184,Hudiksvall,2010,2.02,False,1.98,0.040000000000000036,26,False
2184,Hudiksvall,2011,1.95,False,1.9,0.050000000000000044,26,False
2184,Hudiksvall,2012,2.03,False,1.9,0.1299999999999999,26,False
2184,Hudiksvall,2013,1.98,False,1.89,0.09000000000000008,26,False
2184,Hudiksvall,2014,1.85,False,1.88,-0.029999999999999805,26,False
2184,Hudiksvall,2015,1.88,False,1.85,0.029999999999999805,26,False
2184,Hudiksvall,2016,1.82,False,1.85,-0.030000000000000027,26,False
2184,Hudiksvall,2017,1.87,False,1.78,0.09000000000000008,26,False
2184,Hudiksvall,2018,1.64,False,1.75,-0.1100000000000001,26,False
2184,Hudiksvall,2019,1.65,False,1.7,-0.050000000000000044,26,False
2184,Hudiksvall,2020,1.62,False,1.66,-0.039999999999999813,26,False
2184,Hudiksvall,2021,1.7,False,1.67,0.030000000000000027,26,False
2184,Hudiksvall,2022,1.52,False,1.52,0.0,26,False
2184,Hudiksvall,2023,1.53,False,1.45,0.08000000000000007,26,False
2184,Hudiksvall,2024,1.36,False,1.43,-0.06999999999999984,26,False
2184,Hudiksvall,2025,1.31,False,1.42,-0.10999999999999988,26,False
2260,Ånge,2000,1.48,False,1.54,-0.06000000000000005,26,False
2260,Ånge,2001,1.6,False,1.57,0.030000000000000027,26,False
2260,Ånge,2002,1.89,False,1.65,0.24,26,False
2260,Ånge,2003,1.73,False,1.71,0.020000000000000018,26,False
2260,Ånge,2004,1.89,False,1.75,0.1399999999999999,26,False
2260,Ånge,2005,2.18,False,1.77,0.41000000000000014,26,False
2260,Ånge,2006,1.95,False,1.85,0.09999999999999987,26,False
2260,Ånge,2007,2.46,False,1.88,0.5800000000000001,26,False
2260,Ånge,2008,1.83,False,1.91,-0.07999999999999985,26,False
2260,Ånge,2009,1.64,False,1.93,-0.29000000000000004,26,False
2260,Ånge,2010,1.93,False,1.98,-0.050000000000000044,26,False
2260,Ånge,2011,1.98,False,1.9,0.08000000000000007,26,False
2260,Ånge,2012,1.63,False,1.9,-0.27,26,False
2260,Ånge,2013,1.92,False,1.89,0.030000000000000027,26,False
2260,Ånge,2014,1.84,False,1.88,-0.039999999999999813,26,False
2260,Ånge,2015,2.17,False,1.85,0.31999999999999984,26,False
2260,Ånge,2016,1.92,False,1.85,0.06999999999999984,26,False
2260,Ånge,2017,1.63,False,1.78,-0.15000000000000013,26,False
2260,Ånge,2018,2.07,False,1.75,0.31999999999999984,26,False
2260,Ånge,2019,2.19,False,1.7,0.49,26,False
2260,Ånge,2020,1.8,False,1.66,0.14000000000000012,26,False
2260,Ånge,2021,2.2,False,1.67,0.5300000000000002,26,False
2260,Ånge,2022,1.54,False,1.52,0.020000000000000018,26,False
2260,Ånge,2023,1.7,False,1.45,0.25,26,False
2260,Ånge,2024,1.22,False,1.43,-0.20999999999999996,26,False
2260,Ånge,2025,1.48,False,1.42,0.06000000000000005,26,False
2262,Timrå,2000,1.85,False,1.54,0.31000000000000005,26,False
2262,Timrå,2001,1.78,False,1.57,0.20999999999999996,26,False
2262,Timrå,2002,1.92,False,1.65,0.27,26,False
2262,Timrå,2003,1.95,False,1.71,0.24,26,False
2262,Timrå,2004,2.24,False,1.75,0.4900000000000002,26,False
2262,Timrå,2005,1.8,False,1.77,0.030000000000000027,26,False
2262,Timrå,2006,2.38,False,1.85,0.5299999999999998,26,False
2262,Timrå,2007,1.99,False,1.88,0.1100000000000001,26,False
2262,Timrå,2008,2.05,False,1.91,0.1399999999999999,26,False
2262,Timrå,2009,1.71,False,1.93,-0.21999999999999997,26,False
2262,Timrå,2010,2.11,False,1.98,0.1299999999999999,26,False
2262,Timrå,2011,2.1,False,1.9,0.20000000000000018,26,False
2262,Timrå,2012,1.88,False,1.9,-0.020000000000000018,26,False
2262,Timrå,2013,1.89,False,1.89,0.0,26,False
2262,Timrå,2014,2.16,False,1.88,0.28000000000000025,26,False
2262,Timrå,2015,1.84,False,1.85,-0.010000000000000009,26,False
2262,Timrå,2016,1.86,False,1.85,0.010000000000000009,26,False
2262,Timrå,2017,1.74,False,1.78,-0.040000000000000036,26,False
2262,Timrå,2018,1.84,False,1.75,0.09000000000000008,26,False
2262,Timrå,2019,1.87,False,1.7,0.17000000000000015,26,False
2262,Timrå,2020,1.75,False,1.66,0.09000000000000008,26,False
2262,Timrå,2021,1.73,False,1.67,0.06000000000000005,26,False
2262,Timrå,2022,1.49,False,1.52,-0.030000000000000027,26,False
2262,Timrå,2023,1.55,False,1.45,0.10000000000000009,26,False
2262,Timrå,2024,1.46,False,1.43,0.030000000000000027,26,False
2262,Timrå,2025,1.62,False,1.42,0.20000000000000018,26,False
2280,Härnösand,2000,1.61,False,1.54,0.07000000000000006,26,False
2280,Härnösand,2001,1.46,False,1.57,-0.1100000000000001,26,False
2280,Härnösand,2002,1.66,False,1.65,0.010000000000000009,26,False
2280,Härnösand,2003,1.71,False,1.71,0.0,26,False
2280,Härnösand,2004,1.83,False,1.75,0.08000000000000007,26,False
2280,Härnösand,2005,1.63,False,1.77,-0.14000000000000012,26,False
2280,Härnösand,2006,1.76,False,1.85,-0.09000000000000008,26,False
2280,Härnösand,2007,1.82,False,1.88,-0.05999999999999983,26,False
2280,Härnösand,2008,2.01,False,1.91,0.09999999999999987,26,False
2280,Härnösand,2009,1.87,False,1.93,-0.05999999999999983,26,False
2280,Härnösand,2010,2.04,False,1.98,0.06000000000000005,26,False
2280,Härnösand,2011,1.88,False,1.9,-0.020000000000000018,26,False
2280,Härnösand,2012,1.85,False,1.9,-0.04999999999999982,26,False
2280,Härnösand,2013,1.82,False,1.89,-0.06999999999999984,26,False
2280,Härnösand,2014,1.71,False,1.88,-0.16999999999999993,26,False
2280,Härnösand,2015,1.79,False,1.85,-0.06000000000000005,26,False
2280,Härnösand,2016,1.72,False,1.85,-0.13000000000000012,26,False
2280,Härnösand,2017,1.8,False,1.78,0.020000000000000018,26,False
2280,Härnösand,2018,1.98,False,1.75,0.22999999999999998,26,False
2280,Härnösand,2019,1.88,False,1.7,0.17999999999999994,26,False
2280,Härnösand,2020,1.84,False,1.66,0.18000000000000016,26,False
2280,Härnösand,2021,1.84,False,1.67,0.17000000000000015,26,False
2280,Härnösand,2022,1.85,False,1.52,0.33000000000000007,26,False
2280,Härnösand,2023,1.5,False,1.45,0.050000000000000044,26,False
2280,Härnösand,2024,1.63,False,1.43,0.19999999999999996,26,False
2280,Härnösand,2025,1.3,False,1.42,-0.11999999999999988,26,False
2281,Sundsvall,2000,1.38,False,1.54,-0.16000000000000014,26,False
2281,Sundsvall,2001,1.53,False,1.57,-0.040000000000000036,26,False
2281,Sundsvall,2002,1.66,False,1.65,0.010000000000000009,26,False
2281,Sundsvall,2003,1.84,False,1.71,0.13000000000000012,26,False
2281,Sundsvall,2004,1.81,False,1.75,0.06000000000000005,26,False
2281,Sundsvall,2005,1.87,False,1.77,0.10000000000000009,26,False
2281,Sundsvall,2006,1.83,False,1.85,-0.020000000000000018,26,False
2281,Sundsvall,2007,1.89,False,1.88,0.010000000000000009,26,False
2281,Sundsvall,2008,1.95,False,1.91,0.040000000000000036,26,False
2281,Sundsvall,2009,1.99,False,1.93,0.06000000000000005,26,False
2281,Sundsvall,2010,1.95,False,1.98,-0.030000000000000027,26,False
2281,Sundsvall,2011,1.91,False,1.9,0.010000000000000009,26,False
2281,Sundsvall,2012,1.82,False,1.9,-0.07999999999999985,26,False
2281,Sundsvall,2013,1.8,False,1.89,-0.08999999999999986,26,False
2281,Sundsvall,2014,1.72,False,1.88,-0.15999999999999992,26,False
2281,Sundsvall,2015,1.87,False,1.85,0.020000000000000018,26,False
2281,Sundsvall,2016,1.93,False,1.85,0.07999999999999985,26,False
2281,Sundsvall,2017,1.78,False,1.78,0.0,26,False
2281,Sundsvall,2018,1.83,False,1.75,0.08000000000000007,26,False
2281,Sundsvall,2019,1.75,False,1.7,0.050000000000000044,26,False
2281,Sundsvall,2020,1.63,False,1.66,-0.030000000000000027,26,False
2281,Sundsvall,2021,1.66,False,1.67,-0.010000000000000009,26,False
2281,Sundsvall,2022,1.44,False,1.52,-0.08000000000000007,26,False
2281,Sundsvall,2023,1.46,False,1.45,0.010000000000000009,26,False
2281,Sundsvall,2024,1.37,False,1.43,-0.05999999999999983,26,False
2281,Sundsvall,2025,1.34,False,1.42,-0.07999999999999985,26,False
2282,Kramfors,2000,1.74,False,1.54,0.19999999999999996,26,False
2282,Kramfors,2001,1.71,False,1.57,0.1399999999999999,26,False
2282,Kramfors,2002,1.87,False,1.65,0.2200000000000002,26,False
2282,Kramfors,2003,2.05,False,1.71,0.33999999999999986,26,False
2282,Kramfors,2004,2.07,False,1.75,0.31999999999999984,26,False
2282,Kramfors,2005,1.62,False,1.77,-0.1499999999999999,26,False
2282,Kramfors,2006,1.79,False,1.85,-0.06000000000000005,26,False
2282,Kramfors,2007,1.91,False,1.88,0.030000000000000027,26,False
2282,Kramfors,2008,1.89,False,1.91,-0.020000000000000018,26,False
2282,Kramfors,2009,1.85,False,1.93,-0.07999999999999985,26,False
2282,Kramfors,2010,1.63,False,1.98,-0.3500000000000001,26,False
2282,Kramfors,2011,1.96,False,1.9,0.06000000000000005,26,False
2282,Kramfors,2012,1.96,False,1.9,0.06000000000000005,26,False
2282,Kramfors,2013,1.77,False,1.89,-0.11999999999999988,26,False
2282,Kramfors,2014,1.94,False,1.88,0.06000000000000005,26,False
2282,Kramfors,2015,2.01,False,1.85,0.1599999999999997,26,False
2282,Kramfors,2016,2.0,False,1.85,0.1499999999999999,26,False
2282,Kramfors,2017,2.13,False,1.78,0.34999999999999987,26,False
2282,Kramfors,2018,1.96,False,1.75,0.20999999999999996,26,False
2282,Kramfors,2019,1.87,False,1.7,0.17000000000000015,26,False
2282,Kramfors,2020,1.74,False,1.66,0.08000000000000007,26,False
2282,Kramfors,2021,1.97,False,1.67,0.30000000000000004,26,False
2282,Kramfors,2022,1.59,False,1.52,0.07000000000000006,26,False
2282,Kramfors,2023,1.4,False,1.45,-0.050000000000000044,26,False
2282,Kramfors,2024,1.23,False,1.43,-0.19999999999999996,26,False
2282,Kramfors,2025,1.64,False,1.42,0.21999999999999997,26,False
2283,Sollefteå,2000,1.73,False,1.54,0.18999999999999995,26,False
2283,Sollefteå,2001,1.84,False,1.57,0.27,26,False
2283,Sollefteå,2002,1.89,False,1.65,0.24,26,False
2283,Sollefteå,2003,1.92,False,1.71,0.20999999999999996,26,False
2283,Sollefteå,2004,1.96,False,1.75,0.20999999999999996,26,False
2283,Sollefteå,2005,1.81,False,1.77,0.040000000000000036,26,False
2283,Sollefteå,2006,2.16,False,1.85,0.31000000000000005,26,False
2283,Sollefteå,2007,1.95,False,1.88,0.07000000000000006,26,False
2283,Sollefteå,2008,2.24,False,1.91,0.3300000000000003,26,False
2283,Sollefteå,2009,1.86,False,1.93,-0.06999999999999984,26,False
2283,Sollefteå,2010,2.22,False,1.98,0.2400000000000002,26,False
2283,Sollefteå,2011,2.17,False,1.9,0.27,26,False
2283,Sollefteå,2012,1.98,False,1.9,0.08000000000000007,26,False
2283,Sollefteå,2013,2.04,False,1.89,0.15000000000000013,26,False
2283,Sollefteå,2014,2.16,False,1.88,0.28000000000000025,26,False
2283,Sollefteå,2015,2.21,False,1.85,0.3599999999999999,26,False
2283,Sollefteå,2016,2.19,False,1.85,0.33999999999999986,26,False
2283,Sollefteå,2017,2.03,False,1.78,0.24999999999999978,26,False
2283,Sollefteå,2018,2.18,False,1.75,0.43000000000000016,26,False
2283,Sollefteå,2019,1.94,False,1.7,0.24,26,False
2283,Sollefteå,2020,1.7,False,1.66,0.040000000000000036,26,False
2283,Sollefteå,2021,1.8,False,1.67,0.13000000000000012,26,False
2283,Sollefteå,2022,1.43,False,1.52,-0.09000000000000008,26,False
2283,Sollefteå,2023,1.59,False,1.45,0.14000000000000012,26,False
2283,Sollefteå,2024,1.68,False,1.43,0.25,26,False
2283,Sollefteå,2025,1.61,False,1.42,0.19000000000000017,26,False
2284,Örnsköldsvik,2000,1.62,False,1.54,0.08000000000000007,26,False
2284,Örnsköldsvik,2001,1.74,False,1.57,0.16999999999999993,26,False
2284,Örnsköldsvik,2002,1.85,False,1.65,0.20000000000000018,26,False
2284,Örnsköldsvik,2003,1.78,False,1.71,0.07000000000000006,26,False
2284,Örnsköldsvik,2004,2.0,False,1.75,0.25,26,False
2284,Örnsköldsvik,2005,1.81,False,1.77,0.040000000000000036,26,False
2284,Örnsköldsvik,2006,1.97,False,1.85,0.11999999999999988,26,False
2284,Örnsköldsvik,2007,2.07,False,1.88,0.18999999999999995,26,False
2284,Örnsköldsvik,2008,2.08,False,1.91,0.17000000000000015,26,False
2284,Örnsköldsvik,2009,2.02,False,1.93,0.09000000000000008,26,False
2284,Örnsköldsvik,2010,2.19,False,1.98,0.20999999999999996,26,False
2284,Örnsköldsvik,2011,2.01,False,1.9,0.10999999999999988,26,False
2284,Örnsköldsvik,2012,2.08,False,1.9,0.18000000000000016,26,False
2284,Örnsköldsvik,2013,2.06,False,1.89,0.17000000000000015,26,False
2284,Örnsköldsvik,2014,2.13,False,1.88,0.25,26,False
2284,Örnsköldsvik,2015,1.97,False,1.85,0.11999999999999988,26,False
2284,Örnsköldsvik,2016,2.04,False,1.85,0.18999999999999995,26,False
2284,Örnsköldsvik,2017,1.94,False,1.78,0.15999999999999992,26,False
2284,Örnsköldsvik,2018,1.95,False,1.75,0.19999999999999996,26,False
2284,Örnsköldsvik,2019,1.93,False,1.7,0.22999999999999998,26,False
2284,Örnsköldsvik,2020,1.79,False,1.66,0.13000000000000012,26,False
2284,Örnsköldsvik,2021,1.89,False,1.67,0.21999999999999997,26,False
2284,Örnsköldsvik,2022,1.66,False,1.52,0.1399999999999999,26,False
2284,Örnsköldsvik,2023,1.59,False,1.45,0.14000000000000012,26,False
2284,Örnsköldsvik,2024,1.33,False,1.43,-0.09999999999999987,26,False
2284,Örnsköldsvik,2025,1.62,False,1.42,0.20000000000000018,26,False
2303,Ragunda,2000,1.53,False,1.54,-0.010000000000000009,25,True
2303,Ragunda,2001,1.82,False,1.57,0.25,25,True
2303,Ragunda,2002,1.93,False,1.65,0.28,25,True
2303,Ragunda,2003,1.92,False,1.71,0.20999999999999996,25,True
2303,Ragunda,2004,2.08,False,1.75,0.33000000000000007,25,True
2303,Ragunda,2005,1.78,False,1.77,0.010000000000000009,25,True
2303,Ragunda,2006,2.19,False,1.85,0.33999999999999986,25,True
2303,Ragunda,2007,2.33,False,1.88,0.4500000000000002,25,True
2303,Ragunda,2008,2.29,False,1.91,0.3800000000000001,25,True
2303,Ragunda,2009,2.14,False,1.93,0.2100000000000002,25,True
2303,Ragunda,2010,2.73,False,1.98,0.75,25,True
2303,Ragunda,2011,2.15,False,1.9,0.25,25,True
2303,Ragunda,2012,2.43,False,1.9,0.5300000000000002,25,True
2303,Ragunda,2013,2.15,False,1.89,0.26,25,True
2303,Ragunda,2014,1.99,False,1.88,0.1100000000000001,25,True
2303,Ragunda,2015,2.04,False,1.85,0.18999999999999995,25,True
2303,Ragunda,2016,1.4,False,1.85,-0.4500000000000002,25,True
2303,Ragunda,2017,2.29,False,1.78,0.51,25,True
2303,Ragunda,2018,1.92,False,1.75,0.16999999999999993,25,True
2303,Ragunda,2019,2.24,False,1.7,0.5400000000000003,25,True
2303,Ragunda,2020,2.02,False,1.66,0.3600000000000001,25,True
2303,Ragunda,2021,1.69,False,1.67,0.020000000000000018,25,True
2303,Ragunda,2022,1.42,False,1.52,-0.10000000000000009,25,True
2303,Ragunda,2023,1.98,False,1.45,0.53,25,True
2303,Ragunda,2024,1.69,True,1.43,0.26,25,True
2303,Ragunda,2025,1.4,False,1.42,-0.020000000000000018,25,True
2305,Bräcke,2000,1.58,False,1.54,0.040000000000000036,25,True
2305,Bräcke,2001,1.62,False,1.57,0.050000000000000044,25,True
2305,Bräcke,2002,1.7,False,1.65,0.050000000000000044,25,True
2305,Bräcke,2003,2.25,False,1.71,0.54,25,True
2305,Bräcke,2004,1.78,False,1.75,0.030000000000000027,25,True
2305,Bräcke,2005,1.94,False,1.77,0.16999999999999993,25,True
2305,Bräcke,2006,2.35,False,1.85,0.5,25,True
2305,Bräcke,2007,1.61,False,1.88,-0.2699999999999998,25,True
2305,Bräcke,2008,1.96,False,1.91,0.050000000000000044,25,True
2305,Bräcke,2009,1.94,False,1.93,0.010000000000000009,25,True
2305,Bräcke,2010,2.12,False,1.98,0.14000000000000012,25,True
2305,Bräcke,2011,1.82,False,1.9,-0.07999999999999985,25,True
2305,Bräcke,2012,2.68,False,1.9,0.7800000000000002,25,True
2305,Bräcke,2013,1.83,False,1.89,-0.05999999999999983,25,True
2305,Bräcke,2014,2.2,False,1.88,0.3200000000000003,25,True
2305,Bräcke,2015,1.99,False,1.85,0.1399999999999999,25,True
2305,Bräcke,2016,2.4,False,1.85,0.5499999999999998,25,True
2305,Bräcke,2017,2.57,False,1.78,0.7899999999999998,25,True
2305,Bräcke,2018,2.58,False,1.75,0.8300000000000001,25,True
2305,Bräcke,2019,2.37,False,1.7,0.6700000000000002,25,True
2305,Bräcke,2020,1.65,False,1.66,-0.010000000000000009,25,True
2305,Bräcke,2021,1.85,False,1.67,0.18000000000000016,25,True
2305,Bräcke,2022,1.83,False,1.52,0.31000000000000005,25,True
2305,Bräcke,2023,1.35,False,1.45,-0.09999999999999987,25,True
2305,Bräcke,2024,1.55,False,1.43,0.1200000000000001,25,True
2305,Bräcke,2025,,False,1.42,,25,True
2309,Krokom,2000,1.73,False,1.54,0.18999999999999995,26,False
2309,Krokom,2001,2.2,False,1.57,0.6300000000000001,26,False
2309,Krokom,2002,2.16,False,1.65,0.5100000000000002,26,False
2309,Krokom,2003,2.02,False,1.71,0.31000000000000005,26,False
2309,Krokom,2004,2.12,False,1.75,0.3700000000000001,26,False
2309,Krokom,2005,2.22,False,1.77,0.4500000000000002,26,False
2309,Krokom,2006,2.19,False,1.85,0.33999999999999986,26,False
2309,Krokom,2007,2.4,False,1.88,0.52,26,False
2309,Krokom,2008,2.62,False,1.91,0.7100000000000002,26,False
2309,Krokom,2009,2.46,False,1.93,0.53,26,False
2309,Krokom,2010,2.56,False,1.98,0.5800000000000001,26,False
2309,Krokom,2011,2.15,False,1.9,0.25,26,False
2309,Krokom,2012,1.87,False,1.9,-0.029999999999999805,26,False
2309,Krokom,2013,2.18,False,1.89,0.29000000000000026,26,False
2309,Krokom,2014,2.21,False,1.88,0.33000000000000007,26,False
2309,Krokom,2015,2.42,False,1.85,0.5699999999999998,26,False
2309,Krokom,2016,2.16,False,1.85,0.31000000000000005,26,False
2309,Krokom,2017,2.3,False,1.78,0.5199999999999998,26,False
2309,Krokom,2018,2.05,False,1.75,0.2999999999999998,26,False
2309,Krokom,2019,1.86,False,1.7,0.16000000000000014,26,False
2309,Krokom,2020,2.01,False,1.66,0.34999999999999987,26,False
2309,Krokom,2021,2.16,False,1.67,0.4900000000000002,26,False
2309,Krokom,2022,1.98,False,1.52,0.45999999999999996,26,False
2309,Krokom,2023,1.82,False,1.45,0.3700000000000001,26,False
2309,Krokom,2024,1.91,False,1.43,0.48,26,False
2309,Krokom,2025,2.12,False,1.42,0.7000000000000002,26,False
2313,Strömsund,2000,1.54,False,1.54,0.0,26,False
2313,Strömsund,2001,1.85,False,1.57,0.28,26,False
2313,Strömsund,2002,1.6,False,1.65,-0.04999999999999982,26,False
2313,Strömsund,2003,2.13,False,1.71,0.41999999999999993,26,False
2313,Strömsund,2004,1.99,False,1.75,0.24,26,False
2313,Strömsund,2005,1.98,False,1.77,0.20999999999999996,26,False
2313,Strömsund,2006,1.93,False,1.85,0.07999999999999985,26,False
2313,Strömsund,2007,1.72,False,1.88,-0.15999999999999992,26,False
2313,Strömsund,2008,1.94,False,1.91,0.030000000000000027,26,False
2313,Strömsund,2009,2.24,False,1.93,0.3100000000000003,26,False
2313,Strömsund,2010,2.25,False,1.98,0.27,26,False
2313,Strömsund,2011,2.44,False,1.9,0.54,26,False
2313,Strömsund,2012,2.42,False,1.9,0.52,26,False
2313,Strömsund,2013,2.34,False,1.89,0.44999999999999996,26,False
2313,Strömsund,2014,2.23,False,1.88,0.3500000000000001,26,False
2313,Strömsund,2015,2.28,False,1.85,0.4299999999999997,26,False
2313,Strömsund,2016,2.02,False,1.85,0.16999999999999993,26,False
2313,Strömsund,2017,2.44,False,1.78,0.6599999999999999,26,False
2313,Strömsund,2018,2.48,False,1.75,0.73,26,False
2313,Strömsund,2019,2.12,False,1.7,0.42000000000000015,26,False
2313,Strömsund,2020,1.93,False,1.66,0.27,26,False
2313,Strömsund,2021,1.86,False,1.67,0.19000000000000017,26,False
2313,Strömsund,2022,1.52,False,1.52,0.0,26,False
2313,Strömsund,2023,1.49,False,1.45,0.040000000000000036,26,False
2313,Strömsund,2024,1.45,False,1.43,0.020000000000000018,26,False
2313,Strömsund,2025,1.34,False,1.42,-0.07999999999999985,26,False
2321,Åre,2000,1.48,False,1.54,-0.06000000000000005,26,False
2321,Åre,2001,1.63,False,1.57,0.05999999999999983,26,False
2321,Åre,2002,1.86,False,1.65,0.2100000000000002,26,False
2321,Åre,2003,1.57,False,1.71,-0.1399999999999999,26,False
2321,Åre,2004,1.56,False,1.75,-0.18999999999999995,26,False
2321,Åre,2005,1.8,False,1.77,0.030000000000000027,26,False
2321,Åre,2006,1.73,False,1.85,-0.1200000000000001,26,False
2321,Åre,2007,1.69,False,1.88,-0.18999999999999995,26,False
2321,Åre,2008,1.8,False,1.91,-0.10999999999999988,26,False
2321,Åre,2009,1.83,False,1.93,-0.09999999999999987,26,False
2321,Åre,2010,2.08,False,1.98,0.10000000000000009,26,False
2321,Åre,2011,1.73,False,1.9,-0.16999999999999993,26,False
2321,Åre,2012,1.79,False,1.9,-0.10999999999999988,26,False
2321,Åre,2013,1.49,False,1.89,-0.3999999999999999,26,False
2321,Åre,2014,1.53,False,1.88,-0.34999999999999987,26,False
2321,Åre,2015,1.65,False,1.85,-0.20000000000000018,26,False
2321,Åre,2016,1.77,False,1.85,-0.08000000000000007,26,False
2321,Åre,2017,1.88,False,1.78,0.09999999999999987,26,False
2321,Åre,2018,1.82,False,1.75,0.07000000000000006,26,False
2321,Åre,2019,1.68,False,1.7,-0.020000000000000018,26,False
2321,Åre,2020,1.6,False,1.66,-0.05999999999999983,26,False
2321,Åre,2021,1.57,False,1.67,-0.09999999999999987,26,False
2321,Åre,2022,1.53,False,1.52,0.010000000000000009,26,False
2321,Åre,2023,1.45,False,1.45,0.0,26,False
2321,Åre,2024,1.53,False,1.43,0.10000000000000009,26,False
2321,Åre,2025,1.3,False,1.42,-0.11999999999999988,26,False
2326,Berg,2000,2.13,False,1.54,0.5899999999999999,26,False
2326,Berg,2001,1.56,False,1.57,-0.010000000000000009,26,False
2326,Berg,2002,1.94,False,1.65,0.29000000000000004,26,False
2326,Berg,2003,2.39,False,1.71,0.6800000000000002,26,False
2326,Berg,2004,2.22,False,1.75,0.4700000000000002,26,False
2326,Berg,2005,1.97,False,1.77,0.19999999999999996,26,False
2326,Berg,2006,2.43,False,1.85,0.5800000000000001,26,False
2326,Berg,2007,2.22,False,1.88,0.3400000000000003,26,False
2326,Berg,2008,2.11,False,1.91,0.19999999999999996,26,False
2326,Berg,2009,2.2,False,1.93,0.27000000000000024,26,False
2326,Berg,2010,1.96,False,1.98,-0.020000000000000018,26,False
2326,Berg,2011,2.02,False,1.9,0.1200000000000001,26,False
2326,Berg,2012,1.78,False,1.9,-0.11999999999999988,26,False
2326,Berg,2013,1.6,False,1.89,-0.2899999999999998,26,False
2326,Berg,2014,2.26,False,1.88,0.3799999999999999,26,False
2326,Berg,2015,2.43,False,1.85,0.5800000000000001,26,False
2326,Berg,2016,2.5,False,1.85,0.6499999999999999,26,False
2326,Berg,2017,2.42,False,1.78,0.6399999999999999,26,False
2326,Berg,2018,2.41,False,1.75,0.6600000000000001,26,False
2326,Berg,2019,2.39,False,1.7,0.6900000000000002,26,False
2326,Berg,2020,2.65,False,1.66,0.99,26,False
2326,Berg,2021,2.39,False,1.67,0.7200000000000002,26,False
2326,Berg,2022,1.76,False,1.52,0.24,26,False
2326,Berg,2023,1.72,False,1.45,0.27,26,False
2326,Berg,2024,1.37,False,1.43,-0.05999999999999983,26,False
2326,Berg,2025,1.59,False,1.42,0.17000000000000015,26,False
2361,Härjedalen,2000,1.66,False,1.54,0.11999999999999988,26,False
2361,Härjedalen,2001,1.62,False,1.57,0.050000000000000044,26,False
2361,Härjedalen,2002,2.04,False,1.65,0.3900000000000001,26,False
2361,Härjedalen,2003,2.04,False,1.71,0.33000000000000007,26,False
2361,Härjedalen,2004,2.0,False,1.75,0.25,26,False
2361,Härjedalen,2005,2.04,False,1.77,0.27,26,False
2361,Härjedalen,2006,1.95,False,1.85,0.09999999999999987,26,False
2361,Härjedalen,2007,1.59,False,1.88,-0.2899999999999998,26,False
2361,Härjedalen,2008,1.94,False,1.91,0.030000000000000027,26,False
2361,Härjedalen,2009,1.98,False,1.93,0.050000000000000044,26,False
2361,Härjedalen,2010,1.79,False,1.98,-0.18999999999999995,26,False
2361,Härjedalen,2011,2.0,False,1.9,0.10000000000000009,26,False
2361,Härjedalen,2012,2.06,False,1.9,0.16000000000000014,26,False
2361,Härjedalen,2013,2.02,False,1.89,0.13000000000000012,26,False
2361,Härjedalen,2014,1.66,False,1.88,-0.21999999999999997,26,False
2361,Härjedalen,2015,1.77,False,1.85,-0.08000000000000007,26,False
2361,Härjedalen,2016,1.51,False,1.85,-0.3400000000000001,26,False
2361,Härjedalen,2017,1.77,False,1.78,-0.010000000000000009,26,False
2361,Härjedalen,2018,1.63,False,1.75,-0.1200000000000001,26,False
2361,Härjedalen,2019,1.75,False,1.7,0.050000000000000044,26,False
2361,Härjedalen,2020,1.74,False,1.66,0.08000000000000007,26,False
2361,Härjedalen,2021,1.54,False,1.67,-0.1299999999999999,26,False
2361,Härjedalen,2022,1.31,False,1.52,-0.20999999999999996,26,False
2361,Härjedalen,2023,1.33,False,1.45,-0.11999999999999988,26,False
2361,Härjedalen,2024,1.49,False,1.43,0.06000000000000005,26,False
2361,Härjedalen,2025,1.62,False,1.42,0.20000000000000018,26,False
2380,Östersund,2000,1.35,False,1.54,-0.18999999999999995,26,False
2380,Östersund,2001,1.43,False,1.57,-0.14000000000000012,26,False
2380,Östersund,2002,1.48,False,1.65,-0.16999999999999993,26,False
2380,Östersund,2003,1.67,False,1.71,-0.040000000000000036,26,False
2380,Östersund,2004,1.75,False,1.75,0.0,26,False
2380,Östersund,2005,1.76,False,1.77,-0.010000000000000009,26,False
2380,Östersund,2006,1.8,False,1.85,-0.050000000000000044,26,False
2380,Östersund,2007,1.93,False,1.88,0.050000000000000044,26,False
2380,Östersund,2008,1.9,False,1.91,-0.010000000000000009,26,False
2380,Östersund,2009,1.91,False,1.93,-0.020000000000000018,26,False
2380,Östersund,2010,2.02,False,1.98,0.040000000000000036,26,False
2380,Östersund,2011,1.87,False,1.9,-0.029999999999999805,26,False
2380,Östersund,2012,1.7,False,1.9,-0.19999999999999996,26,False
2380,Östersund,2013,1.78,False,1.89,-0.10999999999999988,26,False
2380,Östersund,2014,1.86,False,1.88,-0.019999999999999796,26,False
2380,Östersund,2015,1.89,False,1.85,0.039999999999999813,26,False
2380,Östersund,2016,1.76,False,1.85,-0.09000000000000008,26,False
2380,Östersund,2017,1.82,False,1.78,0.040000000000000036,26,False
2380,Östersund,2018,1.72,False,1.75,-0.030000000000000027,26,False
2380,Östersund,2019,1.66,False,1.7,-0.040000000000000036,26,False
2380,Östersund,2020,1.5,False,1.66,-0.15999999999999992,26,False
2380,Östersund,2021,1.64,False,1.67,-0.030000000000000027,26,False
2380,Östersund,2022,1.42,False,1.52,-0.10000000000000009,26,False
2380,Östersund,2023,1.4,False,1.45,-0.050000000000000044,26,False
2380,Östersund,2024,1.42,False,1.43,-0.010000000000000009,26,False
2380,Östersund,2025,1.37,False,1.42,-0.04999999999999982,26,False
2401,Nordmaling,2000,1.7,False,1.54,0.15999999999999992,26,False
2401,Nordmaling,2001,1.97,False,1.57,0.3999999999999999,26,False
2401,Nordmaling,2002,1.98,False,1.65,0.33000000000000007,26,False
2401,Nordmaling,2003,2.27,False,1.71,0.56,26,False
2401,Nordmaling,2004,2.23,False,1.75,0.48,26,False
2401,Nordmaling,2005,2.36,False,1.77,0.5899999999999999,26,False
2401,Nordmaling,2006,2.03,False,1.85,0.17999999999999972,26,False
2401,Nordmaling,2007,1.49,False,1.88,-0.3899999999999999,26,False
2401,Nordmaling,2008,1.94,False,1.91,0.030000000000000027,26,False
2401,Nordmaling,2009,2.6,False,1.93,0.6700000000000002,26,False
2401,Nordmaling,2010,1.96,False,1.98,-0.020000000000000018,26,False
2401,Nordmaling,2011,2.19,False,1.9,0.29000000000000004,26,False
2401,Nordmaling,2012,2.16,False,1.9,0.26000000000000023,26,False
2401,Nordmaling,2013,2.11,False,1.89,0.21999999999999997,26,False
2401,Nordmaling,2014,2.32,False,1.88,0.43999999999999995,26,False
2401,Nordmaling,2015,1.74,False,1.85,-0.1100000000000001,26,False
2401,Nordmaling,2016,2.54,False,1.85,0.69,26,False
2401,Nordmaling,2017,1.92,False,1.78,0.1399999999999999,26,False
2401,Nordmaling,2018,1.84,False,1.75,0.09000000000000008,26,False
2401,Nordmaling,2019,2.08,False,1.7,0.3800000000000001,26,False
2401,Nordmaling,2020,2.01,False,1.66,0.34999999999999987,26,False
2401,Nordmaling,2021,2.06,False,1.67,0.3900000000000001,26,False
2401,Nordmaling,2022,1.92,False,1.52,0.3999999999999999,26,False
2401,Nordmaling,2023,1.64,False,1.45,0.18999999999999995,26,False
2401,Nordmaling,2024,2.03,False,1.43,0.5999999999999999,26,False
2401,Nordmaling,2025,1.37,False,1.42,-0.04999999999999982,26,False
2404,Vindeln,2000,1.22,False,1.54,-0.32000000000000006,26,False
2404,Vindeln,2001,1.61,False,1.57,0.040000000000000036,26,False
2404,Vindeln,2002,1.79,False,1.65,0.14000000000000012,26,False
2404,Vindeln,2003,1.79,False,1.71,0.08000000000000007,26,False
2404,Vindeln,2004,2.04,False,1.75,0.29000000000000004,26,False
2404,Vindeln,2005,1.43,False,1.77,-0.3400000000000001,26,False
2404,Vindeln,2006,1.88,False,1.85,0.029999999999999805,26,False
2404,Vindeln,2007,2.31,False,1.88,0.43000000000000016,26,False
2404,Vindeln,2008,1.96,False,1.91,0.050000000000000044,26,False
2404,Vindeln,2009,2.44,False,1.93,0.51,26,False
2404,Vindeln,2010,2.26,False,1.98,0.2799999999999998,26,False
2404,Vindeln,2011,1.96,False,1.9,0.06000000000000005,26,False
2404,Vindeln,2012,1.99,False,1.9,0.09000000000000008,26,False
2404,Vindeln,2013,1.94,False,1.89,0.050000000000000044,26,False
2404,Vindeln,2014,1.58,False,1.88,-0.2999999999999998,26,False
2404,Vindeln,2015,2.48,False,1.85,0.6299999999999999,26,False
2404,Vindeln,2016,2.4,False,1.85,0.5499999999999998,26,False
2404,Vindeln,2017,1.63,False,1.78,-0.15000000000000013,26,False
2404,Vindeln,2018,2.14,False,1.75,0.3900000000000001,26,False
2404,Vindeln,2019,1.86,False,1.7,0.16000000000000014,26,False
2404,Vindeln,2020,3.02,False,1.66,1.36,26,False
2404,Vindeln,2021,2.09,False,1.67,0.41999999999999993,26,False
2404,Vindeln,2022,2.03,False,1.52,0.5099999999999998,26,False
2404,Vindeln,2023,2.0,False,1.45,0.55,26,False
2404,Vindeln,2024,1.66,False,1.43,0.22999999999999998,26,False
2404,Vindeln,2025,1.56,False,1.42,0.14000000000000012,26,False
2409,Robertsfors,2000,1.78,False,1.54,0.24,26,False
2409,Robertsfors,2001,2.23,False,1.57,0.6599999999999999,26,False
2409,Robertsfors,2002,2.13,False,1.65,0.48,26,False
2409,Robertsfors,2003,2.26,False,1.71,0.5499999999999998,26,False
2409,Robertsfors,2004,1.76,False,1.75,0.010000000000000009,26,False
2409,Robertsfors,2005,2.6,False,1.77,0.8300000000000001,26,False
2409,Robertsfors,2006,2.14,False,1.85,0.29000000000000004,26,False
2409,Robertsfors,2007,2.43,False,1.88,0.5500000000000003,26,False
2409,Robertsfors,2008,2.23,False,1.91,0.32000000000000006,26,False
2409,Robertsfors,2009,2.39,False,1.93,0.4600000000000002,26,False
2409,Robertsfors,2010,2.23,False,1.98,0.25,26,False
2409,Robertsfors,2011,2.19,False,1.9,0.29000000000000004,26,False
2409,Robertsfors,2012,2.06,False,1.9,0.16000000000000014,26,False
2409,Robertsfors,2013,2.01,False,1.89,0.11999999999999988,26,False
2409,Robertsfors,2014,2.17,False,1.88,0.29000000000000004,26,False
2409,Robertsfors,2015,2.47,False,1.85,0.6200000000000001,26,False
2409,Robertsfors,2016,2.54,False,1.85,0.69,26,False
2409,Robertsfors,2017,2.02,False,1.78,0.24,26,False
2409,Robertsfors,2018,2.05,False,1.75,0.2999999999999998,26,False
2409,Robertsfors,2019,2.06,False,1.7,0.3600000000000001,26,False
2409,Robertsfors,2020,1.65,False,1.66,-0.010000000000000009,26,False
2409,Robertsfors,2021,1.92,False,1.67,0.25,26,False
2409,Robertsfors,2022,1.66,False,1.52,0.1399999999999999,26,False
2409,Robertsfors,2023,1.37,False,1.45,-0.07999999999999985,26,False
2409,Robertsfors,2024,1.66,False,1.43,0.22999999999999998,26,False
2409,Robertsfors,2025,1.44,False,1.42,0.020000000000000018,26,False
2417,Norsjö,2000,1.93,False,1.54,0.3899999999999999,24,True
2417,Norsjö,2001,1.81,False,1.57,0.24,24,True
2417,Norsjö,2002,2.15,False,1.65,0.5,24,True
2417,Norsjö,2003,1.85,False,1.71,0.14000000000000012,24,True
2417,Norsjö,2004,2.54,False,1.75,0.79,24,True
2417,Norsjö,2005,2.29,False,1.77,0.52,24,True
2417,Norsjö,2006,2.23,False,1.85,0.3799999999999999,24,True
2417,Norsjö,2007,2.58,False,1.88,0.7000000000000002,24,True
2417,Norsjö,2008,2.54,False,1.91,0.6300000000000001,24,True
2417,Norsjö,2009,2.83,False,1.93,0.9000000000000001,24,True
2417,Norsjö,2010,2.0,False,1.98,0.020000000000000018,24,True
2417,Norsjö,2011,2.18,False,1.9,0.28000000000000025,24,True
2417,Norsjö,2012,2.18,False,1.9,0.28000000000000025,24,True
2417,Norsjö,2013,2.91,False,1.89,1.0200000000000002,24,True
2417,Norsjö,2014,2.12,False,1.88,0.2400000000000002,24,True
2417,Norsjö,2015,2.0,False,1.85,0.1499999999999999,24,True
2417,Norsjö,2016,2.36,False,1.85,0.5099999999999998,24,True
2417,Norsjö,2017,1.93,False,1.78,0.1499999999999999,24,True
2417,Norsjö,2018,2.16,False,1.75,0.41000000000000014,24,True
2417,Norsjö,2019,2.14,False,1.7,0.44000000000000017,24,True
2417,Norsjö,2020,1.92,False,1.66,0.26,24,True
2417,Norsjö,2021,2.43,False,1.67,0.7600000000000002,24,True
2417,Norsjö,2022,1.83,False,1.52,0.31000000000000005,24,True
2417,Norsjö,2023,1.855,True,1.45,0.405,24,True
2417,Norsjö,2024,1.88,False,1.43,0.44999999999999996,24,True
2417,Norsjö,2025,,False,1.42,,24,True
2418,Malå,2000,2.01,False,1.54,0.46999999999999975,15,True
2418,Malå,2001,2.07,False,1.57,0.4999999999999998,15,True
2418,Malå,2002,2.41,False,1.65,0.7600000000000002,15,True
2418,Malå,2003,2.59,False,1.71,0.8799999999999999,15,True
2418,Malå,2004,3.15,False,1.75,1.4,15,True
2418,Malå,2005,,False,1.77,,15,True
2418,Malå,2006,,False,1.85,,15,True
2418,Malå,2007,,False,1.88,,15,True
2418,Malå,2008,2.34,False,1.91,0.42999999999999994,15,True
2418,Malå,2009,,False,1.93,,15,True
2418,Malå,2010,2.4,False,1.98,0.41999999999999993,15,True
2418,Malå,2011,2.44,False,1.9,0.54,15,True
2418,Malå,2012,2.7,False,1.9,0.8000000000000003,15,True
2418,Malå,2013,,False,1.89,,15,True
2418,Malå,2014,,False,1.88,,15,True
2418,Malå,2015,,False,1.85,,15,True
2418,Malå,2016,2.58,False,1.85,0.73,15,True
2418,Malå,2017,2.17,False,1.78,0.3899999999999999,15,True
2418,Malå,2018,2.18,False,1.75,0.43000000000000016,15,True
2418,Malå,2019,,False,1.7,,15,True
2418,Malå,2020,2.7,False,1.66,1.0400000000000003,15,True
2418,Malå,2021,2.25,False,1.67,0.5800000000000001,15,True
2418,Malå,2022,,False,1.52,,15,True
2418,Malå,2023,2.32,False,1.45,0.8699999999999999,15,True
2418,Malå,2024,,False,1.43,,15,True
2418,Malå,2025,,False,1.42,,15,True
2421,Storuman,2000,1.86,False,1.54,0.32000000000000006,26,False
2421,Storuman,2001,1.61,False,1.57,0.040000000000000036,26,False
2421,Storuman,2002,1.45,False,1.65,-0.19999999999999996,26,False
2421,Storuman,2003,1.81,False,1.71,0.10000000000000009,26,False
2421,Storuman,2004,1.4,False,1.75,-0.3500000000000001,26,False
2421,Storuman,2005,1.77,False,1.77,0.0,26,False
2421,Storuman,2006,1.94,False,1.85,0.08999999999999986,26,False
2421,Storuman,2007,2.78,False,1.88,0.8999999999999999,26,False
2421,Storuman,2008,2.21,False,1.91,0.30000000000000004,26,False
2421,Storuman,2009,2.05,False,1.93,0.11999999999999988,26,False
2421,Storuman,2010,2.05,False,1.98,0.06999999999999984,26,False
2421,Storuman,2011,1.84,False,1.9,-0.05999999999999983,26,False
2421,Storuman,2012,2.04,False,1.9,0.14000000000000012,26,False
2421,Storuman,2013,1.53,False,1.89,-0.3599999999999999,26,False
2421,Storuman,2014,1.84,False,1.88,-0.039999999999999813,26,False
2421,Storuman,2015,1.75,False,1.85,-0.10000000000000009,26,False
2421,Storuman,2016,2.11,False,1.85,0.2599999999999998,26,False
2421,Storuman,2017,2.18,False,1.78,0.40000000000000013,26,False
2421,Storuman,2018,2.51,False,1.75,0.7599999999999998,26,False
2421,Storuman,2019,1.74,False,1.7,0.040000000000000036,26,False
2421,Storuman,2020,1.7,False,1.66,0.040000000000000036,26,False
2421,Storuman,2021,1.82,False,1.67,0.15000000000000013,26,False
2421,Storuman,2022,1.68,False,1.52,0.15999999999999992,26,False
2421,Storuman,2023,1.3,False,1.45,-0.1499999999999999,26,False
2421,Storuman,2024,1.38,False,1.43,-0.050000000000000044,26,False
2421,Storuman,2025,1.68,False,1.42,0.26,26,False
2460,Vännäs,2000,1.9,False,1.54,0.3599999999999999,26,False
2460,Vännäs,2001,1.49,False,1.57,-0.08000000000000007,26,False
2460,Vännäs,2002,2.3,False,1.65,0.6499999999999999,26,False
2460,Vännäs,2003,1.79,False,1.71,0.08000000000000007,26,False
2460,Vännäs,2004,1.92,False,1.75,0.16999999999999993,26,False
2460,Vännäs,2005,1.94,False,1.77,0.16999999999999993,26,False
2460,Vännäs,2006,2.64,False,1.85,0.79,26,False
2460,Vännäs,2007,1.81,False,1.88,-0.06999999999999984,26,False
2460,Vännäs,2008,2.46,False,1.91,0.55,26,False
2460,Vännäs,2009,1.98,False,1.93,0.050000000000000044,26,False
2460,Vännäs,2010,2.18,False,1.98,0.20000000000000018,26,False
2460,Vännäs,2011,2.46,False,1.9,0.56,26,False
2460,Vännäs,2012,2.12,False,1.9,0.2200000000000002,26,False
2460,Vännäs,2013,2.16,False,1.89,0.27000000000000024,26,False
2460,Vännäs,2014,1.98,False,1.88,0.10000000000000009,26,False
2460,Vännäs,2015,2.23,False,1.85,0.3799999999999999,26,False
2460,Vännäs,2016,1.95,False,1.85,0.09999999999999987,26,False
2460,Vännäs,2017,2.12,False,1.78,0.3400000000000001,26,False
2460,Vännäs,2018,2.07,False,1.75,0.31999999999999984,26,False
2460,Vännäs,2019,1.9,False,1.7,0.19999999999999996,26,False
2460,Vännäs,2020,2.02,False,1.66,0.3600000000000001,26,False
2460,Vännäs,2021,2.03,False,1.67,0.3599999999999999,26,False
2460,Vännäs,2022,1.56,False,1.52,0.040000000000000036,26,False
2460,Vännäs,2023,1.9,False,1.45,0.44999999999999996,26,False
2460,Vännäs,2024,1.46,False,1.43,0.030000000000000027,26,False
2460,Vännäs,2025,1.66,False,1.42,0.24,26,False
2462,Vilhelmina,2000,2.03,False,1.54,0.48999999999999977,26,False
2462,Vilhelmina,2001,2.13,False,1.57,0.5599999999999998,26,False
2462,Vilhelmina,2002,2.2,False,1.65,0.5500000000000003,26,False
2462,Vilhelmina,2003,2.42,False,1.71,0.71,26,False
2462,Vilhelmina,2004,1.99,False,1.75,0.24,26,False
2462,Vilhelmina,2005,1.99,False,1.77,0.21999999999999997,26,False
2462,Vilhelmina,2006,2.3,False,1.85,0.44999999999999973,26,False
2462,Vilhelmina,2007,2.45,False,1.88,0.5700000000000003,26,False
2462,Vilhelmina,2008,2.31,False,1.91,0.40000000000000013,26,False
2462,Vilhelmina,2009,2.48,False,1.93,0.55,26,False
2462,Vilhelmina,2010,2.24,False,1.98,0.26000000000000023,26,False
2462,Vilhelmina,2011,1.84,False,1.9,-0.05999999999999983,26,False
2462,Vilhelmina,2012,2.21,False,1.9,0.31000000000000005,26,False
2462,Vilhelmina,2013,1.89,False,1.89,0.0,26,False
2462,Vilhelmina,2014,2.16,False,1.88,0.28000000000000025,26,False
2462,Vilhelmina,2015,1.77,False,1.85,-0.08000000000000007,26,False
2462,Vilhelmina,2016,1.92,False,1.85,0.06999999999999984,26,False
2462,Vilhelmina,2017,1.39,False,1.78,-0.3900000000000001,26,False
2462,Vilhelmina,2018,1.7,False,1.75,-0.050000000000000044,26,False
2462,Vilhelmina,2019,2.03,False,1.7,0.32999999999999985,26,False
2462,Vilhelmina,2020,2.12,False,1.66,0.4600000000000002,26,False
2462,Vilhelmina,2021,1.72,False,1.67,0.050000000000000044,26,False
2462,Vilhelmina,2022,1.84,False,1.52,0.32000000000000006,26,False
2462,Vilhelmina,2023,1.31,False,1.45,-0.1399999999999999,26,False
2462,Vilhelmina,2024,1.56,False,1.43,0.13000000000000012,26,False
2462,Vilhelmina,2025,1.25,False,1.42,-0.16999999999999993,26,False
2480,Umeå,2000,1.32,False,1.54,-0.21999999999999997,26,False
2480,Umeå,2001,1.36,False,1.57,-0.20999999999999996,26,False
2480,Umeå,2002,1.34,False,1.65,-0.30999999999999983,26,False
2480,Umeå,2003,1.52,False,1.71,-0.18999999999999995,26,False
2480,Umeå,2004,1.48,False,1.75,-0.27,26,False
2480,Umeå,2005,1.52,False,1.77,-0.25,26,False
2480,Umeå,2006,1.65,False,1.85,-0.20000000000000018,26,False
2480,Umeå,2007,1.56,False,1.88,-0.31999999999999984,26,False
2480,Umeå,2008,1.69,False,1.91,-0.21999999999999997,26,False
2480,Umeå,2009,1.77,False,1.93,-0.15999999999999992,26,False
2480,Umeå,2010,1.71,False,1.98,-0.27,26,False
2480,Umeå,2011,1.76,False,1.9,-0.1399999999999999,26,False
2480,Umeå,2012,1.68,False,1.9,-0.21999999999999997,26,False
2480,Umeå,2013,1.71,False,1.89,-0.17999999999999994,26,False
2480,Umeå,2014,1.6,False,1.88,-0.2799999999999998,26,False
2480,Umeå,2015,1.62,False,1.85,-0.22999999999999998,26,False
2480,Umeå,2016,1.62,False,1.85,-0.22999999999999998,26,False
2480,Umeå,2017,1.6,False,1.78,-0.17999999999999994,26,False
2480,Umeå,2018,1.54,False,1.75,-0.20999999999999996,26,False
2480,Umeå,2019,1.56,False,1.7,-0.1399999999999999,26,False
2480,Umeå,2020,1.52,False,1.66,-0.1399999999999999,26,False
2480,Umeå,2021,1.45,False,1.67,-0.21999999999999997,26,False
2480,Umeå,2022,1.32,False,1.52,-0.19999999999999996,26,False
2480,Umeå,2023,1.21,False,1.45,-0.24,26,False
2480,Umeå,2024,1.21,False,1.43,-0.21999999999999997,26,False
2480,Umeå,2025,1.18,False,1.42,-0.24,26,False
2481,Lycksele,2000,1.73,False,1.54,0.18999999999999995,26,False
2481,Lycksele,2001,1.88,False,1.57,0.30999999999999983,26,False
2481,Lycksele,2002,1.99,False,1.65,0.3400000000000001,26,False
2481,Lycksele,2003,1.57,False,1.71,-0.1399999999999999,26,False
2481,Lycksele,2004,1.67,False,1.75,-0.08000000000000007,26,False
2481,Lycksele,2005,1.81,False,1.77,0.040000000000000036,26,False
2481,Lycksele,2006,2.03,False,1.85,0.17999999999999972,26,False
2481,Lycksele,2007,2.04,False,1.88,0.16000000000000014,26,False
2481,Lycksele,2008,2.23,False,1.91,0.32000000000000006,26,False
2481,Lycksele,2009,2.24,False,1.93,0.3100000000000003,26,False
2481,Lycksele,2010,2.04,False,1.98,0.06000000000000005,26,False
2481,Lycksele,2011,2.38,False,1.9,0.48,26,False
2481,Lycksele,2012,1.98,False,1.9,0.08000000000000007,26,False
2481,Lycksele,2013,2.02,False,1.89,0.13000000000000012,26,False
2481,Lycksele,2014,1.64,False,1.88,-0.24,26,False
2481,Lycksele,2015,2.36,False,1.85,0.5099999999999998,26,False
2481,Lycksele,2016,2.18,False,1.85,0.33000000000000007,26,False
2481,Lycksele,2017,2.24,False,1.78,0.4600000000000002,26,False
2481,Lycksele,2018,2.03,False,1.75,0.2799999999999998,26,False
2481,Lycksele,2019,1.8,False,1.7,0.10000000000000009,26,False
2481,Lycksele,2020,1.92,False,1.66,0.26,26,False
2481,Lycksele,2021,1.83,False,1.67,0.16000000000000014,26,False
2481,Lycksele,2022,1.9,False,1.52,0.3799999999999999,26,False
2481,Lycksele,2023,1.38,False,1.45,-0.07000000000000006,26,False
2481,Lycksele,2024,1.31,False,1.43,-0.11999999999999988,26,False
2481,Lycksele,2025,1.5,False,1.42,0.08000000000000007,26,False
2482,Skellefteå,2000,1.62,False,1.54,0.08000000000000007,26,False
2482,Skellefteå,2001,1.72,False,1.57,0.1499999999999999,26,False
2482,Skellefteå,2002,1.8,False,1.65,0.15000000000000013,26,False
2482,Skellefteå,2003,1.81,False,1.71,0.10000000000000009,26,False
2482,Skellefteå,2004,1.76,False,1.75,0.010000000000000009,26,False
2482,Skellefteå,2005,1.9,False,1.77,0.1299999999999999,26,False
2482,Skellefteå,2006,1.93,False,1.85,0.07999999999999985,26,False
2482,Skellefteå,2007,1.84,False,1.88,-0.039999999999999813,26,False
2482,Skellefteå,2008,1.95,False,1.91,0.040000000000000036,26,False
2482,Skellefteå,2009,1.99,False,1.93,0.06000000000000005,26,False
2482,Skellefteå,2010,2.03,False,1.98,0.04999999999999982,26,False
2482,Skellefteå,2011,1.97,False,1.9,0.07000000000000006,26,False
2482,Skellefteå,2012,1.88,False,1.9,-0.020000000000000018,26,False
2482,Skellefteå,2013,2.04,False,1.89,0.15000000000000013,26,False
2482,Skellefteå,2014,1.88,False,1.88,0.0,26,False
2482,Skellefteå,2015,1.89,False,1.85,0.039999999999999813,26,False
2482,Skellefteå,2016,1.95,False,1.85,0.09999999999999987,26,False
2482,Skellefteå,2017,1.95,False,1.78,0.16999999999999993,26,False
2482,Skellefteå,2018,1.81,False,1.75,0.06000000000000005,26,False
2482,Skellefteå,2019,1.76,False,1.7,0.06000000000000005,26,False
2482,Skellefteå,2020,1.77,False,1.66,0.1100000000000001,26,False
2482,Skellefteå,2021,1.76,False,1.67,0.09000000000000008,26,False
2482,Skellefteå,2022,1.61,False,1.52,0.09000000000000008,26,False
2482,Skellefteå,2023,1.45,False,1.45,0.0,26,False
2482,Skellefteå,2024,1.44,False,1.43,0.010000000000000009,26,False
2482,Skellefteå,2025,1.46,False,1.42,0.040000000000000036,26,False
2505,Arvidsjaur,2000,1.82,False,1.54,0.28,26,False
2505,Arvidsjaur,2001,1.86,False,1.57,0.29000000000000004,26,False
2505,Arvidsjaur,2002,1.65,False,1.65,0.0,26,False
2505,Arvidsjaur,2003,1.95,False,1.71,0.24,26,False
2505,Arvidsjaur,2004,2.19,False,1.75,0.43999999999999995,26,False
2505,Arvidsjaur,2005,1.76,False,1.77,-0.010000000000000009,26,False
2505,Arvidsjaur,2006,1.97,False,1.85,0.11999999999999988,26,False
2505,Arvidsjaur,2007,2.18,False,1.88,0.30000000000000027,26,False
2505,Arvidsjaur,2008,1.99,False,1.91,0.08000000000000007,26,False
2505,Arvidsjaur,2009,1.55,False,1.93,-0.3799999999999999,26,False
2505,Arvidsjaur,2010,2.16,False,1.98,0.18000000000000016,26,False
2505,Arvidsjaur,2011,2.18,False,1.9,0.28000000000000025,26,False
2505,Arvidsjaur,2012,1.99,False,1.9,0.09000000000000008,26,False
2505,Arvidsjaur,2013,2.1,False,1.89,0.2100000000000002,26,False
2505,Arvidsjaur,2014,2.48,False,1.88,0.6000000000000001,26,False
2505,Arvidsjaur,2015,2.01,False,1.85,0.1599999999999997,26,False
2505,Arvidsjaur,2016,1.97,False,1.85,0.11999999999999988,26,False
2505,Arvidsjaur,2017,1.86,False,1.78,0.08000000000000007,26,False
2505,Arvidsjaur,2018,1.96,False,1.75,0.20999999999999996,26,False
2505,Arvidsjaur,2019,1.87,False,1.7,0.17000000000000015,26,False
2505,Arvidsjaur,2020,1.88,False,1.66,0.21999999999999997,26,False
2505,Arvidsjaur,2021,1.94,False,1.67,0.27,26,False
2505,Arvidsjaur,2022,1.69,False,1.52,0.16999999999999993,26,False
2505,Arvidsjaur,2023,1.71,False,1.45,0.26,26,False
2505,Arvidsjaur,2024,1.75,False,1.43,0.32000000000000006,26,False
2505,Arvidsjaur,2025,1.42,False,1.42,0.0,26,False
2510,Jokkmokk,2000,1.52,False,1.54,-0.020000000000000018,26,False
2510,Jokkmokk,2001,1.33,False,1.57,-0.24,26,False
2510,Jokkmokk,2002,1.61,False,1.65,-0.039999999999999813,26,False
2510,Jokkmokk,2003,1.59,False,1.71,-0.11999999999999988,26,False
2510,Jokkmokk,2004,2.19,False,1.75,0.43999999999999995,26,False
2510,Jokkmokk,2005,1.28,False,1.77,-0.49,26,False
2510,Jokkmokk,2006,1.45,False,1.85,-0.40000000000000013,26,False
2510,Jokkmokk,2007,1.45,False,1.88,-0.42999999999999994,26,False
2510,Jokkmokk,2008,1.31,False,1.91,-0.5999999999999999,26,False
2510,Jokkmokk,2009,1.91,False,1.93,-0.020000000000000018,26,False
2510,Jokkmokk,2010,1.58,False,1.98,-0.3999999999999999,26,False
2510,Jokkmokk,2011,1.68,False,1.9,-0.21999999999999997,26,False
2510,Jokkmokk,2012,1.54,False,1.9,-0.3599999999999999,26,False
2510,Jokkmokk,2013,1.86,False,1.89,-0.029999999999999805,26,False
2510,Jokkmokk,2014,2.48,False,1.88,0.6000000000000001,26,False
2510,Jokkmokk,2015,1.85,False,1.85,0.0,26,False
2510,Jokkmokk,2016,1.89,False,1.85,0.039999999999999813,26,False
2510,Jokkmokk,2017,1.74,False,1.78,-0.040000000000000036,26,False
2510,Jokkmokk,2018,2.04,False,1.75,0.29000000000000004,26,False
2510,Jokkmokk,2019,1.85,False,1.7,0.15000000000000013,26,False
2510,Jokkmokk,2020,1.32,False,1.66,-0.33999999999999986,26,False
2510,Jokkmokk,2021,1.65,False,1.67,-0.020000000000000018,26,False
2510,Jokkmokk,2022,1.87,False,1.52,0.3500000000000001,26,False
2510,Jokkmokk,2023,1.8,False,1.45,0.3500000000000001,26,False
2510,Jokkmokk,2024,1.7,False,1.43,0.27,26,False
2510,Jokkmokk,2025,1.24,False,1.42,-0.17999999999999994,26,False
2514,Kalix,2000,1.7,False,1.54,0.15999999999999992,26,False
2514,Kalix,2001,1.84,False,1.57,0.27,26,False
2514,Kalix,2002,1.71,False,1.65,0.06000000000000005,26,False
2514,Kalix,2003,1.89,False,1.71,0.17999999999999994,26,False
2514,Kalix,2004,2.1,False,1.75,0.3500000000000001,26,False
2514,Kalix,2005,1.91,False,1.77,0.1399999999999999,26,False
2514,Kalix,2006,2.21,False,1.85,0.3599999999999999,26,False
2514,Kalix,2007,2.14,False,1.88,0.26000000000000023,26,False
2514,Kalix,2008,2.28,False,1.91,0.3699999999999999,26,False
2514,Kalix,2009,1.91,False,1.93,-0.020000000000000018,26,False
2514,Kalix,2010,2.22,False,1.98,0.2400000000000002,26,False
2514,Kalix,2011,1.92,False,1.9,0.020000000000000018,26,False
2514,Kalix,2012,1.87,False,1.9,-0.029999999999999805,26,False
2514,Kalix,2013,2.0,False,1.89,0.1100000000000001,26,False
2514,Kalix,2014,1.95,False,1.88,0.07000000000000006,26,False
2514,Kalix,2015,2.12,False,1.85,0.27,26,False
2514,Kalix,2016,1.6,False,1.85,-0.25,26,False
2514,Kalix,2017,1.99,False,1.78,0.20999999999999996,26,False
2514,Kalix,2018,1.87,False,1.75,0.1200000000000001,26,False
2514,Kalix,2019,1.99,False,1.7,0.29000000000000004,26,False
2514,Kalix,2020,2.08,False,1.66,0.42000000000000015,26,False
2514,Kalix,2021,1.91,False,1.67,0.24,26,False
2514,Kalix,2022,1.8,False,1.52,0.28,26,False
2514,Kalix,2023,1.59,False,1.45,0.14000000000000012,26,False
2514,Kalix,2024,1.81,False,1.43,0.3800000000000001,26,False
2514,Kalix,2025,1.43,False,1.42,0.010000000000000009,26,False
2518,Övertorneå,2000,1.87,False,1.54,0.33000000000000007,17,True
2518,Övertorneå,2001,2.2,False,1.57,0.6300000000000001,17,True
2518,Övertorneå,2002,1.73,False,1.65,0.08000000000000007,17,True
2518,Övertorneå,2003,2.4,False,1.71,0.69,17,True
2518,Övertorneå,2004,,False,1.75,,17,True
2518,Övertorneå,2005,2.1,False,1.77,0.33000000000000007,17,True
2518,Övertorneå,2006,2.35,False,1.85,0.5,17,True
2518,Övertorneå,2007,1.94,False,1.88,0.06000000000000005,17,True
2518,Övertorneå,2008,2.66,False,1.91,0.7500000000000002,17,True
2518,Övertorneå,2009,2.12,False,1.93,0.19000000000000017,17,True
2518,Övertorneå,2010,2.77,False,1.98,0.79,17,True
2518,Övertorneå,2011,2.21,False,1.9,0.31000000000000005,17,True
2518,Övertorneå,2012,,False,1.9,,17,True
2518,Övertorneå,2013,,False,1.89,,17,True
2518,Övertorneå,2014,2.21,False,1.88,0.33000000000000007,17,True
2518,Övertorneå,2015,,False,1.85,,17,True
2518,Övertorneå,2016,1.91,False,1.85,0.05999999999999983,17,True
2518,Övertorneå,2017,,False,1.78,,17,True
2518,Övertorneå,2018,2.26,False,1.75,0.5099999999999998,17,True
2518,Övertorneå,2019,2.26,False,1.7,0.5599999999999998,17,True
2518,Övertorneå,2020,,False,1.66,,17,True
2518,Övertorneå,2021,2.4,False,1.67,0.73,17,True
2518,Övertorneå,2022,,False,1.52,,17,True
2518,Övertorneå,2023,2.0,False,1.45,0.55,17,True
2518,Övertorneå,2024,,False,1.43,,17,True
2518,Övertorneå,2025,,False,1.42,,17,True
2521,Pajala,2000,2.19,False,1.54,0.6499999999999999,26,False
2521,Pajala,2001,2.09,False,1.57,0.5199999999999998,26,False
2521,Pajala,2002,2.99,False,1.65,1.3400000000000003,26,False
2521,Pajala,2003,2.36,False,1.71,0.6499999999999999,26,False
2521,Pajala,2004,2.87,False,1.75,1.12,26,False
2521,Pajala,2005,2.18,False,1.77,0.41000000000000014,26,False
2521,Pajala,2006,2.52,False,1.85,0.6699999999999999,26,False
2521,Pajala,2007,2.4,False,1.88,0.52,26,False
2521,Pajala,2008,2.2,False,1.91,0.29000000000000026,26,False
2521,Pajala,2009,2.45,False,1.93,0.5200000000000002,26,False
2521,Pajala,2010,2.13,False,1.98,0.1499999999999999,26,False
2521,Pajala,2011,3.1,False,1.9,1.2000000000000002,26,False
2521,Pajala,2012,2.24,False,1.9,0.3400000000000003,26,False
2521,Pajala,2013,2.55,False,1.89,0.6599999999999999,26,False
2521,Pajala,2014,2.89,False,1.88,1.0100000000000002,26,False
2521,Pajala,2015,2.16,False,1.85,0.31000000000000005,26,False
2521,Pajala,2016,2.37,False,1.85,0.52,26,False
2521,Pajala,2017,2.65,False,1.78,0.8699999999999999,26,False
2521,Pajala,2018,2.19,False,1.75,0.43999999999999995,26,False
2521,Pajala,2019,2.26,False,1.7,0.5599999999999998,26,False
2521,Pajala,2020,2.17,False,1.66,0.51,26,False
2521,Pajala,2021,2.44,False,1.67,0.77,26,False
2521,Pajala,2022,1.85,False,1.52,0.33000000000000007,26,False
2521,Pajala,2023,1.91,False,1.45,0.45999999999999996,26,False
2521,Pajala,2024,1.97,False,1.43,0.54,26,False
2521,Pajala,2025,1.98,False,1.42,0.56,26,False
2523,Gällivare,2000,1.84,False,1.54,0.30000000000000004,26,False
2523,Gällivare,2001,1.47,False,1.57,-0.10000000000000009,26,False
2523,Gällivare,2002,1.54,False,1.65,-0.10999999999999988,26,False
2523,Gällivare,2003,1.7,False,1.71,-0.010000000000000009,26,False
2523,Gällivare,2004,1.95,False,1.75,0.19999999999999996,26,False
2523,Gällivare,2005,1.65,False,1.77,-0.1200000000000001,26,False
2523,Gällivare,2006,1.99,False,1.85,0.1399999999999999,26,False
2523,Gällivare,2007,1.84,False,1.88,-0.039999999999999813,26,False
2523,Gällivare,2008,1.86,False,1.91,-0.04999999999999982,26,False
2523,Gällivare,2009,2.11,False,1.93,0.17999999999999994,26,False
2523,Gällivare,2010,1.73,False,1.98,-0.25,26,False
2523,Gällivare,2011,1.91,False,1.9,0.010000000000000009,26,False
2523,Gällivare,2012,1.9,False,1.9,0.0,26,False
2523,Gällivare,2013,2.09,False,1.89,0.19999999999999996,26,False
2523,Gällivare,2014,1.83,False,1.88,-0.04999999999999982,26,False
2523,Gällivare,2015,2.06,False,1.85,0.20999999999999996,26,False
2523,Gällivare,2016,1.83,False,1.85,-0.020000000000000018,26,False
2523,Gällivare,2017,1.97,False,1.78,0.18999999999999995,26,False
2523,Gällivare,2018,1.69,False,1.75,-0.06000000000000005,26,False
2523,Gällivare,2019,1.68,False,1.7,-0.020000000000000018,26,False
2523,Gällivare,2020,1.81,False,1.66,0.15000000000000013,26,False
2523,Gällivare,2021,1.97,False,1.67,0.30000000000000004,26,False
2523,Gällivare,2022,1.43,False,1.52,-0.09000000000000008,26,False
2523,Gällivare,2023,1.56,False,1.45,0.1100000000000001,26,False
2523,Gällivare,2024,1.29,False,1.43,-0.1399999999999999,26,False
2523,Gällivare,2025,1.57,False,1.42,0.15000000000000013,26,False
2560,Älvsbyn,2000,1.54,False,1.54,0.0,26,False
2560,Älvsbyn,2001,1.87,False,1.57,0.30000000000000004,26,False
2560,Älvsbyn,2002,1.7,False,1.65,0.050000000000000044,26,False
2560,Älvsbyn,2003,2.25,False,1.71,0.54,26,False
2560,Älvsbyn,2004,2.13,False,1.75,0.3799999999999999,26,False
2560,Älvsbyn,2005,1.67,False,1.77,-0.10000000000000009,26,False
2560,Älvsbyn,2006,1.85,False,1.85,0.0,26,False
2560,Älvsbyn,2007,1.66,False,1.88,-0.21999999999999997,26,False
2560,Älvsbyn,2008,1.98,False,1.91,0.07000000000000006,26,False
2560,Älvsbyn,2009,1.93,False,1.93,0.0,26,False
2560,Älvsbyn,2010,2.1,False,1.98,0.1200000000000001,26,False
2560,Älvsbyn,2011,1.8,False,1.9,-0.09999999999999987,26,False
2560,Älvsbyn,2012,2.17,False,1.9,0.27,26,False
2560,Älvsbyn,2013,1.54,False,1.89,-0.34999999999999987,26,False
2560,Älvsbyn,2014,1.74,False,1.88,-0.1399999999999999,26,False
2560,Älvsbyn,2015,1.79,False,1.85,-0.06000000000000005,26,False
2560,Älvsbyn,2016,2.07,False,1.85,0.21999999999999975,26,False
2560,Älvsbyn,2017,1.73,False,1.78,-0.050000000000000044,26,False
2560,Älvsbyn,2018,1.8,False,1.75,0.050000000000000044,26,False
2560,Älvsbyn,2019,2.07,False,1.7,0.3699999999999999,26,False
2560,Älvsbyn,2020,1.55,False,1.66,-0.10999999999999988,26,False
2560,Älvsbyn,2021,1.79,False,1.67,0.1200000000000001,26,False
2560,Älvsbyn,2022,1.79,False,1.52,0.27,26,False
2560,Älvsbyn,2023,1.54,False,1.45,0.09000000000000008,26,False
2560,Älvsbyn,2024,1.74,False,1.43,0.31000000000000005,26,False
2560,Älvsbyn,2025,1.69,False,1.42,0.27,26,False
2580,Luleå,2000,1.47,False,1.54,-0.07000000000000006,26,False
2580,Luleå,2001,1.48,False,1.57,-0.09000000000000008,26,False
2580,Luleå,2002,1.49,False,1.65,-0.15999999999999992,26,False
2580,Luleå,2003,1.52,False,1.71,-0.18999999999999995,26,False
2580,Luleå,2004,1.59,False,1.75,-0.15999999999999992,26,False
2580,Luleå,2005,1.65,False,1.77,-0.1200000000000001,26,False
2580,Luleå,2006,1.75,False,1.85,-0.10000000000000009,26,False
2580,Luleå,2007,1.81,False,1.88,-0.06999999999999984,26,False
2580,Luleå,2008,1.75,False,1.91,-0.15999999999999992,26,False
2580,Luleå,2009,1.88,False,1.93,-0.050000000000000044,26,False
2580,Luleå,2010,1.88,False,1.98,-0.10000000000000009,26,False
2580,Luleå,2011,1.83,False,1.9,-0.06999999999999984,26,False
2580,Luleå,2012,1.64,False,1.9,-0.26,26,False
2580,Luleå,2013,1.74,False,1.89,-0.1499999999999999,26,False
2580,Luleå,2014,1.85,False,1.88,-0.029999999999999805,26,False
2580,Luleå,2015,1.63,False,1.85,-0.2200000000000002,26,False
2580,Luleå,2016,1.74,False,1.85,-0.1100000000000001,26,False
2580,Luleå,2017,1.61,False,1.78,-0.16999999999999993,26,False
2580,Luleå,2018,1.59,False,1.75,-0.15999999999999992,26,False
2580,Luleå,2019,1.59,False,1.7,-0.10999999999999988,26,False
2580,Luleå,2020,1.58,False,1.66,-0.07999999999999985,26,False
2580,Luleå,2021,1.62,False,1.67,-0.04999999999999982,26,False
2580,Luleå,2022,1.35,False,1.52,-0.16999999999999993,26,False
2580,Luleå,2023,1.32,False,1.45,-0.1299999999999999,26,False
2580,Luleå,2024,1.23,False,1.43,-0.19999999999999996,26,False
2580,Luleå,2025,1.37,False,1.42,-0.04999999999999982,26,False
2581,Piteå,2000,1.79,False,1.54,0.25,26,False
2581,Piteå,2001,1.68,False,1.57,0.10999999999999988,26,False
2581,Piteå,2002,1.71,False,1.65,0.06000000000000005,26,False
2581,Piteå,2003,1.76,False,1.71,0.050000000000000044,26,False
2581,Piteå,2004,1.82,False,1.75,0.07000000000000006,26,False
2581,Piteå,2005,1.71,False,1.77,-0.06000000000000005,26,False
2581,Piteå,2006,1.88,False,1.85,0.029999999999999805,26,False
2581,Piteå,2007,1.78,False,1.88,-0.09999999999999987,26,False
2581,Piteå,2008,1.95,False,1.91,0.040000000000000036,26,False
2581,Piteå,2009,1.65,False,1.93,-0.28,26,False
2581,Piteå,2010,1.81,False,1.98,-0.16999999999999993,26,False
2581,Piteå,2011,1.82,False,1.9,-0.07999999999999985,26,False
2581,Piteå,2012,1.84,False,1.9,-0.05999999999999983,26,False
2581,Piteå,2013,1.99,False,1.89,0.10000000000000009,26,False
2581,Piteå,2014,1.87,False,1.88,-0.009999999999999787,26,False
2581,Piteå,2015,1.78,False,1.85,-0.07000000000000006,26,False
2581,Piteå,2016,1.82,False,1.85,-0.030000000000000027,26,False
2581,Piteå,2017,1.82,False,1.78,0.040000000000000036,26,False
2581,Piteå,2018,1.6,False,1.75,-0.1499999999999999,26,False
2581,Piteå,2019,1.82,False,1.7,0.1200000000000001,26,False
2581,Piteå,2020,1.65,False,1.66,-0.010000000000000009,26,False
2581,Piteå,2021,1.8,False,1.67,0.13000000000000012,26,False
2581,Piteå,2022,1.57,False,1.52,0.050000000000000044,26,False
2581,Piteå,2023,1.55,False,1.45,0.10000000000000009,26,False
2581,Piteå,2024,1.47,False,1.43,0.040000000000000036,26,False
2581,Piteå,2025,1.49,False,1.42,0.07000000000000006,26,False
2582,Boden,2000,1.66,False,1.54,0.11999999999999988,26,False
2582,Boden,2001,1.66,False,1.57,0.08999999999999986,26,False
2582,Boden,2002,1.72,False,1.65,0.07000000000000006,26,False
2582,Boden,2003,1.72,False,1.71,0.010000000000000009,26,False
2582,Boden,2004,1.93,False,1.75,0.17999999999999994,26,False
2582,Boden,2005,1.72,False,1.77,-0.050000000000000044,26,False
2582,Boden,2006,1.83,False,1.85,-0.020000000000000018,26,False
2582,Boden,2007,1.98,False,1.88,0.10000000000000009,26,False
2582,Boden,2008,1.8,False,1.91,-0.10999999999999988,26,False
2582,Boden,2009,1.89,False,1.93,-0.040000000000000036,26,False
2582,Boden,2010,1.9,False,1.98,-0.08000000000000007,26,False
2582,Boden,2011,1.85,False,1.9,-0.04999999999999982,26,False
2582,Boden,2012,1.83,False,1.9,-0.06999999999999984,26,False
2582,Boden,2013,1.87,False,1.89,-0.019999999999999796,26,False
2582,Boden,2014,1.76,False,1.88,-0.11999999999999988,26,False
2582,Boden,2015,2.01,False,1.85,0.1599999999999997,26,False
2582,Boden,2016,1.94,False,1.85,0.08999999999999986,26,False
2582,Boden,2017,1.74,False,1.78,-0.040000000000000036,26,False
2582,Boden,2018,1.77,False,1.75,0.020000000000000018,26,False
2582,Boden,2019,1.85,False,1.7,0.15000000000000013,26,False
2582,Boden,2020,1.7,False,1.66,0.040000000000000036,26,False
2582,Boden,2021,1.74,False,1.67,0.07000000000000006,26,False
2582,Boden,2022,1.61,False,1.52,0.09000000000000008,26,False
2582,Boden,2023,1.47,False,1.45,0.020000000000000018,26,False
2582,Boden,2024,1.54,False,1.43,0.1100000000000001,26,False
2582,Boden,2025,1.25,False,1.42,-0.16999999999999993,26,False
2583,Haparanda,2000,1.96,False,1.54,0.41999999999999993,26,False
2583,Haparanda,2001,1.6,False,1.57,0.030000000000000027,26,False
2583,Haparanda,2002,1.79,False,1.65,0.14000000000000012,26,False
2583,Haparanda,2003,1.8,False,1.71,0.09000000000000008,26,False
2583,Haparanda,2004,1.75,False,1.75,0.0,26,False
2583,Haparanda,2005,2.48,False,1.77,0.71,26,False
2583,Haparanda,2006,2.05,False,1.85,0.19999999999999973,26,False
2583,Haparanda,2007,1.9,False,1.88,0.020000000000000018,26,False
2583,Haparanda,2008,2.18,False,1.91,0.27000000000000024,26,False
2583,Haparanda,2009,2.18,False,1.93,0.2500000000000002,26,False
2583,Haparanda,2010,2.43,False,1.98,0.4500000000000002,26,False
2583,Haparanda,2011,2.48,False,1.9,0.5800000000000001,26,False
2583,Haparanda,2012,1.94,False,1.9,0.040000000000000036,26,False
2583,Haparanda,2013,2.06,False,1.89,0.17000000000000015,26,False
2583,Haparanda,2014,2.04,False,1.88,0.16000000000000014,26,False
2583,Haparanda,2015,2.18,False,1.85,0.33000000000000007,26,False
2583,Haparanda,2016,2.01,False,1.85,0.1599999999999997,26,False
2583,Haparanda,2017,1.63,False,1.78,-0.15000000000000013,26,False
2583,Haparanda,2018,1.64,False,1.75,-0.1100000000000001,26,False
2583,Haparanda,2019,2.01,False,1.7,0.30999999999999983,26,False
2583,Haparanda,2020,1.51,False,1.66,-0.1499999999999999,26,False
2583,Haparanda,2021,1.74,False,1.67,0.07000000000000006,26,False
2583,Haparanda,2022,1.57,False,1.52,0.050000000000000044,26,False
2583,Haparanda,2023,1.3,False,1.45,-0.1499999999999999,26,False
2583,Haparanda,2024,1.7,False,1.43,0.27,26,False
2583,Haparanda,2025,1.39,False,1.42,-0.030000000000000027,26,False
2584,Kiruna,2000,1.75,False,1.54,0.20999999999999996,26,False
2584,Kiruna,2001,1.91,False,1.57,0.33999999999999986,26,False
2584,Kiruna,2002,1.82,False,1.65,0.17000000000000015,26,False
2584,Kiruna,2003,1.73,False,1.71,0.020000000000000018,26,False
2584,Kiruna,2004,2.05,False,1.75,0.2999999999999998,26,False
2584,Kiruna,2005,1.91,False,1.77,0.1399999999999999,26,False
2584,Kiruna,2006,2.28,False,1.85,0.4299999999999997,26,False
2584,Kiruna,2007,1.96,False,1.88,0.08000000000000007,26,False
2584,Kiruna,2008,2.1,False,1.91,0.19000000000000017,26,False
2584,Kiruna,2009,2.13,False,1.93,0.19999999999999996,26,False
2584,Kiruna,2010,2.22,False,1.98,0.2400000000000002,26,False
2584,Kiruna,2011,2.25,False,1.9,0.3500000000000001,26,False
2584,Kiruna,2012,2.24,False,1.9,0.3400000000000003,26,False
2584,Kiruna,2013,2.27,False,1.89,0.3800000000000001,26,False
2584,Kiruna,2014,1.94,False,1.88,0.06000000000000005,26,False
2584,Kiruna,2015,2.07,False,1.85,0.21999999999999975,26,False
2584,Kiruna,2016,2.2,False,1.85,0.3500000000000001,26,False
2584,Kiruna,2017,1.71,False,1.78,-0.07000000000000006,26,False
2584,Kiruna,2018,2.0,False,1.75,0.25,26,False
2584,Kiruna,2019,1.9,False,1.7,0.19999999999999996,26,False
2584,Kiruna,2020,1.8,False,1.66,0.14000000000000012,26,False
2584,Kiruna,2021,1.76,False,1.67,0.09000000000000008,26,False
2584,Kiruna,2022,1.72,False,1.52,0.19999999999999996,26,False
2584,Kiruna,2023,1.58,False,1.45,0.13000000000000012,26,False
2584,Kiruna,2024,1.62,False,1.43,0.19000000000000017,26,False
2584,Kiruna,2025,1.6,False,1.42,0.18000000000000016,26,False
