Kommunkod,Kommun,Kon,År,Befolkningstäthet (invånare per kvkm),Folkmängd
0114,Upplands Väsby,1+2,2000,498.6,37576.0
0114,Upplands Väsby,1+2,2001,497.9,37524.0
0114,Upplands Väsby,1+2,2002,496.8,37444.0
0114,Upplands Väsby,1+2,2003,496.2,37397.0
0114,Upplands Väsby,1+2,2004,497.8,37517.0
0114,Upplands Väsby,1+2,2005,499.2,37624.0
0114,Upplands Väsby,1+2,2006,502.2,37848.0
0114,Upplands Väsby,1+2,2007,504.9,38055.0
0114,Upplands Väsby,1+2,2008,507.5,38248.0
0114,Upplands Väsby,1+2,2009,512.7,38641.0
0114,Upplands Väsby,1+2,2010,521.3,39289.0
0114,Upplands Väsby,1+2,2011,535.3,40194.0
0114,Upplands Väsby,1+2,2012,542.3,40723.0
0114,Upplands Väsby,1+2,2013,552.0,41449.0
0114,Upplands Väsby,1+2,2014,557.5,41816.0
0114,Upplands Väsby,1+2,2015,568.7,42661.0
0114,Upplands Väsby,1+2,2016,585.1,43891.0
0114,Upplands Väsby,1+2,2017,594.7,44605.0
0114,Upplands Väsby,1+2,2018,607.2,45543.0
0114,Upplands Väsby,1+2,2019,623.8,46786.0
0114,Upplands Väsby,1+2,2020,629.1,47184.0
0114,Upplands Väsby,1+2,2021,637.6,47820.0
0114,Upplands Väsby,1+2,2022,656.8,49262.0
0114,Upplands Väsby,1+2,2023,668.2,50110.0
0114,Upplands Väsby,1+2,2024,667.6,50323.0
0114,Upplands Väsby,1+2,2025,669.9,50495.0
0115,Vallentuna,1+2,2000,70.1,25228.0
0115,Vallentuna,1+2,2001,71.2,25643.0
0115,Vallentuna,1+2,2002,71.9,25905.0
0115,Vallentuna,1+2,2003,73.1,26306.0
0115,Vallentuna,1+2,2004,74.7,26889.0
0115,Vallentuna,1+2,2005,76.1,27397.0
0115,Vallentuna,1+2,2006,77.4,27868.0
0115,Vallentuna,1+2,2007,78.8,28382.0
0115,Vallentuna,1+2,2008,80.4,28954.0
0115,Vallentuna,1+2,2009,81.5,29361.0
0115,Vallentuna,1+2,2010,83.6,30114.0
0115,Vallentuna,1+2,2011,85.7,30715.0
0115,Vallentuna,1+2,2012,87.1,31215.0
0115,Vallentuna,1+2,2013,88.2,31616.0
0115,Vallentuna,1+2,2014,89.4,31969.0
0115,Vallentuna,1+2,2015,90.5,32380.0
0115,Vallentuna,1+2,2016,91.6,32785.0
0115,Vallentuna,1+2,2017,92.7,33175.0
0115,Vallentuna,1+2,2018,93.5,33432.0
0115,Vallentuna,1+2,2019,95.3,34090.0
0115,Vallentuna,1+2,2020,95.4,34119.0
0115,Vallentuna,1+2,2021,95.7,34246.0
0115,Vallentuna,1+2,2022,97.4,34851.0
0115,Vallentuna,1+2,2023,98.1,35076.0
0115,Vallentuna,1+2,2024,97.7,35119.0
0115,Vallentuna,1+2,2025,98.3,35361.0
0117,Österåker,1+2,2000,110.8,34427.0
0117,Österåker,1+2,2001,113.0,35108.0
0117,Österåker,1+2,2002,114.7,35633.0
0117,Österåker,1+2,2003,116.4,36183.0
0117,Österåker,1+2,2004,118.6,36867.0
0117,Österåker,1+2,2005,120.1,37336.0
0117,Österåker,1+2,2006,121.9,37879.0
0117,Österåker,1+2,2007,123.2,38286.0
0117,Österåker,1+2,2008,124.6,38720.0
0117,Österåker,1+2,2009,126.1,39173.0
0117,Österåker,1+2,2010,127.2,39521.0
0117,Österåker,1+2,2011,127.4,39792.0
0117,Österåker,1+2,2012,128.9,40269.0
0117,Österåker,1+2,2013,129.6,40495.0
0117,Österåker,1+2,2014,131.8,41180.0
0117,Österåker,1+2,2015,134.9,42130.0
0117,Österåker,1+2,2016,138.6,43293.0
0117,Österåker,1+2,2017,141.3,44130.0
0117,Österåker,1+2,2018,143.5,44831.0
0117,Österåker,1+2,2019,145.9,45574.0
0117,Österåker,1+2,2020,149.3,46644.0
0117,Österåker,1+2,2021,154.4,48234.0
0117,Österåker,1+2,2022,157.3,49138.0
0117,Österåker,1+2,2023,157.8,49282.0
0117,Österåker,1+2,2024,158.6,49787.0
0117,Österåker,1+2,2025,159.1,49943.0
0120,Värmdö,1+2,2000,70.6,31260.0
0120,Värmdö,1+2,2001,72.5,32096.0
0120,Värmdö,1+2,2002,73.7,32664.0
0120,Värmdö,1+2,2003,74.8,33134.0
0120,Värmdö,1+2,2004,76.8,34029.0
0120,Värmdö,1+2,2005,78.9,34933.0
0120,Värmdö,1+2,2006,80.8,35803.0
0120,Värmdö,1+2,2007,83.2,36870.0
0120,Värmdö,1+2,2008,84.4,37376.0
0120,Värmdö,1+2,2009,85.2,37756.0
0120,Värmdö,1+2,2010,86.5,38301.0
0120,Värmdö,1+2,2011,86.8,38894.0
0120,Värmdö,1+2,2012,87.9,39387.0
0120,Värmdö,1+2,2013,88.8,39784.0
0120,Värmdö,1+2,2014,90.5,40541.0
0120,Värmdö,1+2,2015,91.7,41107.0
0120,Värmdö,1+2,2016,93.7,42000.0
0120,Värmdö,1+2,2017,96.9,43444.0
0120,Värmdö,1+2,2018,100.0,44397.0
0120,Värmdö,1+2,2019,101.4,45000.0
0120,Värmdö,1+2,2020,102.6,45566.0
0120,Värmdö,1+2,2021,104.1,46232.0
0120,Värmdö,1+2,2022,104.6,46457.0
0120,Värmdö,1+2,2023,105.0,46637.0
0120,Värmdö,1+2,2024,104.4,46635.0
0120,Värmdö,1+2,2025,104.4,46601.0
0123,Järfälla,1+2,2000,1118.8,60471.0
0123,Järfälla,1+2,2001,1131.0,61132.0
0123,Järfälla,1+2,2002,1134.0,61290.0
0123,Järfälla,1+2,2003,1137.3,61473.0
0123,Järfälla,1+2,2004,1139.0,61564.0
0123,Järfälla,1+2,2005,1142.3,61743.0
0123,Järfälla,1+2,2006,1153.4,62342.0
0123,Järfälla,1+2,2007,1173.5,63427.0
0123,Järfälla,1+2,2008,1190.7,64355.0
0123,Järfälla,1+2,2009,1208.0,65295.0
0123,Järfälla,1+2,2010,1225.0,66211.0
0123,Järfälla,1+2,2011,1251.1,67320.0
0123,Järfälla,1+2,2012,1267.6,68210.0
0123,Järfälla,1+2,2013,1285.4,69167.0
0123,Järfälla,1+2,2014,1314.4,70701.0
0123,Järfälla,1+2,2015,1346.6,72429.0
0123,Järfälla,1+2,2016,1383.5,74412.0
0123,Järfälla,1+2,2017,1421.4,76453.0
0123,Järfälla,1+2,2018,1459.0,78480.0
0123,Järfälla,1+2,2019,1487.1,79990.0
0123,Järfälla,1+2,2020,1510.9,81274.0
0123,Järfälla,1+2,2021,1546.2,83170.0
0123,Järfälla,1+2,2022,1588.8,85460.0
0123,Järfälla,1+2,2023,1605.2,86330.0
0123,Järfälla,1+2,2024,1645.4,88950.0
0123,Järfälla,1+2,2025,1668.1,90180.0
0125,Ekerö,1+2,2000,102.9,22266.0
0125,Ekerö,1+2,2001,104.6,22626.0
0125,Ekerö,1+2,2002,106.0,22936.0
0125,Ekerö,1+2,2003,107.7,23311.0
0125,Ekerö,1+2,2004,109.0,23594.0
0125,Ekerö,1+2,2005,111.0,24010.0
0125,Ekerö,1+2,2006,112.3,24301.0
0125,Ekerö,1+2,2007,114.1,24687.0
0125,Ekerö,1+2,2008,114.5,24779.0
0125,Ekerö,1+2,2009,116.0,25095.0
0125,Ekerö,1+2,2010,117.4,25410.0
0125,Ekerö,1+2,2011,118.4,25767.0
0125,Ekerö,1+2,2012,120.1,26160.0
0125,Ekerö,1+2,2013,121.1,26355.0
0125,Ekerö,1+2,2014,122.8,26698.0
0125,Ekerö,1+2,2015,124.1,26984.0
0125,Ekerö,1+2,2016,126.0,27406.0
0125,Ekerö,1+2,2017,127.6,27753.0
0125,Ekerö,1+2,2018,130.2,28308.0
0125,Ekerö,1+2,2019,132.0,28690.0
0125,Ekerö,1+2,2020,132.9,28879.0
0125,Ekerö,1+2,2021,133.8,29096.0
0125,Ekerö,1+2,2022,134.0,29123.0
0125,Ekerö,1+2,2023,132.6,28808.0
0125,Ekerö,1+2,2024,132.4,28910.0
0125,Ekerö,1+2,2025,133.0,29062.0
0126,Huddinge,1+2,2000,643.6,84535.0
0126,Huddinge,1+2,2001,652.5,85700.0
0126,Huddinge,1+2,2002,658.3,86457.0
0126,Huddinge,1+2,2003,663.3,87121.0
0126,Huddinge,1+2,2004,667.6,87681.0
0126,Huddinge,1+2,2005,675.7,88750.0
0126,Huddinge,1+2,2006,686.6,90182.0
0126,Huddinge,1+2,2007,699.2,91827.0
0126,Huddinge,1+2,2008,717.3,94209.0
0126,Huddinge,1+2,2009,729.4,95798.0
0126,Huddinge,1+2,2010,742.0,97453.0
0126,Huddinge,1+2,2011,756.0,99049.0
0126,Huddinge,1+2,2012,771.0,101010.0
0126,Huddinge,1+2,2013,782.8,102557.0
0126,Huddinge,1+2,2014,795.1,104185.0
0126,Huddinge,1+2,2015,803.7,105311.0
0126,Huddinge,1+2,2016,820.7,107538.0
0126,Huddinge,1+2,2017,839.5,110003.0
0126,Huddinge,1+2,2018,853.8,111722.0
0126,Huddinge,1+2,2019,862.4,112848.0
0126,Huddinge,1+2,2020,865.3,113234.0
0126,Huddinge,1+2,2021,870.8,113951.0
0126,Huddinge,1+2,2022,875.0,114504.0
0126,Huddinge,1+2,2023,870.6,113920.0
0126,Huddinge,1+2,2024,868.9,114304.0
0126,Huddinge,1+2,2025,871.8,114686.0
0127,Botkyrka,1+2,2000,375.2,73097.0
0127,Botkyrka,1+2,2001,380.6,74151.0
0127,Botkyrka,1+2,2002,386.1,75216.0
0127,Botkyrka,1+2,2003,387.2,75432.0
0127,Botkyrka,1+2,2004,389.2,75830.0
0127,Botkyrka,1+2,2005,393.1,76592.0
0127,Botkyrka,1+2,2006,398.1,77553.0
0127,Botkyrka,1+2,2007,405.6,79031.0
0127,Botkyrka,1+2,2008,410.9,80055.0
0127,Botkyrka,1+2,2009,416.7,81195.0
0127,Botkyrka,1+2,2010,424.0,82608.0
0127,Botkyrka,1+2,2011,436.1,84677.0
0127,Botkyrka,1+2,2012,444.3,86274.0
0127,Botkyrka,1+2,2013,451.1,87580.0
0127,Botkyrka,1+2,2014,457.9,88901.0
0127,Botkyrka,1+2,2015,460.6,89425.0
0127,Botkyrka,1+2,2016,467.0,90675.0
0127,Botkyrka,1+2,2017,473.5,91925.0
0127,Botkyrka,1+2,2018,479.8,93106.0
0127,Botkyrka,1+2,2019,487.6,94606.0
0127,Botkyrka,1+2,2020,488.8,94847.0
0127,Botkyrka,1+2,2021,491.2,95318.0
0127,Botkyrka,1+2,2022,491.6,95383.0
0127,Botkyrka,1+2,2023,492.7,95592.0
0127,Botkyrka,1+2,2024,491.8,95905.0
0127,Botkyrka,1+2,2025,496.1,96750.0
0128,Salem,1+2,2000,253.4,13766.0
0128,Salem,1+2,2001,254.8,13839.0
0128,Salem,1+2,2002,255.4,13875.0
0128,Salem,1+2,2003,258.8,14057.0
0128,Salem,1+2,2004,260.1,14127.0
0128,Salem,1+2,2005,263.9,14334.0
0128,Salem,1+2,2006,270.9,14715.0
0128,Salem,1+2,2007,277.3,15065.0
0128,Salem,1+2,2008,279.4,15177.0
0128,Salem,1+2,2009,281.9,15313.0
0128,Salem,1+2,2010,283.3,15391.0
0128,Salem,1+2,2011,290.1,15694.0
0128,Salem,1+2,2012,293.6,15881.0
0128,Salem,1+2,2013,295.8,16001.0
0128,Salem,1+2,2014,298.3,16140.0
0128,Salem,1+2,2015,303.5,16426.0
0128,Salem,1+2,2016,307.0,16615.0
0128,Salem,1+2,2017,308.0,16665.0
0128,Salem,1+2,2018,310.3,16786.0
0128,Salem,1+2,2019,309.6,16750.0
0128,Salem,1+2,2020,313.5,16959.0
0128,Salem,1+2,2021,318.9,17252.0
0128,Salem,1+2,2022,320.7,17352.0
0128,Salem,1+2,2023,322.6,17451.0
0128,Salem,1+2,2024,321.9,17507.0
0128,Salem,1+2,2025,319.4,17370.0
0136,Haninge,1+2,2000,152.2,69644.0
0136,Haninge,1+2,2001,153.9,70432.0
0136,Haninge,1+2,2002,155.0,70902.0
0136,Haninge,1+2,2003,156.0,71377.0
0136,Haninge,1+2,2004,156.0,71355.0
0136,Haninge,1+2,2005,157.0,71837.0
0136,Haninge,1+2,2006,159.5,72956.0
0136,Haninge,1+2,2007,161.1,73698.0
0136,Haninge,1+2,2008,163.9,74968.0
0136,Haninge,1+2,2009,166.6,76237.0
0136,Haninge,1+2,2010,168.4,77054.0
0136,Haninge,1+2,2011,171.0,78326.0
0136,Haninge,1+2,2012,173.4,79430.0
0136,Haninge,1+2,2013,176.7,80932.0
0136,Haninge,1+2,2014,180.0,82407.0
0136,Haninge,1+2,2015,183.2,83866.0
0136,Haninge,1+2,2016,187.2,85693.0
0136,Haninge,1+2,2017,192.3,88037.0
0136,Haninge,1+2,2018,197.6,89989.0
0136,Haninge,1+2,2019,202.2,92095.0
0136,Haninge,1+2,2020,205.7,93690.0
0136,Haninge,1+2,2021,210.0,95658.0
0136,Haninge,1+2,2022,214.5,97683.0
0136,Haninge,1+2,2023,219.1,99751.0
0136,Haninge,1+2,2024,220.4,100895.0
0136,Haninge,1+2,2025,221.5,101408.0
0138,Tyresö,1+2,2000,563.3,39071.0
0138,Tyresö,1+2,2001,568.5,39434.0
0138,Tyresö,1+2,2002,572.7,39720.0
0138,Tyresö,1+2,2003,578.1,40097.0
0138,Tyresö,1+2,2004,585.4,40605.0
0138,Tyresö,1+2,2005,593.1,41134.0
0138,Tyresö,1+2,2006,596.9,41476.0
0138,Tyresö,1+2,2007,605.2,42047.0
0138,Tyresö,1+2,2008,609.3,42332.0
0138,Tyresö,1+2,2009,613.2,42602.0
0138,Tyresö,1+2,2010,618.1,42947.0
0138,Tyresö,1+2,2011,625.7,43328.0
0138,Tyresö,1+2,2012,631.9,43764.0
0138,Tyresö,1+2,2013,639.4,44281.0
0138,Tyresö,1+2,2014,655.6,45390.0
0138,Tyresö,1+2,2015,667.0,46177.0
0138,Tyresö,1+2,2016,680.4,47103.0
0138,Tyresö,1+2,2017,683.3,47304.0
0138,Tyresö,1+2,2018,695.3,48004.0
0138,Tyresö,1+2,2019,700.1,48333.0
0138,Tyresö,1+2,2020,705.1,48678.0
0138,Tyresö,1+2,2021,710.7,49062.0
0138,Tyresö,1+2,2022,711.4,49214.0
0138,Tyresö,1+2,2023,710.8,49173.0
0138,Tyresö,1+2,2024,707.0,49179.0
0138,Tyresö,1+2,2025,713.7,49645.0
0139,Upplands-Bro,1+2,2000,88.1,20878.0
0139,Upplands-Bro,1+2,2001,88.9,21076.0
0139,Upplands-Bro,1+2,2002,89.3,21162.0
0139,Upplands-Bro,1+2,2003,89.6,21252.0
0139,Upplands-Bro,1+2,2004,90.1,21348.0
0139,Upplands-Bro,1+2,2005,90.0,21327.0
0139,Upplands-Bro,1+2,2006,91.3,21638.0
0139,Upplands-Bro,1+2,2007,93.7,22221.0
0139,Upplands-Bro,1+2,2008,95.7,22682.0
0139,Upplands-Bro,1+2,2009,97.9,23202.0
0139,Upplands-Bro,1+2,2010,99.9,23676.0
0139,Upplands-Bro,1+2,2011,101.9,23984.0
0139,Upplands-Bro,1+2,2012,103.4,24353.0
0139,Upplands-Bro,1+2,2013,104.9,24703.0
0139,Upplands-Bro,1+2,2014,107.5,25287.0
0139,Upplands-Bro,1+2,2015,109.6,25789.0
0139,Upplands-Bro,1+2,2016,113.7,26755.0
0139,Upplands-Bro,1+2,2017,117.4,27614.0
0139,Upplands-Bro,1+2,2018,122.2,28756.0
0139,Upplands-Bro,1+2,2019,124.7,29346.0
0139,Upplands-Bro,1+2,2020,128.3,30195.0
0139,Upplands-Bro,1+2,2021,132.1,31082.0
0139,Upplands-Bro,1+2,2022,135.4,31853.0
0139,Upplands-Bro,1+2,2023,138.0,32453.0
0139,Upplands-Bro,1+2,2024,139.0,32868.0
0139,Upplands-Bro,1+2,2025,141.0,33333.0
0140,Nykvarn,1+2,2000,52.5,8052.0
0140,Nykvarn,1+2,2001,52.7,8090.0
0140,Nykvarn,1+2,2002,53.5,8204.0
0140,Nykvarn,1+2,2003,53.9,8269.0
0140,Nykvarn,1+2,2004,54.3,8328.0
0140,Nykvarn,1+2,2005,54.4,8354.0
0140,Nykvarn,1+2,2006,56.1,8609.0
0140,Nykvarn,1+2,2007,58.2,8926.0
0140,Nykvarn,1+2,2008,58.9,9035.0
0140,Nykvarn,1+2,2009,60.1,9227.0
0140,Nykvarn,1+2,2010,60.8,9331.0
0140,Nykvarn,1+2,2011,61.1,9331.0
0140,Nykvarn,1+2,2012,61.8,9442.0
0140,Nykvarn,1+2,2013,62.3,9523.0
0140,Nykvarn,1+2,2014,64.3,9815.0
0140,Nykvarn,1+2,2015,66.7,10192.0
0140,Nykvarn,1+2,2016,68.2,10424.0
0140,Nykvarn,1+2,2017,69.8,10660.0
0140,Nykvarn,1+2,2018,71.5,10923.0
0140,Nykvarn,1+2,2019,72.1,11014.0
0140,Nykvarn,1+2,2020,73.5,11222.0
0140,Nykvarn,1+2,2021,75.3,11500.0
0140,Nykvarn,1+2,2022,76.4,11664.0
0140,Nykvarn,1+2,2023,79.3,12107.0
0140,Nykvarn,1+2,2024,80.5,12342.0
0140,Nykvarn,1+2,2025,80.7,12384.0
0160,Täby,1+2,2000,993.0,60197.0
0160,Täby,1+2,2001,993.5,60229.0
0160,Täby,1+2,2002,993.0,60198.0
0160,Täby,1+2,2003,992.5,60168.0
0160,Täby,1+2,2004,996.7,60422.0
0160,Täby,1+2,2005,999.6,60594.0
0160,Täby,1+2,2006,1006.4,61006.0
0160,Täby,1+2,2007,1016.7,61633.0
0160,Täby,1+2,2008,1027.2,62266.0
0160,Täby,1+2,2009,1039.5,63014.0
0160,Täby,1+2,2010,1052.3,63789.0
0160,Täby,1+2,2011,1063.2,64558.0
0160,Täby,1+2,2012,1076.4,65364.0
0160,Täby,1+2,2013,1091.8,66292.0
0160,Täby,1+2,2014,1109.5,67334.0
0160,Täby,1+2,2015,1125.0,68281.0
0160,Täby,1+2,2016,1143.2,69386.0
0160,Täby,1+2,2017,1160.0,70405.0
0160,Täby,1+2,2018,1176.4,71397.0
0160,Täby,1+2,2019,1184.3,71874.0
0160,Täby,1+2,2020,1198.8,72755.0
0160,Täby,1+2,2021,1218.6,73955.0
0160,Täby,1+2,2022,1238.0,75137.0
0160,Täby,1+2,2023,1264.6,76738.0
0160,Täby,1+2,2024,1274.5,77744.0
0160,Täby,1+2,2025,1287.1,78514.0
0162,Danderyd,1+2,2000,1115.4,29570.0
0162,Danderyd,1+2,2001,1117.8,29632.0
0162,Danderyd,1+2,2002,1122.4,29755.0
0162,Danderyd,1+2,2003,1127.3,29884.0
0162,Danderyd,1+2,2004,1135.4,30100.0
0162,Danderyd,1+2,2005,1140.2,30226.0
0162,Danderyd,1+2,2006,1150.2,30492.0
0162,Danderyd,1+2,2007,1161.4,30789.0
0162,Danderyd,1+2,2008,1163.7,30851.0
0162,Danderyd,1+2,2009,1175.0,31150.0
0162,Danderyd,1+2,2010,1181.8,31330.0
0162,Danderyd,1+2,2011,1204.5,31799.0
0162,Danderyd,1+2,2012,1210.6,31960.0
0162,Danderyd,1+2,2013,1220.5,32222.0
0162,Danderyd,1+2,2014,1223.3,32295.0
0162,Danderyd,1+2,2015,1228.1,32421.0
0162,Danderyd,1+2,2016,1236.9,32653.0
0162,Danderyd,1+2,2017,1245.8,32888.0
0162,Danderyd,1+2,2018,1258.5,33187.0
0162,Danderyd,1+2,2019,1246.0,32857.0
0162,Danderyd,1+2,2020,1240.5,32712.0
0162,Danderyd,1+2,2021,1244.0,32803.0
0162,Danderyd,1+2,2022,1239.7,32692.0
0162,Danderyd,1+2,2023,1229.4,32419.0
0162,Danderyd,1+2,2024,1223.1,32425.0
0162,Danderyd,1+2,2025,1226.0,32500.0
0163,Sollentuna,1+2,2000,1089.9,58048.0
0163,Sollentuna,1+2,2001,1094.0,58266.0
0163,Sollentuna,1+2,2002,1098.7,58515.0
0163,Sollentuna,1+2,2003,1105.6,58884.0
0163,Sollentuna,1+2,2004,1105.8,58897.0
0163,Sollentuna,1+2,2005,1114.4,59355.0
0163,Sollentuna,1+2,2006,1143.3,60528.0
0163,Sollentuna,1+2,2007,1159.6,61387.0
0163,Sollentuna,1+2,2008,1173.0,62097.0
0163,Sollentuna,1+2,2009,1196.6,63347.0
0163,Sollentuna,1+2,2010,1220.8,64630.0
0163,Sollentuna,1+2,2011,1251.7,65891.0
0163,Sollentuna,1+2,2012,1270.1,66859.0
0163,Sollentuna,1+2,2013,1294.6,68145.0
0163,Sollentuna,1+2,2014,1317.5,69325.0
0163,Sollentuna,1+2,2015,1335.0,70251.0
0163,Sollentuna,1+2,2016,1349.7,71023.0
0163,Sollentuna,1+2,2017,1365.4,71848.0
0163,Sollentuna,1+2,2018,1378.6,72528.0
0163,Sollentuna,1+2,2019,1403.9,73857.0
0163,Sollentuna,1+2,2020,1406.4,73990.0
0163,Sollentuna,1+2,2021,1427.6,75108.0
0163,Sollentuna,1+2,2022,1449.1,76237.0
0163,Sollentuna,1+2,2023,1459.9,76790.0
0163,Sollentuna,1+2,2024,1467.6,77624.0
0163,Sollentuna,1+2,2025,1475.4,78033.0
0180,Stockholm,1+2,2000,3997.2,750348.0
0180,Stockholm,1+2,2001,4021.7,754948.0
0180,Stockholm,1+2,2002,4038.7,758148.0
0180,Stockholm,1+2,2003,4057.8,761721.0
0180,Stockholm,1+2,2004,4075.0,765044.0
0180,Stockholm,1+2,2005,4106.9,771038.0
0180,Stockholm,1+2,2006,4163.0,782885.0
0180,Stockholm,1+2,2007,4228.2,795163.0
0180,Stockholm,1+2,2008,4307.8,810120.0
0180,Stockholm,1+2,2009,4410.4,829417.0
0180,Stockholm,1+2,2010,4504.3,847073.0
0180,Stockholm,1+2,2011,4617.9,864324.0
0180,Stockholm,1+2,2012,4708.2,881235.0
0180,Stockholm,1+2,2013,4796.2,897700.0
0180,Stockholm,1+2,2014,4872.8,911989.0
0180,Stockholm,1+2,2015,4934.5,923516.0
0180,Stockholm,1+2,2016,4999.1,935619.0
0180,Stockholm,1+2,2017,5074.7,949761.0
0180,Stockholm,1+2,2018,5139.7,962154.0
0180,Stockholm,1+2,2019,5203.4,974073.0
0180,Stockholm,1+2,2020,5211.0,975551.0
0180,Stockholm,1+2,2021,5228.2,978770.0
0180,Stockholm,1+2,2022,5260.1,984748.0
0180,Stockholm,1+2,2023,5282.3,988943.0
0180,Stockholm,1+2,2024,5289.4,995574.0
0180,Stockholm,1+2,2025,5308.9,999239.0
0181,Södertälje,1+2,2000,148.2,77882.0
0181,Södertälje,1+2,2001,149.9,78794.0
0181,Södertälje,1+2,2002,151.5,79613.0
0181,Södertälje,1+2,2003,152.3,80049.0
0181,Södertälje,1+2,2004,153.0,80405.0
0181,Södertälje,1+2,2005,153.3,80553.0
0181,Södertälje,1+2,2006,155.6,81791.0
0181,Södertälje,1+2,2007,159.1,83642.0
0181,Södertälje,1+2,2008,161.3,84753.0
0181,Södertälje,1+2,2009,162.2,85270.0
0181,Södertälje,1+2,2010,164.1,86246.0
0181,Södertälje,1+2,2011,167.0,87685.0
0181,Södertälje,1+2,2012,170.3,89473.0
0181,Södertälje,1+2,2013,173.4,91072.0
0181,Södertälje,1+2,2014,175.7,92235.0
0181,Södertälje,1+2,2015,177.6,93202.0
0181,Södertälje,1+2,2016,180.3,94631.0
0181,Södertälje,1+2,2017,183.0,96032.0
0181,Södertälje,1+2,2018,185.8,97381.0
0181,Södertälje,1+2,2019,188.9,98979.0
0181,Södertälje,1+2,2020,191.1,100111.0
0181,Södertälje,1+2,2021,193.1,101209.0
0181,Södertälje,1+2,2022,195.5,102426.0
0181,Södertälje,1+2,2023,195.7,102519.0
0181,Södertälje,1+2,2024,195.4,102911.0
0181,Södertälje,1+2,2025,195.2,102772.0
0182,Nacka,1+2,2000,783.9,74974.0
0182,Nacka,1+2,2001,791.9,75741.0
0182,Nacka,1+2,2002,801.2,76624.0
0182,Nacka,1+2,2003,810.0,77470.0
0182,Nacka,1+2,2004,823.2,78715.0
0182,Nacka,1+2,2005,839.2,80247.0
0182,Nacka,1+2,2006,863.0,82421.0
0182,Nacka,1+2,2007,882.8,84303.0
0182,Nacka,1+2,2008,897.0,85661.0
0182,Nacka,1+2,2009,922.4,88085.0
0182,Nacka,1+2,2010,943.5,90108.0
0182,Nacka,1+2,2011,963.2,91616.0
0182,Nacka,1+2,2012,976.3,92873.0
0182,Nacka,1+2,2013,992.7,94423.0
0182,Nacka,1+2,2014,1011.5,96217.0
0182,Nacka,1+2,2015,1030.2,97986.0
0182,Nacka,1+2,2016,1044.6,99359.0
0182,Nacka,1+2,2017,1064.3,101231.0
0182,Nacka,1+2,2018,1091.9,103656.0
0182,Nacka,1+2,2019,1108.1,105189.0
0182,Nacka,1+2,2020,1121.9,106505.0
0182,Nacka,1+2,2021,1140.1,108234.0
0182,Nacka,1+2,2022,1155.2,109486.0
0182,Nacka,1+2,2023,1167.1,110633.0
0182,Nacka,1+2,2024,1176.3,112112.0
0182,Nacka,1+2,2025,1193.3,113730.0
0183,Sundbyberg,1+2,2000,3883.9,33868.0
0183,Sundbyberg,1+2,2001,3895.3,33967.0
0183,Sundbyberg,1+2,2002,3875.8,33797.0
0183,Sundbyberg,1+2,2003,3869.0,33738.0
0183,Sundbyberg,1+2,2004,3878.0,33816.0
0183,Sundbyberg,1+2,2005,3900.9,34016.0
0183,Sundbyberg,1+2,2006,3959.7,34529.0
0183,Sundbyberg,1+2,2007,4022.7,35078.0
0183,Sundbyberg,1+2,2008,4142.3,36079.0
0183,Sundbyberg,1+2,2009,4330.9,37722.0
0183,Sundbyberg,1+2,2010,4435.5,38633.0
0183,Sundbyberg,1+2,2011,4560.4,39539.0
0183,Sundbyberg,1+2,2012,4705.0,40793.0
0183,Sundbyberg,1+2,2013,4916.5,42626.0
0183,Sundbyberg,1+2,2014,5073.6,44090.0
0183,Sundbyberg,1+2,2015,5307.6,46110.0
0183,Sundbyberg,1+2,2016,5496.4,47750.0
0183,Sundbyberg,1+2,2017,5689.1,49424.0
0183,Sundbyberg,1+2,2018,5818.6,50564.0
0183,Sundbyberg,1+2,2019,6031.5,52414.0
0183,Sundbyberg,1+2,2020,6076.1,52801.0
0183,Sundbyberg,1+2,2021,6171.0,53564.0
0183,Sundbyberg,1+2,2022,6229.3,54070.0
0183,Sundbyberg,1+2,2023,6441.5,55912.0
0183,Sundbyberg,1+2,2024,6446.0,56274.0
0183,Sundbyberg,1+2,2025,6529.2,57000.0
0184,Solna,1+2,2000,2922.3,56605.0
0184,Solna,1+2,2001,2940.3,56953.0
0184,Solna,1+2,2002,2972.9,57585.0
0184,Solna,1+2,2003,2994.0,57994.0
0184,Solna,1+2,2004,3051.0,59098.0
0184,Solna,1+2,2005,3127.3,60575.0
0184,Solna,1+2,2006,3186.2,61717.0
0184,Solna,1+2,2007,3268.9,63318.0
0184,Solna,1+2,2008,3368.9,65289.0
0184,Solna,1+2,2009,3452.5,66909.0
0184,Solna,1+2,2010,3516.2,68144.0
0184,Solna,1+2,2011,3624.1,69946.0
0184,Solna,1+2,2012,3693.9,71293.0
0184,Solna,1+2,2013,3768.9,72740.0
0184,Solna,1+2,2014,3838.3,74041.0
0184,Solna,1+2,2015,3948.2,76158.0
0184,Solna,1+2,2016,4050.4,78129.0
0184,Solna,1+2,2017,4132.2,79707.0
0184,Solna,1+2,2018,4198.7,80950.0
0184,Solna,1+2,2019,4275.4,82429.0
0184,Solna,1+2,2020,4315.6,83162.0
0184,Solna,1+2,2021,4368.8,84187.0
0184,Solna,1+2,2022,4434.4,85450.0
0184,Solna,1+2,2023,4433.1,85426.0
0184,Solna,1+2,2024,4429.0,85789.0
0184,Solna,1+2,2025,4462.3,86435.0
0186,Lidingö,1+2,2000,1331.1,40584.0
0186,Lidingö,1+2,2001,1341.3,40895.0
0186,Lidingö,1+2,2002,1351.0,41192.0
0186,Lidingö,1+2,2003,1351.1,41194.0
0186,Lidingö,1+2,2004,1358.1,41407.0
0186,Lidingö,1+2,2005,1374.0,41892.0
0186,Lidingö,1+2,2006,1388.0,42321.0
0186,Lidingö,1+2,2007,1400.8,42710.0
0186,Lidingö,1+2,2008,1413.9,43111.0
0186,Lidingö,1+2,2009,1424.9,43445.0
0186,Lidingö,1+2,2010,1425.0,44017.0
0186,Lidingö,1+2,2011,1431.2,44081.0
0186,Lidingö,1+2,2012,1442.6,44434.0
0186,Lidingö,1+2,2013,1466.8,45178.0
0186,Lidingö,1+2,2014,1476.1,45465.0
0186,Lidingö,1+2,2015,1503.5,46302.0
0186,Lidingö,1+2,2016,1521.4,46853.0
0186,Lidingö,1+2,2017,1532.2,47185.0
0186,Lidingö,1+2,2018,1558.1,47818.0
0186,Lidingö,1+2,2019,1568.0,48123.0
0186,Lidingö,1+2,2020,1564.2,48005.0
0186,Lidingö,1+2,2021,1569.3,48162.0
0186,Lidingö,1+2,2022,1578.1,48432.0
0186,Lidingö,1+2,2023,1574.6,48324.0
0186,Lidingö,1+2,2024,1567.1,48377.0
0186,Lidingö,1+2,2025,1566.9,48369.0
0187,Vaxholm,1+2,2000,159.9,9286.0
0187,Vaxholm,1+2,2001,163.1,9470.0
0187,Vaxholm,1+2,2002,165.9,9631.0
0187,Vaxholm,1+2,2003,167.5,9725.0
0187,Vaxholm,1+2,2004,170.6,9904.0
0187,Vaxholm,1+2,2005,174.4,10123.0
0187,Vaxholm,1+2,2006,179.8,10440.0
0187,Vaxholm,1+2,2007,182.6,10600.0
0187,Vaxholm,1+2,2008,185.1,10747.0
0187,Vaxholm,1+2,2009,189.5,11001.0
0187,Vaxholm,1+2,2010,190.2,10965.0
0187,Vaxholm,1+2,2011,192.5,11141.0
0187,Vaxholm,1+2,2012,192.2,11126.0
0187,Vaxholm,1+2,2013,193.3,11188.0
0187,Vaxholm,1+2,2014,195.9,11329.0
0187,Vaxholm,1+2,2015,196.8,11380.0
0187,Vaxholm,1+2,2016,200.9,11621.0
0187,Vaxholm,1+2,2017,204.6,11831.0
0187,Vaxholm,1+2,2018,208.6,12023.0
0187,Vaxholm,1+2,2019,208.3,12003.0
0187,Vaxholm,1+2,2020,206.2,11886.0
0187,Vaxholm,1+2,2021,208.2,11996.0
0187,Vaxholm,1+2,2022,206.5,11899.0
0187,Vaxholm,1+2,2023,205.1,11817.0
0187,Vaxholm,1+2,2024,204.1,11822.0
0187,Vaxholm,1+2,2025,200.9,11636.0
0188,Norrtälje,1+2,2000,26.2,52611.0
0188,Norrtälje,1+2,2001,26.5,53286.0
0188,Norrtälje,1+2,2002,26.7,53702.0
0188,Norrtälje,1+2,2003,26.9,54021.0
0188,Norrtälje,1+2,2004,27.0,54366.0
0188,Norrtälje,1+2,2005,27.2,54596.0
0188,Norrtälje,1+2,2006,27.3,54836.0
0188,Norrtälje,1+2,2007,27.5,55225.0
0188,Norrtälje,1+2,2008,27.6,55528.0
0188,Norrtälje,1+2,2009,27.8,55927.0
0188,Norrtälje,1+2,2010,27.9,56080.0
0188,Norrtälje,1+2,2011,27.9,56245.0
0188,Norrtälje,1+2,2012,28.0,56634.0
0188,Norrtälje,1+2,2013,28.2,56845.0
0188,Norrtälje,1+2,2014,28.6,57568.0
0188,Norrtälje,1+2,2015,29.1,58669.0
0188,Norrtälje,1+2,2016,29.5,59420.0
0188,Norrtälje,1+2,2017,30.2,60808.0
0188,Norrtälje,1+2,2018,30.7,61769.0
0188,Norrtälje,1+2,2019,31.1,62622.0
0188,Norrtälje,1+2,2020,31.6,63673.0
0188,Norrtälje,1+2,2021,32.1,64762.0
0188,Norrtälje,1+2,2022,32.5,65587.0
0188,Norrtälje,1+2,2023,32.6,65770.0
0188,Norrtälje,1+2,2024,32.9,66585.0
0188,Norrtälje,1+2,2025,33.0,66832.0
0191,Sigtuna,1+2,2000,106.7,35001.0
0191,Sigtuna,1+2,2001,108.3,35518.0
0191,Sigtuna,1+2,2002,109.1,35771.0
0191,Sigtuna,1+2,2003,109.9,36028.0
0191,Sigtuna,1+2,2004,110.8,36322.0
0191,Sigtuna,1+2,2005,112.0,36711.0
0191,Sigtuna,1+2,2006,112.8,36976.0
0191,Sigtuna,1+2,2007,115.3,37793.0
0191,Sigtuna,1+2,2008,117.0,38372.0
0191,Sigtuna,1+2,2009,119.6,39219.0
0191,Sigtuna,1+2,2010,122.0,39990.0
0191,Sigtuna,1+2,2011,126.2,41329.0
0191,Sigtuna,1+2,2012,129.1,42272.0
0191,Sigtuna,1+2,2013,132.5,43372.0
0191,Sigtuna,1+2,2014,134.5,44085.0
0191,Sigtuna,1+2,2015,136.7,44786.0
0191,Sigtuna,1+2,2016,141.2,46274.0
0191,Sigtuna,1+2,2017,143.9,47146.0
0191,Sigtuna,1+2,2018,146.9,48130.0
0191,Sigtuna,1+2,2019,149.4,48964.0
0191,Sigtuna,1+2,2020,151.2,49537.0
0191,Sigtuna,1+2,2021,153.4,50273.0
0191,Sigtuna,1+2,2022,158.3,51876.0
0191,Sigtuna,1+2,2023,160.4,52529.0
0191,Sigtuna,1+2,2024,160.2,52767.0
0191,Sigtuna,1+2,2025,162.0,53365.0
0192,Nynäshamn,1+2,2000,67.1,23965.0
0192,Nynäshamn,1+2,2001,68.1,24332.0
0192,Nynäshamn,1+2,2002,68.7,24528.0
0192,Nynäshamn,1+2,2003,68.8,24587.0
0192,Nynäshamn,1+2,2004,69.1,24670.0
0192,Nynäshamn,1+2,2005,69.0,24648.0
0192,Nynäshamn,1+2,2006,70.0,24992.0
0192,Nynäshamn,1+2,2007,71.0,25353.0
0192,Nynäshamn,1+2,2008,71.4,25499.0
0192,Nynäshamn,1+2,2009,72.2,25781.0
0192,Nynäshamn,1+2,2010,72.9,26032.0
0192,Nynäshamn,1+2,2011,73.2,26248.0
0192,Nynäshamn,1+2,2012,74.0,26572.0
0192,Nynäshamn,1+2,2013,74.7,26796.0
0192,Nynäshamn,1+2,2014,75.4,27041.0
0192,Nynäshamn,1+2,2015,76.7,27500.0
0192,Nynäshamn,1+2,2016,77.4,27752.0
0192,Nynäshamn,1+2,2017,78.4,28109.0
0192,Nynäshamn,1+2,2018,79.2,28290.0
0192,Nynäshamn,1+2,2019,80.0,28575.0
0192,Nynäshamn,1+2,2020,80.6,28811.0
0192,Nynäshamn,1+2,2021,82.5,29495.0
0192,Nynäshamn,1+2,2022,84.1,30043.0
0192,Nynäshamn,1+2,2023,84.9,30311.0
0192,Nynäshamn,1+2,2024,85.2,30579.0
0192,Nynäshamn,1+2,2025,85.3,30610.0
0305,Håbo,1+2,2000,121.8,17468.0
0305,Håbo,1+2,2001,123.1,17648.0
0305,Håbo,1+2,2002,124.6,17864.0
0305,Håbo,1+2,2003,126.3,18115.0
0305,Håbo,1+2,2004,128.2,18378.0
0305,Håbo,1+2,2005,129.5,18569.0
0305,Håbo,1+2,2006,130.0,18637.0
0305,Håbo,1+2,2007,132.0,18931.0
0305,Håbo,1+2,2008,134.1,19225.0
0305,Håbo,1+2,2009,135.7,19452.0
0305,Håbo,1+2,2010,136.9,19629.0
0305,Håbo,1+2,2011,137.1,19715.0
0305,Håbo,1+2,2012,138.3,19883.0
0305,Håbo,1+2,2013,138.9,19968.0
0305,Håbo,1+2,2014,139.6,20034.0
0305,Håbo,1+2,2015,141.3,20279.0
0305,Håbo,1+2,2016,144.5,20737.0
0305,Håbo,1+2,2017,146.9,21083.0
0305,Håbo,1+2,2018,150.2,21564.0
0305,Håbo,1+2,2019,152.8,21934.0
0305,Håbo,1+2,2020,153.4,22019.0
0305,Håbo,1+2,2021,155.7,22344.0
0305,Håbo,1+2,2022,158.6,22765.0
0305,Håbo,1+2,2023,160.2,22974.0
0305,Håbo,1+2,2024,159.4,22973.0
0305,Håbo,1+2,2025,161.3,23252.0
0319,Älvkarleby,1+2,2000,41.9,8932.0
0319,Älvkarleby,1+2,2001,42.0,8955.0
0319,Älvkarleby,1+2,2002,42.0,8970.0
0319,Älvkarleby,1+2,2003,42.3,9028.0
0319,Älvkarleby,1+2,2004,42.4,9041.0
0319,Älvkarleby,1+2,2005,42.6,9080.0
0319,Älvkarleby,1+2,2006,42.7,9110.0
0319,Älvkarleby,1+2,2007,42.6,9095.0
0319,Älvkarleby,1+2,2008,42.5,9064.0
0319,Älvkarleby,1+2,2009,42.5,9068.0
0319,Älvkarleby,1+2,2010,42.7,9103.0
0319,Älvkarleby,1+2,2011,42.3,9089.0
0319,Älvkarleby,1+2,2012,42.1,9059.0
0319,Älvkarleby,1+2,2013,42.5,9132.0
0319,Älvkarleby,1+2,2014,42.6,9169.0
0319,Älvkarleby,1+2,2015,43.2,9293.0
0319,Älvkarleby,1+2,2016,43.9,9445.0
0319,Älvkarleby,1+2,2017,43.7,9402.0
0319,Älvkarleby,1+2,2018,42.4,9392.0
0319,Älvkarleby,1+2,2019,42.7,9457.0
0319,Älvkarleby,1+2,2020,42.9,9511.0
0319,Älvkarleby,1+2,2021,43.5,9627.0
0319,Älvkarleby,1+2,2022,43.4,9625.0
0319,Älvkarleby,1+2,2023,43.5,9572.0
0319,Älvkarleby,1+2,2024,43.1,9552.0
0319,Älvkarleby,1+2,2025,43.2,9573.0
0330,Knivsta,1+2,2000,0.0,0.0
0330,Knivsta,1+2,2001,0.0,0.0
0330,Knivsta,1+2,2002,44.4,12586.0
0330,Knivsta,1+2,2003,45.2,12821.0
0330,Knivsta,1+2,2004,46.1,13059.0
0330,Knivsta,1+2,2005,47.0,13324.0
0330,Knivsta,1+2,2006,48.0,13597.0
0330,Knivsta,1+2,2007,49.2,13954.0
0330,Knivsta,1+2,2008,50.3,14259.0
0330,Knivsta,1+2,2009,51.1,14477.0
0330,Knivsta,1+2,2010,51.9,14724.0
0330,Knivsta,1+2,2011,53.0,14965.0
0330,Knivsta,1+2,2012,54.1,15279.0
0330,Knivsta,1+2,2013,55.2,15580.0
0330,Knivsta,1+2,2014,57.1,16105.0
0330,Knivsta,1+2,2015,59.8,16869.0
0330,Knivsta,1+2,2016,61.4,17323.0
0330,Knivsta,1+2,2017,64.0,18064.0
0330,Knivsta,1+2,2018,66.3,18720.0
0330,Knivsta,1+2,2019,66.8,18835.0
0330,Knivsta,1+2,2020,67.7,19106.0
0330,Knivsta,1+2,2021,70.2,19818.0
0330,Knivsta,1+2,2022,71.4,20133.0
0330,Knivsta,1+2,2023,73.4,20714.0
0330,Knivsta,1+2,2024,74.7,21193.0
0330,Knivsta,1+2,2025,76.6,21733.0
0331,Heby,1+2,2000,11.7,13653.0
0331,Heby,1+2,2001,11.7,13739.0
0331,Heby,1+2,2002,11.7,13725.0
0331,Heby,1+2,2003,11.7,13711.0
0331,Heby,1+2,2004,11.8,13771.0
0331,Heby,1+2,2005,11.6,13634.0
0331,Heby,1+2,2006,11.5,13530.0
0331,Heby,1+2,2007,11.5,13492.0
0331,Heby,1+2,2008,11.4,13407.0
0331,Heby,1+2,2009,11.4,13355.0
0331,Heby,1+2,2010,11.4,13382.0
0331,Heby,1+2,2011,11.5,13381.0
0331,Heby,1+2,2012,11.4,13364.0
0331,Heby,1+2,2013,11.5,13450.0
0331,Heby,1+2,2014,11.6,13490.0
0331,Heby,1+2,2015,11.6,13594.0
0331,Heby,1+2,2016,11.8,13755.0
0331,Heby,1+2,2017,11.9,13854.0
0331,Heby,1+2,2018,11.9,13910.0
0331,Heby,1+2,2019,12.0,14047.0
0331,Heby,1+2,2020,12.1,14101.0
0331,Heby,1+2,2021,12.3,14303.0
0331,Heby,1+2,2022,12.4,14421.0
0331,Heby,1+2,2023,12.3,14343.0
0331,Heby,1+2,2024,12.2,14345.0
0331,Heby,1+2,2025,12.2,14275.0
0360,Tierp,1+2,2000,12.8,19888.0
0360,Tierp,1+2,2001,12.8,19891.0
0360,Tierp,1+2,2002,13.0,20088.0
0360,Tierp,1+2,2003,13.0,20116.0
0360,Tierp,1+2,2004,12.9,20061.0
0360,Tierp,1+2,2005,12.9,20056.0
0360,Tierp,1+2,2006,12.9,19943.0
0360,Tierp,1+2,2007,12.9,20068.0
0360,Tierp,1+2,2008,13.0,20153.0
0360,Tierp,1+2,2009,12.9,20044.0
0360,Tierp,1+2,2010,13.0,20125.0
0360,Tierp,1+2,2011,13.0,20077.0
0360,Tierp,1+2,2012,13.0,20156.0
0360,Tierp,1+2,2013,13.0,20144.0
0360,Tierp,1+2,2014,13.1,20245.0
0360,Tierp,1+2,2015,13.3,20547.0
0360,Tierp,1+2,2016,13.4,20744.0
0360,Tierp,1+2,2017,13.5,20930.0
0360,Tierp,1+2,2018,13.7,21127.0
0360,Tierp,1+2,2019,13.7,21136.0
0360,Tierp,1+2,2020,13.8,21327.0
0360,Tierp,1+2,2021,14.0,21485.0
0360,Tierp,1+2,2022,13.9,21406.0
0360,Tierp,1+2,2023,13.8,21193.0
0360,Tierp,1+2,2024,13.6,21104.0
0360,Tierp,1+2,2025,13.6,21028.0
0380,Uppsala,1+2,2000,76.7,189569.0
0380,Uppsala,1+2,2001,77.3,191110.0
0380,Uppsala,1+2,2002,82.1,179673.0
0380,Uppsala,1+2,2003,82.5,180669.0
0380,Uppsala,1+2,2004,83.2,182076.0
0380,Uppsala,1+2,2005,83.7,183308.0
0380,Uppsala,1+2,2006,84.6,185187.0
0380,Uppsala,1+2,2007,85.7,187541.0
0380,Uppsala,1+2,2008,87.1,190668.0
0380,Uppsala,1+2,2009,89.0,194751.0
0380,Uppsala,1+2,2010,90.4,197787.0
0380,Uppsala,1+2,2011,91.6,200001.0
0380,Uppsala,1+2,2012,92.8,202625.0
0380,Uppsala,1+2,2013,94.0,205199.0
0380,Uppsala,1+2,2014,95.0,207362.0
0380,Uppsala,1+2,2015,96.3,210126.0
0380,Uppsala,1+2,2016,98.3,214559.0
0380,Uppsala,1+2,2017,100.8,219914.0
0380,Uppsala,1+2,2018,103.2,225164.0
0380,Uppsala,1+2,2019,105.7,230767.0
0380,Uppsala,1+2,2020,107.2,233839.0
0380,Uppsala,1+2,2021,108.9,237596.0
0380,Uppsala,1+2,2022,111.0,242140.0
0380,Uppsala,1+2,2023,112.4,245329.0
0380,Uppsala,1+2,2024,113.1,248016.0
0380,Uppsala,1+2,2025,113.8,249726.0
0381,Enköping,1+2,2000,30.9,36606.0
0381,Enköping,1+2,2001,31.4,37181.0
0381,Enköping,1+2,2002,31.8,37647.0
0381,Enköping,1+2,2003,32.1,38005.0
0381,Enköping,1+2,2004,32.3,38211.0
0381,Enköping,1+2,2005,32.4,38422.0
0381,Enköping,1+2,2006,32.5,38486.0
0381,Enköping,1+2,2007,32.7,38768.0
0381,Enköping,1+2,2008,32.9,38978.0
0381,Enköping,1+2,2009,33.2,39360.0
0381,Enköping,1+2,2010,33.6,39759.0
0381,Enköping,1+2,2011,34.0,40015.0
0381,Enköping,1+2,2012,34.2,40349.0
0381,Enköping,1+2,2013,34.5,40656.0
0381,Enköping,1+2,2014,34.9,41163.0
0381,Enköping,1+2,2015,35.6,41893.0
0381,Enköping,1+2,2016,36.5,42988.0
0381,Enköping,1+2,2017,37.2,43797.0
0381,Enköping,1+2,2018,37.7,44429.0
0381,Enköping,1+2,2019,38.4,45287.0
0381,Enköping,1+2,2020,39.2,46240.0
0381,Enköping,1+2,2021,40.3,47489.0
0381,Enköping,1+2,2022,40.6,47848.0
0381,Enköping,1+2,2023,41.0,48292.0
0381,Enköping,1+2,2024,41.0,48591.0
0381,Enköping,1+2,2025,41.2,48804.0
0382,Östhammar,1+2,2000,14.8,21733.0
0382,Östhammar,1+2,2001,14.8,21842.0
0382,Östhammar,1+2,2002,14.8,21827.0
0382,Östhammar,1+2,2003,14.8,21741.0
0382,Östhammar,1+2,2004,14.8,21738.0
0382,Östhammar,1+2,2005,14.7,21608.0
0382,Östhammar,1+2,2006,14.6,21435.0
0382,Östhammar,1+2,2007,14.6,21421.0
0382,Östhammar,1+2,2008,14.6,21434.0
0382,Östhammar,1+2,2009,14.5,21391.0
0382,Östhammar,1+2,2010,14.5,21373.0
0382,Östhammar,1+2,2011,14.5,21387.0
0382,Östhammar,1+2,2012,14.4,21262.0
0382,Östhammar,1+2,2013,14.5,21352.0
0382,Östhammar,1+2,2014,14.5,21374.0
0382,Östhammar,1+2,2015,14.6,21563.0
0382,Östhammar,1+2,2016,14.8,21822.0
0382,Östhammar,1+2,2017,14.9,21927.0
0382,Östhammar,1+2,2018,15.0,22048.0
0382,Östhammar,1+2,2019,15.1,22250.0
0382,Östhammar,1+2,2020,15.1,22251.0
0382,Östhammar,1+2,2021,15.2,22364.0
0382,Östhammar,1+2,2022,15.2,22344.0
0382,Östhammar,1+2,2023,15.0,22172.0
0382,Östhammar,1+2,2024,14.9,22138.0
0382,Östhammar,1+2,2025,15.0,22181.0
0428,Vingåker,1+2,2000,24.7,9186.0
0428,Vingåker,1+2,2001,24.6,9156.0
0428,Vingåker,1+2,2002,24.6,9181.0
0428,Vingåker,1+2,2003,24.6,9179.0
0428,Vingåker,1+2,2004,24.6,9178.0
0428,Vingåker,1+2,2005,24.9,9269.0
0428,Vingåker,1+2,2006,24.7,9212.0
0428,Vingåker,1+2,2007,24.4,9082.0
0428,Vingåker,1+2,2008,24.2,9000.0
0428,Vingåker,1+2,2009,23.9,8911.0
0428,Vingåker,1+2,2010,23.9,8893.0
0428,Vingåker,1+2,2011,23.8,8824.0
0428,Vingåker,1+2,2012,23.7,8775.0
0428,Vingåker,1+2,2013,23.9,8835.0
0428,Vingåker,1+2,2014,24.1,8919.0
0428,Vingåker,1+2,2015,24.2,8953.0
0428,Vingåker,1+2,2016,24.6,9099.0
0428,Vingåker,1+2,2017,24.8,9180.0
0428,Vingåker,1+2,2018,24.7,9136.0
0428,Vingåker,1+2,2019,24.6,9111.0
0428,Vingåker,1+2,2020,24.7,9144.0
0428,Vingåker,1+2,2021,24.5,9063.0
0428,Vingåker,1+2,2022,24.3,8981.0
0428,Vingåker,1+2,2023,23.9,8856.0
0428,Vingåker,1+2,2024,23.5,8750.0
0428,Vingåker,1+2,2025,23.3,8666.0
0461,Gnesta,1+2,2000,21.1,9768.0
0461,Gnesta,1+2,2001,21.1,9748.0
0461,Gnesta,1+2,2002,21.2,9813.0
0461,Gnesta,1+2,2003,21.6,10002.0
0461,Gnesta,1+2,2004,21.5,9935.0
0461,Gnesta,1+2,2005,21.5,9958.0
0461,Gnesta,1+2,2006,21.6,9981.0
0461,Gnesta,1+2,2007,21.7,10031.0
0461,Gnesta,1+2,2008,22.0,10179.0
0461,Gnesta,1+2,2009,22.3,10318.0
0461,Gnesta,1+2,2010,22.4,10360.0
0461,Gnesta,1+2,2011,22.4,10345.0
0461,Gnesta,1+2,2012,22.6,10442.0
0461,Gnesta,1+2,2013,22.6,10409.0
0461,Gnesta,1+2,2014,22.8,10513.0
0461,Gnesta,1+2,2015,23.1,10649.0
0461,Gnesta,1+2,2016,23.6,10861.0
0461,Gnesta,1+2,2017,23.9,11019.0
0461,Gnesta,1+2,2018,24.4,11237.0
0461,Gnesta,1+2,2019,24.6,11365.0
0461,Gnesta,1+2,2020,24.8,11421.0
0461,Gnesta,1+2,2021,25.0,11513.0
0461,Gnesta,1+2,2022,25.2,11612.0
0461,Gnesta,1+2,2023,25.0,11520.0
0461,Gnesta,1+2,2024,24.7,11458.0
0461,Gnesta,1+2,2025,24.5,11343.0
0480,Nyköping,1+2,2000,34.4,49063.0
0480,Nyköping,1+2,2001,34.5,49273.0
0480,Nyköping,1+2,2002,34.5,49310.0
0480,Nyköping,1+2,2003,34.6,49382.0
0480,Nyköping,1+2,2004,34.7,49575.0
0480,Nyköping,1+2,2005,34.9,49816.0
0480,Nyköping,1+2,2006,35.2,50191.0
0480,Nyköping,1+2,2007,35.5,50760.0
0480,Nyköping,1+2,2008,35.7,50973.0
0480,Nyköping,1+2,2009,35.9,51209.0
0480,Nyköping,1+2,2010,36.2,51644.0
0480,Nyköping,1+2,2011,36.5,51896.0
0480,Nyköping,1+2,2012,36.8,52336.0
0480,Nyköping,1+2,2013,37.3,53038.0
0480,Nyköping,1+2,2014,37.7,53508.0
0480,Nyköping,1+2,2015,38.2,54262.0
0480,Nyköping,1+2,2016,38.7,54924.0
0480,Nyköping,1+2,2017,39.0,55467.0
0480,Nyköping,1+2,2018,39.5,56011.0
0480,Nyköping,1+2,2019,39.9,56591.0
0480,Nyköping,1+2,2020,40.2,57071.0
0480,Nyköping,1+2,2021,40.6,57633.0
0480,Nyköping,1+2,2022,40.9,58021.0
0480,Nyköping,1+2,2023,41.0,58200.0
0480,Nyköping,1+2,2024,40.9,58344.0
0480,Nyköping,1+2,2025,40.9,58310.0
0481,Oxelösund,1+2,2000,305.5,10866.0
0481,Oxelösund,1+2,2001,308.8,10983.0
0481,Oxelösund,1+2,2002,314.4,11183.0
0481,Oxelösund,1+2,2003,317.7,11299.0
0481,Oxelösund,1+2,2004,316.9,11273.0
0481,Oxelösund,1+2,2005,313.0,11134.0
0481,Oxelösund,1+2,2006,312.4,11111.0
0481,Oxelösund,1+2,2007,313.4,11148.0
0481,Oxelösund,1+2,2008,314.0,11170.0
0481,Oxelösund,1+2,2009,312.8,11126.0
0481,Oxelösund,1+2,2010,314.7,11193.0
0481,Oxelösund,1+2,2011,317.9,11250.0
0481,Oxelösund,1+2,2012,317.4,11236.0
0481,Oxelösund,1+2,2013,322.2,11403.0
0481,Oxelösund,1+2,2014,326.0,11551.0
0481,Oxelösund,1+2,2015,330.3,11701.0
0481,Oxelösund,1+2,2016,336.5,11921.0
0481,Oxelösund,1+2,2017,338.9,12008.0
0481,Oxelösund,1+2,2018,344.9,12062.0
0481,Oxelösund,1+2,2019,342.7,11983.0
0481,Oxelösund,1+2,2020,343.0,11995.0
0481,Oxelösund,1+2,2021,346.9,12132.0
0481,Oxelösund,1+2,2022,345.6,12086.0
0481,Oxelösund,1+2,2023,346.3,12106.0
0481,Oxelösund,1+2,2024,342.5,12031.0
0481,Oxelösund,1+2,2025,340.5,11962.0
0482,Flen,1+2,2000,22.9,16565.0
0482,Flen,1+2,2001,22.7,16411.0
0482,Flen,1+2,2002,22.9,16520.0
0482,Flen,1+2,2003,23.0,16629.0
0482,Flen,1+2,2004,22.9,16534.0
0482,Flen,1+2,2005,22.7,16412.0
0482,Flen,1+2,2006,22.5,16222.0
0482,Flen,1+2,2007,22.4,16191.0
0482,Flen,1+2,2008,22.3,16133.0
0482,Flen,1+2,2009,22.4,16139.0
0482,Flen,1+2,2010,22.2,16028.0
0482,Flen,1+2,2011,22.3,16063.0
0482,Flen,1+2,2012,22.2,16019.0
0482,Flen,1+2,2013,22.5,16156.0
0482,Flen,1+2,2014,22.6,16242.0
0482,Flen,1+2,2015,22.9,16440.0
0482,Flen,1+2,2016,23.4,16830.0
0482,Flen,1+2,2017,23.5,16864.0
0482,Flen,1+2,2018,23.3,16705.0
0482,Flen,1+2,2019,23.1,16585.0
0482,Flen,1+2,2020,22.9,16431.0
0482,Flen,1+2,2021,22.7,16316.0
0482,Flen,1+2,2022,22.4,16058.0
0482,Flen,1+2,2023,21.8,15668.0
0482,Flen,1+2,2024,21.3,15362.0
0482,Flen,1+2,2025,20.9,15095.0
0483,Katrineholm,1+2,2000,31.6,32370.0
0483,Katrineholm,1+2,2001,31.6,32391.0
0483,Katrineholm,1+2,2002,31.6,32381.0
0483,Katrineholm,1+2,2003,31.6,32418.0
0483,Katrineholm,1+2,2004,31.5,32258.0
0483,Katrineholm,1+2,2005,31.4,32185.0
0483,Katrineholm,1+2,2006,31.2,32029.0
0483,Katrineholm,1+2,2007,31.4,32162.0
0483,Katrineholm,1+2,2008,31.4,32207.0
0483,Katrineholm,1+2,2009,31.5,32303.0
0483,Katrineholm,1+2,2010,31.6,32428.0
0483,Katrineholm,1+2,2011,31.8,32409.0
0483,Katrineholm,1+2,2012,31.9,32549.0
0483,Katrineholm,1+2,2013,32.3,32930.0
0483,Katrineholm,1+2,2014,32.6,33268.0
0483,Katrineholm,1+2,2015,32.8,33462.0
0483,Katrineholm,1+2,2016,33.1,33722.0
0483,Katrineholm,1+2,2017,33.5,34133.0
0483,Katrineholm,1+2,2018,33.9,34550.0
0483,Katrineholm,1+2,2019,34.1,34755.0
0483,Katrineholm,1+2,2020,34.1,34765.0
0483,Katrineholm,1+2,2021,34.1,34764.0
0483,Katrineholm,1+2,2022,33.9,34604.0
0483,Katrineholm,1+2,2023,33.7,34324.0
0483,Katrineholm,1+2,2024,33.4,34154.0
0483,Katrineholm,1+2,2025,33.2,33984.0
0484,Eskilstuna,1+2,2000,80.1,88408.0
0484,Eskilstuna,1+2,2001,80.8,89135.0
0484,Eskilstuna,1+2,2002,81.6,90089.0
0484,Eskilstuna,1+2,2003,82.2,90694.0
0484,Eskilstuna,1+2,2004,82.6,91168.0
0484,Eskilstuna,1+2,2005,83.0,91635.0
0484,Eskilstuna,1+2,2006,83.6,92250.0
0484,Eskilstuna,1+2,2007,84.6,93343.0
0484,Eskilstuna,1+2,2008,85.9,94785.0
0484,Eskilstuna,1+2,2009,86.6,95577.0
0484,Eskilstuna,1+2,2010,87.3,96311.0
0484,Eskilstuna,1+2,2011,88.7,97596.0
0484,Eskilstuna,1+2,2012,89.8,98765.0
0484,Eskilstuna,1+2,2013,90.7,99729.0
0484,Eskilstuna,1+2,2014,91.8,100923.0
0484,Eskilstuna,1+2,2015,92.8,102065.0
0484,Eskilstuna,1+2,2016,94.3,103684.0
0484,Eskilstuna,1+2,2017,95.2,104709.0
0484,Eskilstuna,1+2,2018,96.3,105924.0
0484,Eskilstuna,1+2,2019,97.2,106859.0
0484,Eskilstuna,1+2,2020,97.3,106975.0
0484,Eskilstuna,1+2,2021,97.8,107593.0
0484,Eskilstuna,1+2,2022,98.1,107918.0
0484,Eskilstuna,1+2,2023,97.8,107468.0
0484,Eskilstuna,1+2,2024,97.1,107203.0
0484,Eskilstuna,1+2,2025,96.7,106789.0
0486,Strängnäs,1+2,2000,39.9,29610.0
0486,Strängnäs,1+2,2001,40.1,29766.0
0486,Strängnäs,1+2,2002,40.5,30015.0
0486,Strängnäs,1+2,2003,40.7,30212.0
0486,Strängnäs,1+2,2004,41.2,30522.0
0486,Strängnäs,1+2,2005,41.3,30655.0
0486,Strängnäs,1+2,2006,42.0,31152.0
0486,Strängnäs,1+2,2007,42.4,31435.0
0486,Strängnäs,1+2,2008,42.8,31715.0
0486,Strängnäs,1+2,2009,43.2,32024.0
0486,Strängnäs,1+2,2010,43.7,32419.0
0486,Strängnäs,1+2,2011,44.2,32687.0
0486,Strängnäs,1+2,2012,44.7,33072.0
0486,Strängnäs,1+2,2013,45.1,33389.0
0486,Strängnäs,1+2,2014,45.8,33878.0
0486,Strängnäs,1+2,2015,46.1,34102.0
0486,Strängnäs,1+2,2016,46.8,34609.0
0486,Strängnäs,1+2,2017,47.4,35045.0
0486,Strängnäs,1+2,2018,48.4,35761.0
0486,Strängnäs,1+2,2019,49.4,36544.0
0486,Strängnäs,1+2,2020,50.4,37290.0
0486,Strängnäs,1+2,2021,51.6,38129.0
0486,Strängnäs,1+2,2022,52.1,38526.0
0486,Strängnäs,1+2,2023,52.7,38917.0
0486,Strängnäs,1+2,2024,52.9,39313.0
0486,Strängnäs,1+2,2025,53.0,39387.0
0488,Trosa,1+2,2000,48.3,10197.0
0488,Trosa,1+2,2001,49.1,10357.0
0488,Trosa,1+2,2002,49.8,10514.0
0488,Trosa,1+2,2003,50.1,10565.0
0488,Trosa,1+2,2004,50.4,10627.0
0488,Trosa,1+2,2005,51.3,10831.0
0488,Trosa,1+2,2006,51.9,10951.0
0488,Trosa,1+2,2007,52.3,11038.0
0488,Trosa,1+2,2008,53.9,11362.0
0488,Trosa,1+2,2009,54.2,11446.0
0488,Trosa,1+2,2010,54.3,11462.0
0488,Trosa,1+2,2011,54.8,11493.0
0488,Trosa,1+2,2012,54.9,11529.0
0488,Trosa,1+2,2013,55.7,11680.0
0488,Trosa,1+2,2014,56.6,11864.0
0488,Trosa,1+2,2015,57.6,12078.0
0488,Trosa,1+2,2016,59.3,12447.0
0488,Trosa,1+2,2017,61.6,12916.0
0488,Trosa,1+2,2018,63.6,13309.0
0488,Trosa,1+2,2019,65.7,13747.0
0488,Trosa,1+2,2020,68.4,14309.0
0488,Trosa,1+2,2021,70.1,14658.0
0488,Trosa,1+2,2022,70.6,14760.0
0488,Trosa,1+2,2023,71.2,14885.0
0488,Trosa,1+2,2024,71.0,14927.0
0488,Trosa,1+2,2025,70.9,14900.0
0509,Ödeshög,1+2,2000,13.2,5688.0
0509,Ödeshög,1+2,2001,13.0,5621.0
0509,Ödeshög,1+2,2002,12.9,5566.0
0509,Ödeshög,1+2,2003,12.8,5528.0
0509,Ödeshög,1+2,2004,12.8,5520.0
0509,Ödeshög,1+2,2005,12.8,5516.0
0509,Ödeshög,1+2,2006,12.6,5433.0
0509,Ödeshög,1+2,2007,12.5,5371.0
0509,Ödeshög,1+2,2008,12.4,5350.0
0509,Ödeshög,1+2,2009,12.3,5314.0
0509,Ödeshög,1+2,2010,12.2,5284.0
0509,Ödeshög,1+2,2011,12.2,5245.0
0509,Ödeshög,1+2,2012,12.0,5200.0
0509,Ödeshög,1+2,2013,12.0,5174.0
0509,Ödeshög,1+2,2014,12.1,5240.0
0509,Ödeshög,1+2,2015,12.1,5236.0
0509,Ödeshög,1+2,2016,12.3,5335.0
0509,Ödeshög,1+2,2017,12.3,5343.0
0509,Ödeshög,1+2,2018,12.3,5323.0
0509,Ödeshög,1+2,2019,12.3,5337.0
0509,Ödeshög,1+2,2020,12.3,5338.0
0509,Ödeshög,1+2,2021,12.2,5309.0
0509,Ödeshög,1+2,2022,12.2,5317.0
0509,Ödeshög,1+2,2023,12.2,5279.0
0509,Ödeshög,1+2,2024,12.0,5237.0
0509,Ödeshög,1+2,2025,12.0,5221.0
0512,Ydre,1+2,2000,6.1,4131.0
0512,Ydre,1+2,2001,6.0,4048.0
0512,Ydre,1+2,2002,5.9,4004.0
0512,Ydre,1+2,2003,5.8,3943.0
0512,Ydre,1+2,2004,5.7,3894.0
0512,Ydre,1+2,2005,5.7,3866.0
0512,Ydre,1+2,2006,5.6,3822.0
0512,Ydre,1+2,2007,5.5,3760.0
0512,Ydre,1+2,2008,5.5,3726.0
0512,Ydre,1+2,2009,5.4,3672.0
0512,Ydre,1+2,2010,5.4,3672.0
0512,Ydre,1+2,2011,5.4,3666.0
0512,Ydre,1+2,2012,5.3,3612.0
0512,Ydre,1+2,2013,5.4,3617.0
0512,Ydre,1+2,2014,5.4,3660.0
0512,Ydre,1+2,2015,5.4,3658.0
0512,Ydre,1+2,2016,5.4,3675.0
0512,Ydre,1+2,2017,5.5,3733.0
0512,Ydre,1+2,2018,5.5,3743.0
0512,Ydre,1+2,2019,5.5,3747.0
0512,Ydre,1+2,2020,5.5,3726.0
0512,Ydre,1+2,2021,5.5,3695.0
0512,Ydre,1+2,2022,5.5,3683.0
0512,Ydre,1+2,2023,5.4,3637.0
0512,Ydre,1+2,2024,5.3,3626.0
0512,Ydre,1+2,2025,5.3,3619.0
0513,Kinda,1+2,2000,8.9,10129.0
0513,Kinda,1+2,2001,8.9,10096.0
0513,Kinda,1+2,2002,8.8,10014.0
0513,Kinda,1+2,2003,8.8,9981.0
0513,Kinda,1+2,2004,8.8,9953.0
0513,Kinda,1+2,2005,8.8,9946.0
0513,Kinda,1+2,2006,8.7,9918.0
0513,Kinda,1+2,2007,8.8,9947.0
0513,Kinda,1+2,2008,8.7,9885.0
0513,Kinda,1+2,2009,8.6,9811.0
0513,Kinda,1+2,2010,8.6,9762.0
0513,Kinda,1+2,2011,8.7,9799.0
0513,Kinda,1+2,2012,8.6,9744.0
0513,Kinda,1+2,2013,8.7,9802.0
0513,Kinda,1+2,2014,8.7,9795.0
0513,Kinda,1+2,2015,8.7,9795.0
0513,Kinda,1+2,2016,8.7,9874.0
0513,Kinda,1+2,2017,8.7,9882.0
0513,Kinda,1+2,2018,8.8,9915.0
0513,Kinda,1+2,2019,8.8,9940.0
0513,Kinda,1+2,2020,8.8,9991.0
0513,Kinda,1+2,2021,8.9,10048.0
0513,Kinda,1+2,2022,8.9,10068.0
0513,Kinda,1+2,2023,8.8,9992.0
0513,Kinda,1+2,2024,8.8,9957.0
0513,Kinda,1+2,2025,8.7,9924.0
0560,Boxholm,1+2,2000,10.1,5334.0
0560,Boxholm,1+2,2001,10.1,5327.0
0560,Boxholm,1+2,2002,10.0,5291.0
0560,Boxholm,1+2,2003,10.0,5308.0
0560,Boxholm,1+2,2004,10.0,5287.0
0560,Boxholm,1+2,2005,9.9,5242.0
0560,Boxholm,1+2,2006,9.9,5226.0
0560,Boxholm,1+2,2007,9.9,5223.0
0560,Boxholm,1+2,2008,10.0,5260.0
0560,Boxholm,1+2,2009,9.9,5248.0
0560,Boxholm,1+2,2010,9.9,5221.0
0560,Boxholm,1+2,2011,9.9,5205.0
0560,Boxholm,1+2,2012,9.9,5206.0
0560,Boxholm,1+2,2013,10.0,5278.0
0560,Boxholm,1+2,2014,10.1,5322.0
0560,Boxholm,1+2,2015,10.1,5328.0
0560,Boxholm,1+2,2016,10.2,5373.0
0560,Boxholm,1+2,2017,10.4,5453.0
0560,Boxholm,1+2,2018,10.4,5449.0
0560,Boxholm,1+2,2019,10.4,5476.0
0560,Boxholm,1+2,2020,10.3,5441.0
0560,Boxholm,1+2,2021,10.5,5512.0
0560,Boxholm,1+2,2022,10.5,5498.0
0560,Boxholm,1+2,2023,10.5,5523.0
0560,Boxholm,1+2,2024,10.4,5517.0
0560,Boxholm,1+2,2025,10.3,5451.0
0561,Åtvidaberg,1+2,2000,17.3,11946.0
0561,Åtvidaberg,1+2,2001,17.2,11894.0
0561,Åtvidaberg,1+2,2002,17.2,11887.0
0561,Åtvidaberg,1+2,2003,17.1,11818.0
0561,Åtvidaberg,1+2,2004,17.1,11817.0
0561,Åtvidaberg,1+2,2005,17.0,11723.0
0561,Åtvidaberg,1+2,2006,17.1,11775.0
0561,Åtvidaberg,1+2,2007,16.9,11658.0
0561,Åtvidaberg,1+2,2008,16.7,11543.0
0561,Åtvidaberg,1+2,2009,16.7,11498.0
0561,Åtvidaberg,1+2,2010,16.7,11504.0
0561,Åtvidaberg,1+2,2011,16.8,11517.0
0561,Åtvidaberg,1+2,2012,16.6,11446.0
0561,Åtvidaberg,1+2,2013,16.7,11460.0
0561,Åtvidaberg,1+2,2014,16.7,11472.0
0561,Åtvidaberg,1+2,2015,16.8,11545.0
0561,Åtvidaberg,1+2,2016,16.9,11617.0
0561,Åtvidaberg,1+2,2017,16.9,11631.0
0561,Åtvidaberg,1+2,2018,16.8,11537.0
0561,Åtvidaberg,1+2,2019,16.8,11503.0
0561,Åtvidaberg,1+2,2020,16.6,11427.0
0561,Åtvidaberg,1+2,2021,16.7,11462.0
0561,Åtvidaberg,1+2,2022,16.8,11506.0
0561,Åtvidaberg,1+2,2023,16.7,11460.0
0561,Åtvidaberg,1+2,2024,16.6,11467.0
0561,Åtvidaberg,1+2,2025,16.7,11490.0
0562,Finspång,1+2,2000,20.2,21477.0
0562,Finspång,1+2,2001,20.0,21279.0
0562,Finspång,1+2,2002,20.0,21208.0
0562,Finspång,1+2,2003,19.8,21052.0
0562,Finspång,1+2,2004,19.8,20993.0
0562,Finspång,1+2,2005,19.7,20888.0
0562,Finspång,1+2,2006,19.6,20812.0
0562,Finspång,1+2,2007,19.5,20703.0
0562,Finspång,1+2,2008,19.4,20589.0
0562,Finspång,1+2,2009,19.5,20733.0
0562,Finspång,1+2,2010,19.5,20747.0
0562,Finspång,1+2,2011,19.7,20763.0
0562,Finspång,1+2,2012,19.7,20791.0
0562,Finspång,1+2,2013,19.8,20903.0
0562,Finspång,1+2,2014,20.0,21150.0
0562,Finspång,1+2,2015,20.1,21199.0
0562,Finspång,1+2,2016,20.4,21526.0
0562,Finspång,1+2,2017,20.4,21577.0
0562,Finspång,1+2,2018,20.6,21758.0
0562,Finspång,1+2,2019,20.8,21912.0
0562,Finspång,1+2,2020,20.6,21765.0
0562,Finspång,1+2,2021,20.7,21889.0
0562,Finspång,1+2,2022,20.8,21903.0
0562,Finspång,1+2,2023,20.6,21694.0
0562,Finspång,1+2,2024,20.4,21623.0
0562,Finspång,1+2,2025,20.3,21502.0
0563,Valdemarsvik,1+2,2000,11.3,8337.0
0563,Valdemarsvik,1+2,2001,11.1,8224.0
0563,Valdemarsvik,1+2,2002,11.1,8230.0
0563,Valdemarsvik,1+2,2003,11.1,8195.0
0563,Valdemarsvik,1+2,2004,11.0,8159.0
0563,Valdemarsvik,1+2,2005,11.0,8122.0
0563,Valdemarsvik,1+2,2006,10.9,8038.0
0563,Valdemarsvik,1+2,2007,10.8,7949.0
0563,Valdemarsvik,1+2,2008,10.6,7852.0
0563,Valdemarsvik,1+2,2009,10.6,7811.0
0563,Valdemarsvik,1+2,2010,10.5,7760.0
0563,Valdemarsvik,1+2,2011,10.4,7662.0
0563,Valdemarsvik,1+2,2012,10.3,7597.0
0563,Valdemarsvik,1+2,2013,10.3,7585.0
0563,Valdemarsvik,1+2,2014,10.4,7657.0
0563,Valdemarsvik,1+2,2015,10.6,7747.0
0563,Valdemarsvik,1+2,2016,10.6,7809.0
0563,Valdemarsvik,1+2,2017,10.8,7920.0
0563,Valdemarsvik,1+2,2018,10.8,7956.0
0563,Valdemarsvik,1+2,2019,10.7,7873.0
0563,Valdemarsvik,1+2,2020,10.5,7737.0
0563,Valdemarsvik,1+2,2021,10.4,7660.0
0563,Valdemarsvik,1+2,2022,10.4,7630.0
0563,Valdemarsvik,1+2,2023,10.3,7541.0
0563,Valdemarsvik,1+2,2024,10.2,7525.0
0563,Valdemarsvik,1+2,2025,10.2,7526.0
0580,Linköping,1+2,2000,92.8,133168.0
0580,Linköping,1+2,2001,93.4,134039.0
0580,Linköping,1+2,2002,94.1,135066.0
0580,Linköping,1+2,2003,94.9,136231.0
0580,Linköping,1+2,2004,95.4,136912.0
0580,Linköping,1+2,2005,95.9,137636.0
0580,Linköping,1+2,2006,96.5,138580.0
0580,Linköping,1+2,2007,97.8,140367.0
0580,Linköping,1+2,2008,98.8,141863.0
0580,Linköping,1+2,2009,100.8,144690.0
0580,Linköping,1+2,2010,102.0,146416.0
0580,Linköping,1+2,2011,103.2,147334.0
0580,Linköping,1+2,2012,104.0,148521.0
0580,Linköping,1+2,2013,105.2,150202.0
0580,Linköping,1+2,2014,106.4,151881.0
0580,Linköping,1+2,2015,107.1,152966.0
0580,Linköping,1+2,2016,109.1,155817.0
0580,Linköping,1+2,2017,111.0,158520.0
0580,Linköping,1+2,2018,112.8,161034.0
0580,Linköping,1+2,2019,114.2,163051.0
0580,Linköping,1+2,2020,115.3,164616.0
0580,Linköping,1+2,2021,115.9,165527.0
0580,Linköping,1+2,2022,116.7,166673.0
0580,Linköping,1+2,2023,117.3,167404.0
0580,Linköping,1+2,2024,117.2,168035.0
0580,Linköping,1+2,2025,117.7,168714.0
0581,Norrköping,1+2,2000,81.3,122199.0
0581,Norrköping,1+2,2001,81.7,122896.0
0581,Norrköping,1+2,2002,82.0,123303.0
0581,Norrköping,1+2,2003,82.4,123971.0
0581,Norrköping,1+2,2004,82.7,124410.0
0581,Norrköping,1+2,2005,82.9,124642.0
0581,Norrköping,1+2,2006,83.4,125463.0
0581,Norrköping,1+2,2007,84.3,126680.0
0581,Norrköping,1+2,2008,85.2,128060.0
0581,Norrköping,1+2,2009,86.0,129254.0
0581,Norrköping,1+2,2010,86.5,130050.0
0581,Norrköping,1+2,2011,87.4,130623.0
0581,Norrköping,1+2,2012,88.3,132124.0
0581,Norrköping,1+2,2013,89.5,133749.0
0581,Norrköping,1+2,2014,90.5,135283.0
0581,Norrköping,1+2,2015,91.6,137035.0
0581,Norrköping,1+2,2016,93.2,139363.0
0581,Norrköping,1+2,2017,94.2,140927.0
0581,Norrköping,1+2,2018,94.8,141676.0
0581,Norrköping,1+2,2019,95.8,143171.0
0581,Norrköping,1+2,2020,96.0,143478.0
0581,Norrköping,1+2,2021,96.6,144458.0
0581,Norrköping,1+2,2022,97.1,145120.0
0581,Norrköping,1+2,2023,97.1,145163.0
0581,Norrköping,1+2,2024,96.6,144980.0
0581,Norrköping,1+2,2025,96.5,144904.0
0582,Söderköping,1+2,2000,20.6,13936.0
0582,Söderköping,1+2,2001,20.6,13932.0
0582,Söderköping,1+2,2002,20.7,14009.0
0582,Söderköping,1+2,2003,20.8,14082.0
0582,Söderköping,1+2,2004,20.8,14095.0
0582,Söderköping,1+2,2005,20.7,14025.0
0582,Söderköping,1+2,2006,20.7,14051.0
0582,Söderköping,1+2,2007,20.7,14020.0
0582,Söderköping,1+2,2008,20.6,13959.0
0582,Söderköping,1+2,2009,20.7,14042.0
0582,Söderköping,1+2,2010,20.7,14024.0
0582,Söderköping,1+2,2011,20.8,14043.0
0582,Söderköping,1+2,2012,20.9,14143.0
0582,Söderköping,1+2,2013,21.1,14195.0
0582,Söderköping,1+2,2014,21.2,14268.0
0582,Söderköping,1+2,2015,21.1,14240.0
0582,Söderköping,1+2,2016,21.4,14402.0
0582,Söderköping,1+2,2017,21.5,14521.0
0582,Söderköping,1+2,2018,21.7,14618.0
0582,Söderköping,1+2,2019,21.7,14626.0
0582,Söderköping,1+2,2020,21.7,14616.0
0582,Söderköping,1+2,2021,21.8,14673.0
0582,Söderköping,1+2,2022,22.0,14834.0
0582,Söderköping,1+2,2023,22.1,14867.0
0582,Söderköping,1+2,2024,21.9,14789.0
0582,Söderköping,1+2,2025,21.8,14741.0
0583,Motala,1+2,2000,42.7,42175.0
0583,Motala,1+2,2001,42.7,42168.0
0583,Motala,1+2,2002,42.6,42078.0
0583,Motala,1+2,2003,42.5,42015.0
0583,Motala,1+2,2004,42.6,42062.0
0583,Motala,1+2,2005,42.4,41912.0
0583,Motala,1+2,2006,42.5,41959.0
0583,Motala,1+2,2007,42.6,42060.0
0583,Motala,1+2,2008,42.5,41953.0
0583,Motala,1+2,2009,42.3,41843.0
0583,Motala,1+2,2010,42.5,41955.0
0583,Motala,1+2,2011,42.5,41828.0
0583,Motala,1+2,2012,42.5,41867.0
0583,Motala,1+2,2013,42.9,42187.0
0583,Motala,1+2,2014,43.3,42556.0
0583,Motala,1+2,2015,43.6,42903.0
0583,Motala,1+2,2016,44.0,43258.0
0583,Motala,1+2,2017,44.3,43549.0
0583,Motala,1+2,2018,44.4,43687.0
0583,Motala,1+2,2019,44.4,43673.0
0583,Motala,1+2,2020,44.4,43640.0
0583,Motala,1+2,2021,44.4,43674.0
0583,Motala,1+2,2022,44.5,43728.0
0583,Motala,1+2,2023,44.5,43728.0
0583,Motala,1+2,2024,44.1,43505.0
0583,Motala,1+2,2025,43.7,43131.0
0584,Vadstena,1+2,2000,42.0,7668.0
0584,Vadstena,1+2,2001,41.8,7628.0
0584,Vadstena,1+2,2002,41.8,7629.0
0584,Vadstena,1+2,2003,41.5,7582.0
0584,Vadstena,1+2,2004,41.4,7562.0
0584,Vadstena,1+2,2005,41.2,7527.0
0584,Vadstena,1+2,2006,41.3,7541.0
0584,Vadstena,1+2,2007,41.3,7536.0
0584,Vadstena,1+2,2008,41.0,7475.0
0584,Vadstena,1+2,2009,40.7,7420.0
0584,Vadstena,1+2,2010,40.5,7391.0
0584,Vadstena,1+2,2011,40.2,7317.0
0584,Vadstena,1+2,2012,40.3,7338.0
0584,Vadstena,1+2,2013,40.6,7383.0
0584,Vadstena,1+2,2014,38.6,7393.0
0584,Vadstena,1+2,2015,38.7,7407.0
0584,Vadstena,1+2,2016,38.4,7348.0
0584,Vadstena,1+2,2017,38.7,7421.0
0584,Vadstena,1+2,2018,39.2,7514.0
0584,Vadstena,1+2,2019,38.8,7428.0
0584,Vadstena,1+2,2020,38.7,7423.0
0584,Vadstena,1+2,2021,39.3,7528.0
0584,Vadstena,1+2,2022,39.0,7481.0
0584,Vadstena,1+2,2023,38.8,7434.0
0584,Vadstena,1+2,2024,38.9,7490.0
0584,Vadstena,1+2,2025,38.9,7484.0
0586,Mjölby,1+2,2000,45.8,25157.0
0586,Mjölby,1+2,2001,45.9,25211.0
0586,Mjölby,1+2,2002,45.8,25153.0
0586,Mjölby,1+2,2003,45.9,25191.0
0586,Mjölby,1+2,2004,46.1,25326.0
0586,Mjölby,1+2,2005,46.0,25258.0
0586,Mjölby,1+2,2006,46.2,25348.0
0586,Mjölby,1+2,2007,46.5,25535.0
0586,Mjölby,1+2,2008,46.7,25654.0
0586,Mjölby,1+2,2009,46.9,25770.0
0586,Mjölby,1+2,2010,47.1,25856.0
0586,Mjölby,1+2,2011,47.7,26073.0
0586,Mjölby,1+2,2012,47.9,26195.0
0586,Mjölby,1+2,2013,48.2,26313.0
0586,Mjölby,1+2,2014,48.3,26428.0
0586,Mjölby,1+2,2015,48.6,26602.0
0586,Mjölby,1+2,2016,48.8,26708.0
0586,Mjölby,1+2,2017,49.4,27019.0
0586,Mjölby,1+2,2018,50.0,27373.0
0586,Mjölby,1+2,2019,50.8,27758.0
0586,Mjölby,1+2,2020,51.1,27960.0
0586,Mjölby,1+2,2021,51.7,28269.0
0586,Mjölby,1+2,2022,52.1,28471.0
0586,Mjölby,1+2,2023,52.3,28576.0
0586,Mjölby,1+2,2024,52.2,28695.0
0586,Mjölby,1+2,2025,52.5,28823.0
0604,Aneby,1+2,2000,12.8,6682.0
0604,Aneby,1+2,2001,12.8,6686.0
0604,Aneby,1+2,2002,12.7,6631.0
0604,Aneby,1+2,2003,12.8,6666.0
0604,Aneby,1+2,2004,12.7,6624.0
0604,Aneby,1+2,2005,12.6,6576.0
0604,Aneby,1+2,2006,12.6,6551.0
0604,Aneby,1+2,2007,12.5,6506.0
0604,Aneby,1+2,2008,12.5,6523.0
0604,Aneby,1+2,2009,12.4,6446.0
0604,Aneby,1+2,2010,12.3,6393.0
0604,Aneby,1+2,2011,12.4,6415.0
0604,Aneby,1+2,2012,12.3,6407.0
0604,Aneby,1+2,2013,12.3,6375.0
0604,Aneby,1+2,2014,12.4,6426.0
0604,Aneby,1+2,2015,12.6,6537.0
0604,Aneby,1+2,2016,12.8,6603.0
0604,Aneby,1+2,2017,13.1,6776.0
0604,Aneby,1+2,2018,13.2,6832.0
0604,Aneby,1+2,2019,13.2,6848.0
0604,Aneby,1+2,2020,13.2,6821.0
0604,Aneby,1+2,2021,13.3,6892.0
0604,Aneby,1+2,2022,13.2,6824.0
0604,Aneby,1+2,2023,13.2,6852.0
0604,Aneby,1+2,2024,13.1,6797.0
0604,Aneby,1+2,2025,13.2,6851.0
0617,Gnosjö,1+2,2000,24.3,10280.0
0617,Gnosjö,1+2,2001,24.1,10191.0
0617,Gnosjö,1+2,2002,23.6,9997.0
0617,Gnosjö,1+2,2003,23.5,9926.0
0617,Gnosjö,1+2,2004,23.2,9810.0
0617,Gnosjö,1+2,2005,23.1,9753.0
0617,Gnosjö,1+2,2006,22.7,9598.0
0617,Gnosjö,1+2,2007,22.8,9657.0
0617,Gnosjö,1+2,2008,22.8,9658.0
0617,Gnosjö,1+2,2009,22.6,9536.0
0617,Gnosjö,1+2,2010,22.6,9546.0
0617,Gnosjö,1+2,2011,22.4,9400.0
0617,Gnosjö,1+2,2012,22.2,9354.0
0617,Gnosjö,1+2,2013,22.4,9406.0
0617,Gnosjö,1+2,2014,22.6,9509.0
0617,Gnosjö,1+2,2015,22.6,9514.0
0617,Gnosjö,1+2,2016,22.9,9615.0
0617,Gnosjö,1+2,2017,23.1,9733.0
0617,Gnosjö,1+2,2018,23.2,9776.0
0617,Gnosjö,1+2,2019,23.1,9712.0
0617,Gnosjö,1+2,2020,22.9,9614.0
0617,Gnosjö,1+2,2021,22.8,9570.0
0617,Gnosjö,1+2,2022,22.4,9438.0
0617,Gnosjö,1+2,2023,22.0,9246.0
0617,Gnosjö,1+2,2024,21.6,9131.0
0617,Gnosjö,1+2,2025,21.3,9010.0
0642,Mullsjö,1+2,2000,35.1,7071.0
0642,Mullsjö,1+2,2001,35.3,7118.0
0642,Mullsjö,1+2,2002,35.4,7124.0
0642,Mullsjö,1+2,2003,35.4,7129.0
0642,Mullsjö,1+2,2004,35.2,7101.0
0642,Mullsjö,1+2,2005,35.2,7087.0
0642,Mullsjö,1+2,2006,35.1,7075.0
0642,Mullsjö,1+2,2007,35.0,7046.0
0642,Mullsjö,1+2,2008,35.2,7086.0
0642,Mullsjö,1+2,2009,34.9,7027.0
0642,Mullsjö,1+2,2010,34.9,7033.0
0642,Mullsjö,1+2,2011,35.1,7034.0
0642,Mullsjö,1+2,2012,35.3,7070.0
0642,Mullsjö,1+2,2013,35.2,7039.0
0642,Mullsjö,1+2,2014,35.5,7109.0
0642,Mullsjö,1+2,2015,35.8,7157.0
0642,Mullsjö,1+2,2016,36.1,7226.0
0642,Mullsjö,1+2,2017,36.6,7328.0
0642,Mullsjö,1+2,2018,36.6,7324.0
0642,Mullsjö,1+2,2019,36.4,7290.0
0642,Mullsjö,1+2,2020,36.9,7385.0
0642,Mullsjö,1+2,2021,37.1,7430.0
0642,Mullsjö,1+2,2022,37.6,7532.0
0642,Mullsjö,1+2,2023,37.9,7577.0
0642,Mullsjö,1+2,2024,37.8,7594.0
0642,Mullsjö,1+2,2025,37.5,7546.0
0643,Habo,1+2,2000,29.1,9578.0
0643,Habo,1+2,2001,28.7,9471.0
0643,Habo,1+2,2002,29.1,9584.0
0643,Habo,1+2,2003,29.0,9568.0
0643,Habo,1+2,2004,29.6,9758.0
0643,Habo,1+2,2005,29.9,9842.0
0643,Habo,1+2,2006,30.7,10122.0
0643,Habo,1+2,2007,31.5,10375.0
0643,Habo,1+2,2008,31.9,10526.0
0643,Habo,1+2,2009,32.4,10674.0
0643,Habo,1+2,2010,32.6,10741.0
0643,Habo,1+2,2011,33.0,10828.0
0643,Habo,1+2,2012,33.1,10879.0
0643,Habo,1+2,2013,33.4,10975.0
0643,Habo,1+2,2014,33.8,11110.0
0643,Habo,1+2,2015,34.4,11314.0
0643,Habo,1+2,2016,35.3,11586.0
0643,Habo,1+2,2017,36.1,11845.0
0643,Habo,1+2,2018,37.0,12140.0
0643,Habo,1+2,2019,37.8,12433.0
0643,Habo,1+2,2020,38.3,12589.0
0643,Habo,1+2,2021,39.0,12810.0
0643,Habo,1+2,2022,40.0,13128.0
0643,Habo,1+2,2023,40.4,13275.0
0643,Habo,1+2,2024,40.8,13456.0
0643,Habo,1+2,2025,41.0,13511.0
0662,Gislaved,1+2,2000,26.6,30407.0
0662,Gislaved,1+2,2001,26.4,30208.0
0662,Gislaved,1+2,2002,26.2,29976.0
0662,Gislaved,1+2,2003,26.2,29956.0
0662,Gislaved,1+2,2004,26.0,29750.0
0662,Gislaved,1+2,2005,25.8,29489.0
0662,Gislaved,1+2,2006,25.6,29327.0
0662,Gislaved,1+2,2007,25.7,29330.0
0662,Gislaved,1+2,2008,25.7,29380.0
0662,Gislaved,1+2,2009,25.5,29212.0
0662,Gislaved,1+2,2010,25.5,29111.0
0662,Gislaved,1+2,2011,25.4,28868.0
0662,Gislaved,1+2,2012,25.2,28732.0
0662,Gislaved,1+2,2013,25.3,28713.0
0662,Gislaved,1+2,2014,25.3,28737.0
0662,Gislaved,1+2,2015,25.7,29272.0
0662,Gislaved,1+2,2016,25.9,29478.0
0662,Gislaved,1+2,2017,26.1,29629.0
0662,Gislaved,1+2,2018,26.3,29857.0
0662,Gislaved,1+2,2019,26.4,29963.0
0662,Gislaved,1+2,2020,26.1,29635.0
0662,Gislaved,1+2,2021,26.0,29556.0
0662,Gislaved,1+2,2022,25.9,29481.0
0662,Gislaved,1+2,2023,25.5,29014.0
0662,Gislaved,1+2,2024,25.3,28936.0
0662,Gislaved,1+2,2025,25.1,28641.0
0665,Vaggeryd,1+2,2000,15.3,12738.0
0665,Vaggeryd,1+2,2001,15.2,12655.0
0665,Vaggeryd,1+2,2002,15.2,12603.0
0665,Vaggeryd,1+2,2003,15.2,12656.0
0665,Vaggeryd,1+2,2004,15.2,12660.0
0665,Vaggeryd,1+2,2005,15.2,12665.0
0665,Vaggeryd,1+2,2006,15.5,12816.0
0665,Vaggeryd,1+2,2007,15.6,12939.0
0665,Vaggeryd,1+2,2008,15.7,12981.0
0665,Vaggeryd,1+2,2009,15.6,12959.0
0665,Vaggeryd,1+2,2010,15.7,12991.0
0665,Vaggeryd,1+2,2011,16.0,13160.0
0665,Vaggeryd,1+2,2012,15.9,13148.0
0665,Vaggeryd,1+2,2013,16.0,13209.0
0665,Vaggeryd,1+2,2014,16.0,13229.0
0665,Vaggeryd,1+2,2015,16.2,13372.0
0665,Vaggeryd,1+2,2016,16.5,13644.0
0665,Vaggeryd,1+2,2017,16.8,13840.0
0665,Vaggeryd,1+2,2018,16.9,13980.0
0665,Vaggeryd,1+2,2019,17.3,14275.0
0665,Vaggeryd,1+2,2020,17.6,14532.0
0665,Vaggeryd,1+2,2021,17.9,14746.0
0665,Vaggeryd,1+2,2022,18.0,14854.0
0665,Vaggeryd,1+2,2023,18.0,14811.0
0665,Vaggeryd,1+2,2024,17.9,14825.0
0665,Vaggeryd,1+2,2025,18.0,14943.0
0680,Jönköping,1+2,2000,78.7,117095.0
0680,Jönköping,1+2,2001,79.2,117896.0
0680,Jönköping,1+2,2002,79.7,118581.0
0680,Jönköping,1+2,2003,80.2,119340.0
0680,Jönköping,1+2,2004,80.6,119927.0
0680,Jönköping,1+2,2005,81.3,120965.0
0680,Jönköping,1+2,2006,82.1,122194.0
0680,Jönköping,1+2,2007,83.1,123709.0
0680,Jönköping,1+2,2008,84.1,125154.0
0680,Jönköping,1+2,2009,84.9,126331.0
0680,Jönköping,1+2,2010,85.6,127382.0
0680,Jönköping,1+2,2011,86.7,128305.0
0680,Jönköping,1+2,2012,87.4,129478.0
0680,Jönköping,1+2,2013,88.4,130798.0
0680,Jönköping,1+2,2014,89.3,132140.0
0680,Jönköping,1+2,2015,90.1,133310.0
0680,Jönköping,1+2,2016,91.4,135297.0
0680,Jönköping,1+2,2017,92.9,137481.0
0680,Jönköping,1+2,2018,94.1,139222.0
0680,Jönköping,1+2,2019,95.3,141081.0
0680,Jönköping,1+2,2020,96.2,142427.0
0680,Jönköping,1+2,2021,97.0,143579.0
0680,Jönköping,1+2,2022,98.0,145114.0
0680,Jönköping,1+2,2023,98.8,146161.0
0680,Jönköping,1+2,2024,99.3,147654.0
0680,Jönköping,1+2,2025,99.7,148152.0
0682,Nässjö,1+2,2000,31.6,29495.0
0682,Nässjö,1+2,2001,31.5,29360.0
0682,Nässjö,1+2,2002,31.4,29341.0
0682,Nässjö,1+2,2003,31.4,29337.0
0682,Nässjö,1+2,2004,31.5,29377.0
0682,Nässjö,1+2,2005,31.4,29314.0
0682,Nässjö,1+2,2006,31.4,29369.0
0682,Nässjö,1+2,2007,31.5,29461.0
0682,Nässjö,1+2,2008,31.6,29511.0
0682,Nässjö,1+2,2009,31.5,29489.0
0682,Nässjö,1+2,2010,31.4,29339.0
0682,Nässjö,1+2,2011,31.6,29367.0
0682,Nässjö,1+2,2012,31.5,29382.0
0682,Nässjö,1+2,2013,31.7,29516.0
0682,Nässjö,1+2,2014,32.2,29907.0
0682,Nässjö,1+2,2015,32.7,30451.0
0682,Nässjö,1+2,2016,33.1,30820.0
0682,Nässjö,1+2,2017,33.5,31178.0
0682,Nässjö,1+2,2018,33.8,31477.0
0682,Nässjö,1+2,2019,33.9,31538.0
0682,Nässjö,1+2,2020,33.9,31563.0
0682,Nässjö,1+2,2021,34.2,31782.0
0682,Nässjö,1+2,2022,34.3,31944.0
0682,Nässjö,1+2,2023,34.0,31648.0
0682,Nässjö,1+2,2024,33.8,31587.0
0682,Nässjö,1+2,2025,33.7,31474.0
0683,Värnamo,1+2,2000,26.4,32256.0
0683,Värnamo,1+2,2001,26.4,32275.0
0683,Värnamo,1+2,2002,26.4,32252.0
0683,Värnamo,1+2,2003,26.4,32350.0
0683,Värnamo,1+2,2004,26.5,32464.0
0683,Värnamo,1+2,2005,26.7,32700.0
0683,Värnamo,1+2,2006,26.9,32841.0
0683,Värnamo,1+2,2007,26.9,32930.0
0683,Värnamo,1+2,2008,26.8,32823.0
0683,Värnamo,1+2,2009,26.8,32753.0
0683,Värnamo,1+2,2010,26.9,32833.0
0683,Värnamo,1+2,2011,27.1,32934.0
0683,Värnamo,1+2,2012,27.1,33012.0
0683,Värnamo,1+2,2013,27.3,33155.0
0683,Värnamo,1+2,2014,27.4,33334.0
0683,Värnamo,1+2,2015,27.5,33473.0
0683,Värnamo,1+2,2016,27.9,33906.0
0683,Värnamo,1+2,2017,28.1,34206.0
0683,Värnamo,1+2,2018,28.3,34428.0
0683,Värnamo,1+2,2019,28.4,34560.0
0683,Värnamo,1+2,2020,28.4,34530.0
0683,Värnamo,1+2,2021,28.5,34661.0
0683,Värnamo,1+2,2022,28.5,34692.0
0683,Värnamo,1+2,2023,28.5,34601.0
0683,Värnamo,1+2,2024,28.3,34542.0
0683,Värnamo,1+2,2025,28.3,34534.0
0684,Sävsjö,1+2,2000,16.2,11049.0
0684,Sävsjö,1+2,2001,16.1,10986.0
0684,Sävsjö,1+2,2002,16.1,10975.0
0684,Sävsjö,1+2,2003,16.1,10968.0
0684,Sävsjö,1+2,2004,16.1,10973.0
0684,Sävsjö,1+2,2005,16.1,10989.0
0684,Sävsjö,1+2,2006,16.1,10985.0
0684,Sävsjö,1+2,2007,16.0,10937.0
0684,Sävsjö,1+2,2008,15.9,10883.0
0684,Sävsjö,1+2,2009,15.9,10871.0
0684,Sävsjö,1+2,2010,15.9,10830.0
0684,Sävsjö,1+2,2011,16.0,10871.0
0684,Sävsjö,1+2,2012,15.9,10844.0
0684,Sävsjö,1+2,2013,16.2,10969.0
0684,Sävsjö,1+2,2014,16.3,11100.0
0684,Sävsjö,1+2,2015,16.5,11228.0
0684,Sävsjö,1+2,2016,16.8,11396.0
0684,Sävsjö,1+2,2017,16.9,11496.0
0684,Sävsjö,1+2,2018,17.1,11631.0
0684,Sävsjö,1+2,2019,17.2,11677.0
0684,Sävsjö,1+2,2020,17.3,11721.0
0684,Sävsjö,1+2,2021,17.2,11709.0
0684,Sävsjö,1+2,2022,17.3,11771.0
0684,Sävsjö,1+2,2023,17.2,11668.0
0684,Sävsjö,1+2,2024,17.0,11563.0
0684,Sävsjö,1+2,2025,16.9,11531.0
0685,Vetlanda,1+2,2000,17.6,26624.0
0685,Vetlanda,1+2,2001,17.6,26522.0
0685,Vetlanda,1+2,2002,17.5,26428.0
0685,Vetlanda,1+2,2003,17.5,26398.0
0685,Vetlanda,1+2,2004,17.6,26531.0
0685,Vetlanda,1+2,2005,17.5,26459.0
0685,Vetlanda,1+2,2006,17.5,26380.0
0685,Vetlanda,1+2,2007,17.5,26365.0
0685,Vetlanda,1+2,2008,17.5,26343.0
0685,Vetlanda,1+2,2009,17.5,26350.0
0685,Vetlanda,1+2,2010,17.4,26304.0
0685,Vetlanda,1+2,2011,17.5,26302.0
0685,Vetlanda,1+2,2012,17.5,26297.0
0685,Vetlanda,1+2,2013,17.6,26419.0
0685,Vetlanda,1+2,2014,17.8,26647.0
0685,Vetlanda,1+2,2015,17.9,26873.0
0685,Vetlanda,1+2,2016,18.2,27241.0
0685,Vetlanda,1+2,2017,18.3,27415.0
0685,Vetlanda,1+2,2018,18.3,27504.0
0685,Vetlanda,1+2,2019,18.3,27466.0
0685,Vetlanda,1+2,2020,18.3,27502.0
0685,Vetlanda,1+2,2021,18.4,27621.0
0685,Vetlanda,1+2,2022,18.4,27673.0
0685,Vetlanda,1+2,2023,18.3,27498.0
0685,Vetlanda,1+2,2024,18.3,27528.0
0685,Vetlanda,1+2,2025,18.1,27313.0
0686,Eksjö,1+2,2000,21.0,16868.0
0686,Eksjö,1+2,2001,20.9,16812.0
0686,Eksjö,1+2,2002,20.8,16761.0
0686,Eksjö,1+2,2003,20.7,16656.0
0686,Eksjö,1+2,2004,20.6,16571.0
0686,Eksjö,1+2,2005,20.6,16575.0
0686,Eksjö,1+2,2006,20.6,16516.0
0686,Eksjö,1+2,2007,20.4,16435.0
0686,Eksjö,1+2,2008,20.3,16312.0
0686,Eksjö,1+2,2009,20.3,16353.0
0686,Eksjö,1+2,2010,20.2,16244.0
0686,Eksjö,1+2,2011,20.4,16304.0
0686,Eksjö,1+2,2012,20.4,16368.0
0686,Eksjö,1+2,2013,20.6,16464.0
0686,Eksjö,1+2,2014,20.8,16598.0
0686,Eksjö,1+2,2015,21.0,16790.0
0686,Eksjö,1+2,2016,21.4,17129.0
0686,Eksjö,1+2,2017,21.8,17416.0
0686,Eksjö,1+2,2018,22.1,17667.0
0686,Eksjö,1+2,2019,22.2,17753.0
0686,Eksjö,1+2,2020,22.3,17788.0
0686,Eksjö,1+2,2021,22.3,17834.0
0686,Eksjö,1+2,2022,22.3,17858.0
0686,Eksjö,1+2,2023,22.2,17750.0
0686,Eksjö,1+2,2024,22.2,17792.0
0686,Eksjö,1+2,2025,22.0,17660.0
0687,Tranås,1+2,2000,43.7,17686.0
0687,Tranås,1+2,2001,43.6,17644.0
0687,Tranås,1+2,2002,43.8,17718.0
0687,Tranås,1+2,2003,43.7,17709.0
0687,Tranås,1+2,2004,43.9,17751.0
0687,Tranås,1+2,2005,43.9,17765.0
0687,Tranås,1+2,2006,43.9,17765.0
0687,Tranås,1+2,2007,44.3,17920.0
0687,Tranås,1+2,2008,44.6,18066.0
0687,Tranås,1+2,2009,44.6,18043.0
0687,Tranås,1+2,2010,44.7,18119.0
0687,Tranås,1+2,2011,45.0,18108.0
0687,Tranås,1+2,2012,45.0,18145.0
0687,Tranås,1+2,2013,45.2,18197.0
0687,Tranås,1+2,2014,45.7,18416.0
0687,Tranås,1+2,2015,46.1,18546.0
0687,Tranås,1+2,2016,46.7,18794.0
0687,Tranås,1+2,2017,46.9,18894.0
0687,Tranås,1+2,2018,47.2,18987.0
0687,Tranås,1+2,2019,47.2,19003.0
0687,Tranås,1+2,2020,47.0,18903.0
0687,Tranås,1+2,2021,46.9,18874.0
0687,Tranås,1+2,2022,46.7,18804.0
0687,Tranås,1+2,2023,46.6,18755.0
0687,Tranås,1+2,2024,46.0,18604.0
0687,Tranås,1+2,2025,45.9,18555.0
0760,Uppvidinge,1+2,2000,8.3,9807.0
0760,Uppvidinge,1+2,2001,8.2,9686.0
0760,Uppvidinge,1+2,2002,8.1,9580.0
0760,Uppvidinge,1+2,2003,8.1,9553.0
0760,Uppvidinge,1+2,2004,8.1,9514.0
0760,Uppvidinge,1+2,2005,8.0,9466.0
0760,Uppvidinge,1+2,2006,8.1,9508.0
0760,Uppvidinge,1+2,2007,8.1,9484.0
0760,Uppvidinge,1+2,2008,7.9,9347.0
0760,Uppvidinge,1+2,2009,7.9,9320.0
0760,Uppvidinge,1+2,2010,7.8,9244.0
0760,Uppvidinge,1+2,2011,7.9,9216.0
0760,Uppvidinge,1+2,2012,7.9,9276.0
0760,Uppvidinge,1+2,2013,7.9,9288.0
0760,Uppvidinge,1+2,2014,7.9,9222.0
0760,Uppvidinge,1+2,2015,8.0,9319.0
0760,Uppvidinge,1+2,2016,8.1,9508.0
0760,Uppvidinge,1+2,2017,8.2,9561.0
0760,Uppvidinge,1+2,2018,8.2,9581.0
0760,Uppvidinge,1+2,2019,8.2,9588.0
0760,Uppvidinge,1+2,2020,8.1,9498.0
0760,Uppvidinge,1+2,2021,8.1,9449.0
0760,Uppvidinge,1+2,2022,8.0,9418.0
0760,Uppvidinge,1+2,2023,7.9,9263.0
0760,Uppvidinge,1+2,2024,7.7,9061.0
0760,Uppvidinge,1+2,2025,7.6,8911.0
0761,Lessebo,1+2,2000,20.2,8365.0
0761,Lessebo,1+2,2001,20.2,8386.0
0761,Lessebo,1+2,2002,19.9,8255.0
0761,Lessebo,1+2,2003,19.8,8227.0
0761,Lessebo,1+2,2004,19.8,8198.0
0761,Lessebo,1+2,2005,19.6,8127.0
0761,Lessebo,1+2,2006,19.5,8099.0
0761,Lessebo,1+2,2007,19.5,8070.0
0761,Lessebo,1+2,2008,19.5,8085.0
0761,Lessebo,1+2,2009,19.7,8165.0
0761,Lessebo,1+2,2010,19.6,8139.0
0761,Lessebo,1+2,2011,19.6,8077.0
0761,Lessebo,1+2,2012,19.4,8012.0
0761,Lessebo,1+2,2013,19.5,8059.0
0761,Lessebo,1+2,2014,20.0,8256.0
0761,Lessebo,1+2,2015,20.6,8516.0
0761,Lessebo,1+2,2016,21.2,8760.0
0761,Lessebo,1+2,2017,21.3,8806.0
0761,Lessebo,1+2,2018,21.3,8780.0
0761,Lessebo,1+2,2019,21.2,8733.0
0761,Lessebo,1+2,2020,21.0,8655.0
0761,Lessebo,1+2,2021,20.8,8574.0
0761,Lessebo,1+2,2022,20.6,8485.0
0761,Lessebo,1+2,2023,20.2,8342.0
0761,Lessebo,1+2,2024,20.0,8289.0
0761,Lessebo,1+2,2025,19.6,8115.0
0763,Tingsryd,1+2,2000,12.7,13371.0
0763,Tingsryd,1+2,2001,12.6,13258.0
0763,Tingsryd,1+2,2002,12.6,13175.0
0763,Tingsryd,1+2,2003,12.4,13013.0
0763,Tingsryd,1+2,2004,12.3,12892.0
0763,Tingsryd,1+2,2005,12.2,12793.0
0763,Tingsryd,1+2,2006,12.1,12712.0
0763,Tingsryd,1+2,2007,12.0,12600.0
0763,Tingsryd,1+2,2008,11.9,12502.0
0763,Tingsryd,1+2,2009,11.8,12358.0
0763,Tingsryd,1+2,2010,11.7,12231.0
0763,Tingsryd,1+2,2011,11.7,12235.0
0763,Tingsryd,1+2,2012,11.6,12141.0
0763,Tingsryd,1+2,2013,11.6,12156.0
0763,Tingsryd,1+2,2014,11.7,12198.0
0763,Tingsryd,1+2,2015,11.7,12260.0
0763,Tingsryd,1+2,2016,11.9,12393.0
0763,Tingsryd,1+2,2017,11.9,12451.0
0763,Tingsryd,1+2,2018,11.9,12407.0
0763,Tingsryd,1+2,2019,11.9,12393.0
0763,Tingsryd,1+2,2020,11.8,12369.0
0763,Tingsryd,1+2,2021,11.8,12319.0
0763,Tingsryd,1+2,2022,11.8,12297.0
0763,Tingsryd,1+2,2023,11.6,12155.0
0763,Tingsryd,1+2,2024,11.4,11966.0
0763,Tingsryd,1+2,2025,11.3,11896.0
0764,Alvesta,1+2,2000,19.4,18916.0
0764,Alvesta,1+2,2001,19.4,18957.0
0764,Alvesta,1+2,2002,19.4,18930.0
0764,Alvesta,1+2,2003,19.4,18879.0
0764,Alvesta,1+2,2004,19.4,18865.0
0764,Alvesta,1+2,2005,19.2,18684.0
0764,Alvesta,1+2,2006,19.2,18741.0
0764,Alvesta,1+2,2007,19.2,18776.0
0764,Alvesta,1+2,2008,19.2,18775.0
0764,Alvesta,1+2,2009,19.2,18757.0
0764,Alvesta,1+2,2010,19.2,18802.0
0764,Alvesta,1+2,2011,19.4,18917.0
0764,Alvesta,1+2,2012,19.5,19034.0
0764,Alvesta,1+2,2013,19.8,19280.0
0764,Alvesta,1+2,2014,20.0,19503.0
0764,Alvesta,1+2,2015,20.1,19581.0
0764,Alvesta,1+2,2016,20.4,19850.0
0764,Alvesta,1+2,2017,20.6,20026.0
0764,Alvesta,1+2,2018,20.7,20150.0
0764,Alvesta,1+2,2019,20.7,20134.0
0764,Alvesta,1+2,2020,20.8,20224.0
0764,Alvesta,1+2,2021,20.8,20287.0
0764,Alvesta,1+2,2022,20.8,20257.0
0764,Alvesta,1+2,2023,20.6,20040.0
0764,Alvesta,1+2,2024,20.3,19830.0
0764,Alvesta,1+2,2025,20.1,19687.0
0765,Älmhult,1+2,2000,17.2,15403.0
0765,Älmhult,1+2,2001,17.2,15442.0
0765,Älmhult,1+2,2002,17.2,15444.0
0765,Älmhult,1+2,2003,17.2,15437.0
0765,Älmhult,1+2,2004,17.2,15421.0
0765,Älmhult,1+2,2005,17.1,15346.0
0765,Älmhult,1+2,2006,17.2,15368.0
0765,Älmhult,1+2,2007,17.2,15378.0
0765,Älmhult,1+2,2008,17.2,15411.0
0765,Älmhult,1+2,2009,17.4,15570.0
0765,Älmhult,1+2,2010,17.4,15603.0
0765,Älmhult,1+2,2011,17.5,15629.0
0765,Älmhult,1+2,2012,17.6,15724.0
0765,Älmhult,1+2,2013,17.7,15759.0
0765,Älmhult,1+2,2014,17.9,15908.0
0765,Älmhult,1+2,2015,18.2,16168.0
0765,Älmhult,1+2,2016,18.7,16618.0
0765,Älmhult,1+2,2017,19.3,17148.0
0765,Älmhult,1+2,2018,19.7,17568.0
0765,Älmhult,1+2,2019,19.8,17651.0
0765,Älmhult,1+2,2020,20.1,17884.0
0765,Älmhult,1+2,2021,20.2,17963.0
0765,Älmhult,1+2,2022,20.3,18092.0
0765,Älmhult,1+2,2023,20.1,17932.0
0765,Älmhult,1+2,2024,19.7,17653.0
0765,Älmhult,1+2,2025,19.7,17579.0
0767,Markaryd,1+2,2000,18.8,9798.0
0767,Markaryd,1+2,2001,18.7,9716.0
0767,Markaryd,1+2,2002,18.5,9615.0
0767,Markaryd,1+2,2003,18.4,9594.0
0767,Markaryd,1+2,2004,18.5,9636.0
0767,Markaryd,1+2,2005,18.4,9571.0
0767,Markaryd,1+2,2006,18.5,9613.0
0767,Markaryd,1+2,2007,18.5,9641.0
0767,Markaryd,1+2,2008,18.5,9600.0
0767,Markaryd,1+2,2009,18.4,9559.0
0767,Markaryd,1+2,2010,18.5,9619.0
0767,Markaryd,1+2,2011,18.4,9513.0
0767,Markaryd,1+2,2012,18.3,9477.0
0767,Markaryd,1+2,2013,18.4,9515.0
0767,Markaryd,1+2,2014,18.5,9549.0
0767,Markaryd,1+2,2015,18.9,9779.0
0767,Markaryd,1+2,2016,19.3,9991.0
0767,Markaryd,1+2,2017,19.7,10170.0
0767,Markaryd,1+2,2018,19.8,10260.0
0767,Markaryd,1+2,2019,20.0,10320.0
0767,Markaryd,1+2,2020,20.1,10373.0
0767,Markaryd,1+2,2021,20.0,10320.0
0767,Markaryd,1+2,2022,19.7,10166.0
0767,Markaryd,1+2,2023,19.5,10076.0
0767,Markaryd,1+2,2024,19.1,9938.0
0767,Markaryd,1+2,2025,19.0,9862.0
0780,Växjö,1+2,2000,44.1,73901.0
0780,Växjö,1+2,2001,44.2,74082.0
0780,Växjö,1+2,2002,44.8,75036.0
0780,Växjö,1+2,2003,45.2,75848.0
0780,Växjö,1+2,2004,45.8,76755.0
0780,Växjö,1+2,2005,46.1,77363.0
0780,Växjö,1+2,2006,46.9,78473.0
0780,Växjö,1+2,2007,47.5,79562.0
0780,Växjö,1+2,2008,48.4,81074.0
0780,Växjö,1+2,2009,49.0,82023.0
0780,Växjö,1+2,2010,49.6,83005.0
0780,Växjö,1+2,2011,50.3,83710.0
0780,Växjö,1+2,2012,50.9,84800.0
0780,Växjö,1+2,2013,51.5,85822.0
0780,Växjö,1+2,2014,52.2,86970.0
0780,Växjö,1+2,2015,52.9,88108.0
0780,Växjö,1+2,2016,53.7,89500.0
0780,Växjö,1+2,2017,54.7,91060.0
0780,Växjö,1+2,2018,55.6,92567.0
0780,Växjö,1+2,2019,56.5,94129.0
0780,Växjö,1+2,2020,57.0,94859.0
0780,Växjö,1+2,2021,57.7,95995.0
0780,Växjö,1+2,2022,58.3,97137.0
0780,Växjö,1+2,2023,58.6,97574.0
0780,Växjö,1+2,2024,58.8,98334.0
0780,Växjö,1+2,2025,59.2,98940.0
0781,Ljungby,1+2,2000,15.4,27078.0
0781,Ljungby,1+2,2001,15.4,27055.0
0781,Ljungby,1+2,2002,15.3,26943.0
0781,Ljungby,1+2,2003,15.3,26897.0
0781,Ljungby,1+2,2004,15.4,27004.0
0781,Ljungby,1+2,2005,15.4,27093.0
0781,Ljungby,1+2,2006,15.4,27121.0
0781,Ljungby,1+2,2007,15.5,27276.0
0781,Ljungby,1+2,2008,15.6,27430.0
0781,Ljungby,1+2,2009,15.6,27410.0
0781,Ljungby,1+2,2010,15.5,27297.0
0781,Ljungby,1+2,2011,15.7,27357.0
0781,Ljungby,1+2,2012,15.6,27423.0
0781,Ljungby,1+2,2013,15.6,27277.0
0781,Ljungby,1+2,2014,15.7,27522.0
0781,Ljungby,1+2,2015,15.8,27638.0
0781,Ljungby,1+2,2016,16.0,28008.0
0781,Ljungby,1+2,2017,16.2,28297.0
0781,Ljungby,1+2,2018,16.3,28573.0
0781,Ljungby,1+2,2019,16.3,28521.0
0781,Ljungby,1+2,2020,16.2,28401.0
0781,Ljungby,1+2,2021,16.3,28433.0
0781,Ljungby,1+2,2022,16.3,28483.0
0781,Ljungby,1+2,2023,16.2,28304.0
0781,Ljungby,1+2,2024,16.1,28280.0
0781,Ljungby,1+2,2025,16.0,28132.0
0821,Högsby,1+2,2000,8.5,6380.0
0821,Högsby,1+2,2001,8.4,6349.0
0821,Högsby,1+2,2002,8.4,6300.0
0821,Högsby,1+2,2003,8.4,6348.0
0821,Högsby,1+2,2004,8.3,6244.0
0821,Högsby,1+2,2005,8.0,6066.0
0821,Högsby,1+2,2006,8.0,6033.0
0821,Högsby,1+2,2007,7.9,5931.0
0821,Högsby,1+2,2008,7.9,5930.0
0821,Högsby,1+2,2009,7.8,5873.0
0821,Högsby,1+2,2010,7.7,5777.0
0821,Högsby,1+2,2011,7.7,5768.0
0821,Högsby,1+2,2012,7.6,5730.0
0821,Högsby,1+2,2013,7.6,5718.0
0821,Högsby,1+2,2014,7.7,5782.0
0821,Högsby,1+2,2015,7.8,5857.0
0821,Högsby,1+2,2016,8.1,6080.0
0821,Högsby,1+2,2017,8.1,6087.0
0821,Högsby,1+2,2018,8.1,6094.0
0821,Högsby,1+2,2019,7.9,5921.0
0821,Högsby,1+2,2020,7.6,5731.0
0821,Högsby,1+2,2021,7.5,5645.0
0821,Högsby,1+2,2022,7.4,5584.0
0821,Högsby,1+2,2023,7.2,5438.0
0821,Högsby,1+2,2024,7.1,5321.0
0821,Högsby,1+2,2025,6.8,5134.0
0834,Torsås,1+2,2000,15.9,7468.0
0834,Torsås,1+2,2001,15.6,7361.0
0834,Torsås,1+2,2002,15.5,7293.0
0834,Torsås,1+2,2003,15.4,7231.0
0834,Torsås,1+2,2004,15.4,7263.0
0834,Torsås,1+2,2005,15.4,7240.0
0834,Torsås,1+2,2006,15.2,7154.0
0834,Torsås,1+2,2007,15.1,7133.0
0834,Torsås,1+2,2008,15.0,7076.0
0834,Torsås,1+2,2009,15.0,7044.0
0834,Torsås,1+2,2010,14.8,6962.0
0834,Torsås,1+2,2011,14.7,6886.0
0834,Torsås,1+2,2012,14.6,6858.0
0834,Torsås,1+2,2013,14.7,6879.0
0834,Torsås,1+2,2014,14.8,6925.0
0834,Torsås,1+2,2015,14.8,6943.0
0834,Torsås,1+2,2016,15.1,7063.0
0834,Torsås,1+2,2017,15.1,7083.0
0834,Torsås,1+2,2018,15.2,7098.0
0834,Torsås,1+2,2019,15.2,7125.0
0834,Torsås,1+2,2020,15.3,7149.0
0834,Torsås,1+2,2021,15.2,7113.0
0834,Torsås,1+2,2022,15.0,7042.0
0834,Torsås,1+2,2023,15.0,7002.0
0834,Torsås,1+2,2024,14.9,6984.0
0834,Torsås,1+2,2025,14.7,6919.0
0840,Mörbylånga,1+2,2000,20.1,13442.0
0840,Mörbylånga,1+2,2001,20.0,13410.0
0840,Mörbylånga,1+2,2002,20.0,13430.0
0840,Mörbylånga,1+2,2003,20.1,13481.0
0840,Mörbylånga,1+2,2004,20.0,13403.0
0840,Mörbylånga,1+2,2005,20.0,13405.0
0840,Mörbylånga,1+2,2006,20.2,13520.0
0840,Mörbylånga,1+2,2007,20.3,13608.0
0840,Mörbylånga,1+2,2008,20.5,13737.0
0840,Mörbylånga,1+2,2009,20.7,13834.0
0840,Mörbylånga,1+2,2010,20.9,14021.0
0840,Mörbylånga,1+2,2011,21.2,14138.0
0840,Mörbylånga,1+2,2012,21.3,14256.0
0840,Mörbylånga,1+2,2013,21.6,14368.0
0840,Mörbylånga,1+2,2014,21.7,14498.0
0840,Mörbylånga,1+2,2015,22.0,14669.0
0840,Mörbylånga,1+2,2016,22.4,14916.0
0840,Mörbylånga,1+2,2017,22.5,15000.0
0840,Mörbylånga,1+2,2018,22.6,15048.0
0840,Mörbylånga,1+2,2019,22.9,15249.0
0840,Mörbylånga,1+2,2020,23.2,15487.0
0840,Mörbylånga,1+2,2021,23.6,15722.0
0840,Mörbylånga,1+2,2022,24.0,15985.0
0840,Mörbylånga,1+2,2023,24.2,16144.0
0840,Mörbylånga,1+2,2024,24.3,16224.0
0840,Mörbylånga,1+2,2025,24.4,16306.0
0860,Hultsfred,1+2,2000,13.5,15163.0
0860,Hultsfred,1+2,2001,13.3,14977.0
0860,Hultsfred,1+2,2002,13.2,14893.0
0860,Hultsfred,1+2,2003,13.1,14739.0
0860,Hultsfred,1+2,2004,12.9,14591.0
0860,Hultsfred,1+2,2005,12.8,14456.0
0860,Hultsfred,1+2,2006,12.7,14306.0
0860,Hultsfred,1+2,2007,12.6,14196.0
0860,Hultsfred,1+2,2008,12.5,14046.0
0860,Hultsfred,1+2,2009,12.3,13855.0
0860,Hultsfred,1+2,2010,12.2,13696.0
0860,Hultsfred,1+2,2011,12.1,13515.0
0860,Hultsfred,1+2,2012,12.0,13550.0
0860,Hultsfred,1+2,2013,12.2,13635.0
0860,Hultsfred,1+2,2014,12.2,13738.0
0860,Hultsfred,1+2,2015,12.4,13919.0
0860,Hultsfred,1+2,2016,13.0,14607.0
0860,Hultsfred,1+2,2017,13.0,14579.0
0860,Hultsfred,1+2,2018,12.8,14360.0
0860,Hultsfred,1+2,2019,12.7,14224.0
0860,Hultsfred,1+2,2020,12.6,14107.0
0860,Hultsfred,1+2,2021,12.5,14056.0
0860,Hultsfred,1+2,2022,12.5,14064.0
0860,Hultsfred,1+2,2023,12.4,13883.0
0860,Hultsfred,1+2,2024,12.1,13673.0
0860,Hultsfred,1+2,2025,12.0,13484.0
0861,Mönsterås,1+2,2000,22.0,13227.0
0861,Mönsterås,1+2,2001,22.0,13240.0
0861,Mönsterås,1+2,2002,22.0,13220.0
0861,Mönsterås,1+2,2003,22.0,13256.0
0861,Mönsterås,1+2,2004,22.0,13226.0
0861,Mönsterås,1+2,2005,21.8,13103.0
0861,Mönsterås,1+2,2006,21.8,13111.0
0861,Mönsterås,1+2,2007,21.8,13114.0
0861,Mönsterås,1+2,2008,21.5,12956.0
0861,Mönsterås,1+2,2009,21.6,12980.0
0861,Mönsterås,1+2,2010,21.4,12909.0
0861,Mönsterås,1+2,2011,21.4,12853.0
0861,Mönsterås,1+2,2012,21.3,12799.0
0861,Mönsterås,1+2,2013,21.6,12949.0
0861,Mönsterås,1+2,2014,21.8,13057.0
0861,Mönsterås,1+2,2015,21.9,13144.0
0861,Mönsterås,1+2,2016,22.3,13395.0
0861,Mönsterås,1+2,2017,22.5,13498.0
0861,Mönsterås,1+2,2018,22.7,13565.0
0861,Mönsterås,1+2,2019,22.4,13430.0
0861,Mönsterås,1+2,2020,22.2,13264.0
0861,Mönsterås,1+2,2021,22.1,13258.0
0861,Mönsterås,1+2,2022,22.2,13276.0
0861,Mönsterås,1+2,2023,21.9,13134.0
0861,Mönsterås,1+2,2024,21.7,13069.0
0861,Mönsterås,1+2,2025,21.6,12978.0
0862,Emmaboda,1+2,2000,14.1,9772.0
0862,Emmaboda,1+2,2001,14.1,9750.0
0862,Emmaboda,1+2,2002,14.0,9690.0
0862,Emmaboda,1+2,2003,14.0,9659.0
0862,Emmaboda,1+2,2004,13.9,9643.0
0862,Emmaboda,1+2,2005,13.8,9543.0
0862,Emmaboda,1+2,2006,13.6,9436.0
0862,Emmaboda,1+2,2007,13.6,9383.0
0862,Emmaboda,1+2,2008,13.5,9331.0
0862,Emmaboda,1+2,2009,13.3,9223.0
0862,Emmaboda,1+2,2010,13.3,9187.0
0862,Emmaboda,1+2,2011,13.1,9039.0
0862,Emmaboda,1+2,2012,13.0,8991.0
0862,Emmaboda,1+2,2013,13.0,8964.0
0862,Emmaboda,1+2,2014,13.1,9009.0
0862,Emmaboda,1+2,2015,13.2,9090.0
0862,Emmaboda,1+2,2016,13.6,9348.0
0862,Emmaboda,1+2,2017,13.6,9368.0
0862,Emmaboda,1+2,2018,13.6,9400.0
0862,Emmaboda,1+2,2019,13.7,9445.0
0862,Emmaboda,1+2,2020,13.6,9360.0
0862,Emmaboda,1+2,2021,13.5,9329.0
0862,Emmaboda,1+2,2022,13.6,9347.0
0862,Emmaboda,1+2,2023,13.1,9056.0
0862,Emmaboda,1+2,2024,13.0,9006.0
0862,Emmaboda,1+2,2025,12.7,8807.0
0880,Kalmar,1+2,2000,61.7,59308.0
0880,Kalmar,1+2,2001,62.2,59787.0
0880,Kalmar,1+2,2002,62.5,60066.0
0880,Kalmar,1+2,2003,62.8,60415.0
0880,Kalmar,1+2,2004,63.1,60649.0
0880,Kalmar,1+2,2005,63.3,60924.0
0880,Kalmar,1+2,2006,63.8,61321.0
0880,Kalmar,1+2,2007,64.0,61533.0
0880,Kalmar,1+2,2008,64.1,61693.0
0880,Kalmar,1+2,2009,64.9,62388.0
0880,Kalmar,1+2,2010,65.3,62815.0
0880,Kalmar,1+2,2011,65.9,63055.0
0880,Kalmar,1+2,2012,66.5,63671.0
0880,Kalmar,1+2,2013,66.8,63887.0
0880,Kalmar,1+2,2014,67.6,64676.0
0880,Kalmar,1+2,2015,68.7,65704.0
0880,Kalmar,1+2,2016,69.6,66571.0
0880,Kalmar,1+2,2017,70.5,67451.0
0880,Kalmar,1+2,2018,71.7,68510.0
0880,Kalmar,1+2,2019,72.7,69467.0
0880,Kalmar,1+2,2020,73.6,70329.0
0880,Kalmar,1+2,2021,74.6,71328.0
0880,Kalmar,1+2,2022,75.3,72018.0
0880,Kalmar,1+2,2023,75.6,72304.0
0880,Kalmar,1+2,2024,75.7,72704.0
0880,Kalmar,1+2,2025,76.1,73068.0
0881,Nybro,1+2,2000,16.8,19785.0
0881,Nybro,1+2,2001,16.8,19782.0
0881,Nybro,1+2,2002,16.9,19871.0
0881,Nybro,1+2,2003,17.0,19968.0
0881,Nybro,1+2,2004,16.9,19882.0
0881,Nybro,1+2,2005,16.8,19775.0
0881,Nybro,1+2,2006,16.7,19680.0
0881,Nybro,1+2,2007,16.7,19643.0
0881,Nybro,1+2,2008,16.6,19557.0
0881,Nybro,1+2,2009,16.6,19576.0
0881,Nybro,1+2,2010,16.7,19651.0
0881,Nybro,1+2,2011,16.8,19636.0
0881,Nybro,1+2,2012,16.6,19486.0
0881,Nybro,1+2,2013,16.6,19489.0
0881,Nybro,1+2,2014,16.8,19714.0
0881,Nybro,1+2,2015,16.9,19754.0
0881,Nybro,1+2,2016,17.3,20311.0
0881,Nybro,1+2,2017,17.4,20406.0
0881,Nybro,1+2,2018,17.4,20350.0
0881,Nybro,1+2,2019,17.3,20318.0
0881,Nybro,1+2,2020,17.3,20273.0
0881,Nybro,1+2,2021,17.3,20284.0
0881,Nybro,1+2,2022,17.3,20303.0
0881,Nybro,1+2,2023,17.2,20145.0
0881,Nybro,1+2,2024,17.0,19951.0
0881,Nybro,1+2,2025,16.8,19803.0
0882,Oskarshamn,1+2,2000,25.0,26349.0
0882,Oskarshamn,1+2,2001,24.9,26213.0
0882,Oskarshamn,1+2,2002,24.8,26161.0
0882,Oskarshamn,1+2,2003,24.9,26253.0
0882,Oskarshamn,1+2,2004,24.9,26300.0
0882,Oskarshamn,1+2,2005,24.9,26247.0
0882,Oskarshamn,1+2,2006,24.9,26244.0
0882,Oskarshamn,1+2,2007,24.9,26294.0
0882,Oskarshamn,1+2,2008,24.9,26309.0
0882,Oskarshamn,1+2,2009,24.9,26232.0
0882,Oskarshamn,1+2,2010,24.8,26163.0
0882,Oskarshamn,1+2,2011,24.9,26166.0
0882,Oskarshamn,1+2,2012,24.9,26144.0
0882,Oskarshamn,1+2,2013,25.0,26212.0
0882,Oskarshamn,1+2,2014,25.1,26301.0
0882,Oskarshamn,1+2,2015,25.3,26450.0
0882,Oskarshamn,1+2,2016,25.8,27006.0
0882,Oskarshamn,1+2,2017,25.7,26928.0
0882,Oskarshamn,1+2,2018,25.8,26928.0
0882,Oskarshamn,1+2,2019,25.9,27102.0
0882,Oskarshamn,1+2,2020,26.0,27147.0
0882,Oskarshamn,1+2,2021,26.0,27220.0
0882,Oskarshamn,1+2,2022,25.8,27028.0
0882,Oskarshamn,1+2,2023,25.7,26918.0
0882,Oskarshamn,1+2,2024,25.6,26923.0
0882,Oskarshamn,1+2,2025,25.5,26762.0
0883,Västervik,1+2,2000,19.9,37433.0
0883,Västervik,1+2,2001,19.6,36956.0
0883,Västervik,1+2,2002,19.6,36913.0
0883,Västervik,1+2,2003,19.5,36768.0
0883,Västervik,1+2,2004,19.4,36566.0
0883,Västervik,1+2,2005,19.4,36505.0
0883,Västervik,1+2,2006,19.3,36400.0
0883,Västervik,1+2,2007,19.4,36458.0
0883,Västervik,1+2,2008,19.3,36356.0
0883,Västervik,1+2,2009,19.3,36290.0
0883,Västervik,1+2,2010,19.2,36206.0
0883,Västervik,1+2,2011,19.2,36015.0
0883,Västervik,1+2,2012,19.1,35892.0
0883,Västervik,1+2,2013,19.1,35867.0
0883,Västervik,1+2,2014,19.2,35920.0
0883,Västervik,1+2,2015,19.2,36049.0
0883,Västervik,1+2,2016,19.4,36438.0
0883,Västervik,1+2,2017,19.5,36551.0
0883,Västervik,1+2,2018,19.6,36680.0
0883,Västervik,1+2,2019,19.6,36679.0
0883,Västervik,1+2,2020,19.6,36655.0
0883,Västervik,1+2,2021,19.6,36747.0
0883,Västervik,1+2,2022,19.6,36650.0
0883,Västervik,1+2,2023,19.4,36434.0
0883,Västervik,1+2,2024,19.4,36447.0
0883,Västervik,1+2,2025,19.3,36269.0
0884,Vimmerby,1+2,2000,13.8,15776.0
0884,Vimmerby,1+2,2001,13.7,15644.0
0884,Vimmerby,1+2,2002,13.6,15628.0
0884,Vimmerby,1+2,2003,13.6,15621.0
0884,Vimmerby,1+2,2004,13.6,15596.0
0884,Vimmerby,1+2,2005,13.6,15613.0
0884,Vimmerby,1+2,2006,13.6,15588.0
0884,Vimmerby,1+2,2007,13.6,15608.0
0884,Vimmerby,1+2,2008,13.6,15551.0
0884,Vimmerby,1+2,2009,13.6,15538.0
0884,Vimmerby,1+2,2010,13.5,15473.0
0884,Vimmerby,1+2,2011,13.5,15397.0
0884,Vimmerby,1+2,2012,13.5,15403.0
0884,Vimmerby,1+2,2013,13.4,15287.0
0884,Vimmerby,1+2,2014,13.4,15297.0
0884,Vimmerby,1+2,2015,13.5,15419.0
0884,Vimmerby,1+2,2016,13.7,15636.0
0884,Vimmerby,1+2,2017,13.8,15728.0
0884,Vimmerby,1+2,2018,13.8,15764.0
0884,Vimmerby,1+2,2019,13.7,15647.0
0884,Vimmerby,1+2,2020,13.7,15672.0
0884,Vimmerby,1+2,2021,13.7,15578.0
0884,Vimmerby,1+2,2022,13.6,15557.0
0884,Vimmerby,1+2,2023,13.6,15461.0
0884,Vimmerby,1+2,2024,13.4,15384.0
0884,Vimmerby,1+2,2025,13.4,15327.0
0885,Borgholm,1+2,2000,16.6,11288.0
0885,Borgholm,1+2,2001,16.5,11228.0
0885,Borgholm,1+2,2002,16.4,11162.0
0885,Borgholm,1+2,2003,16.4,11147.0
0885,Borgholm,1+2,2004,16.4,11133.0
0885,Borgholm,1+2,2005,16.3,11067.0
0885,Borgholm,1+2,2006,16.1,10983.0
0885,Borgholm,1+2,2007,16.1,10933.0
0885,Borgholm,1+2,2008,16.0,10855.0
0885,Borgholm,1+2,2009,15.9,10806.0
0885,Borgholm,1+2,2010,15.7,10676.0
0885,Borgholm,1+2,2011,15.7,10622.0
0885,Borgholm,1+2,2012,15.8,10768.0
0885,Borgholm,1+2,2013,15.7,10619.0
0885,Borgholm,1+2,2014,15.8,10681.0
0885,Borgholm,1+2,2015,15.8,10681.0
0885,Borgholm,1+2,2016,16.1,10930.0
0885,Borgholm,1+2,2017,16.0,10857.0
0885,Borgholm,1+2,2018,16.1,10873.0
0885,Borgholm,1+2,2019,16.0,10839.0
0885,Borgholm,1+2,2020,16.0,10836.0
0885,Borgholm,1+2,2021,16.1,10895.0
0885,Borgholm,1+2,2022,16.0,10857.0
0885,Borgholm,1+2,2023,15.9,10748.0
0885,Borgholm,1+2,2024,15.7,10666.0
0885,Borgholm,1+2,2025,15.6,10626.0
0980,Gotland,1+2,2000,18.2,57313.0
0980,Gotland,1+2,2001,18.2,57412.0
0980,Gotland,1+2,2002,18.2,57381.0
0980,Gotland,1+2,2003,18.3,57535.0
0980,Gotland,1+2,2004,18.3,57661.0
0980,Gotland,1+2,2005,18.2,57488.0
0980,Gotland,1+2,2006,18.2,57297.0
0980,Gotland,1+2,2007,18.1,57122.0
0980,Gotland,1+2,2008,18.1,57004.0
0980,Gotland,1+2,2009,18.2,57221.0
0980,Gotland,1+2,2010,18.2,57269.0
0980,Gotland,1+2,2011,18.3,57308.0
0980,Gotland,1+2,2012,18.2,57241.0
0980,Gotland,1+2,2013,18.2,57161.0
0980,Gotland,1+2,2014,18.3,57255.0
0980,Gotland,1+2,2015,18.3,57391.0
0980,Gotland,1+2,2016,18.5,58003.0
0980,Gotland,1+2,2017,18.7,58595.0
0980,Gotland,1+2,2018,18.9,59249.0
0980,Gotland,1+2,2019,19.0,59686.0
0980,Gotland,1+2,2020,19.2,60124.0
0980,Gotland,1+2,2021,19.5,61001.0
0980,Gotland,1+2,2022,19.5,61173.0
0980,Gotland,1+2,2023,19.5,61029.0
0980,Gotland,1+2,2024,19.4,60971.0
0980,Gotland,1+2,2025,19.3,60852.0
1060,Olofström,1+2,2000,35.7,14005.0
1060,Olofström,1+2,2001,35.2,13803.0
1060,Olofström,1+2,2002,34.8,13637.0
1060,Olofström,1+2,2003,34.6,13541.0
1060,Olofström,1+2,2004,34.5,13524.0
1060,Olofström,1+2,2005,34.2,13391.0
1060,Olofström,1+2,2006,34.1,13355.0
1060,Olofström,1+2,2007,33.7,13198.0
1060,Olofström,1+2,2008,33.6,13167.0
1060,Olofström,1+2,2009,33.4,13102.0
1060,Olofström,1+2,2010,33.1,12988.0
1060,Olofström,1+2,2011,33.0,12876.0
1060,Olofström,1+2,2012,33.0,12896.0
1060,Olofström,1+2,2013,33.1,12902.0
1060,Olofström,1+2,2014,33.4,13031.0
1060,Olofström,1+2,2015,33.8,13170.0
1060,Olofström,1+2,2016,34.4,13417.0
1060,Olofström,1+2,2017,34.6,13482.0
1060,Olofström,1+2,2018,34.7,13516.0
1060,Olofström,1+2,2019,34.4,13426.0
1060,Olofström,1+2,2020,34.2,13311.0
1060,Olofström,1+2,2021,34.0,13263.0
1060,Olofström,1+2,2022,33.8,13159.0
1060,Olofström,1+2,2023,33.5,13061.0
1060,Olofström,1+2,2024,33.2,13000.0
1060,Olofström,1+2,2025,32.8,12844.0
1080,Karlskrona,1+2,2000,57.9,60564.0
1080,Karlskrona,1+2,2001,57.9,60596.0
1080,Karlskrona,1+2,2002,58.0,60676.0
1080,Karlskrona,1+2,2003,58.1,60857.0
1080,Karlskrona,1+2,2004,58.4,61137.0
1080,Karlskrona,1+2,2005,58.6,61383.0
1080,Karlskrona,1+2,2006,59.1,61844.0
1080,Karlskrona,1+2,2007,59.5,62338.0
1080,Karlskrona,1+2,2008,60.0,62804.0
1080,Karlskrona,1+2,2009,60.5,63342.0
1080,Karlskrona,1+2,2010,61.2,64032.0
1080,Karlskrona,1+2,2011,61.6,64215.0
1080,Karlskrona,1+2,2012,61.1,63691.0
1080,Karlskrona,1+2,2013,61.3,63912.0
1080,Karlskrona,1+2,2014,61.8,64348.0
1080,Karlskrona,1+2,2015,62.7,65380.0
1080,Karlskrona,1+2,2016,63.6,66262.0
1080,Karlskrona,1+2,2017,64.0,66666.0
1080,Karlskrona,1+2,2018,64.0,66675.0
1080,Karlskrona,1+2,2019,63.9,66622.0
1080,Karlskrona,1+2,2020,63.8,66515.0
1080,Karlskrona,1+2,2021,64.0,66708.0
1080,Karlskrona,1+2,2022,64.0,66682.0
1080,Karlskrona,1+2,2023,63.7,66420.0
1080,Karlskrona,1+2,2024,63.3,66301.0
1080,Karlskrona,1+2,2025,63.1,66021.0
1081,Ronneby,1+2,2000,34.5,28634.0
1081,Ronneby,1+2,2001,34.4,28574.0
1081,Ronneby,1+2,2002,34.3,28472.0
1081,Ronneby,1+2,2003,34.1,28287.0
1081,Ronneby,1+2,2004,34.1,28283.0
1081,Ronneby,1+2,2005,34.2,28358.0
1081,Ronneby,1+2,2006,34.3,28443.0
1081,Ronneby,1+2,2007,34.3,28491.0
1081,Ronneby,1+2,2008,34.3,28489.0
1081,Ronneby,1+2,2009,34.2,28416.0
1081,Ronneby,1+2,2010,34.0,28254.0
1081,Ronneby,1+2,2011,33.8,27910.0
1081,Ronneby,1+2,2012,33.6,27788.0
1081,Ronneby,1+2,2013,33.8,27871.0
1081,Ronneby,1+2,2014,34.2,28221.0
1081,Ronneby,1+2,2015,34.8,28697.0
1081,Ronneby,1+2,2016,35.4,29207.0
1081,Ronneby,1+2,2017,35.8,29568.0
1081,Ronneby,1+2,2018,36.0,29695.0
1081,Ronneby,1+2,2019,35.9,29633.0
1081,Ronneby,1+2,2020,35.6,29372.0
1081,Ronneby,1+2,2021,35.4,29200.0
1081,Ronneby,1+2,2022,35.3,29169.0
1081,Ronneby,1+2,2023,35.2,29021.0
1081,Ronneby,1+2,2024,34.7,28741.0
1081,Ronneby,1+2,2025,34.7,28708.0
1082,Karlshamn,1+2,2000,62.6,30741.0
1082,Karlshamn,1+2,2001,62.4,30648.0
1082,Karlshamn,1+2,2002,62.6,30739.0
1082,Karlshamn,1+2,2003,62.6,30779.0
1082,Karlshamn,1+2,2004,62.8,30847.0
1082,Karlshamn,1+2,2005,63.1,31006.0
1082,Karlshamn,1+2,2006,63.5,31179.0
1082,Karlshamn,1+2,2007,63.2,31052.0
1082,Karlshamn,1+2,2008,63.0,30959.0
1082,Karlshamn,1+2,2009,62.9,30918.0
1082,Karlshamn,1+2,2010,63.4,31143.0
1082,Karlshamn,1+2,2011,63.8,31185.0
1082,Karlshamn,1+2,2012,63.7,31132.0
1082,Karlshamn,1+2,2013,64.0,31272.0
1082,Karlshamn,1+2,2014,64.7,31598.0
1082,Karlshamn,1+2,2015,65.2,31846.0
1082,Karlshamn,1+2,2016,65.7,32130.0
1082,Karlshamn,1+2,2017,65.9,32200.0
1082,Karlshamn,1+2,2018,66.2,32330.0
1082,Karlshamn,1+2,2019,66.5,32473.0
1082,Karlshamn,1+2,2020,66.3,32402.0
1082,Karlshamn,1+2,2021,66.0,32226.0
1082,Karlshamn,1+2,2022,65.9,32216.0
1082,Karlshamn,1+2,2023,65.5,31996.0
1082,Karlshamn,1+2,2024,64.7,31751.0
1082,Karlshamn,1+2,2025,64.5,31642.0
1083,Sölvesborg,1+2,2000,88.2,16448.0
1083,Sölvesborg,1+2,2001,87.9,16396.0
1083,Sölvesborg,1+2,2002,87.7,16351.0
1083,Sölvesborg,1+2,2003,88.1,16425.0
1083,Sölvesborg,1+2,2004,88.7,16544.0
1083,Sölvesborg,1+2,2005,88.8,16558.0
1083,Sölvesborg,1+2,2006,89.1,16615.0
1083,Sölvesborg,1+2,2007,90.2,16821.0
1083,Sölvesborg,1+2,2008,90.3,16840.0
1083,Sölvesborg,1+2,2009,90.2,16813.0
1083,Sölvesborg,1+2,2010,90.1,16810.0
1083,Sölvesborg,1+2,2011,90.6,16793.0
1083,Sölvesborg,1+2,2012,90.7,16808.0
1083,Sölvesborg,1+2,2013,90.7,16800.0
1083,Sölvesborg,1+2,2014,91.5,16959.0
1083,Sölvesborg,1+2,2015,92.6,17160.0
1083,Sölvesborg,1+2,2016,94.1,17437.0
1083,Sölvesborg,1+2,2017,94.2,17455.0
1083,Sölvesborg,1+2,2018,94.3,17468.0
1083,Sölvesborg,1+2,2019,94.2,17452.0
1083,Sölvesborg,1+2,2020,94.2,17456.0
1083,Sölvesborg,1+2,2021,94.7,17540.0
1083,Sölvesborg,1+2,2022,94.5,17514.0
1083,Sölvesborg,1+2,2023,94.3,17475.0
1083,Sölvesborg,1+2,2024,93.7,17430.0
1083,Sölvesborg,1+2,2025,93.6,17405.0
1214,Svalöv,1+2,2000,32.2,12562.0
1214,Svalöv,1+2,2001,32.1,12553.0
1214,Svalöv,1+2,2002,32.5,12705.0
1214,Svalöv,1+2,2003,32.9,12833.0
1214,Svalöv,1+2,2004,33.2,12973.0
1214,Svalöv,1+2,2005,33.3,13012.0
1214,Svalöv,1+2,2006,33.4,13055.0
1214,Svalöv,1+2,2007,33.7,13143.0
1214,Svalöv,1+2,2008,33.8,13184.0
1214,Svalöv,1+2,2009,34.0,13290.0
1214,Svalöv,1+2,2010,33.9,13242.0
1214,Svalöv,1+2,2011,34.2,13250.0
1214,Svalöv,1+2,2012,34.2,13275.0
1214,Svalöv,1+2,2013,34.4,13332.0
1214,Svalöv,1+2,2014,34.8,13460.0
1214,Svalöv,1+2,2015,35.3,13655.0
1214,Svalöv,1+2,2016,35.9,13919.0
1214,Svalöv,1+2,2017,36.2,14025.0
1214,Svalöv,1+2,2018,36.5,14123.0
1214,Svalöv,1+2,2019,36.9,14268.0
1214,Svalöv,1+2,2020,36.9,14276.0
1214,Svalöv,1+2,2021,37.3,14412.0
1214,Svalöv,1+2,2022,37.4,14466.0
1214,Svalöv,1+2,2023,37.6,14544.0
1214,Svalöv,1+2,2024,37.4,14543.0
1214,Svalöv,1+2,2025,37.3,14474.0
1230,Staffanstorp,1+2,2000,184.1,19815.0
1230,Staffanstorp,1+2,2001,185.5,19967.0
1230,Staffanstorp,1+2,2002,186.9,20110.0
1230,Staffanstorp,1+2,2003,188.1,20238.0
1230,Staffanstorp,1+2,2004,189.5,20394.0
1230,Staffanstorp,1+2,2005,191.5,20602.0
1230,Staffanstorp,1+2,2006,193.7,20840.0
1230,Staffanstorp,1+2,2007,197.1,21208.0
1230,Staffanstorp,1+2,2008,201.3,21667.0
1230,Staffanstorp,1+2,2009,204.0,21949.0
1230,Staffanstorp,1+2,2010,206.8,22259.0
1230,Staffanstorp,1+2,2011,208.7,22296.0
1230,Staffanstorp,1+2,2012,210.9,22534.0
1230,Staffanstorp,1+2,2013,212.2,22672.0
1230,Staffanstorp,1+2,2014,215.3,22994.0
1230,Staffanstorp,1+2,2015,216.5,23119.0
1230,Staffanstorp,1+2,2016,221.0,23600.0
1230,Staffanstorp,1+2,2017,226.3,24167.0
1230,Staffanstorp,1+2,2018,231.5,24724.0
1230,Staffanstorp,1+2,2019,237.8,25396.0
1230,Staffanstorp,1+2,2020,242.3,25883.0
1230,Staffanstorp,1+2,2021,245.7,26242.0
1230,Staffanstorp,1+2,2022,250.7,26778.0
1230,Staffanstorp,1+2,2023,254.3,27152.0
1230,Staffanstorp,1+2,2024,254.7,27303.0
1230,Staffanstorp,1+2,2025,256.4,27482.0
1231,Burlöv,1+2,2000,798.2,15038.0
1231,Burlöv,1+2,2001,810.2,15264.0
1231,Burlöv,1+2,2002,813.5,15326.0
1231,Burlöv,1+2,2003,809.8,15257.0
1231,Burlöv,1+2,2004,811.8,15295.0
1231,Burlöv,1+2,2005,813.2,15320.0
1231,Burlöv,1+2,2006,831.3,15662.0
1231,Burlöv,1+2,2007,846.7,15952.0
1231,Burlöv,1+2,2008,861.5,16230.0
1231,Burlöv,1+2,2009,876.3,16509.0
1231,Burlöv,1+2,2010,886.5,16701.0
1231,Burlöv,1+2,2011,891.2,16843.0
1231,Burlöv,1+2,2012,900.0,17011.0
1231,Burlöv,1+2,2013,905.5,17114.0
1231,Burlöv,1+2,2014,910.6,17211.0
1231,Burlöv,1+2,2015,922.2,17430.0
1231,Burlöv,1+2,2016,933.6,17646.0
1231,Burlöv,1+2,2017,956.2,18073.0
1231,Burlöv,1+2,2018,971.4,18360.0
1231,Burlöv,1+2,2019,1011.2,19112.0
1231,Burlöv,1+2,2020,1021.8,19312.0
1231,Burlöv,1+2,2021,1045.1,19753.0
1231,Burlöv,1+2,2022,1052.0,19882.0
1231,Burlöv,1+2,2023,1049.9,19844.0
1231,Burlöv,1+2,2024,1059.1,20101.0
1231,Burlöv,1+2,2025,1077.1,20444.0
1233,Vellinge,1+2,2000,213.1,30516.0
1233,Vellinge,1+2,2001,215.0,30782.0
1233,Vellinge,1+2,2002,217.1,31087.0
1233,Vellinge,1+2,2003,218.6,31300.0
1233,Vellinge,1+2,2004,220.7,31596.0
1233,Vellinge,1+2,2005,221.6,31722.0
1233,Vellinge,1+2,2006,225.4,32270.0
1233,Vellinge,1+2,2007,227.4,32565.0
1233,Vellinge,1+2,2008,229.4,32843.0
1233,Vellinge,1+2,2009,231.6,33162.0
1233,Vellinge,1+2,2010,232.6,33303.0
1233,Vellinge,1+2,2011,235.0,33510.0
1233,Vellinge,1+2,2012,235.7,33615.0
1233,Vellinge,1+2,2013,237.1,33807.0
1233,Vellinge,1+2,2014,239.1,34110.0
1233,Vellinge,1+2,2015,243.0,34667.0
1233,Vellinge,1+2,2016,247.1,35257.0
1233,Vellinge,1+2,2017,250.9,35790.0
1233,Vellinge,1+2,2018,255.9,36499.0
1233,Vellinge,1+2,2019,256.8,36628.0
1233,Vellinge,1+2,2020,258.8,36915.0
1233,Vellinge,1+2,2021,262.5,37452.0
1233,Vellinge,1+2,2022,265.1,37821.0
1233,Vellinge,1+2,2023,264.7,37738.0
1233,Vellinge,1+2,2024,264.2,37816.0
1233,Vellinge,1+2,2025,264.2,37833.0
1256,Östra Göinge,1+2,2000,32.7,14215.0
1256,Östra Göinge,1+2,2001,32.4,14108.0
1256,Östra Göinge,1+2,2002,32.4,14087.0
1256,Östra Göinge,1+2,2003,32.3,14047.0
1256,Östra Göinge,1+2,2004,32.1,13978.0
1256,Östra Göinge,1+2,2005,32.2,13991.0
1256,Östra Göinge,1+2,2006,31.9,13886.0
1256,Östra Göinge,1+2,2007,31.8,13828.0
1256,Östra Göinge,1+2,2008,31.4,13662.0
1256,Östra Göinge,1+2,2009,31.1,13526.0
1256,Östra Göinge,1+2,2010,31.3,13590.0
1256,Östra Göinge,1+2,2011,31.5,13603.0
1256,Östra Göinge,1+2,2012,31.5,13620.0
1256,Östra Göinge,1+2,2013,31.7,13687.0
1256,Östra Göinge,1+2,2014,32.1,13864.0
1256,Östra Göinge,1+2,2015,32.7,14102.0
1256,Östra Göinge,1+2,2016,33.4,14406.0
1256,Östra Göinge,1+2,2017,34.1,14715.0
1256,Östra Göinge,1+2,2018,34.6,14915.0
1256,Östra Göinge,1+2,2019,34.8,15007.0
1256,Östra Göinge,1+2,2020,34.8,15017.0
1256,Östra Göinge,1+2,2021,34.6,14941.0
1256,Östra Göinge,1+2,2022,33.8,14577.0
1256,Östra Göinge,1+2,2023,33.2,14331.0
1256,Östra Göinge,1+2,2024,32.3,13978.0
1256,Östra Göinge,1+2,2025,31.7,13718.0
1257,Örkelljunga,1+2,2000,29.3,9428.0
1257,Örkelljunga,1+2,2001,29.3,9414.0
1257,Örkelljunga,1+2,2002,29.3,9419.0
1257,Örkelljunga,1+2,2003,29.5,9483.0
1257,Örkelljunga,1+2,2004,29.6,9500.0
1257,Örkelljunga,1+2,2005,29.7,9553.0
1257,Örkelljunga,1+2,2006,29.6,9529.0
1257,Örkelljunga,1+2,2007,29.8,9577.0
1257,Örkelljunga,1+2,2008,29.8,9592.0
1257,Örkelljunga,1+2,2009,30.0,9639.0
1257,Örkelljunga,1+2,2010,30.0,9631.0
1257,Örkelljunga,1+2,2011,30.2,9663.0
1257,Örkelljunga,1+2,2012,30.2,9655.0
1257,Örkelljunga,1+2,2013,30.2,9653.0
1257,Örkelljunga,1+2,2014,30.5,9733.0
1257,Örkelljunga,1+2,2015,30.8,9831.0
1257,Örkelljunga,1+2,2016,31.2,9958.0
1257,Örkelljunga,1+2,2017,31.4,10047.0
1257,Örkelljunga,1+2,2018,31.9,10174.0
1257,Örkelljunga,1+2,2019,32.2,10280.0
1257,Örkelljunga,1+2,2020,32.7,10451.0
1257,Örkelljunga,1+2,2021,32.9,10499.0
1257,Örkelljunga,1+2,2022,32.7,10455.0
1257,Örkelljunga,1+2,2023,32.7,10433.0
1257,Örkelljunga,1+2,2024,32.1,10277.0
1257,Örkelljunga,1+2,2025,32.1,10293.0
1260,Bjuv,1+2,2000,118.1,13705.0
1260,Bjuv,1+2,2001,117.7,13659.0
1260,Bjuv,1+2,2002,117.7,13674.0
1260,Bjuv,1+2,2003,118.9,13810.0
1260,Bjuv,1+2,2004,119.6,13892.0
1260,Bjuv,1+2,2005,120.6,14007.0
1260,Bjuv,1+2,2006,122.2,14199.0
1260,Bjuv,1+2,2007,124.6,14470.0
1260,Bjuv,1+2,2008,125.8,14613.0
1260,Bjuv,1+2,2009,127.5,14813.0
1260,Bjuv,1+2,2010,127.8,14841.0
1260,Bjuv,1+2,2011,128.8,14851.0
1260,Bjuv,1+2,2012,128.9,14866.0
1260,Bjuv,1+2,2013,128.4,14801.0
1260,Bjuv,1+2,2014,129.2,14894.0
1260,Bjuv,1+2,2015,129.8,14962.0
1260,Bjuv,1+2,2016,131.8,15202.0
1260,Bjuv,1+2,2017,133.8,15429.0
1260,Bjuv,1+2,2018,134.4,15501.0
1260,Bjuv,1+2,2019,136.3,15715.0
1260,Bjuv,1+2,2020,136.1,15697.0
1260,Bjuv,1+2,2021,137.4,15842.0
1260,Bjuv,1+2,2022,139.3,16062.0
1260,Bjuv,1+2,2023,138.4,15968.0
1260,Bjuv,1+2,2024,138.0,15985.0
1260,Bjuv,1+2,2025,138.6,16052.0
1261,Kävlinge,1+2,2000,159.8,24583.0
1261,Kävlinge,1+2,2001,162.2,24958.0
1261,Kävlinge,1+2,2002,163.8,25191.0
1261,Kävlinge,1+2,2003,166.0,25539.0
1261,Kävlinge,1+2,2004,169.2,26024.0
1261,Kävlinge,1+2,2005,173.6,26704.0
1261,Kävlinge,1+2,2006,177.9,27369.0
1261,Kävlinge,1+2,2007,180.4,27746.0
1261,Kävlinge,1+2,2008,183.7,28255.0
1261,Kävlinge,1+2,2009,186.2,28638.0
1261,Kävlinge,1+2,2010,188.6,29013.0
1261,Kävlinge,1+2,2011,191.8,29261.0
1261,Kävlinge,1+2,2012,192.8,29427.0
1261,Kävlinge,1+2,2013,194.0,29600.0
1261,Kävlinge,1+2,2014,195.4,29808.0
1261,Kävlinge,1+2,2015,197.3,30104.0
1261,Kävlinge,1+2,2016,200.2,30532.0
1261,Kävlinge,1+2,2017,203.0,30959.0
1261,Kävlinge,1+2,2018,206.6,31491.0
1261,Kävlinge,1+2,2019,208.0,31705.0
1261,Kävlinge,1+2,2020,210.0,32020.0
1261,Kävlinge,1+2,2021,212.1,32341.0
1261,Kävlinge,1+2,2022,213.0,32470.0
1261,Kävlinge,1+2,2023,212.7,32430.0
1261,Kävlinge,1+2,2024,212.2,32477.0
1261,Kävlinge,1+2,2025,213.3,32655.0
1262,Lomma,1+2,2000,324.3,18044.0
1262,Lomma,1+2,2001,325.8,18129.0
1262,Lomma,1+2,2002,326.5,18167.0
1262,Lomma,1+2,2003,329.1,18311.0
1262,Lomma,1+2,2004,334.2,18595.0
1262,Lomma,1+2,2005,338.9,18854.0
1262,Lomma,1+2,2006,349.3,19434.0
1262,Lomma,1+2,2007,359.9,20023.0
1262,Lomma,1+2,2008,367.5,20449.0
1262,Lomma,1+2,2009,378.6,21065.0
1262,Lomma,1+2,2010,387.5,21559.0
1262,Lomma,1+2,2011,396.6,22017.0
1262,Lomma,1+2,2012,401.6,22298.0
1262,Lomma,1+2,2013,405.2,22496.0
1262,Lomma,1+2,2014,413.4,22946.0
1262,Lomma,1+2,2015,420.2,23324.0
1262,Lomma,1+2,2016,430.3,23887.0
1262,Lomma,1+2,2017,437.1,24264.0
1262,Lomma,1+2,2018,446.3,24763.0
1262,Lomma,1+2,2019,447.5,24834.0
1262,Lomma,1+2,2020,448.3,24876.0
1262,Lomma,1+2,2021,444.0,24638.0
1262,Lomma,1+2,2022,445.5,24721.0
1262,Lomma,1+2,2023,443.8,24627.0
1262,Lomma,1+2,2024,443.6,24715.0
1262,Lomma,1+2,2025,442.9,24677.0
1263,Svedala,1+2,2000,81.8,17905.0
1263,Svedala,1+2,2001,81.9,17938.0
1263,Svedala,1+2,2002,82.9,18151.0
1263,Svedala,1+2,2003,83.4,18269.0
1263,Svedala,1+2,2004,84.7,18541.0
1263,Svedala,1+2,2005,85.5,18716.0
1263,Svedala,1+2,2006,86.7,18988.0
1263,Svedala,1+2,2007,87.5,19149.0
1263,Svedala,1+2,2008,88.6,19390.0
1263,Svedala,1+2,2009,89.6,19625.0
1263,Svedala,1+2,2010,90.5,19822.0
1263,Svedala,1+2,2011,90.8,19805.0
1263,Svedala,1+2,2012,91.5,19971.0
1263,Svedala,1+2,2013,92.0,20067.0
1263,Svedala,1+2,2014,92.9,20248.0
1263,Svedala,1+2,2015,93.9,20462.0
1263,Svedala,1+2,2016,95.3,20771.0
1263,Svedala,1+2,2017,96.7,21074.0
1263,Svedala,1+2,2018,99.1,21576.0
1263,Svedala,1+2,2019,102.1,22229.0
1263,Svedala,1+2,2020,104.1,22665.0
1263,Svedala,1+2,2021,106.7,23222.0
1263,Svedala,1+2,2022,107.0,23288.0
1263,Svedala,1+2,2023,107.9,23470.0
1263,Svedala,1+2,2024,107.9,23581.0
1263,Svedala,1+2,2025,108.6,23714.0
1264,Skurup,1+2,2000,70.3,13714.0
1264,Skurup,1+2,2001,71.1,13873.0
1264,Skurup,1+2,2002,71.5,13949.0
1264,Skurup,1+2,2003,72.2,14099.0
1264,Skurup,1+2,2004,73.0,14243.0
1264,Skurup,1+2,2005,73.9,14415.0
1264,Skurup,1+2,2006,75.3,14703.0
1264,Skurup,1+2,2007,75.8,14788.0
1264,Skurup,1+2,2008,75.7,14784.0
1264,Skurup,1+2,2009,76.2,14867.0
1264,Skurup,1+2,2010,76.8,14981.0
1264,Skurup,1+2,2011,77.2,14946.0
1264,Skurup,1+2,2012,77.2,14955.0
1264,Skurup,1+2,2013,77.6,15025.0
1264,Skurup,1+2,2014,78.4,15167.0
1264,Skurup,1+2,2015,78.3,15149.0
1264,Skurup,1+2,2016,79.6,15408.0
1264,Skurup,1+2,2017,80.8,15642.0
1264,Skurup,1+2,2018,81.5,15759.0
1264,Skurup,1+2,2019,82.1,15889.0
1264,Skurup,1+2,2020,82.9,16042.0
1264,Skurup,1+2,2021,84.9,16419.0
1264,Skurup,1+2,2022,86.5,16731.0
1264,Skurup,1+2,2023,87.2,16861.0
1264,Skurup,1+2,2024,88.1,17099.0
1264,Skurup,1+2,2025,88.3,17139.0
1265,Sjöbo,1+2,2000,33.6,16648.0
1265,Sjöbo,1+2,2001,33.9,16781.0
1265,Sjöbo,1+2,2002,34.4,17027.0
1265,Sjöbo,1+2,2003,34.7,17199.0
1265,Sjöbo,1+2,2004,35.1,17404.0
1265,Sjöbo,1+2,2005,35.3,17501.0
1265,Sjöbo,1+2,2006,35.8,17721.0
1265,Sjöbo,1+2,2007,36.3,18015.0
1265,Sjöbo,1+2,2008,36.5,18093.0
1265,Sjöbo,1+2,2009,36.6,18153.0
1265,Sjöbo,1+2,2010,36.5,18112.0
1265,Sjöbo,1+2,2011,36.9,18143.0
1265,Sjöbo,1+2,2012,37.1,18290.0
1265,Sjöbo,1+2,2013,37.4,18401.0
1265,Sjöbo,1+2,2014,37.4,18415.0
1265,Sjöbo,1+2,2015,37.6,18514.0
1265,Sjöbo,1+2,2016,38.1,18742.0
1265,Sjöbo,1+2,2017,38.8,19071.0
1265,Sjöbo,1+2,2018,38.9,19153.0
1265,Sjöbo,1+2,2019,39.1,19226.0
1265,Sjöbo,1+2,2020,39.5,19412.0
1265,Sjöbo,1+2,2021,39.6,19497.0
1265,Sjöbo,1+2,2022,39.7,19547.0
1265,Sjöbo,1+2,2023,39.5,19437.0
1265,Sjöbo,1+2,2024,39.2,19337.0
1265,Sjöbo,1+2,2025,39.3,19397.0
1266,Hörby,1+2,2000,32.5,13742.0
1266,Hörby,1+2,2001,32.6,13774.0
1266,Hörby,1+2,2002,33.0,13949.0
1266,Hörby,1+2,2003,33.2,14051.0
1266,Hörby,1+2,2004,33.6,14216.0
1266,Hörby,1+2,2005,33.8,14274.0
1266,Hörby,1+2,2006,34.4,14540.0
1266,Hörby,1+2,2007,34.5,14584.0
1266,Hörby,1+2,2008,34.9,14757.0
1266,Hörby,1+2,2009,34.9,14762.0
1266,Hörby,1+2,2010,35.1,14840.0
1266,Hörby,1+2,2011,35.5,14901.0
1266,Hörby,1+2,2012,35.6,14958.0
1266,Hörby,1+2,2013,35.6,14917.0
1266,Hörby,1+2,2014,35.6,14927.0
1266,Hörby,1+2,2015,35.8,15020.0
1266,Hörby,1+2,2016,36.4,15283.0
1266,Hörby,1+2,2017,37.1,15552.0
1266,Hörby,1+2,2018,37.3,15635.0
1266,Hörby,1+2,2019,37.3,15631.0
1266,Hörby,1+2,2020,37.3,15653.0
1266,Hörby,1+2,2021,37.6,15745.0
1266,Hörby,1+2,2022,37.5,15718.0
1266,Hörby,1+2,2023,37.2,15585.0
1266,Hörby,1+2,2024,37.0,15562.0
1266,Hörby,1+2,2025,37.0,15559.0
1267,Höör,1+2,2000,47.7,13976.0
1267,Höör,1+2,2001,48.1,14088.0
1267,Höör,1+2,2002,48.4,14169.0
1267,Höör,1+2,2003,48.7,14278.0
1267,Höör,1+2,2004,49.6,14520.0
1267,Höör,1+2,2005,49.8,14604.0
1267,Höör,1+2,2006,50.4,14777.0
1267,Höör,1+2,2007,50.9,14924.0
1267,Höör,1+2,2008,51.3,15039.0
1267,Höör,1+2,2009,52.1,15261.0
1267,Höör,1+2,2010,52.8,15460.0
1267,Höör,1+2,2011,53.3,15492.0
1267,Höör,1+2,2012,53.3,15526.0
1267,Höör,1+2,2013,53.8,15637.0
1267,Höör,1+2,2014,54.3,15770.0
1267,Höör,1+2,2015,55.0,15970.0
1267,Höör,1+2,2016,55.7,16192.0
1267,Höör,1+2,2017,56.7,16478.0
1267,Höör,1+2,2018,57.3,16637.0
1267,Höör,1+2,2019,57.5,16713.0
1267,Höör,1+2,2020,57.9,16830.0
1267,Höör,1+2,2021,58.4,16954.0
1267,Höör,1+2,2022,59.5,17297.0
1267,Höör,1+2,2023,59.8,17376.0
1267,Höör,1+2,2024,60.1,17518.0
1267,Höör,1+2,2025,60.6,17680.0
1270,Tomelilla,1+2,2000,31.0,12372.0
1270,Tomelilla,1+2,2001,31.2,12432.0
1270,Tomelilla,1+2,2002,31.2,12447.0
1270,Tomelilla,1+2,2003,31.4,12515.0
1270,Tomelilla,1+2,2004,31.5,12561.0
1270,Tomelilla,1+2,2005,31.8,12682.0
1270,Tomelilla,1+2,2006,31.9,12719.0
1270,Tomelilla,1+2,2007,32.0,12772.0
1270,Tomelilla,1+2,2008,32.1,12816.0
1270,Tomelilla,1+2,2009,32.4,12936.0
1270,Tomelilla,1+2,2010,32.4,12914.0
1270,Tomelilla,1+2,2011,32.7,12930.0
1270,Tomelilla,1+2,2012,32.6,12917.0
1270,Tomelilla,1+2,2013,32.6,12891.0
1270,Tomelilla,1+2,2014,32.9,13007.0
1270,Tomelilla,1+2,2015,33.2,13132.0
1270,Tomelilla,1+2,2016,33.7,13330.0
1270,Tomelilla,1+2,2017,33.9,13416.0
1270,Tomelilla,1+2,2018,34.2,13557.0
1270,Tomelilla,1+2,2019,34.4,13617.0
1270,Tomelilla,1+2,2020,34.5,13663.0
1270,Tomelilla,1+2,2021,34.6,13712.0
1270,Tomelilla,1+2,2022,34.9,13812.0
1270,Tomelilla,1+2,2023,34.5,13660.0
1270,Tomelilla,1+2,2024,34.3,13639.0
1270,Tomelilla,1+2,2025,34.4,13669.0
1272,Bromölla,1+2,2000,74.0,12085.0
1272,Bromölla,1+2,2001,73.4,11992.0
1272,Bromölla,1+2,2002,73.6,12022.0
1272,Bromölla,1+2,2003,73.4,11994.0
1272,Bromölla,1+2,2004,73.9,12080.0
1272,Bromölla,1+2,2005,74.0,12098.0
1272,Bromölla,1+2,2006,74.3,12145.0
1272,Bromölla,1+2,2007,74.6,12181.0
1272,Bromölla,1+2,2008,74.7,12200.0
1272,Bromölla,1+2,2009,75.2,12285.0
1272,Bromölla,1+2,2010,75.1,12272.0
1272,Bromölla,1+2,2011,76.1,12366.0
1272,Bromölla,1+2,2012,75.3,12250.0
1272,Bromölla,1+2,2013,75.9,12336.0
1272,Bromölla,1+2,2014,76.3,12400.0
1272,Bromölla,1+2,2015,77.0,12513.0
1272,Bromölla,1+2,2016,77.7,12625.0
1272,Bromölla,1+2,2017,78.2,12699.0
1272,Bromölla,1+2,2018,79.2,12876.0
1272,Bromölla,1+2,2019,79.2,12870.0
1272,Bromölla,1+2,2020,78.5,12759.0
1272,Bromölla,1+2,2021,77.8,12650.0
1272,Bromölla,1+2,2022,77.7,12633.0
1272,Bromölla,1+2,2023,76.9,12498.0
1272,Bromölla,1+2,2024,76.4,12470.0
1272,Bromölla,1+2,2025,76.6,12497.0
1273,Osby,1+2,2000,22.0,12742.0
1273,Osby,1+2,2001,22.0,12735.0
1273,Osby,1+2,2002,21.8,12637.0
1273,Osby,1+2,2003,22.0,12707.0
1273,Osby,1+2,2004,21.8,12625.0
1273,Osby,1+2,2005,21.8,12600.0
1273,Osby,1+2,2006,21.8,12634.0
1273,Osby,1+2,2007,21.8,12623.0
1273,Osby,1+2,2008,21.9,12648.0
1273,Osby,1+2,2009,21.9,12656.0
1273,Osby,1+2,2010,22.0,12724.0
1273,Osby,1+2,2011,22.0,12699.0
1273,Osby,1+2,2012,21.9,12637.0
1273,Osby,1+2,2013,22.1,12713.0
1273,Osby,1+2,2014,22.3,12828.0
1273,Osby,1+2,2015,22.5,12954.0
1273,Osby,1+2,2016,22.8,13149.0
1273,Osby,1+2,2017,22.9,13182.0
1273,Osby,1+2,2018,23.1,13267.0
1273,Osby,1+2,2019,23.0,13208.0
1273,Osby,1+2,2020,22.9,13198.0
1273,Osby,1+2,2021,23.1,13269.0
1273,Osby,1+2,2022,23.0,13238.0
1273,Osby,1+2,2023,22.8,13106.0
1273,Osby,1+2,2024,22.4,12947.0
1273,Osby,1+2,2025,22.3,12861.0
1275,Perstorp,1+2,2000,42.2,6745.0
1275,Perstorp,1+2,2001,41.9,6697.0
1275,Perstorp,1+2,2002,42.5,6789.0
1275,Perstorp,1+2,2003,42.6,6805.0
1275,Perstorp,1+2,2004,43.1,6893.0
1275,Perstorp,1+2,2005,43.1,6886.0
1275,Perstorp,1+2,2006,43.2,6898.0
1275,Perstorp,1+2,2007,43.4,6930.0
1275,Perstorp,1+2,2008,43.6,6972.0
1275,Perstorp,1+2,2009,43.7,6983.0
1275,Perstorp,1+2,2010,44.2,7061.0
1275,Perstorp,1+2,2011,45.1,7159.0
1275,Perstorp,1+2,2012,44.6,7096.0
1275,Perstorp,1+2,2013,45.0,7139.0
1275,Perstorp,1+2,2014,45.2,7174.0
1275,Perstorp,1+2,2015,45.4,7211.0
1275,Perstorp,1+2,2016,46.2,7338.0
1275,Perstorp,1+2,2017,46.2,7335.0
1275,Perstorp,1+2,2018,47.1,7479.0
1275,Perstorp,1+2,2019,47.2,7492.0
1275,Perstorp,1+2,2020,47.1,7476.0
1275,Perstorp,1+2,2021,47.6,7565.0
1275,Perstorp,1+2,2022,46.8,7442.0
1275,Perstorp,1+2,2023,46.1,7323.0
1275,Perstorp,1+2,2024,45.4,7235.0
1275,Perstorp,1+2,2025,44.6,7115.0
1276,Klippan,1+2,2000,41.3,15541.0
1276,Klippan,1+2,2001,41.1,15488.0
1276,Klippan,1+2,2002,41.8,15745.0
1276,Klippan,1+2,2003,42.4,15963.0
1276,Klippan,1+2,2004,42.5,15998.0
1276,Klippan,1+2,2005,42.6,16048.0
1276,Klippan,1+2,2006,42.8,16106.0
1276,Klippan,1+2,2007,43.2,16254.0
1276,Klippan,1+2,2008,43.4,16336.0
1276,Klippan,1+2,2009,43.5,16382.0
1276,Klippan,1+2,2010,43.9,16515.0
1276,Klippan,1+2,2011,44.3,16601.0
1276,Klippan,1+2,2012,44.5,16660.0
1276,Klippan,1+2,2013,44.7,16715.0
1276,Klippan,1+2,2014,44.7,16733.0
1276,Klippan,1+2,2015,45.2,16917.0
1276,Klippan,1+2,2016,46.0,17219.0
1276,Klippan,1+2,2017,46.7,17462.0
1276,Klippan,1+2,2018,47.0,17600.0
1276,Klippan,1+2,2019,47.4,17756.0
1276,Klippan,1+2,2020,47.4,17738.0
1276,Klippan,1+2,2021,47.5,17783.0
1276,Klippan,1+2,2022,47.7,17865.0
1276,Klippan,1+2,2023,47.4,17723.0
1276,Klippan,1+2,2024,47.1,17714.0
1276,Klippan,1+2,2025,47.1,17713.0
1277,Åstorp,1+2,2000,139.0,12873.0
1277,Åstorp,1+2,2001,139.6,12930.0
1277,Åstorp,1+2,2002,141.5,13150.0
1277,Åstorp,1+2,2003,143.4,13326.0
1277,Åstorp,1+2,2004,144.0,13389.0
1277,Åstorp,1+2,2005,145.7,13541.0
1277,Åstorp,1+2,2006,149.4,13885.0
1277,Åstorp,1+2,2007,153.1,14233.0
1277,Åstorp,1+2,2008,156.3,14533.0
1277,Åstorp,1+2,2009,157.8,14667.0
1277,Åstorp,1+2,2010,158.5,14737.0
1277,Åstorp,1+2,2011,160.4,14789.0
1277,Åstorp,1+2,2012,160.5,14806.0
1277,Åstorp,1+2,2013,161.9,14927.0
1277,Åstorp,1+2,2014,163.1,15061.0
1277,Åstorp,1+2,2015,164.5,15193.0
1277,Åstorp,1+2,2016,168.1,15528.0
1277,Åstorp,1+2,2017,171.4,15828.0
1277,Åstorp,1+2,2018,173.1,15987.0
1277,Åstorp,1+2,2019,172.6,15940.0
1277,Åstorp,1+2,2020,174.0,16063.0
1277,Åstorp,1+2,2021,176.6,16308.0
1277,Åstorp,1+2,2022,176.9,16341.0
1277,Åstorp,1+2,2023,178.3,16458.0
1277,Åstorp,1+2,2024,177.4,16449.0
1277,Åstorp,1+2,2025,177.9,16491.0
1278,Båstad,1+2,2000,64.5,14090.0
1278,Båstad,1+2,2001,64.2,14011.0
1278,Båstad,1+2,2002,64.2,14009.0
1278,Båstad,1+2,2003,64.5,14088.0
1278,Båstad,1+2,2004,64.2,14022.0
1278,Båstad,1+2,2005,64.3,14044.0
1278,Båstad,1+2,2006,64.9,14170.0
1278,Båstad,1+2,2007,65.2,14242.0
1278,Båstad,1+2,2008,65.0,14203.0
1278,Båstad,1+2,2009,65.3,14269.0
1278,Båstad,1+2,2010,65.4,14278.0
1278,Båstad,1+2,2011,67.8,14230.0
1278,Båstad,1+2,2012,67.9,14263.0
1278,Båstad,1+2,2013,68.0,14275.0
1278,Båstad,1+2,2014,66.4,14419.0
1278,Båstad,1+2,2015,66.2,14373.0
1278,Båstad,1+2,2016,67.3,14614.0
1278,Båstad,1+2,2017,68.1,14796.0
1278,Båstad,1+2,2018,68.9,14948.0
1278,Båstad,1+2,2019,69.7,15128.0
1278,Båstad,1+2,2020,71.0,15413.0
1278,Båstad,1+2,2021,72.0,15636.0
1278,Båstad,1+2,2022,72.9,15824.0
1278,Båstad,1+2,2023,73.3,15912.0
1278,Båstad,1+2,2024,73.5,16026.0
1278,Båstad,1+2,2025,73.6,16046.0
1280,Malmö,1+2,2000,1668.7,259579.0
1280,Malmö,1+2,2001,1686.8,262397.0
1280,Malmö,1+2,2002,1706.6,265481.0
1280,Malmö,1+2,2003,1717.5,267171.0
1280,Malmö,1+2,2004,1730.1,269142.0
1280,Malmö,1+2,2005,1743.8,271271.0
1280,Malmö,1+2,2006,1775.8,276244.0
1280,Malmö,1+2,2007,1805.1,280801.0
1280,Malmö,1+2,2008,1842.0,286535.0
1280,Malmö,1+2,2009,1889.4,293909.0
1280,Malmö,1+2,2010,1921.9,298963.0
1280,Malmö,1+2,2011,1930.5,302835.0
1280,Malmö,1+2,2012,1961.8,307758.0
1280,Malmö,1+2,2013,1995.2,312994.0
1280,Malmö,1+2,2014,2031.3,318107.0
1280,Malmö,1+2,2015,2059.8,322574.0
1280,Malmö,1+2,2016,2097.6,328494.0
1280,Malmö,1+2,2017,2130.4,333633.0
1280,Malmö,1+2,2018,2161.9,339313.0
1280,Malmö,1+2,2019,2192.8,344166.0
1280,Malmö,1+2,2020,2216.9,347949.0
1280,Malmö,1+2,2021,2241.2,351749.0
1280,Malmö,1+2,2022,2277.0,357377.0
1280,Malmö,1+2,2023,2309.2,362133.0
1280,Malmö,1+2,2024,2322.1,365644.0
1280,Malmö,1+2,2025,2336.8,367924.0
1281,Lund,1+2,2000,230.0,98948.0
1281,Lund,1+2,2001,231.5,99622.0
1281,Lund,1+2,2002,233.3,100402.0
1281,Lund,1+2,2003,234.7,100995.0
1281,Lund,1+2,2004,235.7,101423.0
1281,Lund,1+2,2005,237.7,102257.0
1281,Lund,1+2,2006,240.0,103286.0
1281,Lund,1+2,2007,244.7,105286.0
1281,Lund,1+2,2008,249.5,107351.0
1281,Lund,1+2,2009,253.7,109147.0
1281,Lund,1+2,2010,256.8,110488.0
1281,Lund,1+2,2011,261.4,111666.0
1281,Lund,1+2,2012,264.3,112950.0
1281,Lund,1+2,2013,267.5,114291.0
1281,Lund,1+2,2014,271.5,115968.0
1281,Lund,1+2,2015,273.6,116834.0
1281,Lund,1+2,2016,277.6,118542.0
1281,Lund,1+2,2017,284.0,121274.0
1281,Lund,1+2,2018,288.0,122948.0
1281,Lund,1+2,2019,292.7,124935.0
1281,Lund,1+2,2020,295.1,125941.0
1281,Lund,1+2,2021,298.4,127376.0
1281,Lund,1+2,2022,300.8,128384.0
1281,Lund,1+2,2023,305.4,130288.0
1281,Lund,1+2,2024,307.2,131590.0
1281,Lund,1+2,2025,309.0,132333.0
1282,Landskrona,1+2,2000,267.3,37728.0
1282,Landskrona,1+2,2001,271.3,38297.0
1282,Landskrona,1+2,2002,272.6,38475.0
1282,Landskrona,1+2,2003,273.9,38658.0
1282,Landskrona,1+2,2004,276.6,39039.0
1282,Landskrona,1+2,2005,278.7,39346.0
1282,Landskrona,1+2,2006,283.5,40018.0
1282,Landskrona,1+2,2007,286.3,40419.0
1282,Landskrona,1+2,2008,289.5,40860.0
1282,Landskrona,1+2,2009,292.1,41226.0
1282,Landskrona,1+2,2010,295.6,41724.0
1282,Landskrona,1+2,2011,300.7,42189.0
1282,Landskrona,1+2,2012,303.3,42560.0
1282,Landskrona,1+2,2013,307.1,43073.0
1282,Landskrona,1+2,2014,310.7,43574.0
1282,Landskrona,1+2,2015,313.4,43961.0
1282,Landskrona,1+2,2016,318.1,44611.0
1282,Landskrona,1+2,2017,322.9,45286.0
1282,Landskrona,1+2,2018,326.5,45775.0
1282,Landskrona,1+2,2019,328.7,46090.0
1282,Landskrona,1+2,2020,330.2,46305.0
1282,Landskrona,1+2,2021,331.5,46488.0
1282,Landskrona,1+2,2022,335.2,47004.0
1282,Landskrona,1+2,2023,336.2,47134.0
1282,Landskrona,1+2,2024,336.0,47309.0
1282,Landskrona,1+2,2025,338.0,47571.0
1283,Helsingborg,1+2,2000,339.7,117737.0
1283,Helsingborg,1+2,2001,341.9,118512.0
1283,Helsingborg,1+2,2002,344.9,119406.0
1283,Helsingborg,1+2,2003,347.0,120154.0
1283,Helsingborg,1+2,2004,350.0,121179.0
1283,Helsingborg,1+2,2005,352.5,122062.0
1283,Helsingborg,1+2,2006,356.4,123389.0
1283,Helsingborg,1+2,2007,361.0,124986.0
1283,Helsingborg,1+2,2008,366.1,126754.0
1283,Helsingborg,1+2,2009,370.7,128359.0
1283,Helsingborg,1+2,2010,373.1,129177.0
1283,Helsingborg,1+2,2011,379.7,130626.0
1283,Helsingborg,1+2,2012,383.7,132011.0
1283,Helsingborg,1+2,2013,386.6,132989.0
1283,Helsingborg,1+2,2014,393.6,135344.0
1283,Helsingborg,1+2,2015,401.0,137909.0
1283,Helsingborg,1+2,2016,408.7,140547.0
1283,Helsingborg,1+2,2017,416.7,143304.0
1283,Helsingborg,1+2,2018,422.9,145415.0
1283,Helsingborg,1+2,2019,429.7,147734.0
1283,Helsingborg,1+2,2020,434.2,149280.0
1283,Helsingborg,1+2,2021,436.6,150109.0
1283,Helsingborg,1+2,2022,439.1,150975.0
1283,Helsingborg,1+2,2023,440.4,151306.0
1283,Helsingborg,1+2,2024,440.8,152091.0
1283,Helsingborg,1+2,2025,442.8,152776.0
1284,Höganäs,1+2,2000,156.9,22639.0
1284,Höganäs,1+2,2001,157.6,22733.0
1284,Höganäs,1+2,2002,157.9,22790.0
1284,Höganäs,1+2,2003,159.4,23003.0
1284,Höganäs,1+2,2004,160.3,23135.0
1284,Höganäs,1+2,2005,162.7,23482.0
1284,Höganäs,1+2,2006,165.3,23857.0
1284,Höganäs,1+2,2007,166.8,24065.0
1284,Höganäs,1+2,2008,168.1,24248.0
1284,Höganäs,1+2,2009,169.7,24480.0
1284,Höganäs,1+2,2010,170.7,24637.0
1284,Höganäs,1+2,2011,163.7,24698.0
1284,Höganäs,1+2,2012,164.8,24863.0
1284,Höganäs,1+2,2013,166.3,25084.0
1284,Höganäs,1+2,2014,176.3,25298.0
1284,Höganäs,1+2,2015,178.5,25610.0
1284,Höganäs,1+2,2016,180.1,25847.0
1284,Höganäs,1+2,2017,182.5,26193.0
1284,Höganäs,1+2,2018,185.2,26566.0
1284,Höganäs,1+2,2019,187.8,26942.0
1284,Höganäs,1+2,2020,189.4,27168.0
1284,Höganäs,1+2,2021,192.3,27589.0
1284,Höganäs,1+2,2022,195.9,28103.0
1284,Höganäs,1+2,2023,196.5,28193.0
1284,Höganäs,1+2,2024,197.3,28430.0
1284,Höganäs,1+2,2025,197.7,28489.0
1285,Eslöv,1+2,2000,67.6,28487.0
1285,Eslöv,1+2,2001,68.1,28703.0
1285,Eslöv,1+2,2002,68.7,28985.0
1285,Eslöv,1+2,2003,69.7,29400.0
1285,Eslöv,1+2,2004,70.5,29740.0
1285,Eslöv,1+2,2005,71.4,30087.0
1285,Eslöv,1+2,2006,72.2,30437.0
1285,Eslöv,1+2,2007,73.0,30775.0
1285,Eslöv,1+2,2008,73.8,31123.0
1285,Eslöv,1+2,2009,74.2,31269.0
1285,Eslöv,1+2,2010,74.9,31587.0
1285,Eslöv,1+2,2011,75.7,31728.0
1285,Eslöv,1+2,2012,75.7,31744.0
1285,Eslöv,1+2,2013,76.2,31920.0
1285,Eslöv,1+2,2014,76.8,32179.0
1285,Eslöv,1+2,2015,77.4,32438.0
1285,Eslöv,1+2,2016,78.5,32878.0
1285,Eslöv,1+2,2017,79.3,33236.0
1285,Eslöv,1+2,2018,80.1,33557.0
1285,Eslöv,1+2,2019,80.7,33793.0
1285,Eslöv,1+2,2020,81.4,34123.0
1285,Eslöv,1+2,2021,82.6,34593.0
1285,Eslöv,1+2,2022,82.8,34701.0
1285,Eslöv,1+2,2023,83.0,34775.0
1285,Eslöv,1+2,2024,83.0,34922.0
1285,Eslöv,1+2,2025,83.5,35126.0
1286,Ystad,1+2,2000,74.3,26182.0
1286,Ystad,1+2,2001,74.4,26235.0
1286,Ystad,1+2,2002,74.9,26383.0
1286,Ystad,1+2,2003,75.6,26655.0
1286,Ystad,1+2,2004,76.3,26898.0
1286,Ystad,1+2,2005,76.9,27120.0
1286,Ystad,1+2,2006,77.7,27398.0
1286,Ystad,1+2,2007,78.6,27719.0
1286,Ystad,1+2,2008,79.1,27870.0
1286,Ystad,1+2,2009,79.8,28109.0
1286,Ystad,1+2,2010,80.4,28338.0
1286,Ystad,1+2,2011,81.2,28427.0
1286,Ystad,1+2,2012,81.5,28558.0
1286,Ystad,1+2,2013,81.8,28623.0
1286,Ystad,1+2,2014,82.2,28771.0
1286,Ystad,1+2,2015,82.8,28985.0
1286,Ystad,1+2,2016,84.1,29448.0
1286,Ystad,1+2,2017,85.3,29848.0
1286,Ystad,1+2,2018,86.4,30226.0
1286,Ystad,1+2,2019,87.3,30541.0
1286,Ystad,1+2,2020,88.5,30970.0
1286,Ystad,1+2,2021,90.2,31560.0
1286,Ystad,1+2,2022,90.6,31714.0
1286,Ystad,1+2,2023,91.2,31911.0
1286,Ystad,1+2,2024,91.4,32106.0
1286,Ystad,1+2,2025,91.7,32188.0
1287,Trelleborg,1+2,2000,112.3,38429.0
1287,Trelleborg,1+2,2001,112.8,38576.0
1287,Trelleborg,1+2,2002,113.3,38759.0
1287,Trelleborg,1+2,2003,114.3,39110.0
1287,Trelleborg,1+2,2004,115.4,39477.0
1287,Trelleborg,1+2,2005,116.4,39830.0
1287,Trelleborg,1+2,2006,117.9,40320.0
1287,Trelleborg,1+2,2007,119.9,41019.0
1287,Trelleborg,1+2,2008,121.5,41558.0
1287,Trelleborg,1+2,2009,122.5,41891.0
1287,Trelleborg,1+2,2010,123.4,42219.0
1287,Trelleborg,1+2,2011,125.2,42542.0
1287,Trelleborg,1+2,2012,125.3,42605.0
1287,Trelleborg,1+2,2013,126.0,42837.0
1287,Trelleborg,1+2,2014,126.5,42973.0
1287,Trelleborg,1+2,2015,127.6,43359.0
1287,Trelleborg,1+2,2016,129.2,43913.0
1287,Trelleborg,1+2,2017,131.2,44595.0
1287,Trelleborg,1+2,2018,132.1,44902.0
1287,Trelleborg,1+2,2019,133.6,45440.0
1287,Trelleborg,1+2,2020,134.9,45877.0
1287,Trelleborg,1+2,2021,136.0,46231.0
1287,Trelleborg,1+2,2022,137.2,46649.0
1287,Trelleborg,1+2,2023,138.0,46936.0
1287,Trelleborg,1+2,2024,138.4,47269.0
1287,Trelleborg,1+2,2025,138.8,47405.0
1290,Kristianstad,1+2,2000,59.2,74161.0
1290,Kristianstad,1+2,2001,59.5,74518.0
1290,Kristianstad,1+2,2002,59.9,74951.0
1290,Kristianstad,1+2,2003,60.2,75294.0
1290,Kristianstad,1+2,2004,60.4,75592.0
1290,Kristianstad,1+2,2005,60.6,75915.0
1290,Kristianstad,1+2,2006,61.1,76540.0
1290,Kristianstad,1+2,2007,61.7,77245.0
1290,Kristianstad,1+2,2008,62.3,77977.0
1290,Kristianstad,1+2,2009,62.9,78788.0
1290,Kristianstad,1+2,2010,63.5,79543.0
1290,Kristianstad,1+2,2011,64.1,79930.0
1290,Kristianstad,1+2,2012,64.6,80507.0
1290,Kristianstad,1+2,2013,65.0,81009.0
1290,Kristianstad,1+2,2014,65.7,81826.0
1290,Kristianstad,1+2,2015,66.3,82510.0
1290,Kristianstad,1+2,2016,66.8,83191.0
1290,Kristianstad,1+2,2017,67.6,84151.0
1290,Kristianstad,1+2,2018,68.2,84908.0
1290,Kristianstad,1+2,2019,68.9,85747.0
1290,Kristianstad,1+2,2020,69.3,86217.0
1290,Kristianstad,1+2,2021,69.6,86641.0
1290,Kristianstad,1+2,2022,69.7,86738.0
1290,Kristianstad,1+2,2023,69.6,86560.0
1290,Kristianstad,1+2,2024,69.1,86379.0
1290,Kristianstad,1+2,2025,68.8,85908.0
1291,Simrishamn,1+2,2000,49.0,19303.0
1291,Simrishamn,1+2,2001,49.2,19381.0
1291,Simrishamn,1+2,2002,49.2,19406.0
1291,Simrishamn,1+2,2003,49.5,19499.0
1291,Simrishamn,1+2,2004,49.4,19470.0
1291,Simrishamn,1+2,2005,49.3,19425.0
1291,Simrishamn,1+2,2006,49.3,19418.0
1291,Simrishamn,1+2,2007,49.0,19306.0
1291,Simrishamn,1+2,2008,49.1,19356.0
1291,Simrishamn,1+2,2009,49.0,19328.0
1291,Simrishamn,1+2,2010,49.0,19297.0
1291,Simrishamn,1+2,2011,48.9,19147.0
1291,Simrishamn,1+2,2012,48.5,18997.0
1291,Simrishamn,1+2,2013,48.4,18951.0
1291,Simrishamn,1+2,2014,48.2,18905.0
1291,Simrishamn,1+2,2015,48.6,19065.0
1291,Simrishamn,1+2,2016,49.7,19485.0
1291,Simrishamn,1+2,2017,49.4,19376.0
1291,Simrishamn,1+2,2018,49.1,19278.0
1291,Simrishamn,1+2,2019,48.9,19174.0
1291,Simrishamn,1+2,2020,49.0,19227.0
1291,Simrishamn,1+2,2021,49.1,19267.0
1291,Simrishamn,1+2,2022,48.6,19074.0
1291,Simrishamn,1+2,2023,48.3,18962.0
1291,Simrishamn,1+2,2024,48.0,18890.0
1291,Simrishamn,1+2,2025,47.7,18779.0
1292,Ängelholm,1+2,2000,88.3,37312.0
1292,Ängelholm,1+2,2001,88.8,37505.0
1292,Ängelholm,1+2,2002,89.2,37706.0
1292,Ängelholm,1+2,2003,89.6,37859.0
1292,Ängelholm,1+2,2004,90.3,38140.0
1292,Ängelholm,1+2,2005,90.8,38347.0
1292,Ängelholm,1+2,2006,91.5,38682.0
1292,Ängelholm,1+2,2007,91.7,38749.0
1292,Ängelholm,1+2,2008,92.0,38854.0
1292,Ängelholm,1+2,2009,92.5,39083.0
1292,Ängelholm,1+2,2010,93.2,39394.0
1292,Ängelholm,1+2,2011,94.3,39626.0
1292,Ängelholm,1+2,2012,94.6,39742.0
1292,Ängelholm,1+2,2013,94.9,39866.0
1292,Ängelholm,1+2,2014,95.8,40229.0
1292,Ängelholm,1+2,2015,97.0,40732.0
1292,Ängelholm,1+2,2016,98.4,41336.0
1292,Ängelholm,1+2,2017,99.5,41786.0
1292,Ängelholm,1+2,2018,100.4,42131.0
1292,Ängelholm,1+2,2019,101.2,42476.0
1292,Ängelholm,1+2,2020,102.2,42910.0
1292,Ängelholm,1+2,2021,103.9,43633.0
1292,Ängelholm,1+2,2022,105.4,44268.0
1292,Ängelholm,1+2,2023,106.9,44866.0
1292,Ängelholm,1+2,2024,107.0,45110.0
1292,Ängelholm,1+2,2025,107.1,45159.0
1293,Hässleholm,1+2,2000,38.1,48580.0
1293,Hässleholm,1+2,2001,38.0,48519.0
1293,Hässleholm,1+2,2002,38.0,48536.0
1293,Hässleholm,1+2,2003,38.2,48787.0
1293,Hässleholm,1+2,2004,38.3,48945.0
1293,Hässleholm,1+2,2005,38.5,49148.0
1293,Hässleholm,1+2,2006,38.7,49381.0
1293,Hässleholm,1+2,2007,39.0,49780.0
1293,Hässleholm,1+2,2008,39.2,50006.0
1293,Hässleholm,1+2,2009,39.2,50036.0
1293,Hässleholm,1+2,2010,39.3,50107.0
1293,Hässleholm,1+2,2011,39.5,50164.0
1293,Hässleholm,1+2,2012,39.5,50163.0
1293,Hässleholm,1+2,2013,39.6,50227.0
1293,Hässleholm,1+2,2014,39.8,50565.0
1293,Hässleholm,1+2,2015,40.2,51048.0
1293,Hässleholm,1+2,2016,40.7,51667.0
1293,Hässleholm,1+2,2017,41.0,52003.0
1293,Hässleholm,1+2,2018,41.1,52121.0
1293,Hässleholm,1+2,2019,41.1,52145.0
1293,Hässleholm,1+2,2020,41.0,52010.0
1293,Hässleholm,1+2,2021,41.2,52309.0
1293,Hässleholm,1+2,2022,41.3,52369.0
1293,Hässleholm,1+2,2023,41.2,52241.0
1293,Hässleholm,1+2,2024,40.9,52114.0
1293,Hässleholm,1+2,2025,40.7,51915.0
1315,Hylte,1+2,2000,11.0,10479.0
1315,Hylte,1+2,2001,11.0,10493.0
1315,Hylte,1+2,2002,10.9,10401.0
1315,Hylte,1+2,2003,10.9,10377.0
1315,Hylte,1+2,2004,11.0,10432.0
1315,Hylte,1+2,2005,10.9,10368.0
1315,Hylte,1+2,2006,10.9,10371.0
1315,Hylte,1+2,2007,10.8,10257.0
1315,Hylte,1+2,2008,10.8,10273.0
1315,Hylte,1+2,2009,10.8,10277.0
1315,Hylte,1+2,2010,10.7,10177.0
1315,Hylte,1+2,2011,10.7,10126.0
1315,Hylte,1+2,2012,10.6,10032.0
1315,Hylte,1+2,2013,10.6,10001.0
1315,Hylte,1+2,2014,10.9,10278.0
1315,Hylte,1+2,2015,11.1,10514.0
1315,Hylte,1+2,2016,11.6,10954.0
1315,Hylte,1+2,2017,11.6,10990.0
1315,Hylte,1+2,2018,11.5,10914.0
1315,Hylte,1+2,2019,11.4,10815.0
1315,Hylte,1+2,2020,11.3,10649.0
1315,Hylte,1+2,2021,11.2,10619.0
1315,Hylte,1+2,2022,11.1,10464.0
1315,Hylte,1+2,2023,10.9,10299.0
1315,Hylte,1+2,2024,10.7,10196.0
1315,Hylte,1+2,2025,10.6,10094.0
1380,Halmstad,1+2,2000,83.6,85200.0
1380,Halmstad,1+2,2001,84.1,85742.0
1380,Halmstad,1+2,2002,85.0,86585.0
1380,Halmstad,1+2,2003,85.7,87372.0
1380,Halmstad,1+2,2004,86.3,87929.0
1380,Halmstad,1+2,2005,86.5,88224.0
1380,Halmstad,1+2,2006,87.2,88958.0
1380,Halmstad,1+2,2007,88.0,89727.0
1380,Halmstad,1+2,2008,88.5,90241.0
1380,Halmstad,1+2,2009,89.3,91087.0
1380,Halmstad,1+2,2010,90.0,91800.0
1380,Halmstad,1+2,2011,91.0,92294.0
1380,Halmstad,1+2,2012,91.9,93231.0
1380,Halmstad,1+2,2013,92.8,94084.0
1380,Halmstad,1+2,2014,94.2,95532.0
1380,Halmstad,1+2,2015,95.6,96952.0
1380,Halmstad,1+2,2016,97.2,98538.0
1380,Halmstad,1+2,2017,98.4,99752.0
1380,Halmstad,1+2,2018,99.9,101268.0
1380,Halmstad,1+2,2019,101.4,102767.0
1380,Halmstad,1+2,2020,102.3,103754.0
1380,Halmstad,1+2,2021,103.1,104573.0
1380,Halmstad,1+2,2022,103.7,105148.0
1380,Halmstad,1+2,2023,104.4,105796.0
1380,Halmstad,1+2,2024,104.2,106084.0
1380,Halmstad,1+2,2025,104.4,106315.0
1381,Laholm,1+2,2000,25.6,22747.0
1381,Laholm,1+2,2001,25.6,22749.0
1381,Laholm,1+2,2002,25.6,22750.0
1381,Laholm,1+2,2003,25.8,22883.0
1381,Laholm,1+2,2004,25.8,22955.0
1381,Laholm,1+2,2005,25.9,23037.0
1381,Laholm,1+2,2006,26.1,23153.0
1381,Laholm,1+2,2007,26.1,23189.0
1381,Laholm,1+2,2008,26.2,23258.0
1381,Laholm,1+2,2009,26.3,23345.0
1381,Laholm,1+2,2010,26.3,23390.0
1381,Laholm,1+2,2011,26.6,23470.0
1381,Laholm,1+2,2012,26.5,23458.0
1381,Laholm,1+2,2013,26.6,23517.0
1381,Laholm,1+2,2014,26.9,23781.0
1381,Laholm,1+2,2015,27.4,24195.0
1381,Laholm,1+2,2016,27.9,24664.0
1381,Laholm,1+2,2017,28.5,25147.0
1381,Laholm,1+2,2018,28.9,25491.0
1381,Laholm,1+2,2019,29.3,25903.0
1381,Laholm,1+2,2020,29.4,25967.0
1381,Laholm,1+2,2021,29.8,26319.0
1381,Laholm,1+2,2022,30.1,26575.0
1381,Laholm,1+2,2023,30.1,26565.0
1381,Laholm,1+2,2024,30.0,26595.0
1381,Laholm,1+2,2025,30.0,26565.0
1382,Falkenberg,1+2,2000,34.8,38817.0
1382,Falkenberg,1+2,2001,34.7,38720.0
1382,Falkenberg,1+2,2002,34.8,38896.0
1382,Falkenberg,1+2,2003,35.1,39145.0
1382,Falkenberg,1+2,2004,35.3,39438.0
1382,Falkenberg,1+2,2005,35.5,39605.0
1382,Falkenberg,1+2,2006,35.7,39874.0
1382,Falkenberg,1+2,2007,36.0,40164.0
1382,Falkenberg,1+2,2008,36.3,40451.0
1382,Falkenberg,1+2,2009,36.5,40739.0
1382,Falkenberg,1+2,2010,36.8,41008.0
1382,Falkenberg,1+2,2011,37.2,41304.0
1382,Falkenberg,1+2,2012,37.3,41423.0
1382,Falkenberg,1+2,2013,37.8,41912.0
1382,Falkenberg,1+2,2014,38.3,42433.0
1382,Falkenberg,1+2,2015,38.7,42949.0
1382,Falkenberg,1+2,2016,39.6,43867.0
1382,Falkenberg,1+2,2017,39.9,44195.0
1382,Falkenberg,1+2,2018,40.3,44701.0
1382,Falkenberg,1+2,2019,40.9,45367.0
1382,Falkenberg,1+2,2020,41.5,46051.0
1382,Falkenberg,1+2,2021,42.2,46773.0
1382,Falkenberg,1+2,2022,42.4,47017.0
1382,Falkenberg,1+2,2023,42.5,47108.0
1382,Falkenberg,1+2,2024,42.5,47337.0
1382,Falkenberg,1+2,2025,42.5,47321.0
1383,Varberg,1+2,2000,60.2,52648.0
1383,Varberg,1+2,2001,60.7,53072.0
1383,Varberg,1+2,2002,61.0,53346.0
1383,Varberg,1+2,2003,61.6,53892.0
1383,Varberg,1+2,2004,62.2,54338.0
1383,Varberg,1+2,2005,62.7,54817.0
1383,Varberg,1+2,2006,63.4,55459.0
1383,Varberg,1+2,2007,64.2,56114.0
1383,Varberg,1+2,2008,64.8,56673.0
1383,Varberg,1+2,2009,65.7,57439.0
1383,Varberg,1+2,2010,66.4,58084.0
1383,Varberg,1+2,2011,67.4,58576.0
1383,Varberg,1+2,2012,68.1,59186.0
1383,Varberg,1+2,2013,69.0,59936.0
1383,Varberg,1+2,2014,69.6,60422.0
1383,Varberg,1+2,2015,70.3,61030.0
1383,Varberg,1+2,2016,71.2,61868.0
1383,Varberg,1+2,2017,72.2,62755.0
1383,Varberg,1+2,2018,73.3,63630.0
1383,Varberg,1+2,2019,74.4,64601.0
1383,Varberg,1+2,2020,75.3,65397.0
1383,Varberg,1+2,2021,76.7,66658.0
1383,Varberg,1+2,2022,78.1,67800.0
1383,Varberg,1+2,2023,78.6,68325.0
1383,Varberg,1+2,2024,79.1,69070.0
1383,Varberg,1+2,2025,79.6,69460.0
1384,Kungsbacka,1+2,2000,106.5,65113.0
1384,Kungsbacka,1+2,2001,107.7,65877.0
1384,Kungsbacka,1+2,2002,108.9,66573.0
1384,Kungsbacka,1+2,2003,110.6,67653.0
1384,Kungsbacka,1+2,2004,112.4,68696.0
1384,Kungsbacka,1+2,2005,114.2,69817.0
1384,Kungsbacka,1+2,2006,116.2,71044.0
1384,Kungsbacka,1+2,2007,117.7,71942.0
1384,Kungsbacka,1+2,2008,118.9,72676.0
1384,Kungsbacka,1+2,2009,120.9,73938.0
1384,Kungsbacka,1+2,2010,122.7,75025.0
1384,Kungsbacka,1+2,2011,125.2,75954.0
1384,Kungsbacka,1+2,2012,126.5,76786.0
1384,Kungsbacka,1+2,2013,127.6,77390.0
1384,Kungsbacka,1+2,2014,128.9,78219.0
1384,Kungsbacka,1+2,2015,130.5,79144.0
1384,Kungsbacka,1+2,2016,132.6,80442.0
1384,Kungsbacka,1+2,2017,135.2,81986.0
1384,Kungsbacka,1+2,2018,137.4,83348.0
1384,Kungsbacka,1+2,2019,139.1,84395.0
1384,Kungsbacka,1+2,2020,140.0,84930.0
1384,Kungsbacka,1+2,2021,140.6,85301.0
1384,Kungsbacka,1+2,2022,141.5,85801.0
1384,Kungsbacka,1+2,2023,141.3,85653.0
1384,Kungsbacka,1+2,2024,140.8,85792.0
1384,Kungsbacka,1+2,2025,141.7,86332.0
1401,Härryda,1+2,2000,112.8,30276.0
1401,Härryda,1+2,2001,113.8,30547.0
1401,Härryda,1+2,2002,114.9,30844.0
1401,Härryda,1+2,2003,116.3,31208.0
1401,Härryda,1+2,2004,118.0,31676.0
1401,Härryda,1+2,2005,119.4,32049.0
1401,Härryda,1+2,2006,120.7,32395.0
1401,Härryda,1+2,2007,122.8,32969.0
1401,Härryda,1+2,2008,125.1,33580.0
1401,Härryda,1+2,2009,126.7,34007.0
1401,Härryda,1+2,2010,128.4,34463.0
1401,Härryda,1+2,2011,130.6,34854.0
1401,Härryda,1+2,2012,132.0,35223.0
1401,Härryda,1+2,2013,133.9,35732.0
1401,Härryda,1+2,2014,136.1,36291.0
1401,Härryda,1+2,2015,137.4,36651.0
1401,Härryda,1+2,2016,139.1,37108.0
1401,Härryda,1+2,2017,140.3,37412.0
1401,Härryda,1+2,2018,141.8,37802.0
1401,Härryda,1+2,2019,142.4,37977.0
1401,Härryda,1+2,2020,143.4,38246.0
1401,Härryda,1+2,2021,146.3,39006.0
1401,Härryda,1+2,2022,149.1,39762.0
1401,Härryda,1+2,2023,149.5,39875.0
1401,Härryda,1+2,2024,149.3,40003.0
1401,Härryda,1+2,2025,149.3,40011.0
1402,Partille,1+2,2000,579.2,33124.0
1402,Partille,1+2,2001,579.5,33142.0
1402,Partille,1+2,2002,578.6,33088.0
1402,Partille,1+2,2003,580.4,33192.0
1402,Partille,1+2,2004,581.9,33281.0
1402,Partille,1+2,2005,586.5,33543.0
1402,Partille,1+2,2006,587.8,33614.0
1402,Partille,1+2,2007,589.2,33699.0
1402,Partille,1+2,2008,591.0,33802.0
1402,Partille,1+2,2009,601.2,34382.0
1402,Partille,1+2,2010,613.5,35084.0
1402,Partille,1+2,2011,625.0,35518.0
1402,Partille,1+2,2012,630.6,35837.0
1402,Partille,1+2,2013,636.1,36147.0
1402,Partille,1+2,2014,643.1,36528.0
1402,Partille,1+2,2015,651.0,36977.0
1402,Partille,1+2,2016,657.0,37316.0
1402,Partille,1+2,2017,666.9,37880.0
1402,Partille,1+2,2018,676.6,38443.0
1402,Partille,1+2,2019,691.5,39289.0
1402,Partille,1+2,2020,695.4,39512.0
1402,Partille,1+2,2021,695.7,39529.0
1402,Partille,1+2,2022,701.4,39852.0
1402,Partille,1+2,2023,716.8,40730.0
1402,Partille,1+2,2024,719.0,41060.0
1402,Partille,1+2,2025,720.8,41164.0
1407,Öckerö,1+2,2000,456.5,11827.0
1407,Öckerö,1+2,2001,458.4,11877.0
1407,Öckerö,1+2,2002,462.4,11981.0
1407,Öckerö,1+2,2003,466.3,12081.0
1407,Öckerö,1+2,2004,468.8,12147.0
1407,Öckerö,1+2,2005,472.1,12231.0
1407,Öckerö,1+2,2006,472.0,12229.0
1407,Öckerö,1+2,2007,473.0,12256.0
1407,Öckerö,1+2,2008,472.8,12250.0
1407,Öckerö,1+2,2009,474.4,12292.0
1407,Öckerö,1+2,2010,480.5,12449.0
1407,Öckerö,1+2,2011,485.1,12487.0
1407,Öckerö,1+2,2012,487.1,12539.0
1407,Öckerö,1+2,2013,488.5,12574.0
1407,Öckerö,1+2,2014,491.1,12645.0
1407,Öckerö,1+2,2015,492.6,12682.0
1407,Öckerö,1+2,2016,496.1,12773.0
1407,Öckerö,1+2,2017,501.9,12923.0
1407,Öckerö,1+2,2018,502.7,12945.0
1407,Öckerö,1+2,2019,501.6,12916.0
1407,Öckerö,1+2,2020,502.3,12934.0
1407,Öckerö,1+2,2021,501.0,12902.0
1407,Öckerö,1+2,2022,497.1,12800.0
1407,Öckerö,1+2,2023,497.8,12819.0
1407,Öckerö,1+2,2024,493.3,12771.0
1407,Öckerö,1+2,2025,496.8,12863.0
1415,Stenungsund,1+2,2000,81.6,20679.0
1415,Stenungsund,1+2,2001,83.5,21175.0
1415,Stenungsund,1+2,2002,85.8,21755.0
1415,Stenungsund,1+2,2003,87.9,22291.0
1415,Stenungsund,1+2,2004,89.7,22742.0
1415,Stenungsund,1+2,2005,90.5,22947.0
1415,Stenungsund,1+2,2006,91.5,23190.0
1415,Stenungsund,1+2,2007,92.2,23389.0
1415,Stenungsund,1+2,2008,93.3,23657.0
1415,Stenungsund,1+2,2009,94.6,23983.0
1415,Stenungsund,1+2,2010,95.8,24292.0
1415,Stenungsund,1+2,2011,97.7,24601.0
1415,Stenungsund,1+2,2012,98.7,24868.0
1415,Stenungsund,1+2,2013,99.0,24932.0
1415,Stenungsund,1+2,2014,100.3,25275.0
1415,Stenungsund,1+2,2015,101.3,25508.0
1415,Stenungsund,1+2,2016,102.5,25815.0
1415,Stenungsund,1+2,2017,104.1,26224.0
1415,Stenungsund,1+2,2018,105.2,26503.0
1415,Stenungsund,1+2,2019,106.3,26777.0
1415,Stenungsund,1+2,2020,107.4,27044.0
1415,Stenungsund,1+2,2021,109.4,27556.0
1415,Stenungsund,1+2,2022,110.7,27870.0
1415,Stenungsund,1+2,2023,110.6,27862.0
1415,Stenungsund,1+2,2024,110.0,27851.0
1415,Stenungsund,1+2,2025,110.0,27854.0
1419,Tjörn,1+2,2000,87.6,14733.0
1419,Tjörn,1+2,2001,88.0,14797.0
1419,Tjörn,1+2,2002,88.1,14826.0
1419,Tjörn,1+2,2003,88.5,14891.0
1419,Tjörn,1+2,2004,89.3,15019.0
1419,Tjörn,1+2,2005,89.3,15022.0
1419,Tjörn,1+2,2006,88.9,14954.0
1419,Tjörn,1+2,2007,88.8,14944.0
1419,Tjörn,1+2,2008,88.9,14963.0
1419,Tjörn,1+2,2009,88.9,14961.0
1419,Tjörn,1+2,2010,88.9,14955.0
1419,Tjörn,1+2,2011,89.4,14959.0
1419,Tjörn,1+2,2012,89.4,14974.0
1419,Tjörn,1+2,2013,89.9,15050.0
1419,Tjörn,1+2,2014,90.4,15135.0
1419,Tjörn,1+2,2015,91.5,15315.0
1419,Tjörn,1+2,2016,93.1,15584.0
1419,Tjörn,1+2,2017,94.3,15790.0
1419,Tjörn,1+2,2018,95.1,15922.0
1419,Tjörn,1+2,2019,95.7,16016.0
1419,Tjörn,1+2,2020,96.5,16147.0
1419,Tjörn,1+2,2021,97.5,16312.0
1419,Tjörn,1+2,2022,97.3,16275.0
1419,Tjörn,1+2,2023,96.5,16146.0
1419,Tjörn,1+2,2024,95.7,16092.0
1419,Tjörn,1+2,2025,95.1,16003.0
1421,Orust,1+2,2000,38.6,15023.0
1421,Orust,1+2,2001,38.8,15087.0
1421,Orust,1+2,2002,38.8,15113.0
1421,Orust,1+2,2003,39.0,15160.0
1421,Orust,1+2,2004,39.0,15160.0
1421,Orust,1+2,2005,39.0,15188.0
1421,Orust,1+2,2006,39.0,15185.0
1421,Orust,1+2,2007,39.5,15373.0
1421,Orust,1+2,2008,39.4,15327.0
1421,Orust,1+2,2009,39.4,15308.0
1421,Orust,1+2,2010,39.1,15221.0
1421,Orust,1+2,2011,39.1,15129.0
1421,Orust,1+2,2012,39.0,15083.0
1421,Orust,1+2,2013,38.9,15036.0
1421,Orust,1+2,2014,39.0,15054.0
1421,Orust,1+2,2015,38.8,15010.0
1421,Orust,1+2,2016,39.1,15093.0
1421,Orust,1+2,2017,39.1,15108.0
1421,Orust,1+2,2018,39.1,15110.0
1421,Orust,1+2,2019,39.4,15218.0
1421,Orust,1+2,2020,39.6,15315.0
1421,Orust,1+2,2021,39.7,15345.0
1421,Orust,1+2,2022,39.9,15415.0
1421,Orust,1+2,2023,39.7,15333.0
1421,Orust,1+2,2024,39.5,15352.0
1421,Orust,1+2,2025,39.5,15363.0
1427,Sotenäs,1+2,2000,69.1,9621.0
1427,Sotenäs,1+2,2001,68.9,9584.0
1427,Sotenäs,1+2,2002,68.0,9467.0
1427,Sotenäs,1+2,2003,67.2,9359.0
1427,Sotenäs,1+2,2004,67.1,9336.0
1427,Sotenäs,1+2,2005,66.9,9311.0
1427,Sotenäs,1+2,2006,66.7,9283.0
1427,Sotenäs,1+2,2007,66.7,9280.0
1427,Sotenäs,1+2,2008,65.9,9170.0
1427,Sotenäs,1+2,2009,65.5,9112.0
1427,Sotenäs,1+2,2010,65.0,9052.0
1427,Sotenäs,1+2,2011,65.2,9007.0
1427,Sotenäs,1+2,2012,65.1,9004.0
1427,Sotenäs,1+2,2013,64.6,8928.0
1427,Sotenäs,1+2,2014,64.6,8931.0
1427,Sotenäs,1+2,2015,65.2,9006.0
1427,Sotenäs,1+2,2016,65.6,9065.0
1427,Sotenäs,1+2,2017,65.7,9073.0
1427,Sotenäs,1+2,2018,65.3,9030.0
1427,Sotenäs,1+2,2019,65.6,9061.0
1427,Sotenäs,1+2,2020,65.8,9100.0
1427,Sotenäs,1+2,2021,66.0,9125.0
1427,Sotenäs,1+2,2022,66.3,9160.0
1427,Sotenäs,1+2,2023,65.5,9052.0
1427,Sotenäs,1+2,2024,65.5,9104.0
1427,Sotenäs,1+2,2025,65.0,9036.0
1430,Munkedal,1+2,2000,16.5,10532.0
1430,Munkedal,1+2,2001,16.5,10504.0
1430,Munkedal,1+2,2002,16.3,10434.0
1430,Munkedal,1+2,2003,16.3,10405.0
1430,Munkedal,1+2,2004,16.2,10318.0
1430,Munkedal,1+2,2005,16.1,10284.0
1430,Munkedal,1+2,2006,16.0,10246.0
1430,Munkedal,1+2,2007,16.1,10256.0
1430,Munkedal,1+2,2008,16.0,10245.0
1430,Munkedal,1+2,2009,16.0,10246.0
1430,Munkedal,1+2,2010,15.9,10181.0
1430,Munkedal,1+2,2011,16.1,10223.0
1430,Munkedal,1+2,2012,16.0,10173.0
1430,Munkedal,1+2,2013,16.1,10205.0
1430,Munkedal,1+2,2014,16.2,10243.0
1430,Munkedal,1+2,2015,16.1,10205.0
1430,Munkedal,1+2,2016,16.3,10361.0
1430,Munkedal,1+2,2017,16.4,10423.0
1430,Munkedal,1+2,2018,16.6,10503.0
1430,Munkedal,1+2,2019,16.6,10513.0
1430,Munkedal,1+2,2020,16.7,10582.0
1430,Munkedal,1+2,2021,16.7,10588.0
1430,Munkedal,1+2,2022,16.7,10578.0
1430,Munkedal,1+2,2023,16.6,10502.0
1430,Munkedal,1+2,2024,16.2,10354.0
1430,Munkedal,1+2,2025,16.1,10272.0
1435,Tanum,1+2,2000,13.1,12105.0
1435,Tanum,1+2,2001,13.1,12116.0
1435,Tanum,1+2,2002,13.2,12210.0
1435,Tanum,1+2,2003,13.3,12288.0
1435,Tanum,1+2,2004,13.3,12317.0
1435,Tanum,1+2,2005,13.3,12252.0
1435,Tanum,1+2,2006,13.3,12253.0
1435,Tanum,1+2,2007,13.3,12246.0
1435,Tanum,1+2,2008,13.3,12271.0
1435,Tanum,1+2,2009,13.3,12253.0
1435,Tanum,1+2,2010,13.4,12370.0
1435,Tanum,1+2,2011,13.4,12320.0
1435,Tanum,1+2,2012,13.3,12270.0
1435,Tanum,1+2,2013,13.4,12303.0
1435,Tanum,1+2,2014,13.5,12346.0
1435,Tanum,1+2,2015,13.6,12455.0
1435,Tanum,1+2,2016,13.7,12606.0
1435,Tanum,1+2,2017,13.9,12763.0
1435,Tanum,1+2,2018,14.0,12873.0
1435,Tanum,1+2,2019,14.0,12841.0
1435,Tanum,1+2,2020,14.1,12912.0
1435,Tanum,1+2,2021,14.1,12965.0
1435,Tanum,1+2,2022,14.2,13013.0
1435,Tanum,1+2,2023,14.0,12865.0
1435,Tanum,1+2,2024,13.9,12773.0
1435,Tanum,1+2,2025,13.7,12677.0
1438,Dals-Ed,1+2,2000,6.9,5047.0
1438,Dals-Ed,1+2,2001,6.9,5040.0
1438,Dals-Ed,1+2,2002,6.9,5044.0
1438,Dals-Ed,1+2,2003,6.9,5014.0
1438,Dals-Ed,1+2,2004,6.8,4941.0
1438,Dals-Ed,1+2,2005,6.7,4891.0
1438,Dals-Ed,1+2,2006,6.7,4900.0
1438,Dals-Ed,1+2,2007,6.6,4835.0
1438,Dals-Ed,1+2,2008,6.6,4788.0
1438,Dals-Ed,1+2,2009,6.5,4729.0
1438,Dals-Ed,1+2,2010,6.4,4692.0
1438,Dals-Ed,1+2,2011,6.5,4679.0
1438,Dals-Ed,1+2,2012,6.4,4665.0
1438,Dals-Ed,1+2,2013,6.5,4740.0
1438,Dals-Ed,1+2,2014,6.6,4764.0
1438,Dals-Ed,1+2,2015,6.6,4799.0
1438,Dals-Ed,1+2,2016,6.6,4777.0
1438,Dals-Ed,1+2,2017,6.6,4763.0
1438,Dals-Ed,1+2,2018,6.6,4806.0
1438,Dals-Ed,1+2,2019,6.6,4813.0
1438,Dals-Ed,1+2,2020,6.6,4761.0
1438,Dals-Ed,1+2,2021,6.6,4756.0
1438,Dals-Ed,1+2,2022,6.4,4650.0
1438,Dals-Ed,1+2,2023,6.4,4606.0
1438,Dals-Ed,1+2,2024,6.3,4606.0
1438,Dals-Ed,1+2,2025,6.3,4571.0
1439,Färgelanda,1+2,2000,11.8,7020.0
1439,Färgelanda,1+2,2001,11.7,6956.0
1439,Färgelanda,1+2,2002,11.7,6939.0
1439,Färgelanda,1+2,2003,11.5,6841.0
1439,Färgelanda,1+2,2004,11.6,6886.0
1439,Färgelanda,1+2,2005,11.5,6824.0
1439,Färgelanda,1+2,2006,11.4,6779.0
1439,Färgelanda,1+2,2007,11.4,6770.0
1439,Färgelanda,1+2,2008,11.4,6744.0
1439,Färgelanda,1+2,2009,11.3,6691.0
1439,Färgelanda,1+2,2010,11.2,6654.0
1439,Färgelanda,1+2,2011,11.2,6606.0
1439,Färgelanda,1+2,2012,11.1,6549.0
1439,Färgelanda,1+2,2013,11.1,6520.0
1439,Färgelanda,1+2,2014,11.0,6502.0
1439,Färgelanda,1+2,2015,11.0,6495.0
1439,Färgelanda,1+2,2016,11.3,6627.0
1439,Färgelanda,1+2,2017,11.2,6592.0
1439,Färgelanda,1+2,2018,11.2,6602.0
1439,Färgelanda,1+2,2019,11.3,6637.0
1439,Färgelanda,1+2,2020,11.3,6658.0
1439,Färgelanda,1+2,2021,11.2,6576.0
1439,Färgelanda,1+2,2022,11.1,6512.0
1439,Färgelanda,1+2,2023,10.9,6434.0
1439,Färgelanda,1+2,2024,10.8,6376.0
1439,Färgelanda,1+2,2025,10.6,6288.0
1440,Ale,1+2,2000,79.9,25421.0
1440,Ale,1+2,2001,80.4,25593.0
1440,Ale,1+2,2002,81.2,25835.0
1440,Ale,1+2,2003,81.7,25993.0
1440,Ale,1+2,2004,82.6,26288.0
1440,Ale,1+2,2005,83.0,26405.0
1440,Ale,1+2,2006,84.2,26800.0
1440,Ale,1+2,2007,85.1,27092.0
1440,Ale,1+2,2008,85.8,27323.0
1440,Ale,1+2,2009,86.1,27394.0
1440,Ale,1+2,2010,86.2,27442.0
1440,Ale,1+2,2011,87.1,27577.0
1440,Ale,1+2,2012,87.9,27842.0
1440,Ale,1+2,2013,88.5,28074.0
1440,Ale,1+2,2014,89.7,28423.0
1440,Ale,1+2,2015,91.0,28862.0
1440,Ale,1+2,2016,93.2,29549.0
1440,Ale,1+2,2017,95.3,30223.0
1440,Ale,1+2,2018,97.6,30926.0
1440,Ale,1+2,2019,99.1,31402.0
1440,Ale,1+2,2020,100.5,31868.0
1440,Ale,1+2,2021,101.4,32148.0
1440,Ale,1+2,2022,102.2,32394.0
1440,Ale,1+2,2023,102.4,32446.0
1440,Ale,1+2,2024,102.3,32576.0
1440,Ale,1+2,2025,102.4,32620.0
1441,Lerum,1+2,2000,135.3,35214.0
1441,Lerum,1+2,2001,135.7,35322.0
1441,Lerum,1+2,2002,136.6,35558.0
1441,Lerum,1+2,2003,137.9,35890.0
1441,Lerum,1+2,2004,139.2,36224.0
1441,Lerum,1+2,2005,140.3,36506.0
1441,Lerum,1+2,2006,142.5,37092.0
1441,Lerum,1+2,2007,144.9,37711.0
1441,Lerum,1+2,2008,146.3,38085.0
1441,Lerum,1+2,2009,147.1,38301.0
1441,Lerum,1+2,2010,148.2,38580.0
1441,Lerum,1+2,2011,150.0,38788.0
1441,Lerum,1+2,2012,151.0,39070.0
1441,Lerum,1+2,2013,152.0,39319.0
1441,Lerum,1+2,2014,153.8,39771.0
1441,Lerum,1+2,2015,155.4,40181.0
1441,Lerum,1+2,2016,157.4,40692.0
1441,Lerum,1+2,2017,160.6,41510.0
1441,Lerum,1+2,2018,163.0,42137.0
1441,Lerum,1+2,2019,164.6,42568.0
1441,Lerum,1+2,2020,166.4,43020.0
1441,Lerum,1+2,2021,167.9,43399.0
1441,Lerum,1+2,2022,168.4,43536.0
1441,Lerum,1+2,2023,169.1,43706.0
1441,Lerum,1+2,2024,167.7,43570.0
1441,Lerum,1+2,2025,168.4,43752.0
1442,Vårgårda,1+2,2000,25.0,10714.0
1442,Vårgårda,1+2,2001,24.9,10677.0
1442,Vårgårda,1+2,2002,24.9,10668.0
1442,Vårgårda,1+2,2003,24.9,10692.0
1442,Vårgårda,1+2,2004,24.9,10680.0
1442,Vårgårda,1+2,2005,25.1,10756.0
1442,Vårgårda,1+2,2006,25.4,10896.0
1442,Vårgårda,1+2,2007,25.6,10988.0
1442,Vårgårda,1+2,2008,25.6,10976.0
1442,Vårgårda,1+2,2009,25.6,10967.0
1442,Vårgårda,1+2,2010,25.5,10943.0
1442,Vårgårda,1+2,2011,25.8,10994.0
1442,Vårgårda,1+2,2012,25.8,11030.0
1442,Vårgårda,1+2,2013,25.9,11065.0
1442,Vårgårda,1+2,2014,26.0,11089.0
1442,Vårgårda,1+2,2015,26.2,11165.0
1442,Vårgårda,1+2,2016,26.5,11295.0
1442,Vårgårda,1+2,2017,26.9,11490.0
1442,Vårgårda,1+2,2018,27.3,11658.0
1442,Vårgårda,1+2,2019,27.7,11810.0
1442,Vårgårda,1+2,2020,28.0,11946.0
1442,Vårgårda,1+2,2021,28.6,12180.0
1442,Vårgårda,1+2,2022,28.8,12268.0
1442,Vårgårda,1+2,2023,29.0,12384.0
1442,Vårgårda,1+2,2024,29.1,12474.0
1442,Vårgårda,1+2,2025,29.1,12472.0
1443,Bollebygd,1+2,2000,29.8,7884.0
1443,Bollebygd,1+2,2001,29.8,7890.0
1443,Bollebygd,1+2,2002,29.6,7831.0
1443,Bollebygd,1+2,2003,29.8,7891.0
1443,Bollebygd,1+2,2004,30.1,7973.0
1443,Bollebygd,1+2,2005,30.5,8086.0
1443,Bollebygd,1+2,2006,30.9,8179.0
1443,Bollebygd,1+2,2007,30.9,8193.0
1443,Bollebygd,1+2,2008,31.1,8232.0
1443,Bollebygd,1+2,2009,31.2,8253.0
1443,Bollebygd,1+2,2010,31.6,8375.0
1443,Bollebygd,1+2,2011,31.7,8356.0
1443,Bollebygd,1+2,2012,32.3,8507.0
1443,Bollebygd,1+2,2013,32.5,8562.0
1443,Bollebygd,1+2,2014,32.9,8652.0
1443,Bollebygd,1+2,2015,33.4,8799.0
1443,Bollebygd,1+2,2016,34.6,9102.0
1443,Bollebygd,1+2,2017,35.2,9262.0
1443,Bollebygd,1+2,2018,35.8,9427.0
1443,Bollebygd,1+2,2019,36.1,9495.0
1443,Bollebygd,1+2,2020,36.2,9544.0
1443,Bollebygd,1+2,2021,36.6,9634.0
1443,Bollebygd,1+2,2022,36.9,9703.0
1443,Bollebygd,1+2,2023,37.0,9733.0
1443,Bollebygd,1+2,2024,37.0,9802.0
1443,Bollebygd,1+2,2025,37.0,9784.0
1444,Grästorp,1+2,2000,22.3,5924.0
1444,Grästorp,1+2,2001,22.2,5900.0
1444,Grästorp,1+2,2002,22.0,5848.0
1444,Grästorp,1+2,2003,22.0,5835.0
1444,Grästorp,1+2,2004,21.8,5794.0
1444,Grästorp,1+2,2005,21.7,5762.0
1444,Grästorp,1+2,2006,21.9,5809.0
1444,Grästorp,1+2,2007,21.9,5831.0
1444,Grästorp,1+2,2008,22.0,5851.0
1444,Grästorp,1+2,2009,22.0,5857.0
1444,Grästorp,1+2,2010,21.7,5776.0
1444,Grästorp,1+2,2011,21.4,5674.0
1444,Grästorp,1+2,2012,21.3,5639.0
1444,Grästorp,1+2,2013,21.3,5641.0
1444,Grästorp,1+2,2014,21.3,5630.0
1444,Grästorp,1+2,2015,21.3,5644.0
1444,Grästorp,1+2,2016,21.6,5721.0
1444,Grästorp,1+2,2017,21.7,5750.0
1444,Grästorp,1+2,2018,21.7,5731.0
1444,Grästorp,1+2,2019,21.5,5693.0
1444,Grästorp,1+2,2020,21.5,5685.0
1444,Grästorp,1+2,2021,21.7,5730.0
1444,Grästorp,1+2,2022,21.3,5646.0
1444,Grästorp,1+2,2023,21.0,5563.0
1444,Grästorp,1+2,2024,20.9,5555.0
1444,Grästorp,1+2,2025,21.1,5602.0
1445,Essunga,1+2,2000,24.7,5835.0
1445,Essunga,1+2,2001,24.7,5818.0
1445,Essunga,1+2,2002,24.4,5757.0
1445,Essunga,1+2,2003,24.3,5736.0
1445,Essunga,1+2,2004,24.4,5750.0
1445,Essunga,1+2,2005,24.2,5717.0
1445,Essunga,1+2,2006,24.0,5651.0
1445,Essunga,1+2,2007,23.9,5638.0
1445,Essunga,1+2,2008,23.9,5625.0
1445,Essunga,1+2,2009,23.8,5601.0
1445,Essunga,1+2,2010,23.6,5564.0
1445,Essunga,1+2,2011,23.4,5493.0
1445,Essunga,1+2,2012,23.4,5502.0
1445,Essunga,1+2,2013,23.4,5494.0
1445,Essunga,1+2,2014,23.6,5538.0
1445,Essunga,1+2,2015,23.8,5590.0
1445,Essunga,1+2,2016,24.0,5620.0
1445,Essunga,1+2,2017,24.1,5647.0
1445,Essunga,1+2,2018,24.2,5671.0
1445,Essunga,1+2,2019,24.1,5654.0
1445,Essunga,1+2,2020,24.2,5687.0
1445,Essunga,1+2,2021,24.3,5698.0
1445,Essunga,1+2,2022,24.4,5717.0
1445,Essunga,1+2,2023,24.1,5656.0
1445,Essunga,1+2,2024,23.6,5560.0
1445,Essunga,1+2,2025,23.6,5559.0
1446,Karlsborg,1+2,2000,17.4,7100.0
1446,Karlsborg,1+2,2001,17.3,7038.0
1446,Karlsborg,1+2,2002,17.1,6967.0
1446,Karlsborg,1+2,2003,17.0,6923.0
1446,Karlsborg,1+2,2004,16.9,6905.0
1446,Karlsborg,1+2,2005,16.9,6898.0
1446,Karlsborg,1+2,2006,16.9,6880.0
1446,Karlsborg,1+2,2007,16.8,6850.0
1446,Karlsborg,1+2,2008,16.6,6790.0
1446,Karlsborg,1+2,2009,16.6,6784.0
1446,Karlsborg,1+2,2010,16.5,6752.0
1446,Karlsborg,1+2,2011,16.6,6722.0
1446,Karlsborg,1+2,2012,16.5,6699.0
1446,Karlsborg,1+2,2013,16.7,6757.0
1446,Karlsborg,1+2,2014,16.7,6786.0
1446,Karlsborg,1+2,2015,16.7,6764.0
1446,Karlsborg,1+2,2016,17.0,6913.0
1446,Karlsborg,1+2,2017,17.1,6954.0
1446,Karlsborg,1+2,2018,17.1,6941.0
1446,Karlsborg,1+2,2019,17.1,6940.0
1446,Karlsborg,1+2,2020,17.1,6962.0
1446,Karlsborg,1+2,2021,17.2,6965.0
1446,Karlsborg,1+2,2022,17.4,7057.0
1446,Karlsborg,1+2,2023,17.4,7061.0
1446,Karlsborg,1+2,2024,17.2,7023.0
1446,Karlsborg,1+2,2025,17.3,7047.0
1447,Gullspång,1+2,2000,18.7,5911.0
1447,Gullspång,1+2,2001,18.6,5866.0
1447,Gullspång,1+2,2002,18.3,5765.0
1447,Gullspång,1+2,2003,18.1,5726.0
1447,Gullspång,1+2,2004,17.9,5653.0
1447,Gullspång,1+2,2005,17.7,5595.0
1447,Gullspång,1+2,2006,17.5,5506.0
1447,Gullspång,1+2,2007,17.2,5425.0
1447,Gullspång,1+2,2008,17.0,5371.0
1447,Gullspång,1+2,2009,16.9,5335.0
1447,Gullspång,1+2,2010,16.8,5291.0
1447,Gullspång,1+2,2011,16.8,5251.0
1447,Gullspång,1+2,2012,16.6,5221.0
1447,Gullspång,1+2,2013,16.6,5185.0
1447,Gullspång,1+2,2014,16.6,5240.0
1447,Gullspång,1+2,2015,16.6,5229.0
1447,Gullspång,1+2,2016,16.8,5307.0
1447,Gullspång,1+2,2017,16.7,5280.0
1447,Gullspång,1+2,2018,16.8,5293.0
1447,Gullspång,1+2,2019,16.7,5280.0
1447,Gullspång,1+2,2020,16.4,5169.0
1447,Gullspång,1+2,2021,16.5,5206.0
1447,Gullspång,1+2,2022,16.5,5194.0
1447,Gullspång,1+2,2023,16.2,5119.0
1447,Gullspång,1+2,2024,15.8,5031.0
1447,Gullspång,1+2,2025,15.6,4949.0
1452,Tranemo,1+2,2000,16.2,12037.0
1452,Tranemo,1+2,2001,16.1,12016.0
1452,Tranemo,1+2,2002,16.1,11988.0
1452,Tranemo,1+2,2003,16.0,11887.0
1452,Tranemo,1+2,2004,16.0,11894.0
1452,Tranemo,1+2,2005,15.9,11804.0
1452,Tranemo,1+2,2006,15.8,11742.0
1452,Tranemo,1+2,2007,15.8,11750.0
1452,Tranemo,1+2,2008,15.7,11721.0
1452,Tranemo,1+2,2009,15.6,11622.0
1452,Tranemo,1+2,2010,15.6,11587.0
1452,Tranemo,1+2,2011,15.7,11606.0
1452,Tranemo,1+2,2012,15.6,11573.0
1452,Tranemo,1+2,2013,15.6,11531.0
1452,Tranemo,1+2,2014,15.7,11640.0
1452,Tranemo,1+2,2015,15.7,11619.0
1452,Tranemo,1+2,2016,15.9,11776.0
1452,Tranemo,1+2,2017,16.0,11841.0
1452,Tranemo,1+2,2018,16.0,11874.0
1452,Tranemo,1+2,2019,16.1,11936.0
1452,Tranemo,1+2,2020,16.0,11885.0
1452,Tranemo,1+2,2021,16.1,11937.0
1452,Tranemo,1+2,2022,16.1,11940.0
1452,Tranemo,1+2,2023,16.0,11883.0
1452,Tranemo,1+2,2024,15.9,11839.0
1452,Tranemo,1+2,2025,16.0,11873.0
1460,Bengtsfors,1+2,2000,12.3,10896.0
1460,Bengtsfors,1+2,2001,12.0,10685.0
1460,Bengtsfors,1+2,2002,11.8,10516.0
1460,Bengtsfors,1+2,2003,11.7,10436.0
1460,Bengtsfors,1+2,2004,11.6,10335.0
1460,Bengtsfors,1+2,2005,11.5,10225.0
1460,Bengtsfors,1+2,2006,11.3,10080.0
1460,Bengtsfors,1+2,2007,11.2,9957.0
1460,Bengtsfors,1+2,2008,11.1,9897.0
1460,Bengtsfors,1+2,2009,11.1,9841.0
1460,Bengtsfors,1+2,2010,11.0,9791.0
1460,Bengtsfors,1+2,2011,11.0,9680.0
1460,Bengtsfors,1+2,2012,10.8,9588.0
1460,Bengtsfors,1+2,2013,10.8,9550.0
1460,Bengtsfors,1+2,2014,10.8,9556.0
1460,Bengtsfors,1+2,2015,10.9,9626.0
1460,Bengtsfors,1+2,2016,11.3,9940.0
1460,Bengtsfors,1+2,2017,11.2,9905.0
1460,Bengtsfors,1+2,2018,11.2,9846.0
1460,Bengtsfors,1+2,2019,11.0,9750.0
1460,Bengtsfors,1+2,2020,10.9,9591.0
1460,Bengtsfors,1+2,2021,10.7,9409.0
1460,Bengtsfors,1+2,2022,10.5,9255.0
1460,Bengtsfors,1+2,2023,10.3,9138.0
1460,Bengtsfors,1+2,2024,10.2,9076.0
1460,Bengtsfors,1+2,2025,10.1,8955.0
1461,Mellerud,1+2,2000,19.2,9902.0
1461,Mellerud,1+2,2001,19.0,9781.0
1461,Mellerud,1+2,2002,19.0,9807.0
1461,Mellerud,1+2,2003,19.0,9792.0
1461,Mellerud,1+2,2004,18.9,9728.0
1461,Mellerud,1+2,2005,18.7,9638.0
1461,Mellerud,1+2,2006,18.7,9623.0
1461,Mellerud,1+2,2007,18.6,9553.0
1461,Mellerud,1+2,2008,18.3,9442.0
1461,Mellerud,1+2,2009,18.0,9261.0
1461,Mellerud,1+2,2010,17.8,9179.0
1461,Mellerud,1+2,2011,17.5,9068.0
1461,Mellerud,1+2,2012,17.3,8946.0
1461,Mellerud,1+2,2013,17.2,8892.0
1461,Mellerud,1+2,2014,17.4,8936.0
1461,Mellerud,1+2,2015,17.8,9169.0
1461,Mellerud,1+2,2016,18.1,9323.0
1461,Mellerud,1+2,2017,18.3,9377.0
1461,Mellerud,1+2,2018,18.2,9354.0
1461,Mellerud,1+2,2019,18.1,9310.0
1461,Mellerud,1+2,2020,18.1,9312.0
1461,Mellerud,1+2,2021,18.0,9268.0
1461,Mellerud,1+2,2022,18.0,9263.0
1461,Mellerud,1+2,2023,17.8,9165.0
1461,Mellerud,1+2,2024,17.5,9052.0
1461,Mellerud,1+2,2025,17.5,9038.0
1462,Lilla Edet,1+2,2000,40.7,12944.0
1462,Lilla Edet,1+2,2001,40.6,12912.0
1462,Lilla Edet,1+2,2002,40.9,13010.0
1462,Lilla Edet,1+2,2003,40.8,12983.0
1462,Lilla Edet,1+2,2004,40.6,12902.0
1462,Lilla Edet,1+2,2005,40.5,12889.0
1462,Lilla Edet,1+2,2006,40.4,12836.0
1462,Lilla Edet,1+2,2007,40.4,12835.0
1462,Lilla Edet,1+2,2008,40.4,12831.0
1462,Lilla Edet,1+2,2009,40.2,12773.0
1462,Lilla Edet,1+2,2010,39.6,12578.0
1462,Lilla Edet,1+2,2011,39.7,12540.0
1462,Lilla Edet,1+2,2012,39.7,12580.0
1462,Lilla Edet,1+2,2013,40.6,12829.0
1462,Lilla Edet,1+2,2014,41.3,13031.0
1462,Lilla Edet,1+2,2015,41.7,13178.0
1462,Lilla Edet,1+2,2016,43.5,13728.0
1462,Lilla Edet,1+2,2017,44.2,13961.0
1462,Lilla Edet,1+2,2018,44.5,14046.0
1462,Lilla Edet,1+2,2019,44.7,14109.0
1462,Lilla Edet,1+2,2020,45.3,14282.0
1462,Lilla Edet,1+2,2021,46.0,14509.0
1462,Lilla Edet,1+2,2022,45.7,14428.0
1462,Lilla Edet,1+2,2023,45.7,14426.0
1462,Lilla Edet,1+2,2024,45.5,14442.0
1462,Lilla Edet,1+2,2025,45.4,14398.0
1463,Mark,1+2,2000,35.3,32951.0
1463,Mark,1+2,2001,35.3,32954.0
1463,Mark,1+2,2002,35.4,33015.0
1463,Mark,1+2,2003,35.6,33218.0
1463,Mark,1+2,2004,35.7,33356.0
1463,Mark,1+2,2005,35.9,33494.0
1463,Mark,1+2,2006,36.0,33594.0
1463,Mark,1+2,2007,36.1,33729.0
1463,Mark,1+2,2008,36.2,33807.0
1463,Mark,1+2,2009,36.2,33821.0
1463,Mark,1+2,2010,36.2,33845.0
1463,Mark,1+2,2011,36.4,33791.0
1463,Mark,1+2,2012,36.3,33763.0
1463,Mark,1+2,2013,36.3,33753.0
1463,Mark,1+2,2014,36.5,33887.0
1463,Mark,1+2,2015,36.5,33906.0
1463,Mark,1+2,2016,36.8,34218.0
1463,Mark,1+2,2017,37.1,34484.0
1463,Mark,1+2,2018,37.4,34781.0
1463,Mark,1+2,2019,37.4,34754.0
1463,Mark,1+2,2020,37.6,34896.0
1463,Mark,1+2,2021,37.9,35201.0
1463,Mark,1+2,2022,38.0,35329.0
1463,Mark,1+2,2023,38.0,35287.0
1463,Mark,1+2,2024,37.7,35155.0
1463,Mark,1+2,2025,37.6,35134.0
1465,Svenljunga,1+2,2000,11.5,10609.0
1465,Svenljunga,1+2,2001,11.4,10536.0
1465,Svenljunga,1+2,2002,11.4,10529.0
1465,Svenljunga,1+2,2003,11.3,10445.0
1465,Svenljunga,1+2,2004,11.3,10468.0
1465,Svenljunga,1+2,2005,11.3,10430.0
1465,Svenljunga,1+2,2006,11.2,10405.0
1465,Svenljunga,1+2,2007,11.3,10431.0
1465,Svenljunga,1+2,2008,11.1,10313.0
1465,Svenljunga,1+2,2009,11.1,10291.0
1465,Svenljunga,1+2,2010,11.1,10288.0
1465,Svenljunga,1+2,2011,11.2,10282.0
1465,Svenljunga,1+2,2012,11.1,10239.0
1465,Svenljunga,1+2,2013,11.2,10299.0
1465,Svenljunga,1+2,2014,11.3,10365.0
1465,Svenljunga,1+2,2015,11.4,10506.0
1465,Svenljunga,1+2,2016,11.6,10679.0
1465,Svenljunga,1+2,2017,11.6,10659.0
1465,Svenljunga,1+2,2018,11.6,10683.0
1465,Svenljunga,1+2,2019,11.7,10780.0
1465,Svenljunga,1+2,2020,11.7,10751.0
1465,Svenljunga,1+2,2021,11.8,10864.0
1465,Svenljunga,1+2,2022,11.8,10816.0
1465,Svenljunga,1+2,2023,11.7,10759.0
1465,Svenljunga,1+2,2024,11.6,10747.0
1465,Svenljunga,1+2,2025,11.5,10616.0
1466,Herrljunga,1+2,2000,18.9,9447.0
1466,Herrljunga,1+2,2001,18.9,9471.0
1466,Herrljunga,1+2,2002,19.0,9486.0
1466,Herrljunga,1+2,2003,18.9,9440.0
1466,Herrljunga,1+2,2004,18.8,9417.0
1466,Herrljunga,1+2,2005,18.6,9305.0
1466,Herrljunga,1+2,2006,18.5,9243.0
1466,Herrljunga,1+2,2007,18.6,9304.0
1466,Herrljunga,1+2,2008,18.5,9280.0
1466,Herrljunga,1+2,2009,18.7,9348.0
1466,Herrljunga,1+2,2010,18.6,9314.0
1466,Herrljunga,1+2,2011,18.7,9284.0
1466,Herrljunga,1+2,2012,18.6,9282.0
1466,Herrljunga,1+2,2013,18.6,9274.0
1466,Herrljunga,1+2,2014,18.8,9376.0
1466,Herrljunga,1+2,2015,18.8,9349.0
1466,Herrljunga,1+2,2016,19.1,9486.0
1466,Herrljunga,1+2,2017,19.1,9485.0
1466,Herrljunga,1+2,2018,19.1,9494.0
1466,Herrljunga,1+2,2019,19.0,9464.0
1466,Herrljunga,1+2,2020,19.0,9444.0
1466,Herrljunga,1+2,2021,19.1,9501.0
1466,Herrljunga,1+2,2022,19.1,9517.0
1466,Herrljunga,1+2,2023,19.0,9441.0
1466,Herrljunga,1+2,2024,19.0,9497.0
1466,Herrljunga,1+2,2025,19.0,9509.0
1470,Vara,1+2,2000,22.9,16044.0
1470,Vara,1+2,2001,22.9,16050.0
1470,Vara,1+2,2002,22.9,16009.0
1470,Vara,1+2,2003,22.9,15995.0
1470,Vara,1+2,2004,22.9,16026.0
1470,Vara,1+2,2005,22.9,16008.0
1470,Vara,1+2,2006,22.8,15961.0
1470,Vara,1+2,2007,22.9,16008.0
1470,Vara,1+2,2008,22.7,15868.0
1470,Vara,1+2,2009,22.5,15771.0
1470,Vara,1+2,2010,22.5,15762.0
1470,Vara,1+2,2011,22.5,15694.0
1470,Vara,1+2,2012,22.3,15557.0
1470,Vara,1+2,2013,22.4,15609.0
1470,Vara,1+2,2014,22.4,15597.0
1470,Vara,1+2,2015,22.5,15662.0
1470,Vara,1+2,2016,22.7,15788.0
1470,Vara,1+2,2017,22.9,15942.0
1470,Vara,1+2,2018,22.9,15952.0
1470,Vara,1+2,2019,23.0,16024.0
1470,Vara,1+2,2020,23.1,16096.0
1470,Vara,1+2,2021,23.2,16162.0
1470,Vara,1+2,2022,23.2,16163.0
1470,Vara,1+2,2023,23.1,16066.0
1470,Vara,1+2,2024,23.0,16088.0
1470,Vara,1+2,2025,22.9,16011.0
1471,Götene,1+2,2000,32.0,13016.0
1471,Götene,1+2,2001,31.9,12970.0
1471,Götene,1+2,2002,31.9,12983.0
1471,Götene,1+2,2003,31.9,12992.0
1471,Götene,1+2,2004,31.8,12950.0
1471,Götene,1+2,2005,31.7,12879.0
1471,Götene,1+2,2006,31.9,12959.0
1471,Götene,1+2,2007,32.1,13056.0
1471,Götene,1+2,2008,32.2,13085.0
1471,Götene,1+2,2009,32.4,13186.0
1471,Götene,1+2,2010,32.5,13223.0
1471,Götene,1+2,2011,32.5,13134.0
1471,Götene,1+2,2012,32.3,13092.0
1471,Götene,1+2,2013,32.2,13028.0
1471,Götene,1+2,2014,32.3,13080.0
1471,Götene,1+2,2015,32.5,13160.0
1471,Götene,1+2,2016,32.8,13275.0
1471,Götene,1+2,2017,32.7,13242.0
1471,Götene,1+2,2018,32.7,13232.0
1471,Götene,1+2,2019,32.6,13207.0
1471,Götene,1+2,2020,32.6,13194.0
1471,Götene,1+2,2021,32.8,13263.0
1471,Götene,1+2,2022,32.8,13275.0
1471,Götene,1+2,2023,32.7,13218.0
1471,Götene,1+2,2024,32.7,13286.0
1471,Götene,1+2,2025,32.5,13223.0
1472,Tibro,1+2,2000,48.1,10576.0
1472,Tibro,1+2,2001,48.3,10627.0
1472,Tibro,1+2,2002,48.3,10624.0
1472,Tibro,1+2,2003,48.3,10640.0
1472,Tibro,1+2,2004,48.0,10572.0
1472,Tibro,1+2,2005,48.1,10581.0
1472,Tibro,1+2,2006,48.5,10671.0
1472,Tibro,1+2,2007,48.2,10611.0
1472,Tibro,1+2,2008,48.4,10662.0
1472,Tibro,1+2,2009,48.2,10611.0
1472,Tibro,1+2,2010,47.8,10560.0
1472,Tibro,1+2,2011,48.2,10625.0
1472,Tibro,1+2,2012,48.1,10673.0
1472,Tibro,1+2,2013,48.6,10754.0
1472,Tibro,1+2,2014,49.4,10864.0
1472,Tibro,1+2,2015,50.0,10980.0
1472,Tibro,1+2,2016,50.4,11070.0
1472,Tibro,1+2,2017,50.5,11110.0
1472,Tibro,1+2,2018,50.8,11168.0
1472,Tibro,1+2,2019,51.1,11240.0
1472,Tibro,1+2,2020,51.4,11297.0
1472,Tibro,1+2,2021,51.3,11281.0
1472,Tibro,1+2,2022,51.9,11399.0
1472,Tibro,1+2,2023,51.6,11332.0
1472,Tibro,1+2,2024,51.4,11338.0
1472,Tibro,1+2,2025,51.3,11326.0
1473,Töreboda,1+2,2000,17.7,9642.0
1473,Töreboda,1+2,2001,17.5,9490.0
1473,Töreboda,1+2,2002,17.3,9426.0
1473,Töreboda,1+2,2003,17.3,9412.0
1473,Töreboda,1+2,2004,17.4,9445.0
1473,Töreboda,1+2,2005,17.4,9470.0
1473,Töreboda,1+2,2006,17.2,9368.0
1473,Töreboda,1+2,2007,17.2,9376.0
1473,Töreboda,1+2,2008,17.0,9256.0
1473,Töreboda,1+2,2009,17.0,9255.0
1473,Töreboda,1+2,2010,16.8,9113.0
1473,Töreboda,1+2,2011,16.8,9063.0
1473,Töreboda,1+2,2012,16.7,9009.0
1473,Töreboda,1+2,2013,16.7,8992.0
1473,Töreboda,1+2,2014,16.8,9072.0
1473,Töreboda,1+2,2015,17.2,9293.0
1473,Töreboda,1+2,2016,17.4,9435.0
1473,Töreboda,1+2,2017,17.4,9414.0
1473,Töreboda,1+2,2018,17.2,9312.0
1473,Töreboda,1+2,2019,17.2,9293.0
1473,Töreboda,1+2,2020,17.2,9281.0
1473,Töreboda,1+2,2021,17.0,9207.0
1473,Töreboda,1+2,2022,17.0,9186.0
1473,Töreboda,1+2,2023,16.9,9141.0
1473,Töreboda,1+2,2024,16.6,9043.0
1473,Töreboda,1+2,2025,16.7,9093.0
1480,Göteborg,1+2,2000,1036.1,466990.0
1480,Göteborg,1+2,2001,1045.6,471267.0
1480,Göteborg,1+2,2002,1053.7,474921.0
1480,Göteborg,1+2,2003,1060.7,478055.0
1480,Göteborg,1+2,2004,1068.1,481410.0
1480,Göteborg,1+2,2005,1076.0,484942.0
1480,Göteborg,1+2,2006,1086.6,489757.0
1480,Göteborg,1+2,2007,1094.9,493502.0
1480,Göteborg,1+2,2008,1109.8,500197.0
1480,Göteborg,1+2,2009,1125.6,507330.0
1480,Göteborg,1+2,2010,1139.9,513751.0
1480,Göteborg,1+2,2011,1162.2,520374.0
1480,Göteborg,1+2,2012,1174.9,526089.0
1480,Göteborg,1+2,2013,1191.0,533271.0
1480,Göteborg,1+2,2014,1208.2,541145.0
1480,Göteborg,1+2,2015,1224.0,548190.0
1480,Göteborg,1+2,2016,1242.8,556640.0
1480,Göteborg,1+2,2017,1259.3,564039.0
1480,Göteborg,1+2,2018,1276.9,571868.0
1480,Göteborg,1+2,2019,1293.5,579281.0
1480,Göteborg,1+2,2020,1301.9,583056.0
1480,Göteborg,1+2,2021,1312.0,587549.0
1480,Göteborg,1+2,2022,1332.7,596841.0
1480,Göteborg,1+2,2023,1350.1,604616.0
1480,Göteborg,1+2,2024,1352.7,608993.0
1480,Göteborg,1+2,2025,1362.2,613278.0
1481,Mölndal,1+2,2000,382.4,56137.0
1481,Mölndal,1+2,2001,386.5,56743.0
1481,Mölndal,1+2,2002,388.8,57079.0
1481,Mölndal,1+2,2003,391.8,57523.0
1481,Mölndal,1+2,2004,393.4,57752.0
1481,Mölndal,1+2,2005,396.7,58234.0
1481,Mölndal,1+2,2006,401.5,58938.0
1481,Mölndal,1+2,2007,404.8,59430.0
1481,Mölndal,1+2,2008,407.4,59812.0
1481,Mölndal,1+2,2009,411.3,60381.0
1481,Mölndal,1+2,2010,415.3,60973.0
1481,Mölndal,1+2,2011,420.6,61337.0
1481,Mölndal,1+2,2012,422.7,61659.0
1481,Mölndal,1+2,2013,425.0,61978.0
1481,Mölndal,1+2,2014,431.5,62927.0
1481,Mölndal,1+2,2015,434.3,63340.0
1481,Mölndal,1+2,2016,442.0,64465.0
1481,Mölndal,1+2,2017,453.4,66121.0
1481,Mölndal,1+2,2018,467.2,68152.0
1481,Mölndal,1+2,2019,475.5,69364.0
1481,Mölndal,1+2,2020,479.2,69901.0
1481,Mölndal,1+2,2021,479.5,69943.0
1481,Mölndal,1+2,2022,480.6,70109.0
1481,Mölndal,1+2,2023,483.5,70534.0
1481,Mölndal,1+2,2024,487.1,71420.0
1481,Mölndal,1+2,2025,491.9,72128.0
1482,Kungälv,1+2,2000,102.0,37191.0
1482,Kungälv,1+2,2001,103.1,37601.0
1482,Kungälv,1+2,2002,103.9,37912.0
1482,Kungälv,1+2,2003,104.6,38154.0
1482,Kungälv,1+2,2004,104.9,38257.0
1482,Kungälv,1+2,2005,106.1,38703.0
1482,Kungälv,1+2,2006,106.7,38899.0
1482,Kungälv,1+2,2007,108.7,39649.0
1482,Kungälv,1+2,2008,110.4,40268.0
1482,Kungälv,1+2,2009,111.7,40727.0
1482,Kungälv,1+2,2010,113.1,41241.0
1482,Kungälv,1+2,2011,114.6,41538.0
1482,Kungälv,1+2,2012,115.1,41753.0
1482,Kungälv,1+2,2013,116.1,42109.0
1482,Kungälv,1+2,2014,116.8,42334.0
1482,Kungälv,1+2,2015,117.9,42730.0
1482,Kungälv,1+2,2016,119.4,43289.0
1482,Kungälv,1+2,2017,121.7,44110.0
1482,Kungälv,1+2,2018,124.4,45086.0
1482,Kungälv,1+2,2019,127.8,46336.0
1482,Kungälv,1+2,2020,129.8,47050.0
1482,Kungälv,1+2,2021,133.2,48271.0
1482,Kungälv,1+2,2022,135.4,49068.0
1482,Kungälv,1+2,2023,137.3,49785.0
1482,Kungälv,1+2,2024,138.1,50313.0
1482,Kungälv,1+2,2025,138.6,50496.0
1484,Lysekil,1+2,2000,70.7,14848.0
1484,Lysekil,1+2,2001,70.5,14792.0
1484,Lysekil,1+2,2002,70.5,14801.0
1484,Lysekil,1+2,2003,70.5,14798.0
1484,Lysekil,1+2,2004,70.3,14767.0
1484,Lysekil,1+2,2005,69.8,14657.0
1484,Lysekil,1+2,2006,69.7,14631.0
1484,Lysekil,1+2,2007,69.7,14633.0
1484,Lysekil,1+2,2008,69.8,14659.0
1484,Lysekil,1+2,2009,69.2,14535.0
1484,Lysekil,1+2,2010,69.2,14521.0
1484,Lysekil,1+2,2011,69.1,14398.0
1484,Lysekil,1+2,2012,69.0,14396.0
1484,Lysekil,1+2,2013,68.9,14369.0
1484,Lysekil,1+2,2014,68.6,14299.0
1484,Lysekil,1+2,2015,69.4,14464.0
1484,Lysekil,1+2,2016,69.9,14570.0
1484,Lysekil,1+2,2017,70.1,14621.0
1484,Lysekil,1+2,2018,70.1,14611.0
1484,Lysekil,1+2,2019,69.8,14555.0
1484,Lysekil,1+2,2020,68.9,14366.0
1484,Lysekil,1+2,2021,68.4,14266.0
1484,Lysekil,1+2,2022,68.0,14170.0
1484,Lysekil,1+2,2023,67.0,13969.0
1484,Lysekil,1+2,2024,66.4,13907.0
1484,Lysekil,1+2,2025,65.8,13796.0
1485,Uddevalla,1+2,2000,76.3,48971.0
1485,Uddevalla,1+2,2001,76.7,49255.0
1485,Uddevalla,1+2,2002,77.4,49683.0
1485,Uddevalla,1+2,2003,77.7,49871.0
1485,Uddevalla,1+2,2004,78.0,50068.0
1485,Uddevalla,1+2,2005,78.4,50314.0
1485,Uddevalla,1+2,2006,78.7,50507.0
1485,Uddevalla,1+2,2007,79.3,50921.0
1485,Uddevalla,1+2,2008,79.7,51186.0
1485,Uddevalla,1+2,2009,80.3,51518.0
1485,Uddevalla,1+2,2010,80.8,51868.0
1485,Uddevalla,1+2,2011,81.8,52156.0
1485,Uddevalla,1+2,2012,82.3,52530.0
1485,Uddevalla,1+2,2013,83.2,53025.0
1485,Uddevalla,1+2,2014,83.9,53517.0
1485,Uddevalla,1+2,2015,85.0,54180.0
1485,Uddevalla,1+2,2016,86.5,55164.0
1485,Uddevalla,1+2,2017,87.4,55763.0
1485,Uddevalla,1+2,2018,88.2,56259.0
1485,Uddevalla,1+2,2019,88.9,56703.0
1485,Uddevalla,1+2,2020,89.1,56787.0
1485,Uddevalla,1+2,2021,89.6,57122.0
1485,Uddevalla,1+2,2022,89.8,57282.0
1485,Uddevalla,1+2,2023,89.5,57045.0
1485,Uddevalla,1+2,2024,88.9,57010.0
1485,Uddevalla,1+2,2025,88.5,56744.0
1486,Strömstad,1+2,2000,23.5,11102.0
1486,Strömstad,1+2,2001,23.8,11221.0
1486,Strömstad,1+2,2002,23.8,11218.0
1486,Strömstad,1+2,2003,23.8,11233.0
1486,Strömstad,1+2,2004,24.1,11373.0
1486,Strömstad,1+2,2005,24.4,11507.0
1486,Strömstad,1+2,2006,24.5,11569.0
1486,Strömstad,1+2,2007,24.5,11558.0
1486,Strömstad,1+2,2008,24.6,11607.0
1486,Strömstad,1+2,2009,24.8,11690.0
1486,Strömstad,1+2,2010,25.0,11808.0
1486,Strömstad,1+2,2011,25.7,12010.0
1486,Strömstad,1+2,2012,26.3,12295.0
1486,Strömstad,1+2,2013,26.7,12480.0
1486,Strömstad,1+2,2014,27.2,12694.0
1486,Strömstad,1+2,2015,27.5,12854.0
1486,Strömstad,1+2,2016,28.0,13079.0
1486,Strömstad,1+2,2017,28.3,13218.0
1486,Strömstad,1+2,2018,28.4,13253.0
1486,Strömstad,1+2,2019,28.3,13218.0
1486,Strömstad,1+2,2020,28.3,13244.0
1486,Strömstad,1+2,2021,28.4,13277.0
1486,Strömstad,1+2,2022,28.4,13290.0
1486,Strömstad,1+2,2023,28.8,13476.0
1486,Strömstad,1+2,2024,28.7,13482.0
1486,Strömstad,1+2,2025,28.8,13557.0
1487,Vänersborg,1+2,2000,56.5,36589.0
1487,Vänersborg,1+2,2001,56.8,36795.0
1487,Vänersborg,1+2,2002,57.2,37025.0
1487,Vänersborg,1+2,2003,57.3,37101.0
1487,Vänersborg,1+2,2004,57.3,37105.0
1487,Vänersborg,1+2,2005,57.1,36951.0
1487,Vänersborg,1+2,2006,57.2,37023.0
1487,Vänersborg,1+2,2007,57.1,36939.0
1487,Vänersborg,1+2,2008,57.1,36991.0
1487,Vänersborg,1+2,2009,56.9,36871.0
1487,Vänersborg,1+2,2010,56.9,36857.0
1487,Vänersborg,1+2,2011,57.5,36962.0
1487,Vänersborg,1+2,2012,57.5,36968.0
1487,Vänersborg,1+2,2013,58.1,37369.0
1487,Vänersborg,1+2,2014,59.0,37890.0
1487,Vänersborg,1+2,2015,59.7,38381.0
1487,Vänersborg,1+2,2016,60.6,38955.0
1487,Vänersborg,1+2,2017,60.9,39151.0
1487,Vänersborg,1+2,2018,61.2,39411.0
1487,Vänersborg,1+2,2019,61.5,39591.0
1487,Vänersborg,1+2,2020,61.5,39624.0
1487,Vänersborg,1+2,2021,61.6,39636.0
1487,Vänersborg,1+2,2022,62.0,39904.0
1487,Vänersborg,1+2,2023,62.2,40012.0
1487,Vänersborg,1+2,2024,61.9,40041.0
1487,Vänersborg,1+2,2025,62.0,40078.0
1488,Trollhättan,1+2,2000,128.3,52891.0
1488,Trollhättan,1+2,2001,128.2,52823.0
1488,Trollhättan,1+2,2002,128.4,52937.0
1488,Trollhättan,1+2,2003,128.4,52920.0
1488,Trollhättan,1+2,2004,129.0,53154.0
1488,Trollhättan,1+2,2005,129.3,53302.0
1488,Trollhättan,1+2,2006,130.6,53830.0
1488,Trollhättan,1+2,2007,131.8,54300.0
1488,Trollhättan,1+2,2008,132.2,54487.0
1488,Trollhättan,1+2,2009,133.1,54873.0
1488,Trollhättan,1+2,2010,134.1,55248.0
1488,Trollhättan,1+2,2011,135.4,55499.0
1488,Trollhättan,1+2,2012,136.0,55749.0
1488,Trollhättan,1+2,2013,138.0,56573.0
1488,Trollhättan,1+2,2014,138.9,56929.0
1488,Trollhättan,1+2,2015,139.3,57092.0
1488,Trollhättan,1+2,2016,140.9,57753.0
1488,Trollhättan,1+2,2017,142.1,58238.0
1488,Trollhättan,1+2,2018,143.4,58728.0
1488,Trollhättan,1+2,2019,144.2,59058.0
1488,Trollhättan,1+2,2020,144.6,59249.0
1488,Trollhättan,1+2,2021,144.4,59154.0
1488,Trollhättan,1+2,2022,144.7,59274.0
1488,Trollhättan,1+2,2023,144.2,59073.0
1488,Trollhättan,1+2,2024,143.3,59003.0
1488,Trollhättan,1+2,2025,144.0,59265.0
1489,Alingsås,1+2,2000,74.0,35153.0
1489,Alingsås,1+2,2001,74.2,35257.0
1489,Alingsås,1+2,2002,74.4,35327.0
1489,Alingsås,1+2,2003,74.8,35530.0
1489,Alingsås,1+2,2004,75.3,35761.0
1489,Alingsås,1+2,2005,75.8,36010.0
1489,Alingsås,1+2,2006,76.8,36481.0
1489,Alingsås,1+2,2007,77.4,36739.0
1489,Alingsås,1+2,2008,78.4,37247.0
1489,Alingsås,1+2,2009,79.0,37515.0
1489,Alingsås,1+2,2010,79.6,37796.0
1489,Alingsås,1+2,2011,80.6,38053.0
1489,Alingsås,1+2,2012,81.2,38355.0
1489,Alingsås,1+2,2013,81.8,38619.0
1489,Alingsås,1+2,2014,83.0,39188.0
1489,Alingsås,1+2,2015,83.9,39602.0
1489,Alingsås,1+2,2016,84.8,40045.0
1489,Alingsås,1+2,2017,85.6,40390.0
1489,Alingsås,1+2,2018,87.0,41070.0
1489,Alingsås,1+2,2019,87.7,41420.0
1489,Alingsås,1+2,2020,88.1,41602.0
1489,Alingsås,1+2,2021,88.7,41853.0
1489,Alingsås,1+2,2022,89.4,42199.0
1489,Alingsås,1+2,2023,89.8,42382.0
1489,Alingsås,1+2,2024,90.1,42722.0
1489,Alingsås,1+2,2025,90.4,42861.0
1490,Borås,1+2,2000,105.9,96883.0
1490,Borås,1+2,2001,106.4,97347.0
1490,Borås,1+2,2002,107.2,98150.0
1490,Borås,1+2,2003,107.6,98505.0
1490,Borås,1+2,2004,108.0,98886.0
1490,Borås,1+2,2005,108.5,99325.0
1490,Borås,1+2,2006,109.5,100221.0
1490,Borås,1+2,2007,110.3,100985.0
1490,Borås,1+2,2008,110.9,101487.0
1490,Borås,1+2,2009,111.9,102458.0
1490,Borås,1+2,2010,112.9,103294.0
1490,Borås,1+2,2011,114.4,104106.0
1490,Borås,1+2,2012,115.2,104867.0
1490,Borås,1+2,2013,116.5,105995.0
1490,Borås,1+2,2014,117.6,107022.0
1490,Borås,1+2,2015,119.2,108488.0
1490,Borås,1+2,2016,120.8,109880.0
1490,Borås,1+2,2017,122.0,111026.0
1490,Borås,1+2,2018,123.3,112178.0
1490,Borås,1+2,2019,124.4,113179.0
1490,Borås,1+2,2020,125.0,113714.0
1490,Borås,1+2,2021,125.4,114091.0
1490,Borås,1+2,2022,125.8,114445.0
1490,Borås,1+2,2023,126.0,114592.0
1490,Borås,1+2,2024,125.7,114872.0
1490,Borås,1+2,2025,126.1,115238.0
1491,Ulricehamn,1+2,2000,21.2,22284.0
1491,Ulricehamn,1+2,2001,21.2,22257.0
1491,Ulricehamn,1+2,2002,21.2,22299.0
1491,Ulricehamn,1+2,2003,21.2,22319.0
1491,Ulricehamn,1+2,2004,21.2,22342.0
1491,Ulricehamn,1+2,2005,21.3,22381.0
1491,Ulricehamn,1+2,2006,21.3,22436.0
1491,Ulricehamn,1+2,2007,21.4,22542.0
1491,Ulricehamn,1+2,2008,21.6,22706.0
1491,Ulricehamn,1+2,2009,21.6,22753.0
1491,Ulricehamn,1+2,2010,21.7,22838.0
1491,Ulricehamn,1+2,2011,22.0,22996.0
1491,Ulricehamn,1+2,2012,22.0,23015.0
1491,Ulricehamn,1+2,2013,22.2,23211.0
1491,Ulricehamn,1+2,2014,22.2,23244.0
1491,Ulricehamn,1+2,2015,22.5,23494.0
1491,Ulricehamn,1+2,2016,22.8,23887.0
1491,Ulricehamn,1+2,2017,23.2,24296.0
1491,Ulricehamn,1+2,2018,23.4,24445.0
1491,Ulricehamn,1+2,2019,23.6,24668.0
1491,Ulricehamn,1+2,2020,23.6,24704.0
1491,Ulricehamn,1+2,2021,23.8,24898.0
1491,Ulricehamn,1+2,2022,24.0,25108.0
1491,Ulricehamn,1+2,2023,24.0,25087.0
1491,Ulricehamn,1+2,2024,23.8,24985.0
1491,Ulricehamn,1+2,2025,23.8,24954.0
1492,Åmål,1+2,2000,26.5,12840.0
1492,Åmål,1+2,2001,26.4,12770.0
1492,Åmål,1+2,2002,26.5,12829.0
1492,Åmål,1+2,2003,26.6,12854.0
1492,Åmål,1+2,2004,26.5,12823.0
1492,Åmål,1+2,2005,26.3,12737.0
1492,Åmål,1+2,2006,26.3,12716.0
1492,Åmål,1+2,2007,26.0,12589.0
1492,Åmål,1+2,2008,25.9,12545.0
1492,Åmål,1+2,2009,25.7,12434.0
1492,Åmål,1+2,2010,25.4,12295.0
1492,Åmål,1+2,2011,25.4,12226.0
1492,Åmål,1+2,2012,25.3,12211.0
1492,Åmål,1+2,2013,25.4,12229.0
1492,Åmål,1+2,2014,25.6,12326.0
1492,Åmål,1+2,2015,26.2,12601.0
1492,Åmål,1+2,2016,26.6,12801.0
1492,Åmål,1+2,2017,26.4,12711.0
1492,Åmål,1+2,2018,26.4,12720.0
1492,Åmål,1+2,2019,26.2,12610.0
1492,Åmål,1+2,2020,25.9,12441.0
1492,Åmål,1+2,2021,25.6,12318.0
1492,Åmål,1+2,2022,25.4,12216.0
1492,Åmål,1+2,2023,25.0,12006.0
1492,Åmål,1+2,2024,24.7,11906.0
1492,Åmål,1+2,2025,24.2,11679.0
1493,Mariestad,1+2,2000,39.5,23800.0
1493,Mariestad,1+2,2001,39.4,23725.0
1493,Mariestad,1+2,2002,39.4,23743.0
1493,Mariestad,1+2,2003,39.6,23847.0
1493,Mariestad,1+2,2004,39.7,23897.0
1493,Mariestad,1+2,2005,39.7,23895.0
1493,Mariestad,1+2,2006,39.7,23933.0
1493,Mariestad,1+2,2007,39.6,23871.0
1493,Mariestad,1+2,2008,39.5,23825.0
1493,Mariestad,1+2,2009,39.5,23799.0
1493,Mariestad,1+2,2010,39.4,23741.0
1493,Mariestad,1+2,2011,39.5,23732.0
1493,Mariestad,1+2,2012,39.4,23739.0
1493,Mariestad,1+2,2013,39.7,23870.0
1493,Mariestad,1+2,2014,39.7,23921.0
1493,Mariestad,1+2,2015,39.9,24043.0
1493,Mariestad,1+2,2016,40.2,24215.0
1493,Mariestad,1+2,2017,40.3,24290.0
1493,Mariestad,1+2,2018,40.5,24372.0
1493,Mariestad,1+2,2019,40.7,24537.0
1493,Mariestad,1+2,2020,40.7,24513.0
1493,Mariestad,1+2,2021,41.0,24723.0
1493,Mariestad,1+2,2022,41.1,24768.0
1493,Mariestad,1+2,2023,40.8,24647.0
1493,Mariestad,1+2,2024,40.5,24583.0
1493,Mariestad,1+2,2025,40.3,24421.0
1494,Lidköping,1+2,2000,52.3,36802.0
1494,Lidköping,1+2,2001,52.3,36808.0
1494,Lidköping,1+2,2002,52.5,36941.0
1494,Lidköping,1+2,2003,52.8,37125.0
1494,Lidköping,1+2,2004,53.0,37241.0
1494,Lidköping,1+2,2005,53.2,37380.0
1494,Lidköping,1+2,2006,53.4,37526.0
1494,Lidköping,1+2,2007,53.7,37773.0
1494,Lidköping,1+2,2008,53.9,37922.0
1494,Lidköping,1+2,2009,54.0,37989.0
1494,Lidköping,1+2,2010,54.1,38048.0
1494,Lidköping,1+2,2011,54.9,38183.0
1494,Lidköping,1+2,2012,54.9,38254.0
1494,Lidköping,1+2,2013,55.2,38414.0
1494,Lidköping,1+2,2014,55.5,38761.0
1494,Lidköping,1+2,2015,55.8,39009.0
1494,Lidköping,1+2,2016,56.2,39235.0
1494,Lidköping,1+2,2017,56.5,39506.0
1494,Lidköping,1+2,2018,57.1,39879.0
1494,Lidköping,1+2,2019,57.4,40089.0
1494,Lidköping,1+2,2020,57.7,40328.0
1494,Lidköping,1+2,2021,57.9,40460.0
1494,Lidköping,1+2,2022,57.9,40457.0
1494,Lidköping,1+2,2023,58.1,40539.0
1494,Lidköping,1+2,2024,57.7,40425.0
1494,Lidköping,1+2,2025,57.6,40359.0
1495,Skara,1+2,2000,41.6,18305.0
1495,Skara,1+2,2001,41.6,18324.0
1495,Skara,1+2,2002,41.6,18311.0
1495,Skara,1+2,2003,41.7,18360.0
1495,Skara,1+2,2004,42.1,18507.0
1495,Skara,1+2,2005,42.2,18578.0
1495,Skara,1+2,2006,42.3,18595.0
1495,Skara,1+2,2007,42.1,18544.0
1495,Skara,1+2,2008,42.1,18518.0
1495,Skara,1+2,2009,41.9,18455.0
1495,Skara,1+2,2010,41.6,18314.0
1495,Skara,1+2,2011,42.5,18220.0
1495,Skara,1+2,2012,42.6,18281.0
1495,Skara,1+2,2013,43.4,18580.0
1495,Skara,1+2,2014,43.7,18747.0
1495,Skara,1+2,2015,43.7,18711.0
1495,Skara,1+2,2016,44.3,18979.0
1495,Skara,1+2,2017,44.0,18843.0
1495,Skara,1+2,2018,43.9,18829.0
1495,Skara,1+2,2019,44.0,18837.0
1495,Skara,1+2,2020,43.6,18695.0
1495,Skara,1+2,2021,43.7,18732.0
1495,Skara,1+2,2022,43.8,18755.0
1495,Skara,1+2,2023,43.5,18654.0
1495,Skara,1+2,2024,43.5,18707.0
1495,Skara,1+2,2025,43.6,18753.0
1496,Skövde,1+2,2000,72.9,49313.0
1496,Skövde,1+2,2001,72.6,49083.0
1496,Skövde,1+2,2002,73.0,49405.0
1496,Skövde,1+2,2003,73.5,49741.0
1496,Skövde,1+2,2004,73.7,49856.0
1496,Skövde,1+2,2005,73.9,49980.0
1496,Skövde,1+2,2006,74.1,50153.0
1496,Skövde,1+2,2007,74.2,50197.0
1496,Skövde,1+2,2008,74.8,50610.0
1496,Skövde,1+2,2009,75.4,50984.0
1496,Skövde,1+2,2010,76.0,51402.0
1496,Skövde,1+2,2011,76.8,51761.0
1496,Skövde,1+2,2012,77.5,52212.0
1496,Skövde,1+2,2013,78.5,52859.0
1496,Skövde,1+2,2014,78.9,53134.0
1496,Skövde,1+2,2015,79.5,53555.0
1496,Skövde,1+2,2016,80.4,54133.0
1496,Skövde,1+2,2017,81.6,54975.0
1496,Skövde,1+2,2018,82.7,55729.0
1496,Skövde,1+2,2019,83.7,56366.0
1496,Skövde,1+2,2020,84.3,56791.0
1496,Skövde,1+2,2021,84.6,57016.0
1496,Skövde,1+2,2022,85.3,57463.0
1496,Skövde,1+2,2023,85.8,57763.0
1496,Skövde,1+2,2024,85.7,57995.0
1496,Skövde,1+2,2025,86.1,58272.0
1497,Hjo,1+2,2000,29.4,8787.0
1497,Hjo,1+2,2001,29.6,8827.0
1497,Hjo,1+2,2002,29.6,8845.0
1497,Hjo,1+2,2003,29.6,8844.0
1497,Hjo,1+2,2004,29.6,8822.0
1497,Hjo,1+2,2005,29.7,8849.0
1497,Hjo,1+2,2006,29.7,8853.0
1497,Hjo,1+2,2007,29.5,8809.0
1497,Hjo,1+2,2008,29.5,8809.0
1497,Hjo,1+2,2009,29.7,8859.0
1497,Hjo,1+2,2010,29.6,8841.0
1497,Hjo,1+2,2011,29.6,8790.0
1497,Hjo,1+2,2012,29.7,8832.0
1497,Hjo,1+2,2013,29.6,8805.0
1497,Hjo,1+2,2014,29.9,8885.0
1497,Hjo,1+2,2015,30.2,8983.0
1497,Hjo,1+2,2016,30.5,9048.0
1497,Hjo,1+2,2017,30.6,9093.0
1497,Hjo,1+2,2018,30.9,9176.0
1497,Hjo,1+2,2019,31.0,9210.0
1497,Hjo,1+2,2020,31.1,9229.0
1497,Hjo,1+2,2021,31.1,9233.0
1497,Hjo,1+2,2022,31.1,9243.0
1497,Hjo,1+2,2023,31.2,9258.0
1497,Hjo,1+2,2024,31.3,9350.0
1497,Hjo,1+2,2025,31.3,9322.0
1498,Tidaholm,1+2,2000,24.4,12694.0
1498,Tidaholm,1+2,2001,24.3,12620.0
1498,Tidaholm,1+2,2002,24.2,12585.0
1498,Tidaholm,1+2,2003,24.2,12575.0
1498,Tidaholm,1+2,2004,24.1,12543.0
1498,Tidaholm,1+2,2005,24.1,12535.0
1498,Tidaholm,1+2,2006,24.3,12653.0
1498,Tidaholm,1+2,2007,24.3,12651.0
1498,Tidaholm,1+2,2008,24.4,12693.0
1498,Tidaholm,1+2,2009,24.3,12632.0
1498,Tidaholm,1+2,2010,24.2,12572.0
1498,Tidaholm,1+2,2011,24.3,12569.0
1498,Tidaholm,1+2,2012,24.2,12556.0
1498,Tidaholm,1+2,2013,24.3,12565.0
1498,Tidaholm,1+2,2014,24.4,12617.0
1498,Tidaholm,1+2,2015,24.5,12669.0
1498,Tidaholm,1+2,2016,24.7,12797.0
1498,Tidaholm,1+2,2017,24.8,12827.0
1498,Tidaholm,1+2,2018,24.8,12828.0
1498,Tidaholm,1+2,2019,24.8,12846.0
1498,Tidaholm,1+2,2020,24.7,12790.0
1498,Tidaholm,1+2,2021,24.8,12825.0
1498,Tidaholm,1+2,2022,24.8,12839.0
1498,Tidaholm,1+2,2023,24.8,12839.0
1498,Tidaholm,1+2,2024,24.6,12805.0
1498,Tidaholm,1+2,2025,24.5,12736.0
1499,Falköping,1+2,2000,29.3,31007.0
1499,Falköping,1+2,2001,29.3,30921.0
1499,Falköping,1+2,2002,29.2,30896.0
1499,Falköping,1+2,2003,29.3,30981.0
1499,Falköping,1+2,2004,29.5,31148.0
1499,Falköping,1+2,2005,29.5,31185.0
1499,Falköping,1+2,2006,29.6,31240.0
1499,Falköping,1+2,2007,29.6,31311.0
1499,Falköping,1+2,2008,29.7,31349.0
1499,Falköping,1+2,2009,29.7,31419.0
1499,Falköping,1+2,2010,29.8,31513.0
1499,Falköping,1+2,2011,30.3,31689.0
1499,Falköping,1+2,2012,30.3,31689.0
1499,Falköping,1+2,2013,30.6,31988.0
1499,Falköping,1+2,2014,30.8,32185.0
1499,Falköping,1+2,2015,31.1,32511.0
1499,Falköping,1+2,2016,31.4,32806.0
1499,Falköping,1+2,2017,31.7,33077.0
1499,Falköping,1+2,2018,31.7,33155.0
1499,Falköping,1+2,2019,31.8,33246.0
1499,Falköping,1+2,2020,31.8,33238.0
1499,Falköping,1+2,2021,31.8,33270.0
1499,Falköping,1+2,2022,31.8,33252.0
1499,Falköping,1+2,2023,31.6,32991.0
1499,Falköping,1+2,2024,31.3,32806.0
1499,Falköping,1+2,2025,31.2,32794.0
1715,Kil,1+2,2000,33.0,11912.0
1715,Kil,1+2,2001,33.1,11924.0
1715,Kil,1+2,2002,33.0,11892.0
1715,Kil,1+2,2003,33.0,11891.0
1715,Kil,1+2,2004,32.8,11844.0
1715,Kil,1+2,2005,32.8,11813.0
1715,Kil,1+2,2006,32.7,11803.0
1715,Kil,1+2,2007,32.6,11748.0
1715,Kil,1+2,2008,32.4,11674.0
1715,Kil,1+2,2009,32.5,11717.0
1715,Kil,1+2,2010,32.5,11706.0
1715,Kil,1+2,2011,32.5,11682.0
1715,Kil,1+2,2012,32.7,11782.0
1715,Kil,1+2,2013,32.8,11810.0
1715,Kil,1+2,2014,33.0,11885.0
1715,Kil,1+2,2015,32.8,11802.0
1715,Kil,1+2,2016,32.8,11800.0
1715,Kil,1+2,2017,33.1,11910.0
1715,Kil,1+2,2018,33.3,11962.0
1715,Kil,1+2,2019,33.6,12087.0
1715,Kil,1+2,2020,33.7,12115.0
1715,Kil,1+2,2021,33.7,12134.0
1715,Kil,1+2,2022,33.7,12115.0
1715,Kil,1+2,2023,33.6,12085.0
1715,Kil,1+2,2024,33.4,12061.0
1715,Kil,1+2,2025,33.3,12024.0
1730,Eda,1+2,2000,10.5,8664.0
1730,Eda,1+2,2001,10.5,8649.0
1730,Eda,1+2,2002,10.5,8670.0
1730,Eda,1+2,2003,10.5,8662.0
1730,Eda,1+2,2004,10.5,8646.0
1730,Eda,1+2,2005,10.4,8601.0
1730,Eda,1+2,2006,10.5,8670.0
1730,Eda,1+2,2007,10.5,8649.0
1730,Eda,1+2,2008,10.5,8653.0
1730,Eda,1+2,2009,10.4,8577.0
1730,Eda,1+2,2010,10.3,8524.0
1730,Eda,1+2,2011,10.3,8460.0
1730,Eda,1+2,2012,10.3,8496.0
1730,Eda,1+2,2013,10.3,8426.0
1730,Eda,1+2,2014,10.3,8453.0
1730,Eda,1+2,2015,10.4,8505.0
1730,Eda,1+2,2016,10.4,8526.0
1730,Eda,1+2,2017,10.5,8618.0
1730,Eda,1+2,2018,10.5,8575.0
1730,Eda,1+2,2019,10.4,8564.0
1730,Eda,1+2,2020,10.4,8550.0
1730,Eda,1+2,2021,10.4,8490.0
1730,Eda,1+2,2022,10.4,8535.0
1730,Eda,1+2,2023,10.4,8499.0
1730,Eda,1+2,2024,10.2,8412.0
1730,Eda,1+2,2025,10.1,8289.0
1737,Torsby,1+2,2000,3.3,13725.0
1737,Torsby,1+2,2001,3.2,13552.0
1737,Torsby,1+2,2002,3.2,13404.0
1737,Torsby,1+2,2003,3.2,13311.0
1737,Torsby,1+2,2004,3.1,13086.0
1737,Torsby,1+2,2005,3.1,12960.0
1737,Torsby,1+2,2006,3.1,12946.0
1737,Torsby,1+2,2007,3.1,12878.0
1737,Torsby,1+2,2008,3.0,12707.0
1737,Torsby,1+2,2009,3.0,12508.0
1737,Torsby,1+2,2010,3.0,12414.0
1737,Torsby,1+2,2011,3.0,12312.0
1737,Torsby,1+2,2012,2.9,12219.0
1737,Torsby,1+2,2013,2.9,12013.0
1737,Torsby,1+2,2014,2.9,11992.0
1737,Torsby,1+2,2015,2.9,11910.0
1737,Torsby,1+2,2016,2.9,12169.0
1737,Torsby,1+2,2017,2.9,11890.0
1737,Torsby,1+2,2018,2.8,11719.0
1737,Torsby,1+2,2019,2.8,11616.0
1737,Torsby,1+2,2020,2.8,11549.0
1737,Torsby,1+2,2021,2.8,11472.0
1737,Torsby,1+2,2022,2.7,11411.0
1737,Torsby,1+2,2023,2.7,11387.0
1737,Torsby,1+2,2024,2.7,11321.0
1737,Torsby,1+2,2025,2.7,11278.0
1760,Storfors,1+2,2000,12.0,4725.0
1760,Storfors,1+2,2001,11.8,4643.0
1760,Storfors,1+2,2002,11.7,4605.0
1760,Storfors,1+2,2003,11.6,4559.0
1760,Storfors,1+2,2004,11.6,4569.0
1760,Storfors,1+2,2005,11.5,4542.0
1760,Storfors,1+2,2006,11.5,4526.0
1760,Storfors,1+2,2007,11.4,4495.0
1760,Storfors,1+2,2008,11.1,4383.0
1760,Storfors,1+2,2009,11.1,4363.0
1760,Storfors,1+2,2010,10.9,4273.0
1760,Storfors,1+2,2011,10.8,4218.0
1760,Storfors,1+2,2012,10.6,4150.0
1760,Storfors,1+2,2013,10.6,4131.0
1760,Storfors,1+2,2014,10.5,4106.0
1760,Storfors,1+2,2015,10.3,4032.0
1760,Storfors,1+2,2016,10.3,4046.0
1760,Storfors,1+2,2017,10.5,4123.0
1760,Storfors,1+2,2018,10.4,4055.0
1760,Storfors,1+2,2019,10.2,4014.0
1760,Storfors,1+2,2020,10.2,3990.0
1760,Storfors,1+2,2021,10.1,3948.0
1760,Storfors,1+2,2022,9.9,3882.0
1760,Storfors,1+2,2023,9.7,3801.0
1760,Storfors,1+2,2024,9.6,3788.0
1760,Storfors,1+2,2025,9.6,3777.0
1761,Hammarö,1+2,2000,248.9,14162.0
1761,Hammarö,1+2,2001,248.2,14121.0
1761,Hammarö,1+2,2002,250.2,14237.0
1761,Hammarö,1+2,2003,251.4,14307.0
1761,Hammarö,1+2,2004,252.9,14390.0
1761,Hammarö,1+2,2005,252.6,14374.0
1761,Hammarö,1+2,2006,254.6,14489.0
1761,Hammarö,1+2,2007,255.7,14547.0
1761,Hammarö,1+2,2008,257.6,14655.0
1761,Hammarö,1+2,2009,260.7,14833.0
1761,Hammarö,1+2,2010,262.3,14926.0
1761,Hammarö,1+2,2011,250.8,14943.0
1761,Hammarö,1+2,2012,252.7,15061.0
1761,Hammarö,1+2,2013,254.0,15136.0
1761,Hammarö,1+2,2014,256.7,15256.0
1761,Hammarö,1+2,2015,259.4,15420.0
1761,Hammarö,1+2,2016,264.5,15725.0
1761,Hammarö,1+2,2017,272.1,16174.0
1761,Hammarö,1+2,2018,277.3,16483.0
1761,Hammarö,1+2,2019,278.7,16568.0
1761,Hammarö,1+2,2020,280.4,16668.0
1761,Hammarö,1+2,2021,282.0,16765.0
1761,Hammarö,1+2,2022,282.9,16820.0
1761,Hammarö,1+2,2023,283.3,16940.0
1761,Hammarö,1+2,2024,282.8,16992.0
1761,Hammarö,1+2,2025,281.8,16932.0
1762,Munkfors,1+2,2000,29.2,4162.0
1762,Munkfors,1+2,2001,29.1,4138.0
1762,Munkfors,1+2,2002,28.7,4086.0
1762,Munkfors,1+2,2003,28.6,4075.0
1762,Munkfors,1+2,2004,28.4,4039.0
1762,Munkfors,1+2,2005,28.1,3995.0
1762,Munkfors,1+2,2006,27.7,3936.0
1762,Munkfors,1+2,2007,27.3,3880.0
1762,Munkfors,1+2,2008,26.8,3814.0
1762,Munkfors,1+2,2009,26.6,3793.0
1762,Munkfors,1+2,2010,26.5,3771.0
1762,Munkfors,1+2,2011,26.1,3702.0
1762,Munkfors,1+2,2012,25.7,3642.0
1762,Munkfors,1+2,2013,25.8,3656.0
1762,Munkfors,1+2,2014,25.8,3656.0
1762,Munkfors,1+2,2015,25.9,3663.0
1762,Munkfors,1+2,2016,26.4,3738.0
1762,Munkfors,1+2,2017,26.6,3763.0
1762,Munkfors,1+2,2018,26.8,3789.0
1762,Munkfors,1+2,2019,26.4,3740.0
1762,Munkfors,1+2,2020,26.3,3725.0
1762,Munkfors,1+2,2021,26.0,3680.0
1762,Munkfors,1+2,2022,26.1,3701.0
1762,Munkfors,1+2,2023,25.9,3669.0
1762,Munkfors,1+2,2024,25.5,3625.0
1762,Munkfors,1+2,2025,25.6,3637.0
1763,Forshaga,1+2,2000,33.1,11589.0
1763,Forshaga,1+2,2001,32.8,11485.0
1763,Forshaga,1+2,2002,32.8,11474.0
1763,Forshaga,1+2,2003,32.7,11452.0
1763,Forshaga,1+2,2004,32.7,11460.0
1763,Forshaga,1+2,2005,32.9,11515.0
1763,Forshaga,1+2,2006,32.7,11466.0
1763,Forshaga,1+2,2007,32.7,11444.0
1763,Forshaga,1+2,2008,32.6,11415.0
1763,Forshaga,1+2,2009,32.5,11401.0
1763,Forshaga,1+2,2010,32.2,11266.0
1763,Forshaga,1+2,2011,32.3,11229.0
1763,Forshaga,1+2,2012,32.4,11311.0
1763,Forshaga,1+2,2013,32.4,11292.0
1763,Forshaga,1+2,2014,32.7,11379.0
1763,Forshaga,1+2,2015,32.7,11379.0
1763,Forshaga,1+2,2016,32.9,11451.0
1763,Forshaga,1+2,2017,33.1,11509.0
1763,Forshaga,1+2,2018,33.1,11518.0
1763,Forshaga,1+2,2019,33.0,11499.0
1763,Forshaga,1+2,2020,33.1,11524.0
1763,Forshaga,1+2,2021,33.3,11606.0
1763,Forshaga,1+2,2022,33.3,11578.0
1763,Forshaga,1+2,2023,33.1,11538.0
1763,Forshaga,1+2,2024,32.9,11520.0
1763,Forshaga,1+2,2025,32.7,11439.0
1764,Grums,1+2,2000,24.7,9551.0
1764,Grums,1+2,2001,24.4,9418.0
1764,Grums,1+2,2002,24.1,9312.0
1764,Grums,1+2,2003,24.3,9379.0
1764,Grums,1+2,2004,24.4,9423.0
1764,Grums,1+2,2005,24.4,9408.0
1764,Grums,1+2,2006,24.2,9332.0
1764,Grums,1+2,2007,24.1,9302.0
1764,Grums,1+2,2008,23.9,9250.0
1764,Grums,1+2,2009,23.7,9142.0
1764,Grums,1+2,2010,23.5,9091.0
1764,Grums,1+2,2011,23.3,9017.0
1764,Grums,1+2,2012,23.1,8939.0
1764,Grums,1+2,2013,23.1,8925.0
1764,Grums,1+2,2014,23.2,8958.0
1764,Grums,1+2,2015,23.2,8945.0
1764,Grums,1+2,2016,23.5,9063.0
1764,Grums,1+2,2017,23.3,9011.0
1764,Grums,1+2,2018,23.3,9016.0
1764,Grums,1+2,2019,23.4,9047.0
1764,Grums,1+2,2020,23.4,9043.0
1764,Grums,1+2,2021,23.5,9091.0
1764,Grums,1+2,2022,23.6,9105.0
1764,Grums,1+2,2023,23.4,9057.0
1764,Grums,1+2,2024,23.2,9004.0
1764,Grums,1+2,2025,22.8,8854.0
1765,Årjäng,1+2,2000,6.9,9790.0
1765,Årjäng,1+2,2001,6.9,9803.0
1765,Årjäng,1+2,2002,6.9,9743.0
1765,Årjäng,1+2,2003,6.9,9737.0
1765,Årjäng,1+2,2004,6.9,9799.0
1765,Årjäng,1+2,2005,6.9,9800.0
1765,Årjäng,1+2,2006,6.9,9821.0
1765,Årjäng,1+2,2007,7.0,9877.0
1765,Årjäng,1+2,2008,7.0,9952.0
1765,Årjäng,1+2,2009,7.0,9915.0
1765,Årjäng,1+2,2010,6.9,9855.0
1765,Årjäng,1+2,2011,7.0,9827.0
1765,Årjäng,1+2,2012,7.0,9864.0
1765,Årjäng,1+2,2013,7.1,9953.0
1765,Årjäng,1+2,2014,7.0,9804.0
1765,Årjäng,1+2,2015,7.0,9869.0
1765,Årjäng,1+2,2016,7.1,9958.0
1765,Årjäng,1+2,2017,7.1,9948.0
1765,Årjäng,1+2,2018,7.1,10011.0
1765,Årjäng,1+2,2019,7.1,10070.0
1765,Årjäng,1+2,2020,7.1,9996.0
1765,Årjäng,1+2,2021,7.1,9942.0
1765,Årjäng,1+2,2022,7.0,9914.0
1765,Årjäng,1+2,2023,7.0,9893.0
1765,Årjäng,1+2,2024,6.9,9825.0
1765,Årjäng,1+2,2025,6.9,9734.0
1766,Sunne,1+2,2000,10.5,13619.0
1766,Sunne,1+2,2001,10.5,13551.0
1766,Sunne,1+2,2002,10.5,13573.0
1766,Sunne,1+2,2003,10.5,13586.0
1766,Sunne,1+2,2004,10.5,13604.0
1766,Sunne,1+2,2005,10.5,13586.0
1766,Sunne,1+2,2006,10.5,13591.0
1766,Sunne,1+2,2007,10.5,13566.0
1766,Sunne,1+2,2008,10.4,13473.0
1766,Sunne,1+2,2009,10.3,13345.0
1766,Sunne,1+2,2010,10.2,13255.0
1766,Sunne,1+2,2011,10.2,13142.0
1766,Sunne,1+2,2012,10.1,13102.0
1766,Sunne,1+2,2013,10.1,13011.0
1766,Sunne,1+2,2014,10.2,13099.0
1766,Sunne,1+2,2015,10.3,13208.0
1766,Sunne,1+2,2016,10.4,13425.0
1766,Sunne,1+2,2017,10.3,13331.0
1766,Sunne,1+2,2018,10.3,13261.0
1766,Sunne,1+2,2019,10.3,13306.0
1766,Sunne,1+2,2020,10.4,13335.0
1766,Sunne,1+2,2021,10.4,13355.0
1766,Sunne,1+2,2022,10.4,13418.0
1766,Sunne,1+2,2023,10.4,13366.0
1766,Sunne,1+2,2024,10.3,13356.0
1766,Sunne,1+2,2025,10.3,13354.0
1780,Karlstad,1+2,2000,68.9,80323.0
1780,Karlstad,1+2,2001,69.3,80748.0
1780,Karlstad,1+2,2002,69.5,80934.0
1780,Karlstad,1+2,2003,69.8,81343.0
1780,Karlstad,1+2,2004,70.2,81768.0
1780,Karlstad,1+2,2005,70.5,82096.0
1780,Karlstad,1+2,2006,71.1,82878.0
1780,Karlstad,1+2,2007,71.8,83641.0
1780,Karlstad,1+2,2008,72.1,83994.0
1780,Karlstad,1+2,2009,72.7,84736.0
1780,Karlstad,1+2,2010,73.6,85753.0
1780,Karlstad,1+2,2011,73.9,86409.0
1780,Karlstad,1+2,2012,74.3,86929.0
1780,Karlstad,1+2,2013,75.1,87786.0
1780,Karlstad,1+2,2014,75.6,88350.0
1780,Karlstad,1+2,2015,76.4,89245.0
1780,Karlstad,1+2,2016,77.2,90198.0
1780,Karlstad,1+2,2017,78.0,91120.0
1780,Karlstad,1+2,2018,79.2,92497.0
1780,Karlstad,1+2,2019,80.4,93898.0
1780,Karlstad,1+2,2020,81.2,94828.0
1780,Karlstad,1+2,2021,81.7,95408.0
1780,Karlstad,1+2,2022,82.6,96466.0
1780,Karlstad,1+2,2023,83.2,97233.0
1780,Karlstad,1+2,2024,83.5,98084.0
1780,Karlstad,1+2,2025,84.3,99007.0
1781,Kristinehamn,1+2,2000,32.5,24297.0
1781,Kristinehamn,1+2,2001,32.0,23969.0
1781,Kristinehamn,1+2,2002,32.0,23963.0
1781,Kristinehamn,1+2,2003,32.0,23946.0
1781,Kristinehamn,1+2,2004,32.1,23990.0
1781,Kristinehamn,1+2,2005,32.0,23899.0
1781,Kristinehamn,1+2,2006,31.9,23848.0
1781,Kristinehamn,1+2,2007,32.0,23906.0
1781,Kristinehamn,1+2,2008,32.0,23958.0
1781,Kristinehamn,1+2,2009,32.0,23963.0
1781,Kristinehamn,1+2,2010,31.8,23808.0
1781,Kristinehamn,1+2,2011,31.5,23698.0
1781,Kristinehamn,1+2,2012,31.5,23729.0
1781,Kristinehamn,1+2,2013,31.8,23949.0
1781,Kristinehamn,1+2,2014,31.9,24114.0
1781,Kristinehamn,1+2,2015,32.1,24270.0
1781,Kristinehamn,1+2,2016,32.7,24671.0
1781,Kristinehamn,1+2,2017,32.6,24650.0
1781,Kristinehamn,1+2,2018,32.2,24336.0
1781,Kristinehamn,1+2,2019,32.1,24255.0
1781,Kristinehamn,1+2,2020,32.0,24190.0
1781,Kristinehamn,1+2,2021,31.9,24099.0
1781,Kristinehamn,1+2,2022,31.8,24053.0
1781,Kristinehamn,1+2,2023,31.5,23817.0
1781,Kristinehamn,1+2,2024,31.3,23756.0
1781,Kristinehamn,1+2,2025,31.0,23590.0
1782,Filipstad,1+2,2000,7.5,11598.0
1782,Filipstad,1+2,2001,7.4,11389.0
1782,Filipstad,1+2,2002,7.2,11178.0
1782,Filipstad,1+2,2003,7.2,11121.0
1782,Filipstad,1+2,2004,7.2,11081.0
1782,Filipstad,1+2,2005,7.1,11017.0
1782,Filipstad,1+2,2006,7.1,10952.0
1782,Filipstad,1+2,2007,7.0,10782.0
1782,Filipstad,1+2,2008,6.9,10682.0
1782,Filipstad,1+2,2009,6.9,10626.0
1782,Filipstad,1+2,2010,6.8,10562.0
1782,Filipstad,1+2,2011,6.9,10514.0
1782,Filipstad,1+2,2012,6.8,10549.0
1782,Filipstad,1+2,2013,6.9,10563.0
1782,Filipstad,1+2,2014,6.9,10613.0
1782,Filipstad,1+2,2015,6.9,10625.0
1782,Filipstad,1+2,2016,7.1,10960.0
1782,Filipstad,1+2,2017,7.0,10783.0
1782,Filipstad,1+2,2018,7.1,10837.0
1782,Filipstad,1+2,2019,6.9,10644.0
1782,Filipstad,1+2,2020,6.8,10503.0
1782,Filipstad,1+2,2021,6.8,10403.0
1782,Filipstad,1+2,2022,6.7,10315.0
1782,Filipstad,1+2,2023,6.5,10034.0
1782,Filipstad,1+2,2024,6.3,9776.0
1782,Filipstad,1+2,2025,6.2,9625.0
1783,Hagfors,1+2,2000,7.7,14059.0
1783,Hagfors,1+2,2001,7.6,13923.0
1783,Hagfors,1+2,2002,7.5,13797.0
1783,Hagfors,1+2,2003,7.4,13648.0
1783,Hagfors,1+2,2004,7.4,13496.0
1783,Hagfors,1+2,2005,7.3,13337.0
1783,Hagfors,1+2,2006,7.2,13127.0
1783,Hagfors,1+2,2007,7.1,12993.0
1783,Hagfors,1+2,2008,7.0,12804.0
1783,Hagfors,1+2,2009,6.9,12636.0
1783,Hagfors,1+2,2010,6.8,12480.0
1783,Hagfors,1+2,2011,6.7,12282.0
1783,Hagfors,1+2,2012,6.6,12170.0
1783,Hagfors,1+2,2013,6.6,12071.0
1783,Hagfors,1+2,2014,6.5,11921.0
1783,Hagfors,1+2,2015,6.5,11824.0
1783,Hagfors,1+2,2016,6.5,11917.0
1783,Hagfors,1+2,2017,6.5,11782.0
1783,Hagfors,1+2,2018,6.4,11698.0
1783,Hagfors,1+2,2019,6.4,11606.0
1783,Hagfors,1+2,2020,6.3,11517.0
1783,Hagfors,1+2,2021,6.3,11553.0
1783,Hagfors,1+2,2022,6.4,11589.0
1783,Hagfors,1+2,2023,6.3,11536.0
1783,Hagfors,1+2,2024,6.2,11418.0
1783,Hagfors,1+2,2025,6.2,11324.0
1784,Arvika,1+2,2000,15.8,26188.0
1784,Arvika,1+2,2001,15.8,26192.0
1784,Arvika,1+2,2002,15.8,26262.0
1784,Arvika,1+2,2003,15.9,26302.0
1784,Arvika,1+2,2004,15.8,26275.0
1784,Arvika,1+2,2005,15.8,26265.0
1784,Arvika,1+2,2006,15.7,26131.0
1784,Arvika,1+2,2007,15.8,26250.0
1784,Arvika,1+2,2008,15.8,26176.0
1784,Arvika,1+2,2009,15.7,26100.0
1784,Arvika,1+2,2010,15.7,26034.0
1784,Arvika,1+2,2011,15.7,25907.0
1784,Arvika,1+2,2012,15.6,25829.0
1784,Arvika,1+2,2013,15.7,25817.0
1784,Arvika,1+2,2014,15.6,25771.0
1784,Arvika,1+2,2015,15.7,25841.0
1784,Arvika,1+2,2016,15.8,26054.0
1784,Arvika,1+2,2017,15.8,26060.0
1784,Arvika,1+2,2018,15.8,26082.0
1784,Arvika,1+2,2019,15.8,26045.0
1784,Arvika,1+2,2020,15.7,25932.0
1784,Arvika,1+2,2021,15.7,25854.0
1784,Arvika,1+2,2022,15.7,25832.0
1784,Arvika,1+2,2023,15.6,25682.0
1784,Arvika,1+2,2024,15.4,25547.0
1784,Arvika,1+2,2025,15.3,25408.0
1785,Säffle,1+2,2000,13.6,16639.0
1785,Säffle,1+2,2001,13.5,16428.0
1785,Säffle,1+2,2002,13.3,16289.0
1785,Säffle,1+2,2003,13.3,16244.0
1785,Säffle,1+2,2004,13.2,16077.0
1785,Säffle,1+2,2005,13.2,16080.0
1785,Säffle,1+2,2006,13.1,15973.0
1785,Säffle,1+2,2007,13.0,15868.0
1785,Säffle,1+2,2008,12.9,15784.0
1785,Säffle,1+2,2009,12.8,15602.0
1785,Säffle,1+2,2010,12.7,15547.0
1785,Säffle,1+2,2011,12.6,15394.0
1785,Säffle,1+2,2012,12.5,15308.0
1785,Säffle,1+2,2013,12.5,15276.0
1785,Säffle,1+2,2014,12.6,15334.0
1785,Säffle,1+2,2015,12.6,15366.0
1785,Säffle,1+2,2016,12.8,15633.0
1785,Säffle,1+2,2017,12.9,15727.0
1785,Säffle,1+2,2018,12.8,15643.0
1785,Säffle,1+2,2019,12.7,15455.0
1785,Säffle,1+2,2020,12.6,15420.0
1785,Säffle,1+2,2021,12.6,15396.0
1785,Säffle,1+2,2022,12.5,15242.0
1785,Säffle,1+2,2023,12.2,15011.0
1785,Säffle,1+2,2024,12.1,14899.0
1785,Säffle,1+2,2025,12.0,14756.0
1814,Lekeberg,1+2,2000,15.0,7008.0
1814,Lekeberg,1+2,2001,15.1,7033.0
1814,Lekeberg,1+2,2002,15.1,7027.0
1814,Lekeberg,1+2,2003,15.1,7040.0
1814,Lekeberg,1+2,2004,15.2,7061.0
1814,Lekeberg,1+2,2005,15.2,7081.0
1814,Lekeberg,1+2,2006,15.2,7096.0
1814,Lekeberg,1+2,2007,15.2,7097.0
1814,Lekeberg,1+2,2008,15.3,7111.0
1814,Lekeberg,1+2,2009,15.3,7123.0
1814,Lekeberg,1+2,2010,15.3,7134.0
1814,Lekeberg,1+2,2011,15.6,7223.0
1814,Lekeberg,1+2,2012,15.7,7298.0
1814,Lekeberg,1+2,2013,15.7,7289.0
1814,Lekeberg,1+2,2014,15.9,7363.0
1814,Lekeberg,1+2,2015,16.2,7492.0
1814,Lekeberg,1+2,2016,16.5,7636.0
1814,Lekeberg,1+2,2017,17.0,7868.0
1814,Lekeberg,1+2,2018,17.5,8116.0
1814,Lekeberg,1+2,2019,17.8,8234.0
1814,Lekeberg,1+2,2020,18.3,8472.0
1814,Lekeberg,1+2,2021,18.6,8603.0
1814,Lekeberg,1+2,2022,18.9,8756.0
1814,Lekeberg,1+2,2023,18.6,8606.0
1814,Lekeberg,1+2,2024,18.5,8606.0
1814,Lekeberg,1+2,2025,18.5,8608.0
1860,Laxå,1+2,2000,11.1,6699.0
1860,Laxå,1+2,2001,10.9,6577.0
1860,Laxå,1+2,2002,10.7,6471.0
1860,Laxå,1+2,2003,10.5,6366.0
1860,Laxå,1+2,2004,10.4,6267.0
1860,Laxå,1+2,2005,10.1,6136.0
1860,Laxå,1+2,2006,10.0,6046.0
1860,Laxå,1+2,2007,9.8,5922.0
1860,Laxå,1+2,2008,9.7,5870.0
1860,Laxå,1+2,2009,9.6,5786.0
1860,Laxå,1+2,2010,9.4,5686.0
1860,Laxå,1+2,2011,9.3,5622.0
1860,Laxå,1+2,2012,9.2,5552.0
1860,Laxå,1+2,2013,9.3,5580.0
1860,Laxå,1+2,2014,9.4,5664.0
1860,Laxå,1+2,2015,9.4,5656.0
1860,Laxå,1+2,2016,9.5,5709.0
1860,Laxå,1+2,2017,9.4,5643.0
1860,Laxå,1+2,2018,9.4,5637.0
1860,Laxå,1+2,2019,9.4,5683.0
1860,Laxå,1+2,2020,9.4,5659.0
1860,Laxå,1+2,2021,9.3,5582.0
1860,Laxå,1+2,2022,9.3,5576.0
1860,Laxå,1+2,2023,9.1,5497.0
1860,Laxå,1+2,2024,9.0,5423.0
1860,Laxå,1+2,2025,8.9,5397.0
1861,Hallsberg,1+2,2000,24.5,15685.0
1861,Hallsberg,1+2,2001,24.4,15627.0
1861,Hallsberg,1+2,2002,24.4,15651.0
1861,Hallsberg,1+2,2003,24.4,15589.0
1861,Hallsberg,1+2,2004,24.1,15401.0
1861,Hallsberg,1+2,2005,23.9,15315.0
1861,Hallsberg,1+2,2006,23.9,15287.0
1861,Hallsberg,1+2,2007,23.9,15268.0
1861,Hallsberg,1+2,2008,23.8,15256.0
1861,Hallsberg,1+2,2009,23.8,15235.0
1861,Hallsberg,1+2,2010,23.9,15275.0
1861,Hallsberg,1+2,2011,23.9,15248.0
1861,Hallsberg,1+2,2012,24.0,15283.0
1861,Hallsberg,1+2,2013,24.0,15267.0
1861,Hallsberg,1+2,2014,24.1,15315.0
1861,Hallsberg,1+2,2015,24.4,15509.0
1861,Hallsberg,1+2,2016,24.6,15649.0
1861,Hallsberg,1+2,2017,25.0,15932.0
1861,Hallsberg,1+2,2018,25.1,15954.0
1861,Hallsberg,1+2,2019,25.0,15932.0
1861,Hallsberg,1+2,2020,25.1,15990.0
1861,Hallsberg,1+2,2021,25.4,16196.0
1861,Hallsberg,1+2,2022,25.6,16290.0
1861,Hallsberg,1+2,2023,25.5,16232.0
1861,Hallsberg,1+2,2024,25.2,16120.0
1861,Hallsberg,1+2,2025,25.1,16082.0
1862,Degerfors,1+2,2000,27.3,10544.0
1862,Degerfors,1+2,2001,27.1,10433.0
1862,Degerfors,1+2,2002,26.7,10306.0
1862,Degerfors,1+2,2003,26.4,10181.0
1862,Degerfors,1+2,2004,26.2,10106.0
1862,Degerfors,1+2,2005,26.2,10093.0
1862,Degerfors,1+2,2006,26.0,10014.0
1862,Degerfors,1+2,2007,25.7,9903.0
1862,Degerfors,1+2,2008,25.5,9839.0
1862,Degerfors,1+2,2009,25.2,9709.0
1862,Degerfors,1+2,2010,25.0,9641.0
1862,Degerfors,1+2,2011,24.9,9551.0
1862,Degerfors,1+2,2012,24.6,9477.0
1862,Degerfors,1+2,2013,24.7,9500.0
1862,Degerfors,1+2,2014,24.8,9531.0
1862,Degerfors,1+2,2015,24.9,9543.0
1862,Degerfors,1+2,2016,25.0,9609.0
1862,Degerfors,1+2,2017,25.2,9668.0
1862,Degerfors,1+2,2018,25.2,9665.0
1862,Degerfors,1+2,2019,25.2,9666.0
1862,Degerfors,1+2,2020,25.1,9631.0
1862,Degerfors,1+2,2021,24.8,9534.0
1862,Degerfors,1+2,2022,24.8,9530.0
1862,Degerfors,1+2,2023,24.4,9357.0
1862,Degerfors,1+2,2024,24.1,9278.0
1862,Degerfors,1+2,2025,23.9,9237.0
1863,Hällefors,1+2,2000,8.1,8025.0
1863,Hällefors,1+2,2001,8.0,7879.0
1863,Hällefors,1+2,2002,7.9,7794.0
1863,Hällefors,1+2,2003,7.8,7712.0
1863,Hällefors,1+2,2004,7.8,7688.0
1863,Hällefors,1+2,2005,7.7,7627.0
1863,Hällefors,1+2,2006,7.6,7539.0
1863,Hällefors,1+2,2007,7.6,7475.0
1863,Hällefors,1+2,2008,7.4,7361.0
1863,Hällefors,1+2,2009,7.4,7333.0
1863,Hällefors,1+2,2010,7.3,7220.0
1863,Hällefors,1+2,2011,7.2,7140.0
1863,Hällefors,1+2,2012,7.0,6988.0
1863,Hällefors,1+2,2013,7.1,6982.0
1863,Hällefors,1+2,2014,7.0,6936.0
1863,Hällefors,1+2,2015,7.1,7032.0
1863,Hällefors,1+2,2016,7.2,7138.0
1863,Hällefors,1+2,2017,7.2,7109.0
1863,Hällefors,1+2,2018,7.1,6983.0
1863,Hällefors,1+2,2019,7.1,7013.0
1863,Hällefors,1+2,2020,7.0,6896.0
1863,Hällefors,1+2,2021,7.0,6849.0
1863,Hällefors,1+2,2022,6.8,6656.0
1863,Hällefors,1+2,2023,6.6,6495.0
1863,Hällefors,1+2,2024,6.4,6321.0
1863,Hällefors,1+2,2025,6.3,6269.0
1864,Ljusnarsberg,1+2,2000,9.8,5651.0
1864,Ljusnarsberg,1+2,2001,9.6,5536.0
1864,Ljusnarsberg,1+2,2002,9.5,5482.0
1864,Ljusnarsberg,1+2,2003,9.4,5415.0
1864,Ljusnarsberg,1+2,2004,9.3,5389.0
1864,Ljusnarsberg,1+2,2005,9.2,5317.0
1864,Ljusnarsberg,1+2,2006,9.1,5243.0
1864,Ljusnarsberg,1+2,2007,9.0,5188.0
1864,Ljusnarsberg,1+2,2008,8.9,5129.0
1864,Ljusnarsberg,1+2,2009,8.7,5055.0
1864,Ljusnarsberg,1+2,2010,8.5,4931.0
1864,Ljusnarsberg,1+2,2011,8.5,4870.0
1864,Ljusnarsberg,1+2,2012,8.4,4848.0
1864,Ljusnarsberg,1+2,2013,8.5,4875.0
1864,Ljusnarsberg,1+2,2014,8.5,4913.0
1864,Ljusnarsberg,1+2,2015,8.6,4928.0
1864,Ljusnarsberg,1+2,2016,8.7,5006.0
1864,Ljusnarsberg,1+2,2017,8.6,4942.0
1864,Ljusnarsberg,1+2,2018,8.4,4846.0
1864,Ljusnarsberg,1+2,2019,8.3,4771.0
1864,Ljusnarsberg,1+2,2020,8.1,4674.0
1864,Ljusnarsberg,1+2,2021,8.0,4604.0
1864,Ljusnarsberg,1+2,2022,7.8,4517.0
1864,Ljusnarsberg,1+2,2023,7.7,4407.0
1864,Ljusnarsberg,1+2,2024,7.6,4369.0
1864,Ljusnarsberg,1+2,2025,7.4,4290.0
1880,Örebro,1+2,2000,90.0,124207.0
1880,Örebro,1+2,2001,90.5,124873.0
1880,Örebro,1+2,2002,90.9,125520.0
1880,Örebro,1+2,2003,91.5,126288.0
1880,Örebro,1+2,2004,92.0,126982.0
1880,Örebro,1+2,2005,92.6,127733.0
1880,Örebro,1+2,2006,93.5,128977.0
1880,Örebro,1+2,2007,94.5,130429.0
1880,Örebro,1+2,2008,95.8,132277.0
1880,Örebro,1+2,2009,97.1,134006.0
1880,Örebro,1+2,2010,98.1,135460.0
1880,Örebro,1+2,2011,99.9,137121.0
1880,Örebro,1+2,2012,101.1,138952.0
1880,Örebro,1+2,2013,102.4,140599.0
1880,Örebro,1+2,2014,103.9,142618.0
1880,Örebro,1+2,2015,105.0,144200.0
1880,Örebro,1+2,2016,106.8,146631.0
1880,Örebro,1+2,2017,109.5,150291.0
1880,Örebro,1+2,2018,111.7,153367.0
1880,Örebro,1+2,2019,113.4,155696.0
1880,Örebro,1+2,2020,113.9,156381.0
1880,Örebro,1+2,2021,114.3,156987.0
1880,Örebro,1+2,2022,115.1,158057.0
1880,Örebro,1+2,2023,116.1,159348.0
1880,Örebro,1+2,2024,116.2,160140.0
1880,Örebro,1+2,2025,116.6,160687.0
1881,Kumla,1+2,2000,92.4,18983.0
1881,Kumla,1+2,2001,92.2,18935.0
1881,Kumla,1+2,2002,93.0,19105.0
1881,Kumla,1+2,2003,93.9,19279.0
1881,Kumla,1+2,2004,94.4,19383.0
1881,Kumla,1+2,2005,94.8,19473.0
1881,Kumla,1+2,2006,95.7,19643.0
1881,Kumla,1+2,2007,96.7,19852.0
1881,Kumla,1+2,2008,98.2,20157.0
1881,Kumla,1+2,2009,98.4,20214.0
1881,Kumla,1+2,2010,99.6,20456.0
1881,Kumla,1+2,2011,100.5,20510.0
1881,Kumla,1+2,2012,101.5,20738.0
1881,Kumla,1+2,2013,102.4,20904.0
1881,Kumla,1+2,2014,102.9,21016.0
1881,Kumla,1+2,2015,103.6,21154.0
1881,Kumla,1+2,2016,104.5,21334.0
1881,Kumla,1+2,2017,105.3,21506.0
1881,Kumla,1+2,2018,106.2,21640.0
1881,Kumla,1+2,2019,106.7,21738.0
1881,Kumla,1+2,2020,107.3,21862.0
1881,Kumla,1+2,2021,108.7,22144.0
1881,Kumla,1+2,2022,110.4,22479.0
1881,Kumla,1+2,2023,110.6,22516.0
1881,Kumla,1+2,2024,110.9,22681.0
1881,Kumla,1+2,2025,110.8,22665.0
1882,Askersund,1+2,2000,14.1,11530.0
1882,Askersund,1+2,2001,14.0,11483.0
1882,Askersund,1+2,2002,14.0,11449.0
1882,Askersund,1+2,2003,14.1,11539.0
1882,Askersund,1+2,2004,14.0,11477.0
1882,Askersund,1+2,2005,14.0,11461.0
1882,Askersund,1+2,2006,14.0,11470.0
1882,Askersund,1+2,2007,13.9,11394.0
1882,Askersund,1+2,2008,13.9,11386.0
1882,Askersund,1+2,2009,13.8,11307.0
1882,Askersund,1+2,2010,13.8,11278.0
1882,Askersund,1+2,2011,13.6,11134.0
1882,Askersund,1+2,2012,13.4,11011.0
1882,Askersund,1+2,2013,13.6,11096.0
1882,Askersund,1+2,2014,13.6,11119.0
1882,Askersund,1+2,2015,13.7,11151.0
1882,Askersund,1+2,2016,13.8,11282.0
1882,Askersund,1+2,2017,13.7,11175.0
1882,Askersund,1+2,2018,13.9,11313.0
1882,Askersund,1+2,2019,13.9,11377.0
1882,Askersund,1+2,2020,14.0,11471.0
1882,Askersund,1+2,2021,14.1,11534.0
1882,Askersund,1+2,2022,14.1,11497.0
1882,Askersund,1+2,2023,14.1,11478.0
1882,Askersund,1+2,2024,14.0,11477.0
1882,Askersund,1+2,2025,13.9,11382.0
1883,Karlskoga,1+2,2000,66.5,31293.0
1883,Karlskoga,1+2,2001,65.5,30832.0
1883,Karlskoga,1+2,2002,65.0,30600.0
1883,Karlskoga,1+2,2003,64.9,30532.0
1883,Karlskoga,1+2,2004,64.5,30343.0
1883,Karlskoga,1+2,2005,64.1,30185.0
1883,Karlskoga,1+2,2006,64.1,30159.0
1883,Karlskoga,1+2,2007,63.7,29988.0
1883,Karlskoga,1+2,2008,63.5,29872.0
1883,Karlskoga,1+2,2009,63.2,29742.0
1883,Karlskoga,1+2,2010,63.0,29668.0
1883,Karlskoga,1+2,2011,63.3,29616.0
1883,Karlskoga,1+2,2012,63.2,29631.0
1883,Karlskoga,1+2,2013,63.5,29728.0
1883,Karlskoga,1+2,2014,64.2,30054.0
1883,Karlskoga,1+2,2015,64.7,30283.0
1883,Karlskoga,1+2,2016,65.2,30538.0
1883,Karlskoga,1+2,2017,65.0,30413.0
1883,Karlskoga,1+2,2018,65.0,30419.0
1883,Karlskoga,1+2,2019,64.9,30381.0
1883,Karlskoga,1+2,2020,64.6,30263.0
1883,Karlskoga,1+2,2021,65.0,30437.0
1883,Karlskoga,1+2,2022,64.7,30278.0
1883,Karlskoga,1+2,2023,64.6,30261.0
1883,Karlskoga,1+2,2024,64.1,30180.0
1883,Karlskoga,1+2,2025,64.0,30128.0
1884,Nora,1+2,2000,16.8,10465.0
1884,Nora,1+2,2001,16.8,10456.0
1884,Nora,1+2,2002,16.9,10515.0
1884,Nora,1+2,2003,17.0,10552.0
1884,Nora,1+2,2004,16.9,10523.0
1884,Nora,1+2,2005,16.8,10472.0
1884,Nora,1+2,2006,16.9,10482.0
1884,Nora,1+2,2007,16.8,10447.0
1884,Nora,1+2,2008,16.7,10375.0
1884,Nora,1+2,2009,16.6,10343.0
1884,Nora,1+2,2010,16.8,10447.0
1884,Nora,1+2,2011,16.9,10429.0
1884,Nora,1+2,2012,16.7,10356.0
1884,Nora,1+2,2013,16.8,10399.0
1884,Nora,1+2,2014,16.7,10352.0
1884,Nora,1+2,2015,17.0,10502.0
1884,Nora,1+2,2016,17.2,10665.0
1884,Nora,1+2,2017,17.4,10747.0
1884,Nora,1+2,2018,17.4,10737.0
1884,Nora,1+2,2019,17.3,10726.0
1884,Nora,1+2,2020,17.3,10686.0
1884,Nora,1+2,2021,17.3,10721.0
1884,Nora,1+2,2022,17.3,10701.0
1884,Nora,1+2,2023,17.2,10627.0
1884,Nora,1+2,2024,17.1,10639.0
1884,Nora,1+2,2025,17.1,10603.0
1885,Lindesberg,1+2,2000,17.0,23525.0
1885,Lindesberg,1+2,2001,17.0,23473.0
1885,Lindesberg,1+2,2002,17.0,23492.0
1885,Lindesberg,1+2,2003,17.0,23442.0
1885,Lindesberg,1+2,2004,16.8,23300.0
1885,Lindesberg,1+2,2005,16.8,23228.0
1885,Lindesberg,1+2,2006,16.7,23074.0
1885,Lindesberg,1+2,2007,16.7,23104.0
1885,Lindesberg,1+2,2008,16.7,23099.0
1885,Lindesberg,1+2,2009,16.7,23029.0
1885,Lindesberg,1+2,2010,16.7,23034.0
1885,Lindesberg,1+2,2011,16.8,23108.0
1885,Lindesberg,1+2,2012,16.6,22979.0
1885,Lindesberg,1+2,2013,16.8,23176.0
1885,Lindesberg,1+2,2014,16.9,23269.0
1885,Lindesberg,1+2,2015,17.1,23562.0
1885,Lindesberg,1+2,2016,17.2,23744.0
1885,Lindesberg,1+2,2017,17.1,23613.0
1885,Lindesberg,1+2,2018,17.1,23575.0
1885,Lindesberg,1+2,2019,17.1,23588.0
1885,Lindesberg,1+2,2020,17.2,23658.0
1885,Lindesberg,1+2,2021,17.1,23601.0
1885,Lindesberg,1+2,2022,17.0,23435.0
1885,Lindesberg,1+2,2023,16.9,23292.0
1885,Lindesberg,1+2,2024,16.7,23141.0
1885,Lindesberg,1+2,2025,16.6,23014.0
1904,Skinnskatteberg,1+2,2000,7.3,4855.0
1904,Skinnskatteberg,1+2,2001,7.3,4837.0
1904,Skinnskatteberg,1+2,2002,7.2,4785.0
1904,Skinnskatteberg,1+2,2003,7.3,4857.0
1904,Skinnskatteberg,1+2,2004,7.3,4829.0
1904,Skinnskatteberg,1+2,2005,7.2,4761.0
1904,Skinnskatteberg,1+2,2006,7.2,4752.0
1904,Skinnskatteberg,1+2,2007,7.1,4686.0
1904,Skinnskatteberg,1+2,2008,7.0,4622.0
1904,Skinnskatteberg,1+2,2009,6.9,4567.0
1904,Skinnskatteberg,1+2,2010,6.7,4445.0
1904,Skinnskatteberg,1+2,2011,6.7,4412.0
1904,Skinnskatteberg,1+2,2012,6.6,4392.0
1904,Skinnskatteberg,1+2,2013,6.7,4411.0
1904,Skinnskatteberg,1+2,2014,6.7,4434.0
1904,Skinnskatteberg,1+2,2015,6.8,4472.0
1904,Skinnskatteberg,1+2,2016,6.7,4429.0
1904,Skinnskatteberg,1+2,2017,6.7,4431.0
1904,Skinnskatteberg,1+2,2018,6.7,4429.0
1904,Skinnskatteberg,1+2,2019,6.7,4393.0
1904,Skinnskatteberg,1+2,2020,6.6,4366.0
1904,Skinnskatteberg,1+2,2021,6.6,4371.0
1904,Skinnskatteberg,1+2,2022,6.7,4402.0
1904,Skinnskatteberg,1+2,2023,6.6,4348.0
1904,Skinnskatteberg,1+2,2024,6.4,4256.0
1904,Skinnskatteberg,1+2,2025,6.4,4234.0
1907,Surahammar,1+2,2000,30.0,10340.0
1907,Surahammar,1+2,2001,29.7,10246.0
1907,Surahammar,1+2,2002,29.6,10207.0
1907,Surahammar,1+2,2003,29.6,10200.0
1907,Surahammar,1+2,2004,29.7,10249.0
1907,Surahammar,1+2,2005,29.6,10196.0
1907,Surahammar,1+2,2006,29.3,10109.0
1907,Surahammar,1+2,2007,29.3,10122.0
1907,Surahammar,1+2,2008,29.2,10062.0
1907,Surahammar,1+2,2009,28.9,9980.0
1907,Surahammar,1+2,2010,28.8,9949.0
1907,Surahammar,1+2,2011,28.7,9871.0
1907,Surahammar,1+2,2012,28.7,9890.0
1907,Surahammar,1+2,2013,28.6,9834.0
1907,Surahammar,1+2,2014,28.8,9918.0
1907,Surahammar,1+2,2015,29.0,9985.0
1907,Surahammar,1+2,2016,29.2,10059.0
1907,Surahammar,1+2,2017,29.2,10037.0
1907,Surahammar,1+2,2018,29.3,10088.0
1907,Surahammar,1+2,2019,29.4,10106.0
1907,Surahammar,1+2,2020,29.3,10092.0
1907,Surahammar,1+2,2021,29.4,10099.0
1907,Surahammar,1+2,2022,29.2,10033.0
1907,Surahammar,1+2,2023,28.9,9934.0
1907,Surahammar,1+2,2024,28.5,9845.0
1907,Surahammar,1+2,2025,28.2,9733.0
1960,Kungsör,1+2,2000,40.1,8148.0
1960,Kungsör,1+2,2001,40.3,8185.0
1960,Kungsör,1+2,2002,40.4,8222.0
1960,Kungsör,1+2,2003,40.5,8235.0
1960,Kungsör,1+2,2004,40.8,8287.0
1960,Kungsör,1+2,2005,40.8,8303.0
1960,Kungsör,1+2,2006,40.4,8211.0
1960,Kungsör,1+2,2007,40.4,8219.0
1960,Kungsör,1+2,2008,40.2,8170.0
1960,Kungsör,1+2,2009,39.9,8116.0
1960,Kungsör,1+2,2010,39.8,8089.0
1960,Kungsör,1+2,2011,39.9,8086.0
1960,Kungsör,1+2,2012,39.6,8030.0
1960,Kungsör,1+2,2013,40.3,8175.0
1960,Kungsör,1+2,2014,40.8,8269.0
1960,Kungsör,1+2,2015,41.2,8343.0
1960,Kungsör,1+2,2016,41.6,8432.0
1960,Kungsör,1+2,2017,42.5,8603.0
1960,Kungsör,1+2,2018,42.8,8667.0
1960,Kungsör,1+2,2019,42.8,8675.0
1960,Kungsör,1+2,2020,43.2,8745.0
1960,Kungsör,1+2,2021,43.4,8787.0
1960,Kungsör,1+2,2022,43.2,8762.0
1960,Kungsör,1+2,2023,42.7,8643.0
1960,Kungsör,1+2,2024,42.7,8694.0
1960,Kungsör,1+2,2025,42.0,8550.0
1961,Hallstahammar,1+2,2000,88.1,15064.0
1961,Hallstahammar,1+2,2001,88.0,15052.0
1961,Hallstahammar,1+2,2002,87.6,14986.0
1961,Hallstahammar,1+2,2003,87.9,15039.0
1961,Hallstahammar,1+2,2004,87.9,15038.0
1961,Hallstahammar,1+2,2005,87.4,14955.0
1961,Hallstahammar,1+2,2006,87.9,15042.0
1961,Hallstahammar,1+2,2007,87.9,15040.0
1961,Hallstahammar,1+2,2008,87.8,15014.0
1961,Hallstahammar,1+2,2009,88.4,15127.0
1961,Hallstahammar,1+2,2010,88.7,15175.0
1961,Hallstahammar,1+2,2011,89.2,15224.0
1961,Hallstahammar,1+2,2012,89.9,15346.0
1961,Hallstahammar,1+2,2013,91.6,15524.0
1961,Hallstahammar,1+2,2014,92.0,15596.0
1961,Hallstahammar,1+2,2015,92.3,15645.0
1961,Hallstahammar,1+2,2016,93.5,15843.0
1961,Hallstahammar,1+2,2017,94.4,15998.0
1961,Hallstahammar,1+2,2018,95.5,16186.0
1961,Hallstahammar,1+2,2019,96.4,16346.0
1961,Hallstahammar,1+2,2020,96.7,16400.0
1961,Hallstahammar,1+2,2021,98.0,16608.0
1961,Hallstahammar,1+2,2022,98.6,16711.0
1961,Hallstahammar,1+2,2023,98.2,16654.0
1961,Hallstahammar,1+2,2024,97.7,16653.0
1961,Hallstahammar,1+2,2025,97.4,16600.0
1962,Norberg,1+2,2000,14.1,5939.0
1962,Norberg,1+2,2001,14.1,5928.0
1962,Norberg,1+2,2002,14.0,5876.0
1962,Norberg,1+2,2003,14.1,5930.0
1962,Norberg,1+2,2004,14.1,5949.0
1962,Norberg,1+2,2005,13.9,5866.0
1962,Norberg,1+2,2006,13.9,5843.0
1962,Norberg,1+2,2007,13.8,5788.0
1962,Norberg,1+2,2008,13.7,5749.0
1962,Norberg,1+2,2009,13.7,5730.0
1962,Norberg,1+2,2010,13.6,5723.0
1962,Norberg,1+2,2011,13.7,5725.0
1962,Norberg,1+2,2012,13.4,5630.0
1962,Norberg,1+2,2013,13.4,5608.0
1962,Norberg,1+2,2014,13.7,5719.0
1962,Norberg,1+2,2015,13.9,5803.0
1962,Norberg,1+2,2016,13.9,5795.0
1962,Norberg,1+2,2017,13.9,5796.0
1962,Norberg,1+2,2018,13.9,5795.0
1962,Norberg,1+2,2019,13.6,5690.0
1962,Norberg,1+2,2020,13.7,5729.0
1962,Norberg,1+2,2021,13.7,5714.0
1962,Norberg,1+2,2022,13.5,5627.0
1962,Norberg,1+2,2023,13.2,5517.0
1962,Norberg,1+2,2024,13.0,5452.0
1962,Norberg,1+2,2025,12.7,5351.0
1980,Västerås,1+2,2000,131.3,126328.0
1980,Västerås,1+2,2001,132.8,127799.0
1980,Västerås,1+2,2002,133.9,128902.0
1980,Västerås,1+2,2003,135.0,129987.0
1980,Västerås,1+2,2004,136.1,131014.0
1980,Västerås,1+2,2005,137.0,131934.0
1980,Västerås,1+2,2006,138.1,132920.0
1980,Västerås,1+2,2007,138.9,133728.0
1980,Västerås,1+2,2008,139.9,134684.0
1980,Västerås,1+2,2009,141.2,135936.0
1980,Västerås,1+2,2010,142.5,137207.0
1980,Västerås,1+2,2011,144.8,138709.0
1980,Västerås,1+2,2012,146.6,140499.0
1980,Västerås,1+2,2013,148.2,142131.0
1980,Västerås,1+2,2014,149.9,143702.0
1980,Västerås,1+2,2015,151.5,145218.0
1980,Västerås,1+2,2016,153.7,147420.0
1980,Västerås,1+2,2017,156.6,150134.0
1980,Västerås,1+2,2018,158.7,152078.0
1980,Västerås,1+2,2019,160.7,154049.0
1980,Västerås,1+2,2020,162.3,155551.0
1980,Västerås,1+2,2021,163.7,156838.0
1980,Västerås,1+2,2022,165.5,158653.0
1980,Västerås,1+2,2023,166.7,159662.0
1980,Västerås,1+2,2024,166.9,160634.0
1980,Västerås,1+2,2025,167.5,161240.0
1981,Sala,1+2,2000,18.3,21548.0
1981,Sala,1+2,2001,18.3,21535.0
1981,Sala,1+2,2002,18.4,21663.0
1981,Sala,1+2,2003,18.5,21742.0
1981,Sala,1+2,2004,18.3,21554.0
1981,Sala,1+2,2005,18.3,21446.0
1981,Sala,1+2,2006,18.2,21360.0
1981,Sala,1+2,2007,18.2,21412.0
1981,Sala,1+2,2008,18.2,21365.0
1981,Sala,1+2,2009,18.3,21499.0
1981,Sala,1+2,2010,18.3,21535.0
1981,Sala,1+2,2011,18.5,21568.0
1981,Sala,1+2,2012,18.5,21596.0
1981,Sala,1+2,2013,18.7,21769.0
1981,Sala,1+2,2014,18.8,21925.0
1981,Sala,1+2,2015,18.9,22109.0
1981,Sala,1+2,2016,19.2,22353.0
1981,Sala,1+2,2017,19.4,22631.0
1981,Sala,1+2,2018,19.6,22816.0
1981,Sala,1+2,2019,19.6,22894.0
1981,Sala,1+2,2020,19.6,22867.0
1981,Sala,1+2,2021,19.7,22998.0
1981,Sala,1+2,2022,19.7,22981.0
1981,Sala,1+2,2023,19.6,22853.0
1981,Sala,1+2,2024,19.5,22843.0
1981,Sala,1+2,2025,19.3,22600.0
1982,Fagersta,1+2,2000,45.7,12381.0
1982,Fagersta,1+2,2001,45.3,12270.0
1982,Fagersta,1+2,2002,45.5,12325.0
1982,Fagersta,1+2,2003,45.6,12334.0
1982,Fagersta,1+2,2004,45.2,12231.0
1982,Fagersta,1+2,2005,45.3,12270.0
1982,Fagersta,1+2,2006,45.1,12202.0
1982,Fagersta,1+2,2007,45.0,12183.0
1982,Fagersta,1+2,2008,45.3,12267.0
1982,Fagersta,1+2,2009,45.2,12249.0
1982,Fagersta,1+2,2010,46.0,12443.0
1982,Fagersta,1+2,2011,46.7,12553.0
1982,Fagersta,1+2,2012,46.9,12634.0
1982,Fagersta,1+2,2013,47.8,12872.0
1982,Fagersta,1+2,2014,48.8,13133.0
1982,Fagersta,1+2,2015,49.4,13286.0
1982,Fagersta,1+2,2016,50.0,13445.0
1982,Fagersta,1+2,2017,49.9,13415.0
1982,Fagersta,1+2,2018,50.0,13464.0
1982,Fagersta,1+2,2019,49.8,13391.0
1982,Fagersta,1+2,2020,49.3,13267.0
1982,Fagersta,1+2,2021,49.5,13319.0
1982,Fagersta,1+2,2022,49.6,13341.0
1982,Fagersta,1+2,2023,49.1,13222.0
1982,Fagersta,1+2,2024,48.4,13072.0
1982,Fagersta,1+2,2025,47.8,12915.0
1983,Köping,1+2,2000,40.7,24763.0
1983,Köping,1+2,2001,40.7,24750.0
1983,Köping,1+2,2002,40.6,24647.0
1983,Köping,1+2,2003,40.5,24585.0
1983,Köping,1+2,2004,40.6,24677.0
1983,Köping,1+2,2005,40.6,24646.0
1983,Köping,1+2,2006,40.6,24659.0
1983,Köping,1+2,2007,40.6,24646.0
1983,Köping,1+2,2008,40.7,24740.0
1983,Köping,1+2,2009,40.9,24847.0
1983,Köping,1+2,2010,41.0,24905.0
1983,Köping,1+2,2011,41.0,24807.0
1983,Köping,1+2,2012,41.1,24854.0
1983,Köping,1+2,2013,41.8,25237.0
1983,Köping,1+2,2014,42.0,25376.0
1983,Köping,1+2,2015,42.3,25557.0
1983,Köping,1+2,2016,42.9,25950.0
1983,Köping,1+2,2017,43.2,26116.0
1983,Köping,1+2,2018,43.5,26268.0
1983,Köping,1+2,2019,43.4,26214.0
1983,Köping,1+2,2020,43.2,26085.0
1983,Köping,1+2,2021,43.2,26133.0
1983,Köping,1+2,2022,43.2,26120.0
1983,Köping,1+2,2023,43.0,25978.0
1983,Köping,1+2,2024,42.4,25729.0
1983,Köping,1+2,2025,42.2,25610.0
1984,Arboga,1+2,2000,42.4,13870.0
1984,Arboga,1+2,2001,41.6,13616.0
1984,Arboga,1+2,2002,41.5,13574.0
1984,Arboga,1+2,2003,41.3,13514.0
1984,Arboga,1+2,2004,41.0,13406.0
1984,Arboga,1+2,2005,40.9,13380.0
1984,Arboga,1+2,2006,40.9,13391.0
1984,Arboga,1+2,2007,40.9,13369.0
1984,Arboga,1+2,2008,40.6,13301.0
1984,Arboga,1+2,2009,40.6,13302.0
1984,Arboga,1+2,2010,40.6,13285.0
1984,Arboga,1+2,2011,40.9,13302.0
1984,Arboga,1+2,2012,41.0,13353.0
1984,Arboga,1+2,2013,41.5,13493.0
1984,Arboga,1+2,2014,41.9,13631.0
1984,Arboga,1+2,2015,42.6,13858.0
1984,Arboga,1+2,2016,42.7,13903.0
1984,Arboga,1+2,2017,42.8,13934.0
1984,Arboga,1+2,2018,43.4,14138.0
1984,Arboga,1+2,2019,43.3,14087.0
1984,Arboga,1+2,2020,43.1,14039.0
1984,Arboga,1+2,2021,43.3,14100.0
1984,Arboga,1+2,2022,43.3,14083.0
1984,Arboga,1+2,2023,43.1,14002.0
1984,Arboga,1+2,2024,42.8,13980.0
1984,Arboga,1+2,2025,42.6,13929.0
2021,Vansbro,1+2,2000,4.7,7291.0
2021,Vansbro,1+2,2001,4.7,7219.0
2021,Vansbro,1+2,2002,4.7,7235.0
2021,Vansbro,1+2,2003,4.6,7164.0
2021,Vansbro,1+2,2004,4.6,7122.0
2021,Vansbro,1+2,2005,4.6,7061.0
2021,Vansbro,1+2,2006,4.5,6983.0
2021,Vansbro,1+2,2007,4.5,6959.0
2021,Vansbro,1+2,2008,4.5,6916.0
2021,Vansbro,1+2,2009,4.4,6876.0
2021,Vansbro,1+2,2010,4.4,6805.0
2021,Vansbro,1+2,2011,4.4,6818.0
2021,Vansbro,1+2,2012,4.4,6779.0
2021,Vansbro,1+2,2013,4.4,6730.0
2021,Vansbro,1+2,2014,4.3,6694.0
2021,Vansbro,1+2,2015,4.4,6715.0
2021,Vansbro,1+2,2016,4.5,6884.0
2021,Vansbro,1+2,2017,4.4,6837.0
2021,Vansbro,1+2,2018,4.4,6807.0
2021,Vansbro,1+2,2019,4.4,6805.0
2021,Vansbro,1+2,2020,4.4,6801.0
2021,Vansbro,1+2,2021,4.4,6776.0
2021,Vansbro,1+2,2022,4.4,6800.0
2021,Vansbro,1+2,2023,4.4,6728.0
2021,Vansbro,1+2,2024,4.4,6752.0
2021,Vansbro,1+2,2025,4.4,6741.0
2023,Malung-Sälen,1+2,2000,2.6,10799.0
2023,Malung-Sälen,1+2,2001,2.6,10640.0
2023,Malung-Sälen,1+2,2002,2.6,10593.0
2023,Malung-Sälen,1+2,2003,2.6,10538.0
2023,Malung-Sälen,1+2,2004,2.6,10557.0
2023,Malung-Sälen,1+2,2005,2.6,10513.0
2023,Malung-Sälen,1+2,2006,2.6,10518.0
2023,Malung-Sälen,1+2,2007,2.5,10428.0
2023,Malung-Sälen,1+2,2008,2.5,10385.0
2023,Malung-Sälen,1+2,2009,2.5,10408.0
2023,Malung-Sälen,1+2,2010,2.5,10356.0
2023,Malung-Sälen,1+2,2011,2.5,10262.0
2023,Malung-Sälen,1+2,2012,2.4,10178.0
2023,Malung-Sälen,1+2,2013,2.5,10061.0
2023,Malung-Sälen,1+2,2014,2.4,9969.0
2023,Malung-Sälen,1+2,2015,2.5,10036.0
2023,Malung-Sälen,1+2,2016,2.5,10091.0
2023,Malung-Sälen,1+2,2017,2.5,10114.0
2023,Malung-Sälen,1+2,2018,2.5,10106.0
2023,Malung-Sälen,1+2,2019,2.5,10138.0
2023,Malung-Sälen,1+2,2020,2.5,10177.0
2023,Malung-Sälen,1+2,2021,2.5,10218.0
2023,Malung-Sälen,1+2,2022,2.5,10258.0
2023,Malung-Sälen,1+2,2023,2.5,10260.0
2023,Malung-Sälen,1+2,2024,2.5,10254.0
2023,Malung-Sälen,1+2,2025,2.5,10192.0
2026,Gagnef,1+2,2000,13.1,10075.0
2026,Gagnef,1+2,2001,13.1,10050.0
2026,Gagnef,1+2,2002,13.0,10008.0
2026,Gagnef,1+2,2003,13.1,10059.0
2026,Gagnef,1+2,2004,13.1,10091.0
2026,Gagnef,1+2,2005,13.2,10131.0
2026,Gagnef,1+2,2006,13.1,10080.0
2026,Gagnef,1+2,2007,13.1,10111.0
2026,Gagnef,1+2,2008,13.1,10107.0
2026,Gagnef,1+2,2009,13.1,10071.0
2026,Gagnef,1+2,2010,13.1,10097.0
2026,Gagnef,1+2,2011,13.1,10069.0
2026,Gagnef,1+2,2012,13.0,10012.0
2026,Gagnef,1+2,2013,13.1,10023.0
2026,Gagnef,1+2,2014,13.1,10024.0
2026,Gagnef,1+2,2015,13.1,10079.0
2026,Gagnef,1+2,2016,13.3,10175.0
2026,Gagnef,1+2,2017,13.3,10241.0
2026,Gagnef,1+2,2018,13.4,10271.0
2026,Gagnef,1+2,2019,13.4,10304.0
2026,Gagnef,1+2,2020,13.5,10378.0
2026,Gagnef,1+2,2021,13.7,10502.0
2026,Gagnef,1+2,2022,13.7,10499.0
2026,Gagnef,1+2,2023,13.6,10430.0
2026,Gagnef,1+2,2024,13.5,10384.0
2026,Gagnef,1+2,2025,13.4,10307.0
2029,Leksand,1+2,2000,12.4,15240.0
2029,Leksand,1+2,2001,12.5,15313.0
2029,Leksand,1+2,2002,12.5,15301.0
2029,Leksand,1+2,2003,12.6,15419.0
2029,Leksand,1+2,2004,12.7,15504.0
2029,Leksand,1+2,2005,12.6,15440.0
2029,Leksand,1+2,2006,12.6,15450.0
2029,Leksand,1+2,2007,12.5,15338.0
2029,Leksand,1+2,2008,12.5,15288.0
2029,Leksand,1+2,2009,12.5,15303.0
2029,Leksand,1+2,2010,12.5,15289.0
2029,Leksand,1+2,2011,12.5,15238.0
2029,Leksand,1+2,2012,12.4,15146.0
2029,Leksand,1+2,2013,12.4,15157.0
2029,Leksand,1+2,2014,12.5,15252.0
2029,Leksand,1+2,2015,12.5,15326.0
2029,Leksand,1+2,2016,12.7,15507.0
2029,Leksand,1+2,2017,12.8,15640.0
2029,Leksand,1+2,2018,12.9,15804.0
2029,Leksand,1+2,2019,12.9,15807.0
2029,Leksand,1+2,2020,12.9,15801.0
2029,Leksand,1+2,2021,13.1,16012.0
2029,Leksand,1+2,2022,13.2,16113.0
2029,Leksand,1+2,2023,13.1,16043.0
2029,Leksand,1+2,2024,13.1,16137.0
2029,Leksand,1+2,2025,13.2,16167.0
2031,Rättvik,1+2,2000,5.6,10847.0
2031,Rättvik,1+2,2001,5.6,10856.0
2031,Rättvik,1+2,2002,5.6,10898.0
2031,Rättvik,1+2,2003,5.6,10827.0
2031,Rättvik,1+2,2004,5.6,10864.0
2031,Rättvik,1+2,2005,5.6,10886.0
2031,Rättvik,1+2,2006,5.6,10884.0
2031,Rättvik,1+2,2007,5.6,10883.0
2031,Rättvik,1+2,2008,5.6,10850.0
2031,Rättvik,1+2,2009,5.6,10797.0
2031,Rättvik,1+2,2010,5.6,10811.0
2031,Rättvik,1+2,2011,5.7,10859.0
2031,Rättvik,1+2,2012,5.6,10799.0
2031,Rättvik,1+2,2013,5.6,10766.0
2031,Rättvik,1+2,2014,5.6,10748.0
2031,Rättvik,1+2,2015,5.6,10759.0
2031,Rättvik,1+2,2016,5.7,10856.0
2031,Rättvik,1+2,2017,5.6,10837.0
2031,Rättvik,1+2,2018,5.7,10907.0
2031,Rättvik,1+2,2019,5.7,10950.0
2031,Rättvik,1+2,2020,5.8,11047.0
2031,Rättvik,1+2,2021,5.8,11103.0
2031,Rättvik,1+2,2022,5.8,11092.0
2031,Rättvik,1+2,2023,5.7,11042.0
2031,Rättvik,1+2,2024,5.7,10998.0
2031,Rättvik,1+2,2025,5.7,10978.0
2034,Orsa,1+2,2000,4.0,6986.0
2034,Orsa,1+2,2001,4.0,6979.0
2034,Orsa,1+2,2002,4.0,7015.0
2034,Orsa,1+2,2003,4.0,7053.0
2034,Orsa,1+2,2004,4.0,7031.0
2034,Orsa,1+2,2005,4.0,7020.0
2034,Orsa,1+2,2006,4.0,7026.0
2034,Orsa,1+2,2007,4.1,7091.0
2034,Orsa,1+2,2008,4.0,6990.0
2034,Orsa,1+2,2009,4.0,6934.0
2034,Orsa,1+2,2010,4.0,6922.0
2034,Orsa,1+2,2011,4.0,6867.0
2034,Orsa,1+2,2012,3.9,6835.0
2034,Orsa,1+2,2013,4.0,6849.0
2034,Orsa,1+2,2014,3.9,6812.0
2034,Orsa,1+2,2015,3.9,6750.0
2034,Orsa,1+2,2016,4.0,6861.0
2034,Orsa,1+2,2017,4.0,6887.0
2034,Orsa,1+2,2018,4.0,6892.0
2034,Orsa,1+2,2019,4.0,6911.0
2034,Orsa,1+2,2020,4.0,6877.0
2034,Orsa,1+2,2021,4.0,6918.0
2034,Orsa,1+2,2022,4.0,6934.0
2034,Orsa,1+2,2023,4.0,6908.0
2034,Orsa,1+2,2024,3.9,6851.0
2034,Orsa,1+2,2025,4.0,6902.0
2039,Älvdalen,1+2,2000,1.1,7718.0
2039,Älvdalen,1+2,2001,1.1,7652.0
2039,Älvdalen,1+2,2002,1.1,7617.0
2039,Älvdalen,1+2,2003,1.1,7570.0
2039,Älvdalen,1+2,2004,1.1,7515.0
2039,Älvdalen,1+2,2005,1.1,7445.0
2039,Älvdalen,1+2,2006,1.1,7419.0
2039,Älvdalen,1+2,2007,1.1,7362.0
2039,Älvdalen,1+2,2008,1.1,7287.0
2039,Älvdalen,1+2,2009,1.1,7288.0
2039,Älvdalen,1+2,2010,1.0,7207.0
2039,Älvdalen,1+2,2011,1.0,7184.0
2039,Älvdalen,1+2,2012,1.0,7139.0
2039,Älvdalen,1+2,2013,1.0,7096.0
2039,Älvdalen,1+2,2014,1.0,7052.0
2039,Älvdalen,1+2,2015,1.0,7035.0
2039,Älvdalen,1+2,2016,1.0,7039.0
2039,Älvdalen,1+2,2017,1.0,7068.0
2039,Älvdalen,1+2,2018,1.0,7121.0
2039,Älvdalen,1+2,2019,1.0,7031.0
2039,Älvdalen,1+2,2020,1.0,7033.0
2039,Älvdalen,1+2,2021,1.0,7042.0
2039,Älvdalen,1+2,2022,1.0,7018.0
2039,Älvdalen,1+2,2023,1.0,6929.0
2039,Älvdalen,1+2,2024,1.0,6882.0
2039,Älvdalen,1+2,2025,1.0,6831.0
2061,Smedjebacken,1+2,2000,12.2,11598.0
2061,Smedjebacken,1+2,2001,11.9,11357.0
2061,Smedjebacken,1+2,2002,11.7,11157.0
2061,Smedjebacken,1+2,2003,11.6,11012.0
2061,Smedjebacken,1+2,2004,11.5,10923.0
2061,Smedjebacken,1+2,2005,11.3,10812.0
2061,Smedjebacken,1+2,2006,11.2,10715.0
2061,Smedjebacken,1+2,2007,11.2,10715.0
2061,Smedjebacken,1+2,2008,11.3,10734.0
2061,Smedjebacken,1+2,2009,11.3,10758.0
2061,Smedjebacken,1+2,2010,11.2,10715.0
2061,Smedjebacken,1+2,2011,11.2,10662.0
2061,Smedjebacken,1+2,2012,11.2,10650.0
2061,Smedjebacken,1+2,2013,11.3,10691.0
2061,Smedjebacken,1+2,2014,11.3,10712.0
2061,Smedjebacken,1+2,2015,11.4,10790.0
2061,Smedjebacken,1+2,2016,11.5,10909.0
2061,Smedjebacken,1+2,2017,11.5,10894.0
2061,Smedjebacken,1+2,2018,11.5,10897.0
2061,Smedjebacken,1+2,2019,11.5,10894.0
2061,Smedjebacken,1+2,2020,11.4,10854.0
2061,Smedjebacken,1+2,2021,11.5,10933.0
2061,Smedjebacken,1+2,2022,11.5,10922.0
2061,Smedjebacken,1+2,2023,11.5,10913.0
2061,Smedjebacken,1+2,2024,11.4,10823.0
2061,Smedjebacken,1+2,2025,11.3,10758.0
2062,Mora,1+2,2000,7.1,20132.0
2062,Mora,1+2,2001,7.1,20014.0
2062,Mora,1+2,2002,7.1,20024.0
2062,Mora,1+2,2003,7.1,20093.0
2062,Mora,1+2,2004,7.1,20083.0
2062,Mora,1+2,2005,7.1,20212.0
2062,Mora,1+2,2006,7.1,20159.0
2062,Mora,1+2,2007,7.1,20143.0
2062,Mora,1+2,2008,7.1,20153.0
2062,Mora,1+2,2009,7.1,20146.0
2062,Mora,1+2,2010,7.1,20153.0
2062,Mora,1+2,2011,7.1,20107.0
2062,Mora,1+2,2012,7.1,20082.0
2062,Mora,1+2,2013,7.1,19998.0
2062,Mora,1+2,2014,7.1,20006.0
2062,Mora,1+2,2015,7.1,20101.0
2062,Mora,1+2,2016,7.2,20279.0
2062,Mora,1+2,2017,7.2,20369.0
2062,Mora,1+2,2018,7.2,20390.0
2062,Mora,1+2,2019,7.3,20470.0
2062,Mora,1+2,2020,7.3,20492.0
2062,Mora,1+2,2021,7.3,20670.0
2062,Mora,1+2,2022,7.4,20679.0
2062,Mora,1+2,2023,7.3,20536.0
2062,Mora,1+2,2024,7.3,20540.0
2062,Mora,1+2,2025,7.2,20419.0
2080,Falun,1+2,2000,26.5,54426.0
2080,Falun,1+2,2001,26.6,54601.0
2080,Falun,1+2,2002,26.7,54841.0
2080,Falun,1+2,2003,26.8,55010.0
2080,Falun,1+2,2004,26.8,54994.0
2080,Falun,1+2,2005,26.9,55274.0
2080,Falun,1+2,2006,26.9,55267.0
2080,Falun,1+2,2007,26.9,55220.0
2080,Falun,1+2,2008,26.9,55297.0
2080,Falun,1+2,2009,27.1,55685.0
2080,Falun,1+2,2010,27.3,56044.0
2080,Falun,1+2,2011,27.5,56124.0
2080,Falun,1+2,2012,27.6,56432.0
2080,Falun,1+2,2013,27.8,56767.0
2080,Falun,1+2,2014,27.9,56896.0
2080,Falun,1+2,2015,28.0,57062.0
2080,Falun,1+2,2016,28.3,57685.0
2080,Falun,1+2,2017,28.6,58340.0
2080,Falun,1+2,2018,28.9,58923.0
2080,Falun,1+2,2019,29.1,59406.0
2080,Falun,1+2,2020,29.2,59528.0
2080,Falun,1+2,2021,29.3,59837.0
2080,Falun,1+2,2022,29.3,59818.0
2080,Falun,1+2,2023,29.4,59986.0
2080,Falun,1+2,2024,29.2,59945.0
2080,Falun,1+2,2025,29.3,59974.0
2081,Borlänge,1+2,2000,80.5,47206.0
2081,Borlänge,1+2,2001,80.0,46962.0
2081,Borlänge,1+2,2002,80.2,47049.0
2081,Borlänge,1+2,2003,80.0,46919.0
2081,Borlänge,1+2,2004,80.1,46988.0
2081,Borlänge,1+2,2005,80.1,46987.0
2081,Borlänge,1+2,2006,80.8,47399.0
2081,Borlänge,1+2,2007,81.4,47756.0
2081,Borlänge,1+2,2008,82.1,48185.0
2081,Borlänge,1+2,2009,83.0,48681.0
2081,Borlänge,1+2,2010,83.9,49251.0
2081,Borlänge,1+2,2011,84.5,49323.0
2081,Borlänge,1+2,2012,84.7,49482.0
2081,Borlänge,1+2,2013,85.7,50023.0
2081,Borlänge,1+2,2014,86.9,50715.0
2081,Borlänge,1+2,2015,87.3,50988.0
2081,Borlänge,1+2,2016,88.4,51604.0
2081,Borlänge,1+2,2017,89.0,51964.0
2081,Borlänge,1+2,2018,89.4,52224.0
2081,Borlänge,1+2,2019,90.1,52590.0
2081,Borlänge,1+2,2020,89.7,52394.0
2081,Borlänge,1+2,2021,89.5,52254.0
2081,Borlänge,1+2,2022,89.4,52178.0
2081,Borlänge,1+2,2023,88.6,51735.0
2081,Borlänge,1+2,2024,87.6,51425.0
2081,Borlänge,1+2,2025,87.5,51354.0
2082,Säter,1+2,2000,19.6,11259.0
2082,Säter,1+2,2001,19.4,11157.0
2082,Säter,1+2,2002,19.2,11043.0
2082,Säter,1+2,2003,19.2,11041.0
2082,Säter,1+2,2004,19.1,10980.0
2082,Säter,1+2,2005,19.1,10989.0
2082,Säter,1+2,2006,19.2,10991.0
2082,Säter,1+2,2007,19.2,11000.0
2082,Säter,1+2,2008,19.1,10957.0
2082,Säter,1+2,2009,19.0,10900.0
2082,Säter,1+2,2010,18.9,10840.0
2082,Säter,1+2,2011,19.0,10861.0
2082,Säter,1+2,2012,19.0,10851.0
2082,Säter,1+2,2013,19.1,10873.0
2082,Säter,1+2,2014,19.1,10886.0
2082,Säter,1+2,2015,19.3,11009.0
2082,Säter,1+2,2016,19.4,11086.0
2082,Säter,1+2,2017,19.6,11160.0
2082,Säter,1+2,2018,19.5,11123.0
2082,Säter,1+2,2019,19.5,11093.0
2082,Säter,1+2,2020,19.6,11161.0
2082,Säter,1+2,2021,19.7,11242.0
2082,Säter,1+2,2022,19.8,11271.0
2082,Säter,1+2,2023,19.7,11243.0
2082,Säter,1+2,2024,19.6,11223.0
2082,Säter,1+2,2025,19.6,11222.0
2083,Hedemora,1+2,2000,18.9,15857.0
2083,Hedemora,1+2,2001,18.8,15749.0
2083,Hedemora,1+2,2002,18.6,15584.0
2083,Hedemora,1+2,2003,18.5,15555.0
2083,Hedemora,1+2,2004,18.5,15506.0
2083,Hedemora,1+2,2005,18.4,15494.0
2083,Hedemora,1+2,2006,18.3,15380.0
2083,Hedemora,1+2,2007,18.2,15301.0
2083,Hedemora,1+2,2008,18.2,15259.0
2083,Hedemora,1+2,2009,18.1,15195.0
2083,Hedemora,1+2,2010,18.1,15164.0
2083,Hedemora,1+2,2011,18.1,15119.0
2083,Hedemora,1+2,2012,18.0,15064.0
2083,Hedemora,1+2,2013,18.0,15021.0
2083,Hedemora,1+2,2014,18.1,15085.0
2083,Hedemora,1+2,2015,18.3,15235.0
2083,Hedemora,1+2,2016,18.5,15461.0
2083,Hedemora,1+2,2017,18.6,15566.0
2083,Hedemora,1+2,2018,18.5,15457.0
2083,Hedemora,1+2,2019,18.5,15491.0
2083,Hedemora,1+2,2020,18.5,15462.0
2083,Hedemora,1+2,2021,18.5,15458.0
2083,Hedemora,1+2,2022,18.5,15443.0
2083,Hedemora,1+2,2023,18.4,15345.0
2083,Hedemora,1+2,2024,18.2,15281.0
2083,Hedemora,1+2,2025,17.9,15025.0
2084,Avesta,1+2,2000,36.3,22375.0
2084,Avesta,1+2,2001,36.3,22330.0
2084,Avesta,1+2,2002,36.2,22296.0
2084,Avesta,1+2,2003,36.1,22249.0
2084,Avesta,1+2,2004,35.9,22102.0
2084,Avesta,1+2,2005,35.7,21954.0
2084,Avesta,1+2,2006,35.7,21963.0
2084,Avesta,1+2,2007,35.5,21886.0
2084,Avesta,1+2,2008,35.6,21937.0
2084,Avesta,1+2,2009,35.3,21762.0
2084,Avesta,1+2,2010,35.1,21583.0
2084,Avesta,1+2,2011,35.0,21486.0
2084,Avesta,1+2,2012,35.0,21467.0
2084,Avesta,1+2,2013,35.2,21582.0
2084,Avesta,1+2,2014,35.9,22022.0
2084,Avesta,1+2,2015,37.2,22781.0
2084,Avesta,1+2,2016,37.8,23161.0
2084,Avesta,1+2,2017,37.9,23256.0
2084,Avesta,1+2,2018,38.0,23323.0
2084,Avesta,1+2,2019,37.8,23178.0
2084,Avesta,1+2,2020,37.6,23067.0
2084,Avesta,1+2,2021,37.4,22925.0
2084,Avesta,1+2,2022,37.4,22932.0
2084,Avesta,1+2,2023,37.1,22753.0
2084,Avesta,1+2,2024,36.4,22417.0
2084,Avesta,1+2,2025,36.3,22366.0
2085,Ludvika,1+2,2000,17.6,26450.0
2085,Ludvika,1+2,2001,17.4,26131.0
2085,Ludvika,1+2,2002,17.3,25975.0
2085,Ludvika,1+2,2003,17.4,26011.0
2085,Ludvika,1+2,2004,17.2,25782.0
2085,Ludvika,1+2,2005,17.0,25537.0
2085,Ludvika,1+2,2006,17.0,25477.0
2085,Ludvika,1+2,2007,17.0,25425.0
2085,Ludvika,1+2,2008,17.0,25522.0
2085,Ludvika,1+2,2009,17.1,25650.0
2085,Ludvika,1+2,2010,17.2,25810.0
2085,Ludvika,1+2,2011,17.2,25586.0
2085,Ludvika,1+2,2012,17.2,25639.0
2085,Ludvika,1+2,2013,17.3,25712.0
2085,Ludvika,1+2,2014,17.5,26030.0
2085,Ludvika,1+2,2015,17.7,26362.0
2085,Ludvika,1+2,2016,18.1,26933.0
2085,Ludvika,1+2,2017,18.1,26992.0
2085,Ludvika,1+2,2018,18.1,26946.0
2085,Ludvika,1+2,2019,18.0,26898.0
2085,Ludvika,1+2,2020,17.9,26604.0
2085,Ludvika,1+2,2021,17.8,26497.0
2085,Ludvika,1+2,2022,17.7,26353.0
2085,Ludvika,1+2,2023,17.7,26402.0
2085,Ludvika,1+2,2024,17.8,26634.0
2085,Ludvika,1+2,2025,17.9,26812.0
2101,Ockelbo,1+2,2000,5.8,6189.0
2101,Ockelbo,1+2,2001,5.7,6137.0
2101,Ockelbo,1+2,2002,5.7,6101.0
2101,Ockelbo,1+2,2003,5.6,5991.0
2101,Ockelbo,1+2,2004,5.7,6047.0
2101,Ockelbo,1+2,2005,5.7,6051.0
2101,Ockelbo,1+2,2006,5.6,6038.0
2101,Ockelbo,1+2,2007,5.6,5985.0
2101,Ockelbo,1+2,2008,5.6,6027.0
2101,Ockelbo,1+2,2009,5.6,5982.0
2101,Ockelbo,1+2,2010,5.5,5936.0
2101,Ockelbo,1+2,2011,5.5,5907.0
2101,Ockelbo,1+2,2012,5.4,5850.0
2101,Ockelbo,1+2,2013,5.4,5785.0
2101,Ockelbo,1+2,2014,5.4,5765.0
2101,Ockelbo,1+2,2015,5.5,5849.0
2101,Ockelbo,1+2,2016,5.5,5856.0
2101,Ockelbo,1+2,2017,5.5,5896.0
2101,Ockelbo,1+2,2018,5.5,5906.0
2101,Ockelbo,1+2,2019,5.5,5908.0
2101,Ockelbo,1+2,2020,5.5,5884.0
2101,Ockelbo,1+2,2021,5.5,5865.0
2101,Ockelbo,1+2,2022,5.5,5821.0
2101,Ockelbo,1+2,2023,5.4,5758.0
2101,Ockelbo,1+2,2024,5.3,5715.0
2101,Ockelbo,1+2,2025,5.3,5715.0
2104,Hofors,1+2,2000,25.8,10624.0
2104,Hofors,1+2,2001,25.5,10501.0
2104,Hofors,1+2,2002,25.2,10372.0
2104,Hofors,1+2,2003,25.1,10338.0
2104,Hofors,1+2,2004,24.9,10237.0
2104,Hofors,1+2,2005,24.8,10197.0
2104,Hofors,1+2,2006,24.5,10091.0
2104,Hofors,1+2,2007,24.4,10039.0
2104,Hofors,1+2,2008,24.1,9896.0
2104,Hofors,1+2,2009,24.0,9873.0
2104,Hofors,1+2,2010,23.7,9741.0
2104,Hofors,1+2,2011,23.4,9578.0
2104,Hofors,1+2,2012,23.2,9521.0
2104,Hofors,1+2,2013,23.2,9511.0
2104,Hofors,1+2,2014,23.0,9431.0
2104,Hofors,1+2,2015,23.0,9435.0
2104,Hofors,1+2,2016,23.3,9564.0
2104,Hofors,1+2,2017,23.6,9660.0
2104,Hofors,1+2,2018,23.4,9602.0
2104,Hofors,1+2,2019,23.4,9588.0
2104,Hofors,1+2,2020,23.3,9570.0
2104,Hofors,1+2,2021,23.4,9578.0
2104,Hofors,1+2,2022,23.1,9472.0
2104,Hofors,1+2,2023,22.9,9374.0
2104,Hofors,1+2,2024,22.5,9281.0
2104,Hofors,1+2,2025,22.2,9138.0
2121,Ovanåker,1+2,2000,6.6,12491.0
2121,Ovanåker,1+2,2001,6.5,12333.0
2121,Ovanåker,1+2,2002,6.5,12193.0
2121,Ovanåker,1+2,2003,6.4,12051.0
2121,Ovanåker,1+2,2004,6.4,11985.0
2121,Ovanåker,1+2,2005,6.3,11873.0
2121,Ovanåker,1+2,2006,6.3,11816.0
2121,Ovanåker,1+2,2007,6.3,11795.0
2121,Ovanåker,1+2,2008,6.2,11647.0
2121,Ovanåker,1+2,2009,6.1,11530.0
2121,Ovanåker,1+2,2010,6.1,11440.0
2121,Ovanåker,1+2,2011,6.1,11404.0
2121,Ovanåker,1+2,2012,6.0,11392.0
2121,Ovanåker,1+2,2013,6.1,11354.0
2121,Ovanåker,1+2,2014,6.1,11432.0
2121,Ovanåker,1+2,2015,6.1,11469.0
2121,Ovanåker,1+2,2016,6.2,11631.0
2121,Ovanåker,1+2,2017,6.2,11609.0
2121,Ovanåker,1+2,2018,6.2,11684.0
2121,Ovanåker,1+2,2019,6.2,11670.0
2121,Ovanåker,1+2,2020,6.2,11672.0
2121,Ovanåker,1+2,2021,6.3,11711.0
2121,Ovanåker,1+2,2022,6.2,11622.0
2121,Ovanåker,1+2,2023,6.2,11525.0
2121,Ovanåker,1+2,2024,6.0,11341.0
2121,Ovanåker,1+2,2025,6.0,11272.0
2132,Nordanstig,1+2,2000,7.5,10282.0
2132,Nordanstig,1+2,2001,7.3,10097.0
2132,Nordanstig,1+2,2002,7.3,10021.0
2132,Nordanstig,1+2,2003,7.2,9971.0
2132,Nordanstig,1+2,2004,7.2,9872.0
2132,Nordanstig,1+2,2005,7.1,9847.0
2132,Nordanstig,1+2,2006,7.1,9810.0
2132,Nordanstig,1+2,2007,7.1,9813.0
2132,Nordanstig,1+2,2008,7.1,9736.0
2132,Nordanstig,1+2,2009,7.0,9646.0
2132,Nordanstig,1+2,2010,7.0,9611.0
2132,Nordanstig,1+2,2011,7.0,9533.0
2132,Nordanstig,1+2,2012,6.9,9533.0
2132,Nordanstig,1+2,2013,6.9,9491.0
2132,Nordanstig,1+2,2014,6.9,9493.0
2132,Nordanstig,1+2,2015,6.9,9490.0
2132,Nordanstig,1+2,2016,6.9,9511.0
2132,Nordanstig,1+2,2017,6.9,9481.0
2132,Nordanstig,1+2,2018,6.9,9517.0
2132,Nordanstig,1+2,2019,6.9,9477.0
2132,Nordanstig,1+2,2020,6.9,9483.0
2132,Nordanstig,1+2,2021,6.9,9480.0
2132,Nordanstig,1+2,2022,6.9,9487.0
2132,Nordanstig,1+2,2023,6.8,9370.0
2132,Nordanstig,1+2,2024,6.7,9262.0
2132,Nordanstig,1+2,2025,6.7,9284.0
2161,Ljusdal,1+2,2000,3.8,20006.0
2161,Ljusdal,1+2,2001,3.8,19858.0
2161,Ljusdal,1+2,2002,3.7,19776.0
2161,Ljusdal,1+2,2003,3.7,19771.0
2161,Ljusdal,1+2,2004,3.7,19592.0
2161,Ljusdal,1+2,2005,3.7,19384.0
2161,Ljusdal,1+2,2006,3.6,19243.0
2161,Ljusdal,1+2,2007,3.6,19175.0
2161,Ljusdal,1+2,2008,3.6,19133.0
2161,Ljusdal,1+2,2009,3.6,19077.0
2161,Ljusdal,1+2,2010,3.6,19065.0
2161,Ljusdal,1+2,2011,3.6,18974.0
2161,Ljusdal,1+2,2012,3.5,18880.0
2161,Ljusdal,1+2,2013,3.6,18931.0
2161,Ljusdal,1+2,2014,3.6,18949.0
2161,Ljusdal,1+2,2015,3.6,19027.0
2161,Ljusdal,1+2,2016,3.6,19067.0
2161,Ljusdal,1+2,2017,3.6,19028.0
2161,Ljusdal,1+2,2018,3.6,19033.0
2161,Ljusdal,1+2,2019,3.6,18949.0
2161,Ljusdal,1+2,2020,3.6,18867.0
2161,Ljusdal,1+2,2021,3.6,18804.0
2161,Ljusdal,1+2,2022,3.6,18771.0
2161,Ljusdal,1+2,2023,3.5,18538.0
2161,Ljusdal,1+2,2024,3.5,18445.0
2161,Ljusdal,1+2,2025,3.5,18377.0
2180,Gävle,1+2,2000,56.2,90742.0
2180,Gävle,1+2,2001,56.5,91233.0
2180,Gävle,1+2,2002,56.5,91276.0
2180,Gävle,1+2,2003,56.8,91701.0
2180,Gävle,1+2,2004,57.0,92081.0
2180,Gävle,1+2,2005,57.1,92205.0
2180,Gävle,1+2,2006,57.2,92416.0
2180,Gävle,1+2,2007,57.4,92681.0
2180,Gävle,1+2,2008,57.9,93509.0
2180,Gävle,1+2,2009,58.4,94352.0
2180,Gävle,1+2,2010,58.9,95055.0
2180,Gävle,1+2,2011,59.1,95428.0
2180,Gävle,1+2,2012,59.6,96170.0
2180,Gävle,1+2,2013,60.3,97236.0
2180,Gävle,1+2,2014,60.9,98314.0
2180,Gävle,1+2,2015,61.3,98877.0
2180,Gävle,1+2,2016,61.8,99788.0
2180,Gävle,1+2,2017,62.3,100603.0
2180,Gävle,1+2,2018,62.9,101455.0
2180,Gävle,1+2,2019,63.5,102418.0
2180,Gävle,1+2,2020,63.8,102904.0
2180,Gävle,1+2,2021,63.9,103136.0
2180,Gävle,1+2,2022,64.2,103493.0
2180,Gävle,1+2,2023,64.2,103532.0
2180,Gävle,1+2,2024,64.0,103838.0
2180,Gävle,1+2,2025,64.2,104108.0
2181,Sandviken,1+2,2000,31.8,37064.0
2181,Sandviken,1+2,2001,31.5,36805.0
2181,Sandviken,1+2,2002,31.5,36765.0
2181,Sandviken,1+2,2003,31.5,36817.0
2181,Sandviken,1+2,2004,31.6,36835.0
2181,Sandviken,1+2,2005,31.4,36690.0
2181,Sandviken,1+2,2006,31.5,36748.0
2181,Sandviken,1+2,2007,31.5,36804.0
2181,Sandviken,1+2,2008,31.6,36879.0
2181,Sandviken,1+2,2009,31.7,36978.0
2181,Sandviken,1+2,2010,31.6,36916.0
2181,Sandviken,1+2,2011,31.7,36995.0
2181,Sandviken,1+2,2012,31.8,37089.0
2181,Sandviken,1+2,2013,31.9,37250.0
2181,Sandviken,1+2,2014,32.5,37833.0
2181,Sandviken,1+2,2015,32.9,38314.0
2181,Sandviken,1+2,2016,33.4,38949.0
2181,Sandviken,1+2,2017,33.7,39259.0
2181,Sandviken,1+2,2018,33.6,39208.0
2181,Sandviken,1+2,2019,33.7,39234.0
2181,Sandviken,1+2,2020,33.7,39290.0
2181,Sandviken,1+2,2021,33.7,39250.0
2181,Sandviken,1+2,2022,33.5,39098.0
2181,Sandviken,1+2,2023,33.1,38628.0
2181,Sandviken,1+2,2024,32.7,38360.0
2181,Sandviken,1+2,2025,32.5,38033.0
2182,Söderhamn,1+2,2000,26.0,27675.0
2182,Söderhamn,1+2,2001,25.8,27464.0
2182,Söderhamn,1+2,2002,25.6,27250.0
2182,Söderhamn,1+2,2003,25.3,26956.0
2182,Söderhamn,1+2,2004,25.1,26731.0
2182,Söderhamn,1+2,2005,24.9,26506.0
2182,Söderhamn,1+2,2006,24.7,26257.0
2182,Söderhamn,1+2,2007,24.5,26120.0
2182,Söderhamn,1+2,2008,24.4,25987.0
2182,Söderhamn,1+2,2009,24.2,25759.0
2182,Söderhamn,1+2,2010,24.1,25647.0
2182,Söderhamn,1+2,2011,23.9,25334.0
2182,Söderhamn,1+2,2012,23.7,25223.0
2182,Söderhamn,1+2,2013,24.0,25442.0
2182,Söderhamn,1+2,2014,24.0,25456.0
2182,Söderhamn,1+2,2015,24.3,25785.0
2182,Söderhamn,1+2,2016,24.5,25992.0
2182,Söderhamn,1+2,2017,24.3,25782.0
2182,Söderhamn,1+2,2018,24.3,25721.0
2182,Söderhamn,1+2,2019,24.2,25643.0
2182,Söderhamn,1+2,2020,24.1,25492.0
2182,Söderhamn,1+2,2021,24.0,25446.0
2182,Söderhamn,1+2,2022,23.8,25258.0
2182,Söderhamn,1+2,2023,23.5,24858.0
2182,Söderhamn,1+2,2024,23.0,24545.0
2182,Söderhamn,1+2,2025,22.7,24163.0
2183,Bollnäs,1+2,2000,14.7,26735.0
2183,Bollnäs,1+2,2001,14.5,26455.0
2183,Bollnäs,1+2,2002,14.4,26210.0
2183,Bollnäs,1+2,2003,14.4,26213.0
2183,Bollnäs,1+2,2004,14.4,26249.0
2183,Bollnäs,1+2,2005,14.4,26237.0
2183,Bollnäs,1+2,2006,14.4,26278.0
2183,Bollnäs,1+2,2007,14.4,26217.0
2183,Bollnäs,1+2,2008,14.4,26189.0
2183,Bollnäs,1+2,2009,14.4,26175.0
2183,Bollnäs,1+2,2010,14.4,26248.0
2183,Bollnäs,1+2,2011,14.4,26193.0
2183,Bollnäs,1+2,2012,14.4,26158.0
2183,Bollnäs,1+2,2013,14.4,26141.0
2183,Bollnäs,1+2,2014,14.5,26394.0
2183,Bollnäs,1+2,2015,14.7,26594.0
2183,Bollnäs,1+2,2016,14.8,26929.0
2183,Bollnäs,1+2,2017,14.8,26918.0
2183,Bollnäs,1+2,2018,14.9,26991.0
2183,Bollnäs,1+2,2019,14.8,26888.0
2183,Bollnäs,1+2,2020,14.8,26809.0
2183,Bollnäs,1+2,2021,14.7,26753.0
2183,Bollnäs,1+2,2022,14.7,26624.0
2183,Bollnäs,1+2,2023,14.6,26414.0
2183,Bollnäs,1+2,2024,14.4,26243.0
2183,Bollnäs,1+2,2025,14.3,26018.0
2184,Hudiksvall,1+2,2000,15.0,37454.0
2184,Hudiksvall,1+2,2001,14.9,37288.0
2184,Hudiksvall,1+2,2002,14.8,37048.0
2184,Hudiksvall,1+2,2003,14.8,37057.0
2184,Hudiksvall,1+2,2004,14.8,36970.0
2184,Hudiksvall,1+2,2005,14.8,37004.0
2184,Hudiksvall,1+2,2006,14.8,36956.0
2184,Hudiksvall,1+2,2007,14.8,36927.0
2184,Hudiksvall,1+2,2008,14.8,36905.0
2184,Hudiksvall,1+2,2009,14.8,36848.0
2184,Hudiksvall,1+2,2010,14.8,36849.0
2184,Hudiksvall,1+2,2011,14.8,36784.0
2184,Hudiksvall,1+2,2012,14.7,36821.0
2184,Hudiksvall,1+2,2013,14.8,36829.0
2184,Hudiksvall,1+2,2014,14.8,36924.0
2184,Hudiksvall,1+2,2015,14.9,36975.0
2184,Hudiksvall,1+2,2016,15.0,37299.0
2184,Hudiksvall,1+2,2017,15.0,37401.0
2184,Hudiksvall,1+2,2018,15.1,37430.0
2184,Hudiksvall,1+2,2019,15.1,37607.0
2184,Hudiksvall,1+2,2020,15.1,37531.0
2184,Hudiksvall,1+2,2021,15.2,37744.0
2184,Hudiksvall,1+2,2022,15.2,37688.0
2184,Hudiksvall,1+2,2023,15.1,37645.0
2184,Hudiksvall,1+2,2024,15.0,37528.0
2184,Hudiksvall,1+2,2025,14.9,37341.0
2260,Ånge,1+2,2000,3.7,11234.0
2260,Ånge,1+2,2001,3.6,10997.0
2260,Ånge,1+2,2002,3.6,10948.0
2260,Ånge,1+2,2003,3.6,10897.0
2260,Ånge,1+2,2004,3.5,10821.0
2260,Ånge,1+2,2005,3.5,10692.0
2260,Ånge,1+2,2006,3.5,10604.0
2260,Ånge,1+2,2007,3.4,10442.0
2260,Ånge,1+2,2008,3.4,10323.0
2260,Ånge,1+2,2009,3.3,10148.0
2260,Ånge,1+2,2010,3.3,10053.0
2260,Ånge,1+2,2011,3.2,9839.0
2260,Ånge,1+2,2012,3.1,9639.0
2260,Ånge,1+2,2013,3.1,9548.0
2260,Ånge,1+2,2014,3.1,9484.0
2260,Ånge,1+2,2015,3.1,9493.0
2260,Ånge,1+2,2016,3.1,9495.0
2260,Ånge,1+2,2017,3.1,9480.0
2260,Ånge,1+2,2018,3.1,9411.0
2260,Ånge,1+2,2019,3.1,9316.0
2260,Ånge,1+2,2020,3.0,9226.0
2260,Ånge,1+2,2021,3.0,9233.0
2260,Ånge,1+2,2022,3.0,9143.0
2260,Ånge,1+2,2023,3.0,9109.0
2260,Ånge,1+2,2024,2.9,9044.0
2260,Ånge,1+2,2025,2.9,9000.0
2262,Timrå,1+2,2000,22.8,17988.0
2262,Timrå,1+2,2001,22.6,17790.0
2262,Timrå,1+2,2002,22.6,17784.0
2262,Timrå,1+2,2003,22.7,17854.0
2262,Timrå,1+2,2004,22.7,17859.0
2262,Timrå,1+2,2005,22.5,17747.0
2262,Timrå,1+2,2006,22.7,17870.0
2262,Timrå,1+2,2007,22.7,17884.0
2262,Timrå,1+2,2008,22.8,17980.0
2262,Timrå,1+2,2009,22.7,17902.0
2262,Timrå,1+2,2010,22.8,17990.0
2262,Timrå,1+2,2011,23.0,18026.0
2262,Timrå,1+2,2012,22.9,17997.0
2262,Timrå,1+2,2013,23.1,18062.0
2262,Timrå,1+2,2014,23.0,18025.0
2262,Timrå,1+2,2015,23.0,17987.0
2262,Timrå,1+2,2016,23.0,17992.0
2262,Timrå,1+2,2017,23.0,18030.0
2262,Timrå,1+2,2018,23.1,18060.0
2262,Timrå,1+2,2019,23.0,17979.0
2262,Timrå,1+2,2020,22.9,17963.0
2262,Timrå,1+2,2021,22.9,17923.0
2262,Timrå,1+2,2022,22.7,17754.0
2262,Timrå,1+2,2023,22.4,17540.0
2262,Timrå,1+2,2024,22.2,17521.0
2262,Timrå,1+2,2025,22.2,17465.0
2280,Härnösand,1+2,2000,23.9,25493.0
2280,Härnösand,1+2,2001,23.7,25227.0
2280,Härnösand,1+2,2002,23.7,25193.0
2280,Härnösand,1+2,2003,23.7,25272.0
2280,Härnösand,1+2,2004,23.7,25273.0
2280,Härnösand,1+2,2005,23.7,25227.0
2280,Härnösand,1+2,2006,23.6,25080.0
2280,Härnösand,1+2,2007,23.4,24922.0
2280,Härnösand,1+2,2008,23.2,24716.0
2280,Härnösand,1+2,2009,23.2,24675.0
2280,Härnösand,1+2,2010,23.1,24611.0
2280,Härnösand,1+2,2011,23.2,24541.0
2280,Härnösand,1+2,2012,23.0,24398.0
2280,Härnösand,1+2,2013,23.2,24509.0
2280,Härnösand,1+2,2014,23.4,24755.0
2280,Härnösand,1+2,2015,23.7,25066.0
2280,Härnösand,1+2,2016,23.9,25269.0
2280,Härnösand,1+2,2017,23.8,25190.0
2280,Härnösand,1+2,2018,23.7,25120.0
2280,Härnösand,1+2,2019,23.8,25183.0
2280,Härnösand,1+2,2020,23.7,25114.0
2280,Härnösand,1+2,2021,23.6,25012.0
2280,Härnösand,1+2,2022,23.5,24879.0
2280,Härnösand,1+2,2023,23.3,24654.0
2280,Härnösand,1+2,2024,23.0,24515.0
2280,Härnösand,1+2,2025,22.9,24348.0
2281,Sundsvall,1+2,2000,29.0,93126.0
2281,Sundsvall,1+2,2001,29.0,93125.0
2281,Sundsvall,1+2,2002,29.1,93252.0
2281,Sundsvall,1+2,2003,29.1,93307.0
2281,Sundsvall,1+2,2004,29.2,93707.0
2281,Sundsvall,1+2,2005,29.3,94044.0
2281,Sundsvall,1+2,2006,29.5,94516.0
2281,Sundsvall,1+2,2007,29.5,94575.0
2281,Sundsvall,1+2,2008,29.6,94955.0
2281,Sundsvall,1+2,2009,29.8,95533.0
2281,Sundsvall,1+2,2010,29.8,95732.0
2281,Sundsvall,1+2,2011,30.1,96113.0
2281,Sundsvall,1+2,2012,30.3,96687.0
2281,Sundsvall,1+2,2013,30.4,96978.0
2281,Sundsvall,1+2,2014,30.5,97338.0
2281,Sundsvall,1+2,2015,30.6,97633.0
2281,Sundsvall,1+2,2016,30.8,98325.0
2281,Sundsvall,1+2,2017,31.0,98810.0
2281,Sundsvall,1+2,2018,31.0,98850.0
2281,Sundsvall,1+2,2019,31.2,99449.0
2281,Sundsvall,1+2,2020,31.2,99439.0
2281,Sundsvall,1+2,2021,31.2,99383.0
2281,Sundsvall,1+2,2022,31.2,99361.0
2281,Sundsvall,1+2,2023,31.1,99213.0
2281,Sundsvall,1+2,2024,30.9,99048.0
2281,Sundsvall,1+2,2025,30.9,98962.0
2282,Kramfors,1+2,2000,12.5,21382.0
2282,Kramfors,1+2,2001,12.3,20951.0
2282,Kramfors,1+2,2002,12.1,20711.0
2282,Kramfors,1+2,2003,12.0,20508.0
2282,Kramfors,1+2,2004,12.0,20383.0
2282,Kramfors,1+2,2005,11.8,20107.0
2282,Kramfors,1+2,2006,11.6,19816.0
2282,Kramfors,1+2,2007,11.5,19663.0
2282,Kramfors,1+2,2008,11.4,19473.0
2282,Kramfors,1+2,2009,11.3,19214.0
2282,Kramfors,1+2,2010,11.1,18911.0
2282,Kramfors,1+2,2011,11.1,18742.0
2282,Kramfors,1+2,2012,10.9,18516.0
2282,Kramfors,1+2,2013,10.9,18450.0
2282,Kramfors,1+2,2014,10.9,18435.0
2282,Kramfors,1+2,2015,10.8,18359.0
2282,Kramfors,1+2,2016,11.0,18681.0
2282,Kramfors,1+2,2017,11.0,18610.0
2282,Kramfors,1+2,2018,10.9,18423.0
2282,Kramfors,1+2,2019,10.8,18282.0
2282,Kramfors,1+2,2020,10.7,18133.0
2282,Kramfors,1+2,2021,10.6,18005.0
2282,Kramfors,1+2,2022,10.6,17904.0
2282,Kramfors,1+2,2023,10.4,17631.0
2282,Kramfors,1+2,2024,10.3,17491.0
2282,Kramfors,1+2,2025,10.2,17390.0
2283,Sollefteå,1+2,2000,4.0,21978.0
2283,Sollefteå,1+2,2001,4.0,21624.0
2283,Sollefteå,1+2,2002,3.9,21384.0
2283,Sollefteå,1+2,2003,3.9,21317.0
2283,Sollefteå,1+2,2004,3.9,21207.0
2283,Sollefteå,1+2,2005,3.9,20976.0
2283,Sollefteå,1+2,2006,3.8,20849.0
2283,Sollefteå,1+2,2007,3.8,20679.0
2283,Sollefteå,1+2,2008,3.8,20538.0
2283,Sollefteå,1+2,2009,3.8,20442.0
2283,Sollefteå,1+2,2010,3.7,20255.0
2283,Sollefteå,1+2,2011,3.7,19964.0
2283,Sollefteå,1+2,2012,3.6,19736.0
2283,Sollefteå,1+2,2013,3.6,19623.0
2283,Sollefteå,1+2,2014,3.7,19776.0
2283,Sollefteå,1+2,2015,3.7,19783.0
2283,Sollefteå,1+2,2016,3.7,19846.0
2283,Sollefteå,1+2,2017,3.7,19709.0
2283,Sollefteå,1+2,2018,3.6,19500.0
2283,Sollefteå,1+2,2019,3.5,19140.0
2283,Sollefteå,1+2,2020,3.5,18872.0
2283,Sollefteå,1+2,2021,3.5,18814.0
2283,Sollefteå,1+2,2022,3.5,18667.0
2283,Sollefteå,1+2,2023,3.4,18523.0
2283,Sollefteå,1+2,2024,3.4,18396.0
2283,Sollefteå,1+2,2025,3.3,18138.0
2284,Örnsköldsvik,1+2,2000,8.7,55702.0
2284,Örnsköldsvik,1+2,2001,8.6,55364.0
2284,Örnsköldsvik,1+2,2002,8.6,55047.0
2284,Örnsköldsvik,1+2,2003,8.6,54950.0
2284,Örnsköldsvik,1+2,2004,8.6,54945.0
2284,Örnsköldsvik,1+2,2005,8.6,54943.0
2284,Örnsköldsvik,1+2,2006,8.6,55243.0
2284,Örnsköldsvik,1+2,2007,8.6,55284.0
2284,Örnsköldsvik,1+2,2008,8.6,55387.0
2284,Örnsköldsvik,1+2,2009,8.6,55128.0
2284,Örnsköldsvik,1+2,2010,8.6,55073.0
2284,Örnsköldsvik,1+2,2011,8.6,54930.0
2284,Örnsköldsvik,1+2,2012,8.6,55008.0
2284,Örnsköldsvik,1+2,2013,8.6,54986.0
2284,Örnsköldsvik,1+2,2014,8.7,55248.0
2284,Örnsköldsvik,1+2,2015,8.7,55576.0
2284,Örnsköldsvik,1+2,2016,8.8,55964.0
2284,Örnsköldsvik,1+2,2017,8.8,56139.0
2284,Örnsköldsvik,1+2,2018,8.8,56089.0
2284,Örnsköldsvik,1+2,2019,8.8,55998.0
2284,Örnsköldsvik,1+2,2020,8.8,55807.0
2284,Örnsköldsvik,1+2,2021,8.8,55823.0
2284,Örnsköldsvik,1+2,2022,8.7,55557.0
2284,Örnsköldsvik,1+2,2023,8.7,55478.0
2284,Örnsköldsvik,1+2,2024,8.6,55443.0
2284,Örnsköldsvik,1+2,2025,8.6,55338.0
2303,Ragunda,1+2,2000,2.5,6313.0
2303,Ragunda,1+2,2001,2.4,6148.0
2303,Ragunda,1+2,2002,2.4,6079.0
2303,Ragunda,1+2,2003,2.4,5948.0
2303,Ragunda,1+2,2004,2.3,5894.0
2303,Ragunda,1+2,2005,2.3,5796.0
2303,Ragunda,1+2,2006,2.3,5806.0
2303,Ragunda,1+2,2007,2.3,5747.0
2303,Ragunda,1+2,2008,2.2,5681.0
2303,Ragunda,1+2,2009,2.2,5609.0
2303,Ragunda,1+2,2010,2.2,5590.0
2303,Ragunda,1+2,2011,2.2,5501.0
2303,Ragunda,1+2,2012,2.1,5466.0
2303,Ragunda,1+2,2013,2.2,5458.0
2303,Ragunda,1+2,2014,2.2,5440.0
2303,Ragunda,1+2,2015,2.1,5387.0
2303,Ragunda,1+2,2016,2.2,5415.0
2303,Ragunda,1+2,2017,2.2,5444.0
2303,Ragunda,1+2,2018,2.1,5343.0
2303,Ragunda,1+2,2019,2.1,5284.0
2303,Ragunda,1+2,2020,2.1,5208.0
2303,Ragunda,1+2,2021,2.1,5210.0
2303,Ragunda,1+2,2022,2.1,5174.0
2303,Ragunda,1+2,2023,2.0,5135.0
2303,Ragunda,1+2,2024,2.0,5146.0
2303,Ragunda,1+2,2025,2.0,5152.0
2305,Bräcke,1+2,2000,2.2,7577.0
2305,Bräcke,1+2,2001,2.2,7400.0
2305,Bräcke,1+2,2002,2.2,7406.0
2305,Bräcke,1+2,2003,2.1,7359.0
2305,Bräcke,1+2,2004,2.1,7282.0
2305,Bräcke,1+2,2005,2.1,7192.0
2305,Bräcke,1+2,2006,2.1,7202.0
2305,Bräcke,1+2,2007,2.1,7109.0
2305,Bräcke,1+2,2008,2.0,7009.0
2305,Bräcke,1+2,2009,2.0,6865.0
2305,Bräcke,1+2,2010,2.0,6885.0
2305,Bräcke,1+2,2011,2.0,6750.0
2305,Bräcke,1+2,2012,1.9,6655.0
2305,Bräcke,1+2,2013,1.9,6559.0
2305,Bräcke,1+2,2014,1.9,6463.0
2305,Bräcke,1+2,2015,1.9,6455.0
2305,Bräcke,1+2,2016,1.9,6492.0
2305,Bräcke,1+2,2017,1.9,6501.0
2305,Bräcke,1+2,2018,1.9,6376.0
2305,Bräcke,1+2,2019,1.8,6298.0
2305,Bräcke,1+2,2020,1.8,6181.0
2305,Bräcke,1+2,2021,1.8,6175.0
2305,Bräcke,1+2,2022,1.8,6162.0
2305,Bräcke,1+2,2023,1.8,6099.0
2305,Bräcke,1+2,2024,1.8,6035.0
2305,Bräcke,1+2,2025,1.7,5950.0
2309,Krokom,1+2,2000,2.3,14154.0
2309,Krokom,1+2,2001,2.3,14047.0
2309,Krokom,1+2,2002,2.3,14005.0
2309,Krokom,1+2,2003,2.3,14088.0
2309,Krokom,1+2,2004,2.3,14126.0
2309,Krokom,1+2,2005,2.3,14130.0
2309,Krokom,1+2,2006,2.3,14270.0
2309,Krokom,1+2,2007,2.3,14304.0
2309,Krokom,1+2,2008,2.3,14324.0
2309,Krokom,1+2,2009,2.3,14460.0
2309,Krokom,1+2,2010,2.3,14535.0
2309,Krokom,1+2,2011,2.4,14559.0
2309,Krokom,1+2,2012,2.3,14590.0
2309,Krokom,1+2,2013,2.4,14643.0
2309,Krokom,1+2,2014,2.4,14648.0
2309,Krokom,1+2,2015,2.4,14785.0
2309,Krokom,1+2,2016,2.4,14843.0
2309,Krokom,1+2,2017,2.4,14925.0
2309,Krokom,1+2,2018,2.4,14858.0
2309,Krokom,1+2,2019,2.4,14966.0
2309,Krokom,1+2,2020,2.4,15054.0
2309,Krokom,1+2,2021,2.5,15352.0
2309,Krokom,1+2,2022,2.5,15532.0
2309,Krokom,1+2,2023,2.5,15595.0
2309,Krokom,1+2,2024,2.5,15680.0
2309,Krokom,1+2,2025,2.6,15795.0
2313,Strömsund,1+2,2000,1.3,13938.0
2313,Strömsund,1+2,2001,1.3,13643.0
2313,Strömsund,1+2,2002,1.3,13371.0
2313,Strömsund,1+2,2003,1.3,13267.0
2313,Strömsund,1+2,2004,1.2,13112.0
2313,Strömsund,1+2,2005,1.2,12931.0
2313,Strömsund,1+2,2006,1.2,12782.0
2313,Strömsund,1+2,2007,1.2,12679.0
2313,Strömsund,1+2,2008,1.2,12532.0
2313,Strömsund,1+2,2009,1.2,12286.0
2313,Strömsund,1+2,2010,1.2,12185.0
2313,Strömsund,1+2,2011,1.2,12171.0
2313,Strömsund,1+2,2012,1.1,12138.0
2313,Strömsund,1+2,2013,1.2,11984.0
2313,Strömsund,1+2,2014,1.1,11873.0
2313,Strömsund,1+2,2015,1.1,11712.0
2313,Strömsund,1+2,2016,1.1,11809.0
2313,Strömsund,1+2,2017,1.1,11791.0
2313,Strömsund,1+2,2018,1.1,11703.0
2313,Strömsund,1+2,2019,1.1,11605.0
2313,Strömsund,1+2,2020,1.1,11488.0
2313,Strömsund,1+2,2021,1.1,11473.0
2313,Strömsund,1+2,2022,1.1,11397.0
2313,Strömsund,1+2,2023,1.1,11113.0
2313,Strömsund,1+2,2024,1.0,11023.0
2313,Strömsund,1+2,2025,1.0,10904.0
2321,Åre,1+2,2000,1.3,9745.0
2321,Åre,1+2,2001,1.3,9607.0
2321,Åre,1+2,2002,1.3,9692.0
2321,Åre,1+2,2003,1.3,9692.0
2321,Åre,1+2,2004,1.4,9821.0
2321,Åre,1+2,2005,1.4,9966.0
2321,Åre,1+2,2006,1.4,10021.0
2321,Åre,1+2,2007,1.4,10127.0
2321,Åre,1+2,2008,1.4,10259.0
2321,Åre,1+2,2009,1.4,10278.0
2321,Åre,1+2,2010,1.4,10274.0
2321,Åre,1+2,2011,1.4,10259.0
2321,Åre,1+2,2012,1.4,10406.0
2321,Åre,1+2,2013,1.5,10420.0
2321,Åre,1+2,2014,1.5,10555.0
2321,Åre,1+2,2015,1.5,10677.0
2321,Åre,1+2,2016,1.5,11088.0
2321,Åre,1+2,2017,1.6,11268.0
2321,Åre,1+2,2018,1.6,11529.0
2321,Åre,1+2,2019,1.6,11727.0
2321,Åre,1+2,2020,1.7,12049.0
2321,Åre,1+2,2021,1.7,12271.0
2321,Åre,1+2,2022,1.7,12330.0
2321,Åre,1+2,2023,1.7,12464.0
2321,Åre,1+2,2024,1.8,12693.0
2321,Åre,1+2,2025,1.8,12770.0
2326,Berg,1+2,2000,1.4,8175.0
2326,Berg,1+2,2001,1.4,8053.0
2326,Berg,1+2,2002,1.4,7949.0
2326,Berg,1+2,2003,1.4,7865.0
2326,Berg,1+2,2004,1.4,7779.0
2326,Berg,1+2,2005,1.3,7696.0
2326,Berg,1+2,2006,1.3,7592.0
2326,Berg,1+2,2007,1.3,7586.0
2326,Berg,1+2,2008,1.3,7533.0
2326,Berg,1+2,2009,1.3,7447.0
2326,Berg,1+2,2010,1.3,7352.0
2326,Berg,1+2,2011,1.3,7345.0
2326,Berg,1+2,2012,1.2,7215.0
2326,Berg,1+2,2013,1.3,7160.0
2326,Berg,1+2,2014,1.2,7067.0
2326,Berg,1+2,2015,1.2,7032.0
2326,Berg,1+2,2016,1.2,7081.0
2326,Berg,1+2,2017,1.2,7122.0
2326,Berg,1+2,2018,1.2,7097.0
2326,Berg,1+2,2019,1.2,7061.0
2326,Berg,1+2,2020,1.2,7120.0
2326,Berg,1+2,2021,1.2,7135.0
2326,Berg,1+2,2022,1.3,7176.0
2326,Berg,1+2,2023,1.3,7140.0
2326,Berg,1+2,2024,1.2,7108.0
2326,Berg,1+2,2025,1.2,7085.0
2361,Härjedalen,1+2,2000,1.0,11415.0
2361,Härjedalen,1+2,2001,1.0,11327.0
2361,Härjedalen,1+2,2002,1.0,11289.0
2361,Härjedalen,1+2,2003,1.0,11065.0
2361,Härjedalen,1+2,2004,1.0,10951.0
2361,Härjedalen,1+2,2005,1.0,10889.0
2361,Härjedalen,1+2,2006,0.9,10764.0
2361,Härjedalen,1+2,2007,0.9,10699.0
2361,Härjedalen,1+2,2008,0.9,10645.0
2361,Härjedalen,1+2,2009,0.9,10585.0
2361,Härjedalen,1+2,2010,0.9,10454.0
2361,Härjedalen,1+2,2011,0.9,10341.0
2361,Härjedalen,1+2,2012,0.9,10246.0
2361,Härjedalen,1+2,2013,0.9,10281.0
2361,Härjedalen,1+2,2014,0.9,10224.0
2361,Härjedalen,1+2,2015,0.9,10262.0
2361,Härjedalen,1+2,2016,0.9,10200.0
2361,Härjedalen,1+2,2017,0.9,10154.0
2361,Härjedalen,1+2,2018,0.9,10147.0
2361,Härjedalen,1+2,2019,0.9,10090.0
2361,Härjedalen,1+2,2020,0.9,10070.0
2361,Härjedalen,1+2,2021,0.9,10114.0
2361,Härjedalen,1+2,2022,0.9,10185.0
2361,Härjedalen,1+2,2023,0.9,10145.0
2361,Härjedalen,1+2,2024,0.9,10175.0
2361,Härjedalen,1+2,2025,0.9,10117.0
2380,Östersund,1+2,2000,26.2,58249.0
2380,Östersund,1+2,2001,26.3,58361.0
2380,Östersund,1+2,2002,26.2,58156.0
2380,Östersund,1+2,2003,26.3,58361.0
2380,Östersund,1+2,2004,26.3,58459.0
2380,Östersund,1+2,2005,26.3,58428.0
2380,Östersund,1+2,2006,26.4,58583.0
2380,Östersund,1+2,2007,26.4,58686.0
2380,Östersund,1+2,2008,26.5,58914.0
2380,Östersund,1+2,2009,26.6,59136.0
2380,Östersund,1+2,2010,26.8,59416.0
2380,Östersund,1+2,2011,26.9,59373.0
2380,Östersund,1+2,2012,26.9,59485.0
2380,Östersund,1+2,2013,27.2,59956.0
2380,Östersund,1+2,2014,27.4,60495.0
2380,Östersund,1+2,2015,27.7,61066.0
2380,Östersund,1+2,2016,28.0,61745.0
2380,Östersund,1+2,2017,28.3,62601.0
2380,Östersund,1+2,2018,28.6,63227.0
2380,Östersund,1+2,2019,28.9,63779.0
2380,Östersund,1+2,2020,29.0,63985.0
2380,Östersund,1+2,2021,29.1,64324.0
2380,Östersund,1+2,2022,29.3,64714.0
2380,Östersund,1+2,2023,29.4,64881.0
2380,Östersund,1+2,2024,29.3,64979.0
2380,Östersund,1+2,2025,29.3,64963.0
2401,Nordmaling,1+2,2000,6.2,7663.0
2401,Nordmaling,1+2,2001,6.2,7660.0
2401,Nordmaling,1+2,2002,6.1,7573.0
2401,Nordmaling,1+2,2003,6.1,7616.0
2401,Nordmaling,1+2,2004,6.1,7511.0
2401,Nordmaling,1+2,2005,6.0,7470.0
2401,Nordmaling,1+2,2006,6.0,7426.0
2401,Nordmaling,1+2,2007,6.0,7390.0
2401,Nordmaling,1+2,2008,5.9,7276.0
2401,Nordmaling,1+2,2009,5.8,7205.0
2401,Nordmaling,1+2,2010,5.7,7098.0
2401,Nordmaling,1+2,2011,5.7,7048.0
2401,Nordmaling,1+2,2012,5.7,7039.0
2401,Nordmaling,1+2,2013,5.7,7006.0
2401,Nordmaling,1+2,2014,5.8,7085.0
2401,Nordmaling,1+2,2015,5.7,7060.0
2401,Nordmaling,1+2,2016,5.8,7132.0
2401,Nordmaling,1+2,2017,5.8,7103.0
2401,Nordmaling,1+2,2018,5.8,7118.0
2401,Nordmaling,1+2,2019,5.8,7143.0
2401,Nordmaling,1+2,2020,5.8,7108.0
2401,Nordmaling,1+2,2021,5.8,7100.0
2401,Nordmaling,1+2,2022,5.7,7066.0
2401,Nordmaling,1+2,2023,5.7,7033.0
2401,Nordmaling,1+2,2024,5.6,6942.0
2401,Nordmaling,1+2,2025,5.6,6905.0
2403,Bjurholm,1+2,2000,2.0,2695.0
2403,Bjurholm,1+2,2001,2.0,2639.0
2403,Bjurholm,1+2,2002,2.0,2608.0
2403,Bjurholm,1+2,2003,2.0,2575.0
2403,Bjurholm,1+2,2004,2.0,2588.0
2403,Bjurholm,1+2,2005,1.9,2553.0
2403,Bjurholm,1+2,2006,1.9,2541.0
2403,Bjurholm,1+2,2007,1.9,2549.0
2403,Bjurholm,1+2,2008,1.9,2516.0
2403,Bjurholm,1+2,2009,1.9,2500.0
2403,Bjurholm,1+2,2010,1.9,2460.0
2403,Bjurholm,1+2,2011,1.9,2431.0
2403,Bjurholm,1+2,2012,1.8,2421.0
2403,Bjurholm,1+2,2013,1.9,2436.0
2403,Bjurholm,1+2,2014,1.9,2451.0
2403,Bjurholm,1+2,2015,1.9,2453.0
2403,Bjurholm,1+2,2016,1.9,2454.0
2403,Bjurholm,1+2,2017,1.9,2451.0
2403,Bjurholm,1+2,2018,1.9,2450.0
2403,Bjurholm,1+2,2019,1.8,2408.0
2403,Bjurholm,1+2,2020,1.8,2387.0
2403,Bjurholm,1+2,2021,1.8,2395.0
2403,Bjurholm,1+2,2022,1.8,2372.0
2403,Bjurholm,1+2,2023,1.8,2348.0
2403,Bjurholm,1+2,2024,1.8,2359.0
2403,Bjurholm,1+2,2025,1.8,2327.0
2404,Vindeln,1+2,2000,2.3,6074.0
2404,Vindeln,1+2,2001,2.3,6039.0
2404,Vindeln,1+2,2002,2.2,5960.0
2404,Vindeln,1+2,2003,2.2,5885.0
2404,Vindeln,1+2,2004,2.2,5773.0
2404,Vindeln,1+2,2005,2.2,5752.0
2404,Vindeln,1+2,2006,2.1,5665.0
2404,Vindeln,1+2,2007,2.1,5640.0
2404,Vindeln,1+2,2008,2.1,5613.0
2404,Vindeln,1+2,2009,2.1,5519.0
2404,Vindeln,1+2,2010,2.1,5507.0
2404,Vindeln,1+2,2011,2.1,5434.0
2404,Vindeln,1+2,2012,2.0,5359.0
2404,Vindeln,1+2,2013,2.0,5344.0
2404,Vindeln,1+2,2014,2.0,5383.0
2404,Vindeln,1+2,2015,2.0,5371.0
2404,Vindeln,1+2,2016,2.1,5413.0
2404,Vindeln,1+2,2017,2.1,5412.0
2404,Vindeln,1+2,2018,2.1,5436.0
2404,Vindeln,1+2,2019,2.1,5423.0
2404,Vindeln,1+2,2020,2.1,5485.0
2404,Vindeln,1+2,2021,2.1,5550.0
2404,Vindeln,1+2,2022,2.1,5504.0
2404,Vindeln,1+2,2023,2.1,5461.0
2404,Vindeln,1+2,2024,2.0,5417.0
2404,Vindeln,1+2,2025,2.0,5421.0
2409,Robertsfors,1+2,2000,5.6,7307.0
2409,Robertsfors,1+2,2001,5.6,7274.0
2409,Robertsfors,1+2,2002,5.5,7168.0
2409,Robertsfors,1+2,2003,5.4,7082.0
2409,Robertsfors,1+2,2004,5.5,7106.0
2409,Robertsfors,1+2,2005,5.4,7066.0
2409,Robertsfors,1+2,2006,5.4,6996.0
2409,Robertsfors,1+2,2007,5.3,6909.0
2409,Robertsfors,1+2,2008,5.3,6900.0
2409,Robertsfors,1+2,2009,5.3,6880.0
2409,Robertsfors,1+2,2010,5.2,6831.0
2409,Robertsfors,1+2,2011,5.2,6762.0
2409,Robertsfors,1+2,2012,5.2,6717.0
2409,Robertsfors,1+2,2013,5.2,6738.0
2409,Robertsfors,1+2,2014,5.2,6724.0
2409,Robertsfors,1+2,2015,5.2,6771.0
2409,Robertsfors,1+2,2016,5.2,6784.0
2409,Robertsfors,1+2,2017,5.2,6784.0
2409,Robertsfors,1+2,2018,5.2,6762.0
2409,Robertsfors,1+2,2019,5.2,6747.0
2409,Robertsfors,1+2,2020,5.2,6748.0
2409,Robertsfors,1+2,2021,5.3,6786.0
2409,Robertsfors,1+2,2022,5.2,6759.0
2409,Robertsfors,1+2,2023,5.2,6740.0
2409,Robertsfors,1+2,2024,5.1,6690.0
2409,Robertsfors,1+2,2025,5.1,6595.0
2417,Norsjö,1+2,2000,2.7,4689.0
2417,Norsjö,1+2,2001,2.7,4642.0
2417,Norsjö,1+2,2002,2.6,4541.0
2417,Norsjö,1+2,2003,2.6,4478.0
2417,Norsjö,1+2,2004,2.6,4483.0
2417,Norsjö,1+2,2005,2.5,4466.0
2417,Norsjö,1+2,2006,2.5,4437.0
2417,Norsjö,1+2,2007,2.5,4380.0
2417,Norsjö,1+2,2008,2.5,4363.0
2417,Norsjö,1+2,2009,2.5,4361.0
2417,Norsjö,1+2,2010,2.5,4304.0
2417,Norsjö,1+2,2011,2.4,4237.0
2417,Norsjö,1+2,2012,2.4,4172.0
2417,Norsjö,1+2,2013,2.4,4175.0
2417,Norsjö,1+2,2014,2.4,4180.0
2417,Norsjö,1+2,2015,2.4,4176.0
2417,Norsjö,1+2,2016,2.4,4125.0
2417,Norsjö,1+2,2017,2.3,4086.0
2417,Norsjö,1+2,2018,2.4,4094.0
2417,Norsjö,1+2,2019,2.3,3986.0
2417,Norsjö,1+2,2020,2.3,3945.0
2417,Norsjö,1+2,2021,2.3,3971.0
2417,Norsjö,1+2,2022,2.3,3947.0
2417,Norsjö,1+2,2023,2.3,3924.0
2417,Norsjö,1+2,2024,2.3,3968.0
2417,Norsjö,1+2,2025,2.2,3811.0
2418,Malå,1+2,2000,2.2,3610.0
2418,Malå,1+2,2001,2.2,3579.0
2418,Malå,1+2,2002,2.2,3553.0
2418,Malå,1+2,2003,2.2,3498.0
2418,Malå,1+2,2004,2.2,3464.0
2418,Malå,1+2,2005,2.1,3421.0
2418,Malå,1+2,2006,2.1,3348.0
2418,Malå,1+2,2007,2.1,3338.0
2418,Malå,1+2,2008,2.1,3369.0
2418,Malå,1+2,2009,2.0,3295.0
2418,Malå,1+2,2010,2.0,3274.0
2418,Malå,1+2,2011,2.0,3230.0
2418,Malå,1+2,2012,2.0,3196.0
2418,Malå,1+2,2013,2.0,3155.0
2418,Malå,1+2,2014,1.9,3115.0
2418,Malå,1+2,2015,1.9,3109.0
2418,Malå,1+2,2016,1.9,3100.0
2418,Malå,1+2,2017,2.0,3133.0
2418,Malå,1+2,2018,2.0,3122.0
2418,Malå,1+2,2019,1.9,3068.0
2418,Malå,1+2,2020,1.9,3024.0
2418,Malå,1+2,2021,1.9,3034.0
2418,Malå,1+2,2022,1.9,3033.0
2418,Malå,1+2,2023,1.9,2990.0
2418,Malå,1+2,2024,1.8,2962.0
2418,Malå,1+2,2025,1.8,2902.0
2421,Storuman,1+2,2000,0.9,6934.0
2421,Storuman,1+2,2001,0.9,6788.0
2421,Storuman,1+2,2002,0.9,6679.0
2421,Storuman,1+2,2003,0.9,6595.0
2421,Storuman,1+2,2004,0.9,6554.0
2421,Storuman,1+2,2005,0.9,6507.0
2421,Storuman,1+2,2006,0.9,6432.0
2421,Storuman,1+2,2007,0.9,6383.0
2421,Storuman,1+2,2008,0.9,6304.0
2421,Storuman,1+2,2009,0.8,6227.0
2421,Storuman,1+2,2010,0.8,6120.0
2421,Storuman,1+2,2011,0.8,6026.0
2421,Storuman,1+2,2012,0.8,6006.0
2421,Storuman,1+2,2013,0.8,5954.0
2421,Storuman,1+2,2014,0.8,5955.0
2421,Storuman,1+2,2015,0.8,5943.0
2421,Storuman,1+2,2016,0.8,5899.0
2421,Storuman,1+2,2017,0.8,5902.0
2421,Storuman,1+2,2018,0.8,5912.0
2421,Storuman,1+2,2019,0.8,5852.0
2421,Storuman,1+2,2020,0.8,5826.0
2421,Storuman,1+2,2021,0.8,5808.0
2421,Storuman,1+2,2022,0.8,5747.0
2421,Storuman,1+2,2023,0.8,5621.0
2421,Storuman,1+2,2024,0.8,5577.0
2421,Storuman,1+2,2025,0.8,5543.0
2422,Sorsele,1+2,2000,0.4,3195.0
2422,Sorsele,1+2,2001,0.4,3132.0
2422,Sorsele,1+2,2002,0.4,3046.0
2422,Sorsele,1+2,2003,0.4,2981.0
2422,Sorsele,1+2,2004,0.4,2957.0
2422,Sorsele,1+2,2005,0.4,2905.0
2422,Sorsele,1+2,2006,0.4,2867.0
2422,Sorsele,1+2,2007,0.4,2811.0
2422,Sorsele,1+2,2008,0.4,2733.0
2422,Sorsele,1+2,2009,0.4,2743.0
2422,Sorsele,1+2,2010,0.4,2736.0
2422,Sorsele,1+2,2011,0.4,2729.0
2422,Sorsele,1+2,2012,0.3,2673.0
2422,Sorsele,1+2,2013,0.4,2595.0
2422,Sorsele,1+2,2014,0.3,2565.0
2422,Sorsele,1+2,2015,0.3,2516.0
2422,Sorsele,1+2,2016,0.3,2535.0
2422,Sorsele,1+2,2017,0.3,2516.0
2422,Sorsele,1+2,2018,0.3,2522.0
2422,Sorsele,1+2,2019,0.3,2489.0
2422,Sorsele,1+2,2020,0.3,2442.0
2422,Sorsele,1+2,2021,0.3,2460.0
2422,Sorsele,1+2,2022,0.3,2436.0
2422,Sorsele,1+2,2023,0.3,2387.0
2422,Sorsele,1+2,2024,0.3,2357.0
2422,Sorsele,1+2,2025,0.3,2362.0
2425,Dorotea,1+2,2000,1.2,3353.0
2425,Dorotea,1+2,2001,1.2,3294.0
2425,Dorotea,1+2,2002,1.2,3247.0
2425,Dorotea,1+2,2003,1.2,3226.0
2425,Dorotea,1+2,2004,1.1,3156.0
2425,Dorotea,1+2,2005,1.1,3082.0
2425,Dorotea,1+2,2006,1.1,3069.0
2425,Dorotea,1+2,2007,1.1,2993.0
2425,Dorotea,1+2,2008,1.0,2914.0
2425,Dorotea,1+2,2009,1.0,2900.0
2425,Dorotea,1+2,2010,1.0,2878.0
2425,Dorotea,1+2,2011,1.0,2862.0
2425,Dorotea,1+2,2012,1.0,2794.0
2425,Dorotea,1+2,2013,1.0,2757.0
2425,Dorotea,1+2,2014,1.0,2757.0
2425,Dorotea,1+2,2015,1.0,2740.0
2425,Dorotea,1+2,2016,1.0,2719.0
2425,Dorotea,1+2,2017,1.0,2646.0
2425,Dorotea,1+2,2018,0.9,2568.0
2425,Dorotea,1+2,2019,0.9,2551.0
2425,Dorotea,1+2,2020,0.9,2498.0
2425,Dorotea,1+2,2021,0.9,2459.0
2425,Dorotea,1+2,2022,0.9,2413.0
2425,Dorotea,1+2,2023,0.8,2339.0
2425,Dorotea,1+2,2024,0.8,2294.0
2425,Dorotea,1+2,2025,0.8,2241.0
2460,Vännäs,1+2,2000,16.0,8532.0
2460,Vännäs,1+2,2001,15.8,8449.0
2460,Vännäs,1+2,2002,15.9,8479.0
2460,Vännäs,1+2,2003,16.0,8513.0
2460,Vännäs,1+2,2004,16.0,8525.0
2460,Vännäs,1+2,2005,15.8,8412.0
2460,Vännäs,1+2,2006,15.8,8436.0
2460,Vännäs,1+2,2007,15.7,8351.0
2460,Vännäs,1+2,2008,15.7,8357.0
2460,Vännäs,1+2,2009,15.7,8357.0
2460,Vännäs,1+2,2010,15.8,8414.0
2460,Vännäs,1+2,2011,16.0,8465.0
2460,Vännäs,1+2,2012,16.0,8522.0
2460,Vännäs,1+2,2013,16.2,8583.0
2460,Vännäs,1+2,2014,16.3,8616.0
2460,Vännäs,1+2,2015,16.2,8593.0
2460,Vännäs,1+2,2016,16.4,8695.0
2460,Vännäs,1+2,2017,16.6,8776.0
2460,Vännäs,1+2,2018,16.6,8785.0
2460,Vännäs,1+2,2019,16.8,8872.0
2460,Vännäs,1+2,2020,17.0,8997.0
2460,Vännäs,1+2,2021,17.1,9054.0
2460,Vännäs,1+2,2022,16.9,8963.0
2460,Vännäs,1+2,2023,17.1,9059.0
2460,Vännäs,1+2,2024,17.1,9132.0
2460,Vännäs,1+2,2025,17.3,9225.0
2462,Vilhelmina,1+2,2000,1.0,7918.0
2462,Vilhelmina,1+2,2001,1.0,7730.0
2462,Vilhelmina,1+2,2002,0.9,7655.0
2462,Vilhelmina,1+2,2003,0.9,7588.0
2462,Vilhelmina,1+2,2004,0.9,7422.0
2462,Vilhelmina,1+2,2005,0.9,7327.0
2462,Vilhelmina,1+2,2006,0.9,7280.0
2462,Vilhelmina,1+2,2007,0.9,7220.0
2462,Vilhelmina,1+2,2008,0.9,7220.0
2462,Vilhelmina,1+2,2009,0.9,7156.0
2462,Vilhelmina,1+2,2010,0.9,7135.0
2462,Vilhelmina,1+2,2011,0.9,7048.0
2462,Vilhelmina,1+2,2012,0.8,6941.0
2462,Vilhelmina,1+2,2013,0.9,6887.0
2462,Vilhelmina,1+2,2014,0.9,6848.0
2462,Vilhelmina,1+2,2015,0.8,6829.0
2462,Vilhelmina,1+2,2016,0.8,6805.0
2462,Vilhelmina,1+2,2017,0.8,6787.0
2462,Vilhelmina,1+2,2018,0.8,6752.0
2462,Vilhelmina,1+2,2019,0.8,6668.0
2462,Vilhelmina,1+2,2020,0.8,6539.0
2462,Vilhelmina,1+2,2021,0.8,6485.0
2462,Vilhelmina,1+2,2022,0.8,6393.0
2462,Vilhelmina,1+2,2023,0.8,6263.0
2462,Vilhelmina,1+2,2024,0.8,6229.0
2462,Vilhelmina,1+2,2025,0.8,6172.0
2463,Åsele,1+2,2000,0.8,3624.0
2463,Åsele,1+2,2001,0.8,3563.0
2463,Åsele,1+2,2002,0.8,3499.0
2463,Åsele,1+2,2003,0.8,3410.0
2463,Åsele,1+2,2004,0.8,3375.0
2463,Åsele,1+2,2005,0.8,3322.0
2463,Åsele,1+2,2006,0.8,3271.0
2463,Åsele,1+2,2007,0.8,3265.0
2463,Åsele,1+2,2008,0.7,3180.0
2463,Åsele,1+2,2009,0.7,3133.0
2463,Åsele,1+2,2010,0.7,3039.0
2463,Åsele,1+2,2011,0.7,3007.0
2463,Åsele,1+2,2012,0.7,2958.0
2463,Åsele,1+2,2013,0.7,2875.0
2463,Åsele,1+2,2014,0.7,2838.0
2463,Åsele,1+2,2015,0.7,2832.0
2463,Åsele,1+2,2016,0.7,2875.0
2463,Åsele,1+2,2017,0.7,2809.0
2463,Åsele,1+2,2018,0.7,2819.0
2463,Åsele,1+2,2019,0.7,2794.0
2463,Åsele,1+2,2020,0.7,2805.0
2463,Åsele,1+2,2021,0.7,2807.0
2463,Åsele,1+2,2022,0.7,2782.0
2463,Åsele,1+2,2023,0.6,2718.0
2463,Åsele,1+2,2024,0.6,2694.0
2463,Åsele,1+2,2025,0.6,2683.0
2480,Umeå,1+2,2000,44.8,104512.0
2480,Umeå,1+2,2001,45.0,105006.0
2480,Umeå,1+2,2002,45.7,106525.0
2480,Umeå,1+2,2003,46.3,107917.0
2480,Umeå,1+2,2004,46.9,109390.0
2480,Umeå,1+2,2005,47.5,110758.0
2480,Umeå,1+2,2006,47.7,111235.0
2480,Umeå,1+2,2007,47.9,111771.0
2480,Umeå,1+2,2008,48.4,112728.0
2480,Umeå,1+2,2009,48.9,114075.0
2480,Umeå,1+2,2010,49.5,115473.0
2480,Umeå,1+2,2011,50.3,116465.0
2480,Umeå,1+2,2012,50.6,117294.0
2480,Umeå,1+2,2013,51.1,118349.0
2480,Umeå,1+2,2014,51.6,119613.0
2480,Umeå,1+2,2015,52.1,120777.0
2480,Umeå,1+2,2016,53.0,122892.0
2480,Umeå,1+2,2017,54.0,125080.0
2480,Umeå,1+2,2018,54.9,127119.0
2480,Umeå,1+2,2019,55.6,128901.0
2480,Umeå,1+2,2020,56.2,130224.0
2480,Umeå,1+2,2021,56.5,130997.0
2480,Umeå,1+2,2022,57.1,132235.0
2480,Umeå,1+2,2023,57.4,133091.0
2480,Umeå,1+2,2024,57.5,134249.0
2480,Umeå,1+2,2025,58.0,135273.0
2481,Lycksele,1+2,2000,2.3,13058.0
2481,Lycksele,1+2,2001,2.3,12988.0
2481,Lycksele,1+2,2002,2.3,12884.0
2481,Lycksele,1+2,2003,2.3,12820.0
2481,Lycksele,1+2,2004,2.3,12785.0
2481,Lycksele,1+2,2005,2.3,12701.0
2481,Lycksele,1+2,2006,2.3,12612.0
2481,Lycksele,1+2,2007,2.2,12503.0
2481,Lycksele,1+2,2008,2.2,12477.0
2481,Lycksele,1+2,2009,2.2,12427.0
2481,Lycksele,1+2,2010,2.2,12376.0
2481,Lycksele,1+2,2011,2.2,12343.0
2481,Lycksele,1+2,2012,2.2,12351.0
2481,Lycksele,1+2,2013,2.2,12270.0
2481,Lycksele,1+2,2014,2.2,12208.0
2481,Lycksele,1+2,2015,2.2,12177.0
2481,Lycksele,1+2,2016,2.2,12187.0
2481,Lycksele,1+2,2017,2.2,12257.0
2481,Lycksele,1+2,2018,2.2,12228.0
2481,Lycksele,1+2,2019,2.2,12245.0
2481,Lycksele,1+2,2020,2.2,12324.0
2481,Lycksele,1+2,2021,2.2,12264.0
2481,Lycksele,1+2,2022,2.2,12243.0
2481,Lycksele,1+2,2023,2.2,12213.0
2481,Lycksele,1+2,2024,2.2,12118.0
2481,Lycksele,1+2,2025,2.2,12159.0
2482,Skellefteå,1+2,2000,10.6,72476.0
2482,Skellefteå,1+2,2001,10.5,72035.0
2482,Skellefteå,1+2,2002,10.5,71813.0
2482,Skellefteå,1+2,2003,10.5,71772.0
2482,Skellefteå,1+2,2004,10.5,71786.0
2482,Skellefteå,1+2,2005,10.5,71910.0
2482,Skellefteå,1+2,2006,10.5,71966.0
2482,Skellefteå,1+2,2007,10.5,72090.0
2482,Skellefteå,1+2,2008,10.5,71862.0
2482,Skellefteå,1+2,2009,10.5,71770.0
2482,Skellefteå,1+2,2010,10.4,71641.0
2482,Skellefteå,1+2,2011,10.5,71580.0
2482,Skellefteå,1+2,2012,10.5,71774.0
2482,Skellefteå,1+2,2013,10.6,71988.0
2482,Skellefteå,1+2,2014,10.6,72024.0
2482,Skellefteå,1+2,2015,10.6,72031.0
2482,Skellefteå,1+2,2016,10.6,72266.0
2482,Skellefteå,1+2,2017,10.7,72723.0
2482,Skellefteå,1+2,2018,10.7,72467.0
2482,Skellefteå,1+2,2019,10.7,72589.0
2482,Skellefteå,1+2,2020,10.7,72840.0
2482,Skellefteå,1+2,2021,10.8,73393.0
2482,Skellefteå,1+2,2022,10.9,74402.0
2482,Skellefteå,1+2,2023,11.3,76542.0
2482,Skellefteå,1+2,2024,11.4,78150.0
2482,Skellefteå,1+2,2025,11.0,75405.0
2505,Arvidsjaur,1+2,2000,1.3,7148.0
2505,Arvidsjaur,1+2,2001,1.3,7129.0
2505,Arvidsjaur,1+2,2002,1.2,7017.0
2505,Arvidsjaur,1+2,2003,1.2,6948.0
2505,Arvidsjaur,1+2,2004,1.2,6894.0
2505,Arvidsjaur,1+2,2005,1.2,6814.0
2505,Arvidsjaur,1+2,2006,1.2,6791.0
2505,Arvidsjaur,1+2,2007,1.2,6751.0
2505,Arvidsjaur,1+2,2008,1.2,6665.0
2505,Arvidsjaur,1+2,2009,1.2,6622.0
2505,Arvidsjaur,1+2,2010,1.1,6529.0
2505,Arvidsjaur,1+2,2011,1.1,6494.0
2505,Arvidsjaur,1+2,2012,1.1,6467.0
2505,Arvidsjaur,1+2,2013,1.1,6471.0
2505,Arvidsjaur,1+2,2014,1.1,6484.0
2505,Arvidsjaur,1+2,2015,1.1,6471.0
2505,Arvidsjaur,1+2,2016,1.1,6442.0
2505,Arvidsjaur,1+2,2017,1.1,6440.0
2505,Arvidsjaur,1+2,2018,1.1,6334.0
2505,Arvidsjaur,1+2,2019,1.1,6220.0
2505,Arvidsjaur,1+2,2020,1.1,6145.0
2505,Arvidsjaur,1+2,2021,1.1,6143.0
2505,Arvidsjaur,1+2,2022,1.1,6111.0
2505,Arvidsjaur,1+2,2023,1.1,6113.0
2505,Arvidsjaur,1+2,2024,1.1,6089.0
2505,Arvidsjaur,1+2,2025,1.1,6026.0
2506,Arjeplog,1+2,2000,0.3,3384.0
2506,Arjeplog,1+2,2001,0.3,3313.0
2506,Arjeplog,1+2,2002,0.3,3291.0
2506,Arjeplog,1+2,2003,0.3,3259.0
2506,Arjeplog,1+2,2004,0.3,3224.0
2506,Arjeplog,1+2,2005,0.2,3159.0
2506,Arjeplog,1+2,2006,0.2,3151.0
2506,Arjeplog,1+2,2007,0.2,3089.0
2506,Arjeplog,1+2,2008,0.2,3146.0
2506,Arjeplog,1+2,2009,0.2,3143.0
2506,Arjeplog,1+2,2010,0.2,3161.0
2506,Arjeplog,1+2,2011,0.2,3114.0
2506,Arjeplog,1+2,2012,0.2,3054.0
2506,Arjeplog,1+2,2013,0.2,2980.0
2506,Arjeplog,1+2,2014,0.2,2907.0
2506,Arjeplog,1+2,2015,0.2,2887.0
2506,Arjeplog,1+2,2016,0.2,2876.0
2506,Arjeplog,1+2,2017,0.2,2821.0
2506,Arjeplog,1+2,2018,0.2,2794.0
2506,Arjeplog,1+2,2019,0.2,2785.0
2506,Arjeplog,1+2,2020,0.2,2718.0
2506,Arjeplog,1+2,2021,0.2,2707.0
2506,Arjeplog,1+2,2022,0.2,2667.0
2506,Arjeplog,1+2,2023,0.2,2609.0
2506,Arjeplog,1+2,2024,0.2,2599.0
2506,Arjeplog,1+2,2025,0.2,2570.0
2510,Jokkmokk,1+2,2000,0.3,6019.0
2510,Jokkmokk,1+2,2001,0.3,5935.0
2510,Jokkmokk,1+2,2002,0.3,5782.0
2510,Jokkmokk,1+2,2003,0.3,5633.0
2510,Jokkmokk,1+2,2004,0.3,5599.0
2510,Jokkmokk,1+2,2005,0.3,5534.0
2510,Jokkmokk,1+2,2006,0.3,5491.0
2510,Jokkmokk,1+2,2007,0.3,5406.0
2510,Jokkmokk,1+2,2008,0.3,5305.0
2510,Jokkmokk,1+2,2009,0.3,5210.0
2510,Jokkmokk,1+2,2010,0.3,5170.0
2510,Jokkmokk,1+2,2011,0.3,5119.0
2510,Jokkmokk,1+2,2012,0.2,5086.0
2510,Jokkmokk,1+2,2013,0.3,5066.0
2510,Jokkmokk,1+2,2014,0.3,5086.0
2510,Jokkmokk,1+2,2015,0.3,5072.0
2510,Jokkmokk,1+2,2016,0.3,5105.0
2510,Jokkmokk,1+2,2017,0.3,5081.0
2510,Jokkmokk,1+2,2018,0.3,5001.0
2510,Jokkmokk,1+2,2019,0.3,4923.0
2510,Jokkmokk,1+2,2020,0.3,4851.0
2510,Jokkmokk,1+2,2021,0.3,4780.0
2510,Jokkmokk,1+2,2022,0.3,4760.0
2510,Jokkmokk,1+2,2023,0.3,4728.0
2510,Jokkmokk,1+2,2024,0.3,4701.0
2510,Jokkmokk,1+2,2025,0.3,4695.0
2513,Överkalix,1+2,2000,1.5,4206.0
2513,Överkalix,1+2,2001,1.5,4118.0
2513,Överkalix,1+2,2002,1.5,4058.0
2513,Överkalix,1+2,2003,1.4,3993.0
2513,Överkalix,1+2,2004,1.4,3933.0
2513,Överkalix,1+2,2005,1.4,3872.0
2513,Överkalix,1+2,2006,1.4,3859.0
2513,Överkalix,1+2,2007,1.4,3795.0
2513,Överkalix,1+2,2008,1.3,3715.0
2513,Överkalix,1+2,2009,1.3,3670.0
2513,Överkalix,1+2,2010,1.3,3611.0
2513,Överkalix,1+2,2011,1.3,3549.0
2513,Överkalix,1+2,2012,1.2,3497.0
2513,Överkalix,1+2,2013,1.2,3436.0
2513,Överkalix,1+2,2014,1.2,3409.0
2513,Överkalix,1+2,2015,1.2,3395.0
2513,Överkalix,1+2,2016,1.2,3378.0
2513,Överkalix,1+2,2017,1.2,3367.0
2513,Överkalix,1+2,2018,1.2,3302.0
2513,Överkalix,1+2,2019,1.2,3315.0
2513,Överkalix,1+2,2020,1.2,3289.0
2513,Överkalix,1+2,2021,1.2,3252.0
2513,Överkalix,1+2,2022,1.1,3160.0
2513,Överkalix,1+2,2023,1.1,3162.0
2513,Överkalix,1+2,2024,1.1,3201.0
2513,Överkalix,1+2,2025,1.1,3183.0
2514,Kalix,1+2,2000,9.9,17995.0
2514,Kalix,1+2,2001,9.8,17847.0
2514,Kalix,1+2,2002,9.8,17805.0
2514,Kalix,1+2,2003,9.8,17702.0
2514,Kalix,1+2,2004,9.7,17653.0
2514,Kalix,1+2,2005,9.6,17483.0
2514,Kalix,1+2,2006,9.6,17396.0
2514,Kalix,1+2,2007,9.5,17283.0
2514,Kalix,1+2,2008,9.5,17162.0
2514,Kalix,1+2,2009,9.3,16926.0
2514,Kalix,1+2,2010,9.2,16740.0
2514,Kalix,1+2,2011,9.2,16591.0
2514,Kalix,1+2,2012,9.1,16518.0
2514,Kalix,1+2,2013,9.1,16387.0
2514,Kalix,1+2,2014,9.0,16307.0
2514,Kalix,1+2,2015,9.0,16248.0
2514,Kalix,1+2,2016,9.0,16223.0
2514,Kalix,1+2,2017,9.0,16169.0
2514,Kalix,1+2,2018,8.9,16058.0
2514,Kalix,1+2,2019,8.8,15886.0
2514,Kalix,1+2,2020,8.8,15812.0
2514,Kalix,1+2,2021,8.7,15768.0
2514,Kalix,1+2,2022,8.7,15729.0
2514,Kalix,1+2,2023,8.6,15547.0
2514,Kalix,1+2,2024,8.5,15391.0
2514,Kalix,1+2,2025,8.4,15252.0
2518,Övertorneå,1+2,2000,2.4,5602.0
2518,Övertorneå,1+2,2001,2.3,5484.0
2518,Övertorneå,1+2,2002,2.3,5391.0
2518,Övertorneå,1+2,2003,2.2,5331.0
2518,Övertorneå,1+2,2004,2.2,5244.0
2518,Övertorneå,1+2,2005,2.2,5229.0
2518,Övertorneå,1+2,2006,2.2,5168.0
2518,Övertorneå,1+2,2007,2.1,5092.0
2518,Övertorneå,1+2,2008,2.1,4972.0
2518,Övertorneå,1+2,2009,2.1,4920.0
2518,Övertorneå,1+2,2010,2.0,4812.0
2518,Övertorneå,1+2,2011,2.0,4810.0
2518,Övertorneå,1+2,2012,2.0,4772.0
2518,Övertorneå,1+2,2013,2.0,4709.0
2518,Övertorneå,1+2,2014,2.0,4711.0
2518,Övertorneå,1+2,2015,1.9,4603.0
2518,Övertorneå,1+2,2016,1.9,4534.0
2518,Övertorneå,1+2,2017,1.9,4461.0
2518,Övertorneå,1+2,2018,1.9,4410.0
2518,Övertorneå,1+2,2019,1.8,4299.0
2518,Övertorneå,1+2,2020,1.8,4217.0
2518,Övertorneå,1+2,2021,1.8,4211.0
2518,Övertorneå,1+2,2022,1.7,4119.0
2518,Övertorneå,1+2,2023,1.7,4088.0
2518,Övertorneå,1+2,2024,1.7,4057.0
2518,Övertorneå,1+2,2025,1.7,3995.0
2521,Pajala,1+2,2000,0.9,7480.0
2521,Pajala,1+2,2001,0.9,7319.0
2521,Pajala,1+2,2002,0.9,7206.0
2521,Pajala,1+2,2003,0.9,7053.0
2521,Pajala,1+2,2004,0.9,6925.0
2521,Pajala,1+2,2005,0.9,6798.0
2521,Pajala,1+2,2006,0.8,6688.0
2521,Pajala,1+2,2007,0.8,6522.0
2521,Pajala,1+2,2008,0.8,6429.0
2521,Pajala,1+2,2009,0.8,6309.0
2521,Pajala,1+2,2010,0.8,6282.0
2521,Pajala,1+2,2011,0.8,6270.0
2521,Pajala,1+2,2012,0.8,6279.0
2521,Pajala,1+2,2013,0.8,6299.0
2521,Pajala,1+2,2014,0.8,6303.0
2521,Pajala,1+2,2015,0.8,6193.0
2521,Pajala,1+2,2016,0.8,6116.0
2521,Pajala,1+2,2017,0.8,6101.0
2521,Pajala,1+2,2018,0.8,6039.0
2521,Pajala,1+2,2019,0.8,6052.0
2521,Pajala,1+2,2020,0.8,5966.0
2521,Pajala,1+2,2021,0.8,5973.0
2521,Pajala,1+2,2022,0.8,5883.0
2521,Pajala,1+2,2023,0.7,5871.0
2521,Pajala,1+2,2024,0.7,5857.0
2521,Pajala,1+2,2025,0.7,5706.0
2523,Gällivare,1+2,2000,1.3,20037.0
2523,Gällivare,1+2,2001,1.2,19680.0
2523,Gällivare,1+2,2002,1.2,19420.0
2523,Gällivare,1+2,2003,1.2,19251.0
2523,Gällivare,1+2,2004,1.2,19204.0
2523,Gällivare,1+2,2005,1.2,19077.0
2523,Gällivare,1+2,2006,1.2,18959.0
2523,Gällivare,1+2,2007,1.2,18860.0
2523,Gällivare,1+2,2008,1.2,18703.0
2523,Gällivare,1+2,2009,1.2,18533.0
2523,Gällivare,1+2,2010,1.2,18425.0
2523,Gällivare,1+2,2011,1.2,18326.0
2523,Gällivare,1+2,2012,1.1,18307.0
2523,Gällivare,1+2,2013,1.2,18339.0
2523,Gällivare,1+2,2014,1.2,18231.0
2523,Gällivare,1+2,2015,1.2,18123.0
2523,Gällivare,1+2,2016,1.1,17956.0
2523,Gällivare,1+2,2017,1.1,17825.0
2523,Gällivare,1+2,2018,1.1,17630.0
2523,Gällivare,1+2,2019,1.1,17529.0
2523,Gällivare,1+2,2020,1.1,17462.0
2523,Gällivare,1+2,2021,1.1,17449.0
2523,Gällivare,1+2,2022,1.1,17420.0
2523,Gällivare,1+2,2023,1.1,17330.0
2523,Gällivare,1+2,2024,1.1,17233.0
2523,Gällivare,1+2,2025,1.1,17135.0
2560,Älvsbyn,1+2,2000,5.2,8947.0
2560,Älvsbyn,1+2,2001,5.2,8892.0
2560,Älvsbyn,1+2,2002,5.2,8835.0
2560,Älvsbyn,1+2,2003,5.2,8838.0
2560,Älvsbyn,1+2,2004,5.1,8775.0
2560,Älvsbyn,1+2,2005,5.1,8655.0
2560,Älvsbyn,1+2,2006,5.1,8653.0
2560,Älvsbyn,1+2,2007,5.0,8545.0
2560,Älvsbyn,1+2,2008,4.9,8465.0
2560,Älvsbyn,1+2,2009,4.9,8387.0
2560,Älvsbyn,1+2,2010,4.9,8335.0
2560,Älvsbyn,1+2,2011,4.9,8253.0
2560,Älvsbyn,1+2,2012,4.8,8200.0
2560,Älvsbyn,1+2,2013,4.8,8168.0
2560,Älvsbyn,1+2,2014,4.8,8171.0
2560,Älvsbyn,1+2,2015,4.8,8183.0
2560,Älvsbyn,1+2,2016,4.8,8193.0
2560,Älvsbyn,1+2,2017,4.9,8274.0
2560,Älvsbyn,1+2,2018,4.8,8140.0
2560,Älvsbyn,1+2,2019,4.7,8066.0
2560,Älvsbyn,1+2,2020,4.7,8054.0
2560,Älvsbyn,1+2,2021,4.7,8009.0
2560,Älvsbyn,1+2,2022,4.7,7911.0
2560,Älvsbyn,1+2,2023,4.6,7783.0
2560,Älvsbyn,1+2,2024,4.5,7774.0
2560,Älvsbyn,1+2,2025,4.6,7815.0
2580,Luleå,1+2,2000,34.0,71652.0
2580,Luleå,1+2,2001,34.1,71952.0
2580,Luleå,1+2,2002,34.2,72139.0
2580,Luleå,1+2,2003,34.2,72237.0
2580,Luleå,1+2,2004,34.4,72565.0
2580,Luleå,1+2,2005,34.5,72751.0
2580,Luleå,1+2,2006,34.7,73313.0
2580,Luleå,1+2,2007,34.7,73146.0
2580,Luleå,1+2,2008,34.8,73406.0
2580,Luleå,1+2,2009,35.0,73950.0
2580,Luleå,1+2,2010,35.2,74178.0
2580,Luleå,1+2,2011,35.5,74426.0
2580,Luleå,1+2,2012,35.7,74905.0
2580,Luleå,1+2,2013,36.0,75383.0
2580,Luleå,1+2,2014,36.3,75966.0
2580,Luleå,1+2,2015,36.3,76088.0
2580,Luleå,1+2,2016,36.7,76770.0
2580,Luleå,1+2,2017,37.1,77470.0
2580,Luleå,1+2,2018,37.3,77832.0
2580,Luleå,1+2,2019,37.4,78105.0
2580,Luleå,1+2,2020,37.6,78549.0
2580,Luleå,1+2,2021,37.8,78867.0
2580,Luleå,1+2,2022,37.9,79244.0
2580,Luleå,1+2,2023,38.0,79352.0
2580,Luleå,1+2,2024,37.8,79645.0
2580,Luleå,1+2,2025,38.1,80304.0
2581,Piteå,1+2,2000,13.0,40363.0
2581,Piteå,1+2,2001,13.0,40451.0
2581,Piteå,1+2,2002,13.0,40531.0
2581,Piteå,1+2,2003,13.1,40662.0
2581,Piteå,1+2,2004,13.1,40830.0
2581,Piteå,1+2,2005,13.1,40873.0
2581,Piteå,1+2,2006,13.2,40943.0
2581,Piteå,1+2,2007,13.2,40961.0
2581,Piteå,1+2,2008,13.1,40902.0
2581,Piteå,1+2,2009,13.1,40860.0
2581,Piteå,1+2,2010,13.1,40892.0
2581,Piteå,1+2,2011,13.3,40942.0
2581,Piteå,1+2,2012,13.3,41078.0
2581,Piteå,1+2,2013,13.4,41278.0
2581,Piteå,1+2,2014,13.5,41508.0
2581,Piteå,1+2,2015,13.5,41548.0
2581,Piteå,1+2,2016,13.6,41904.0
2581,Piteå,1+2,2017,13.7,42184.0
2581,Piteå,1+2,2018,13.6,42116.0
2581,Piteå,1+2,2019,13.7,42281.0
2581,Piteå,1+2,2020,13.7,42226.0
2581,Piteå,1+2,2021,13.7,42323.0
2581,Piteå,1+2,2022,13.7,42362.0
2581,Piteå,1+2,2023,13.7,42344.0
2581,Piteå,1+2,2024,13.6,42447.0
2581,Piteå,1+2,2025,13.6,42184.0
2582,Boden,1+2,2000,7.1,28679.0
2582,Boden,1+2,2001,7.0,28380.0
2582,Boden,1+2,2002,7.0,28268.0
2582,Boden,1+2,2003,7.0,28214.0
2582,Boden,1+2,2004,7.0,28277.0
2582,Boden,1+2,2005,7.0,28176.0
2582,Boden,1+2,2006,6.9,28002.0
2582,Boden,1+2,2007,6.9,27838.0
2582,Boden,1+2,2008,6.8,27535.0
2582,Boden,1+2,2009,6.8,27408.0
2582,Boden,1+2,2010,6.8,27471.0
2582,Boden,1+2,2011,6.9,27643.0
2582,Boden,1+2,2012,6.8,27598.0
2582,Boden,1+2,2013,7.0,27838.0
2582,Boden,1+2,2014,7.0,27887.0
2582,Boden,1+2,2015,7.0,27913.0
2582,Boden,1+2,2016,7.0,28042.0
2582,Boden,1+2,2017,7.0,28181.0
2582,Boden,1+2,2018,7.0,28064.0
2582,Boden,1+2,2019,7.0,28080.0
2582,Boden,1+2,2020,7.0,28060.0
2582,Boden,1+2,2021,7.0,28160.0
2582,Boden,1+2,2022,7.0,28048.0
2582,Boden,1+2,2023,7.0,27943.0
2582,Boden,1+2,2024,6.9,28049.0
2582,Boden,1+2,2025,7.1,28624.0
2583,Haparanda,1+2,2000,11.2,10412.0
2583,Haparanda,1+2,2001,11.2,10384.0
2583,Haparanda,1+2,2002,11.1,10334.0
2583,Haparanda,1+2,2003,11.2,10346.0
2583,Haparanda,1+2,2004,11.0,10208.0
2583,Haparanda,1+2,2005,11.0,10184.0
2583,Haparanda,1+2,2006,11.0,10214.0
2583,Haparanda,1+2,2007,11.0,10192.0
2583,Haparanda,1+2,2008,11.0,10173.0
2583,Haparanda,1+2,2009,10.9,10112.0
2583,Haparanda,1+2,2010,10.8,10059.0
2583,Haparanda,1+2,2011,10.9,10041.0
2583,Haparanda,1+2,2012,10.7,9904.0
2583,Haparanda,1+2,2013,10.7,9886.0
2583,Haparanda,1+2,2014,10.6,9776.0
2583,Haparanda,1+2,2015,10.7,9831.0
2583,Haparanda,1+2,2016,10.7,9864.0
2583,Haparanda,1+2,2017,10.6,9805.0
2583,Haparanda,1+2,2018,10.6,9785.0
2583,Haparanda,1+2,2019,10.5,9685.0
2583,Haparanda,1+2,2020,10.4,9601.0
2583,Haparanda,1+2,2021,10.3,9496.0
2583,Haparanda,1+2,2022,10.1,9340.0
2583,Haparanda,1+2,2023,10.0,9177.0
2583,Haparanda,1+2,2024,9.8,9151.0
2583,Haparanda,1+2,2025,9.7,9027.0
2584,Kiruna,1+2,2000,1.3,24314.0
2584,Kiruna,1+2,2001,1.2,23849.0
2584,Kiruna,1+2,2002,1.2,23555.0
2584,Kiruna,1+2,2003,1.2,23407.0
2584,Kiruna,1+2,2004,1.2,23254.0
2584,Kiruna,1+2,2005,1.2,23135.0
2584,Kiruna,1+2,2006,1.2,23258.0
2584,Kiruna,1+2,2007,1.2,23122.0
2584,Kiruna,1+2,2008,1.2,23099.0
2584,Kiruna,1+2,2009,1.2,22969.0
2584,Kiruna,1+2,2010,1.2,22944.0
2584,Kiruna,1+2,2011,1.2,22967.0
2584,Kiruna,1+2,2012,1.2,22972.0
2584,Kiruna,1+2,2013,1.2,23196.0
2584,Kiruna,1+2,2014,1.2,23241.0
2584,Kiruna,1+2,2015,1.2,23178.0
2584,Kiruna,1+2,2016,1.2,23167.0
2584,Kiruna,1+2,2017,1.2,23116.0
2584,Kiruna,1+2,2018,1.2,22992.0
2584,Kiruna,1+2,2019,1.2,22867.0
2584,Kiruna,1+2,2020,1.2,22664.0
2584,Kiruna,1+2,2021,1.2,22555.0
2584,Kiruna,1+2,2022,1.2,22423.0
2584,Kiruna,1+2,2023,1.2,22433.0
2584,Kiruna,1+2,2024,1.2,22426.0
2584,Kiruna,1+2,2025,1.2,22402.0
