indikator;tabellinnehåll;månad;Värde
BNP-indikator månad;Konjunkturläge;2000M01;-1.07
BNP-indikator månad;Konjunkturläge;2000M02;-0.84
BNP-indikator månad;Konjunkturläge;2000M03;-0.59
BNP-indikator månad;Konjunkturläge;2000M04;-0.29
BNP-indikator månad;Konjunkturläge;2000M05;0.01
BNP-indikator månad;Konjunkturläge;2000M06;0.26
BNP-indikator månad;Konjunkturläge;2000M07;0.46
BNP-indikator månad;Konjunkturläge;2000M08;0.58
BNP-indikator månad;Konjunkturläge;2000M09;0.64
BNP-indikator månad;Konjunkturläge;2000M10;0.66
BNP-indikator månad;Konjunkturläge;2000M11;0.61
BNP-indikator månad;Konjunkturläge;2000M12;0.51
BNP-indikator månad;Konjunkturläge;2001M01;0.38
BNP-indikator månad;Konjunkturläge;2001M02;0.23
BNP-indikator månad;Konjunkturläge;2001M03;0.07
BNP-indikator månad;Konjunkturläge;2001M04;-0.04
BNP-indikator månad;Konjunkturläge;2001M05;-0.13
BNP-indikator månad;Konjunkturläge;2001M06;-0.21
BNP-indikator månad;Konjunkturläge;2001M07;-0.31
BNP-indikator månad;Konjunkturläge;2001M08;-0.38
BNP-indikator månad;Konjunkturläge;2001M09;-0.4
BNP-indikator månad;Konjunkturläge;2001M10;-0.37
BNP-indikator månad;Konjunkturläge;2001M11;-0.28
BNP-indikator månad;Konjunkturläge;2001M12;-0.2
BNP-indikator månad;Konjunkturläge;2002M01;-0.14
BNP-indikator månad;Konjunkturläge;2002M02;-0.14
BNP-indikator månad;Konjunkturläge;2002M03;-0.19
BNP-indikator månad;Konjunkturläge;2002M04;-0.27
BNP-indikator månad;Konjunkturläge;2002M05;-0.35
BNP-indikator månad;Konjunkturläge;2002M06;-0.41
BNP-indikator månad;Konjunkturläge;2002M07;-0.46
BNP-indikator månad;Konjunkturläge;2002M08;-0.53
BNP-indikator månad;Konjunkturläge;2002M09;-0.59
BNP-indikator månad;Konjunkturläge;2002M10;-0.65
BNP-indikator månad;Konjunkturläge;2002M11;-0.68
BNP-indikator månad;Konjunkturläge;2002M12;-0.67
BNP-indikator månad;Konjunkturläge;2003M01;-0.64
BNP-indikator månad;Konjunkturläge;2003M02;-0.68
BNP-indikator månad;Konjunkturläge;2003M03;-0.8
BNP-indikator månad;Konjunkturläge;2003M04;-0.97
BNP-indikator månad;Konjunkturläge;2003M05;-1.13
BNP-indikator månad;Konjunkturläge;2003M06;-1.2
BNP-indikator månad;Konjunkturläge;2003M07;-1.16
BNP-indikator månad;Konjunkturläge;2003M08;-1.01
BNP-indikator månad;Konjunkturläge;2003M09;-0.88
BNP-indikator månad;Konjunkturläge;2003M10;-0.84
BNP-indikator månad;Konjunkturläge;2003M11;-0.86
BNP-indikator månad;Konjunkturläge;2003M12;-0.93
BNP-indikator månad;Konjunkturläge;2004M01;-0.94
BNP-indikator månad;Konjunkturläge;2004M02;-0.85
BNP-indikator månad;Konjunkturläge;2004M03;-0.66
BNP-indikator månad;Konjunkturläge;2004M04;-0.43
BNP-indikator månad;Konjunkturläge;2004M05;-0.22
BNP-indikator månad;Konjunkturläge;2004M06;-0.08
BNP-indikator månad;Konjunkturläge;2004M07;-0.01
BNP-indikator månad;Konjunkturläge;2004M08;0
BNP-indikator månad;Konjunkturläge;2004M09;0
BNP-indikator månad;Konjunkturläge;2004M10;0.01
BNP-indikator månad;Konjunkturläge;2004M11;0.03
BNP-indikator månad;Konjunkturläge;2004M12;0.04
BNP-indikator månad;Konjunkturläge;2005M01;0.07
BNP-indikator månad;Konjunkturläge;2005M02;0.1
BNP-indikator månad;Konjunkturläge;2005M03;0.12
BNP-indikator månad;Konjunkturläge;2005M04;0.14
BNP-indikator månad;Konjunkturläge;2005M05;0.15
BNP-indikator månad;Konjunkturläge;2005M06;0.14
BNP-indikator månad;Konjunkturläge;2005M07;0.13
BNP-indikator månad;Konjunkturläge;2005M08;0.14
BNP-indikator månad;Konjunkturläge;2005M09;0.2
BNP-indikator månad;Konjunkturläge;2005M10;0.31
BNP-indikator månad;Konjunkturläge;2005M11;0.46
BNP-indikator månad;Konjunkturläge;2005M12;0.62
BNP-indikator månad;Konjunkturläge;2006M01;0.78
BNP-indikator månad;Konjunkturläge;2006M02;0.93
BNP-indikator månad;Konjunkturläge;2006M03;1.07
BNP-indikator månad;Konjunkturläge;2006M04;1.24
BNP-indikator månad;Konjunkturläge;2006M05;1.39
BNP-indikator månad;Konjunkturläge;2006M06;1.51
BNP-indikator månad;Konjunkturläge;2006M07;1.58
BNP-indikator månad;Konjunkturläge;2006M08;1.61
BNP-indikator månad;Konjunkturläge;2006M09;1.62
BNP-indikator månad;Konjunkturläge;2006M10;1.66
BNP-indikator månad;Konjunkturläge;2006M11;1.77
BNP-indikator månad;Konjunkturläge;2006M12;1.92
BNP-indikator månad;Konjunkturläge;2007M01;2.06
BNP-indikator månad;Konjunkturläge;2007M02;2.16
BNP-indikator månad;Konjunkturläge;2007M03;2.24
BNP-indikator månad;Konjunkturläge;2007M04;2.29
BNP-indikator månad;Konjunkturläge;2007M05;2.31
BNP-indikator månad;Konjunkturläge;2007M06;2.34
BNP-indikator månad;Konjunkturläge;2007M07;2.36
BNP-indikator månad;Konjunkturläge;2007M08;2.4
BNP-indikator månad;Konjunkturläge;2007M09;2.47
BNP-indikator månad;Konjunkturläge;2007M10;2.54
BNP-indikator månad;Konjunkturläge;2007M11;2.57
BNP-indikator månad;Konjunkturläge;2007M12;2.55
BNP-indikator månad;Konjunkturläge;2008M01;2.49
BNP-indikator månad;Konjunkturläge;2008M02;2.31
BNP-indikator månad;Konjunkturläge;2008M03;2.04
BNP-indikator månad;Konjunkturläge;2008M04;1.71
BNP-indikator månad;Konjunkturläge;2008M05;1.39
BNP-indikator månad;Konjunkturläge;2008M06;1.1
BNP-indikator månad;Konjunkturläge;2008M07;0.86
BNP-indikator månad;Konjunkturläge;2008M08;0.63
BNP-indikator månad;Konjunkturläge;2008M09;0.41
BNP-indikator månad;Konjunkturläge;2008M10;0.19
BNP-indikator månad;Konjunkturläge;2008M11;-0.03
BNP-indikator månad;Konjunkturläge;2008M12;-0.31
BNP-indikator månad;Konjunkturläge;2009M01;-0.64
BNP-indikator månad;Konjunkturläge;2009M02;-0.99
BNP-indikator månad;Konjunkturläge;2009M03;-1.34
BNP-indikator månad;Konjunkturläge;2009M04;-1.72
BNP-indikator månad;Konjunkturläge;2009M05;-2.09
BNP-indikator månad;Konjunkturläge;2009M06;-2.38
BNP-indikator månad;Konjunkturläge;2009M07;-2.57
BNP-indikator månad;Konjunkturläge;2009M08;-2.67
BNP-indikator månad;Konjunkturläge;2009M09;-2.76
BNP-indikator månad;Konjunkturläge;2009M10;-2.84
BNP-indikator månad;Konjunkturläge;2009M11;-2.85
BNP-indikator månad;Konjunkturläge;2009M12;-2.79
BNP-indikator månad;Konjunkturläge;2010M01;-2.59
BNP-indikator månad;Konjunkturläge;2010M02;-2.21
BNP-indikator månad;Konjunkturläge;2010M03;-1.66
BNP-indikator månad;Konjunkturläge;2010M04;-1.03
BNP-indikator månad;Konjunkturläge;2010M05;-0.45
BNP-indikator månad;Konjunkturläge;2010M06;-0.05
BNP-indikator månad;Konjunkturläge;2010M07;0.19
BNP-indikator månad;Konjunkturläge;2010M08;0.35
BNP-indikator månad;Konjunkturläge;2010M09;0.5
BNP-indikator månad;Konjunkturläge;2010M10;0.66
BNP-indikator månad;Konjunkturläge;2010M11;0.81
BNP-indikator månad;Konjunkturläge;2010M12;0.93
BNP-indikator månad;Konjunkturläge;2011M01;0.99
BNP-indikator månad;Konjunkturläge;2011M02;0.96
BNP-indikator månad;Konjunkturläge;2011M03;0.86
BNP-indikator månad;Konjunkturläge;2011M04;0.75
BNP-indikator månad;Konjunkturläge;2011M05;0.67
BNP-indikator månad;Konjunkturläge;2011M06;0.61
BNP-indikator månad;Konjunkturläge;2011M07;0.51
BNP-indikator månad;Konjunkturläge;2011M08;0.37
BNP-indikator månad;Konjunkturläge;2011M09;0.17
BNP-indikator månad;Konjunkturläge;2011M10;-0.09
BNP-indikator månad;Konjunkturläge;2011M11;-0.32
BNP-indikator månad;Konjunkturläge;2011M12;-0.52
BNP-indikator månad;Konjunkturläge;2012M01;-0.66
BNP-indikator månad;Konjunkturläge;2012M02;-0.75
BNP-indikator månad;Konjunkturläge;2012M03;-0.78
BNP-indikator månad;Konjunkturläge;2012M04;-0.77
BNP-indikator månad;Konjunkturläge;2012M05;-0.72
BNP-indikator månad;Konjunkturläge;2012M06;-0.67
BNP-indikator månad;Konjunkturläge;2012M07;-0.65
BNP-indikator månad;Konjunkturläge;2012M08;-0.69
BNP-indikator månad;Konjunkturläge;2012M09;-0.74
BNP-indikator månad;Konjunkturläge;2012M10;-0.77
BNP-indikator månad;Konjunkturläge;2012M11;-0.83
BNP-indikator månad;Konjunkturläge;2012M12;-0.88
BNP-indikator månad;Konjunkturläge;2013M01;-0.94
BNP-indikator månad;Konjunkturläge;2013M02;-1.06
BNP-indikator månad;Konjunkturläge;2013M03;-1.22
BNP-indikator månad;Konjunkturläge;2013M04;-1.41
BNP-indikator månad;Konjunkturläge;2013M05;-1.57
BNP-indikator månad;Konjunkturläge;2013M06;-1.64
BNP-indikator månad;Konjunkturläge;2013M07;-1.58
BNP-indikator månad;Konjunkturläge;2013M08;-1.47
BNP-indikator månad;Konjunkturläge;2013M09;-1.38
BNP-indikator månad;Konjunkturläge;2013M10;-1.33
BNP-indikator månad;Konjunkturläge;2013M11;-1.29
BNP-indikator månad;Konjunkturläge;2013M12;-1.25
BNP-indikator månad;Konjunkturläge;2014M01;-1.21
BNP-indikator månad;Konjunkturläge;2014M02;-1.13
BNP-indikator månad;Konjunkturläge;2014M03;-1.05
BNP-indikator månad;Konjunkturläge;2014M04;-1
BNP-indikator månad;Konjunkturläge;2014M05;-0.99
BNP-indikator månad;Konjunkturläge;2014M06;-1.01
BNP-indikator månad;Konjunkturläge;2014M07;-1.06
BNP-indikator månad;Konjunkturläge;2014M08;-1.11
BNP-indikator månad;Konjunkturläge;2014M09;-1.13
BNP-indikator månad;Konjunkturläge;2014M10;-1.13
BNP-indikator månad;Konjunkturläge;2014M11;-1.08
BNP-indikator månad;Konjunkturläge;2014M12;-0.97
BNP-indikator månad;Konjunkturläge;2015M01;-0.78
BNP-indikator månad;Konjunkturläge;2015M02;-0.52
BNP-indikator månad;Konjunkturläge;2015M03;-0.24
BNP-indikator månad;Konjunkturläge;2015M04;0.06
BNP-indikator månad;Konjunkturläge;2015M05;0.32
BNP-indikator månad;Konjunkturläge;2015M06;0.52
BNP-indikator månad;Konjunkturläge;2015M07;0.63
BNP-indikator månad;Konjunkturläge;2015M08;0.67
BNP-indikator månad;Konjunkturläge;2015M09;0.63
BNP-indikator månad;Konjunkturläge;2015M10;0.49
BNP-indikator månad;Konjunkturläge;2015M11;0.3
BNP-indikator månad;Konjunkturläge;2015M12;0.1
BNP-indikator månad;Konjunkturläge;2016M01;-0.06
BNP-indikator månad;Konjunkturläge;2016M02;-0.13
BNP-indikator månad;Konjunkturläge;2016M03;-0.09
BNP-indikator månad;Konjunkturläge;2016M04;0.02
BNP-indikator månad;Konjunkturläge;2016M05;0.18
BNP-indikator månad;Konjunkturläge;2016M06;0.32
BNP-indikator månad;Konjunkturläge;2016M07;0.4
BNP-indikator månad;Konjunkturläge;2016M08;0.44
BNP-indikator månad;Konjunkturläge;2016M09;0.48
BNP-indikator månad;Konjunkturläge;2016M10;0.57
BNP-indikator månad;Konjunkturläge;2016M11;0.68
BNP-indikator månad;Konjunkturläge;2016M12;0.76
BNP-indikator månad;Konjunkturläge;2017M01;0.77
BNP-indikator månad;Konjunkturläge;2017M02;0.71
BNP-indikator månad;Konjunkturläge;2017M03;0.55
BNP-indikator månad;Konjunkturläge;2017M04;0.37
BNP-indikator månad;Konjunkturläge;2017M05;0.22
BNP-indikator månad;Konjunkturläge;2017M06;0.13
BNP-indikator månad;Konjunkturläge;2017M07;0.16
BNP-indikator månad;Konjunkturläge;2017M08;0.26
BNP-indikator månad;Konjunkturläge;2017M09;0.39
BNP-indikator månad;Konjunkturläge;2017M10;0.51
BNP-indikator månad;Konjunkturläge;2017M11;0.59
BNP-indikator månad;Konjunkturläge;2017M12;0.59
BNP-indikator månad;Konjunkturläge;2018M01;0.51
BNP-indikator månad;Konjunkturläge;2018M02;0.39
BNP-indikator månad;Konjunkturläge;2018M03;0.26
BNP-indikator månad;Konjunkturläge;2018M04;0.17
BNP-indikator månad;Konjunkturläge;2018M05;0.1
BNP-indikator månad;Konjunkturläge;2018M06;0.07
BNP-indikator månad;Konjunkturläge;2018M07;0.07
BNP-indikator månad;Konjunkturläge;2018M08;0.09
BNP-indikator månad;Konjunkturläge;2018M09;0.12
BNP-indikator månad;Konjunkturläge;2018M10;0.16
BNP-indikator månad;Konjunkturläge;2018M11;0.25
BNP-indikator månad;Konjunkturläge;2018M12;0.42
BNP-indikator månad;Konjunkturläge;2019M01;0.62
BNP-indikator månad;Konjunkturläge;2019M02;0.81
BNP-indikator månad;Konjunkturläge;2019M03;0.94
BNP-indikator månad;Konjunkturläge;2019M04;0.95
BNP-indikator månad;Konjunkturläge;2019M05;0.86
BNP-indikator månad;Konjunkturläge;2019M06;0.75
BNP-indikator månad;Konjunkturläge;2019M07;0.68
BNP-indikator månad;Konjunkturläge;2019M08;0.73
BNP-indikator månad;Konjunkturläge;2019M09;0.9
BNP-indikator månad;Konjunkturläge;2019M10;1.08
BNP-indikator månad;Konjunkturläge;2019M11;1.14
BNP-indikator månad;Konjunkturläge;2019M12;1.01
BNP-indikator månad;Konjunkturläge;2020M01;0.7
BNP-indikator månad;Konjunkturläge;2020M02;0.3
BNP-indikator månad;Konjunkturläge;2020M03;-0.07
BNP-indikator månad;Konjunkturläge;2020M04;-0.33
BNP-indikator månad;Konjunkturläge;2020M05;-0.41
BNP-indikator månad;Konjunkturläge;2020M06;-0.35
BNP-indikator månad;Konjunkturläge;2020M07;-0.24
BNP-indikator månad;Konjunkturläge;2020M08;-0.2
BNP-indikator månad;Konjunkturläge;2020M09;-0.28
BNP-indikator månad;Konjunkturläge;2020M10;-0.4
BNP-indikator månad;Konjunkturläge;2020M11;-0.49
BNP-indikator månad;Konjunkturläge;2020M12;-0.51
BNP-indikator månad;Konjunkturläge;2021M01;-0.41
BNP-indikator månad;Konjunkturläge;2021M02;-0.14
BNP-indikator månad;Konjunkturläge;2021M03;0.25
BNP-indikator månad;Konjunkturläge;2021M04;0.63
BNP-indikator månad;Konjunkturläge;2021M05;0.92
BNP-indikator månad;Konjunkturläge;2021M06;1.05
BNP-indikator månad;Konjunkturläge;2021M07;1.08
BNP-indikator månad;Konjunkturläge;2021M08;1.06
BNP-indikator månad;Konjunkturläge;2021M09;1.01
BNP-indikator månad;Konjunkturläge;2021M10;0.93
BNP-indikator månad;Konjunkturläge;2021M11;0.85
BNP-indikator månad;Konjunkturläge;2021M12;0.85
BNP-indikator månad;Konjunkturläge;2022M01;0.93
BNP-indikator månad;Konjunkturläge;2022M02;1.05
BNP-indikator månad;Konjunkturläge;2022M03;1.17
BNP-indikator månad;Konjunkturläge;2022M04;1.24
BNP-indikator månad;Konjunkturläge;2022M05;1.24
BNP-indikator månad;Konjunkturläge;2022M06;1.06
BNP-indikator månad;Konjunkturläge;2022M07;0.74
BNP-indikator månad;Konjunkturläge;2022M08;0.39
BNP-indikator månad;Konjunkturläge;2022M09;0.17
BNP-indikator månad;Konjunkturläge;2022M10;0.13
BNP-indikator månad;Konjunkturläge;2022M11;0.23
BNP-indikator månad;Konjunkturläge;2022M12;0.34
BNP-indikator månad;Konjunkturläge;2023M01;0.3
BNP-indikator månad;Konjunkturläge;2023M02;0.12
BNP-indikator månad;Konjunkturläge;2023M03;-0.16
BNP-indikator månad;Konjunkturläge;2023M04;-0.39
BNP-indikator månad;Konjunkturläge;2023M05;-0.55
BNP-indikator månad;Konjunkturläge;2023M06;-0.59
BNP-indikator månad;Konjunkturläge;2023M07;-0.58
BNP-indikator månad;Konjunkturläge;2023M08;-0.62
BNP-indikator månad;Konjunkturläge;2023M09;-0.71
BNP-indikator månad;Konjunkturläge;2023M10;-0.8
BNP-indikator månad;Konjunkturläge;2023M11;-0.83
BNP-indikator månad;Konjunkturläge;2023M12;-0.76
BNP-indikator månad;Konjunkturläge;2024M01;-0.66
BNP-indikator månad;Konjunkturläge;2024M02;-0.62
BNP-indikator månad;Konjunkturläge;2024M03;-0.74
BNP-indikator månad;Konjunkturläge;2024M04;-0.96
BNP-indikator månad;Konjunkturläge;2024M05;-1.17
BNP-indikator månad;Konjunkturläge;2024M06;-1.23
BNP-indikator månad;Konjunkturläge;2024M07;-1.08
BNP-indikator månad;Konjunkturläge;2024M08;-0.8
BNP-indikator månad;Konjunkturläge;2024M09;-0.51
BNP-indikator månad;Konjunkturläge;2024M10;-0.35
BNP-indikator månad;Konjunkturläge;2024M11;-0.35
BNP-indikator månad;Konjunkturläge;2024M12;-0.49
BNP-indikator månad;Konjunkturläge;2025M01;-0.67
BNP-indikator månad;Konjunkturläge;2025M02;-0.78
BNP-indikator månad;Konjunkturläge;2025M03;-0.79
BNP-indikator månad;Konjunkturläge;2025M04;-0.7
BNP-indikator månad;Konjunkturläge;2025M05;-0.53
BNP-indikator månad;Konjunkturläge;2025M06;-0.34
BNP-indikator månad;Konjunkturläge;2025M07;-0.17
BNP-indikator månad;Konjunkturläge;2025M08;-0.04
BNP-indikator månad;Konjunkturläge;2025M09;-0.01
BNP-indikator månad;Konjunkturläge;2025M10;-0.06
BNP-indikator månad;Konjunkturläge;2025M11;-0.17
BNP-indikator månad;Konjunkturläge;2025M12;-0.26
BNP-indikator månad;Konjunkturläge;2026M01;-0.24
BNP-indikator månad;Konjunkturläge;2026M02;-0.08
BNP-indikator månad;Konjunkturläge;2026M03;0.19
BNP-indikator månad;Konjunkturläge;2026M04;0.49
BNP-indikator månad;Konjunkturläge;2026M05;0.74
BNP-indikator månad;Konjunkturläge;2026M06;0.88
BNP-indikator månad;Konjunkturläge;2026M07;0.92
BNP-indikator månad;Konjunkturläge;2026M08;
BNP-indikator månad;Förändring från föregående period;2000M01;
BNP-indikator månad;Förändring från föregående period;2000M02;0.22
BNP-indikator månad;Förändring från föregående period;2000M03;0.25
BNP-indikator månad;Förändring från föregående period;2000M04;0.3
BNP-indikator månad;Förändring från föregående period;2000M05;0.3
BNP-indikator månad;Förändring från föregående period;2000M06;0.26
BNP-indikator månad;Förändring från föregående period;2000M07;0.2
BNP-indikator månad;Förändring från föregående period;2000M08;0.12
BNP-indikator månad;Förändring från föregående period;2000M09;0.06
BNP-indikator månad;Förändring från föregående period;2000M10;0.01
BNP-indikator månad;Förändring från föregående period;2000M11;-0.05
BNP-indikator månad;Förändring från föregående period;2000M12;-0.09
BNP-indikator månad;Förändring från föregående period;2001M01;-0.13
BNP-indikator månad;Förändring från föregående period;2001M02;-0.16
BNP-indikator månad;Förändring från föregående period;2001M03;-0.15
BNP-indikator månad;Förändring från föregående period;2001M04;-0.11
BNP-indikator månad;Förändring från föregående period;2001M05;-0.09
BNP-indikator månad;Förändring från föregående period;2001M06;-0.09
BNP-indikator månad;Förändring från föregående period;2001M07;-0.09
BNP-indikator månad;Förändring från föregående period;2001M08;-0.07
BNP-indikator månad;Förändring från föregående period;2001M09;-0.02
BNP-indikator månad;Förändring från föregående period;2001M10;0.03
BNP-indikator månad;Förändring från föregående period;2001M11;0.09
BNP-indikator månad;Förändring från föregående period;2001M12;0.09
BNP-indikator månad;Förändring från föregående period;2002M01;0.05
BNP-indikator månad;Förändring från föregående period;2002M02;0.01
BNP-indikator månad;Förändring från föregående period;2002M03;-0.05
BNP-indikator månad;Förändring från föregående period;2002M04;-0.09
BNP-indikator månad;Förändring från föregående period;2002M05;-0.08
BNP-indikator månad;Förändring från föregående period;2002M06;-0.06
BNP-indikator månad;Förändring från föregående period;2002M07;-0.05
BNP-indikator månad;Förändring från föregående period;2002M08;-0.07
BNP-indikator månad;Förändring från föregående period;2002M09;-0.06
BNP-indikator månad;Förändring från föregående period;2002M10;-0.06
BNP-indikator månad;Förändring från föregående period;2002M11;-0.03
BNP-indikator månad;Förändring från föregående period;2002M12;0.01
BNP-indikator månad;Förändring från föregående period;2003M01;0.03
BNP-indikator månad;Förändring från föregående period;2003M02;-0.04
BNP-indikator månad;Förändring från föregående period;2003M03;-0.11
BNP-indikator månad;Förändring från föregående period;2003M04;-0.18
BNP-indikator månad;Förändring från föregående period;2003M05;-0.15
BNP-indikator månad;Förändring från föregående period;2003M06;-0.07
BNP-indikator månad;Förändring från föregående period;2003M07;0.04
BNP-indikator månad;Förändring från föregående period;2003M08;0.14
BNP-indikator månad;Förändring från föregående period;2003M09;0.13
BNP-indikator månad;Förändring från föregående period;2003M10;0.04
BNP-indikator månad;Förändring från föregående period;2003M11;-0.02
BNP-indikator månad;Förändring från föregående period;2003M12;-0.07
BNP-indikator månad;Förändring från föregående period;2004M01;-0.02
BNP-indikator månad;Förändring från föregående period;2004M02;0.09
BNP-indikator månad;Förändring från föregående period;2004M03;0.19
BNP-indikator månad;Förändring från föregående period;2004M04;0.23
BNP-indikator månad;Förändring från föregående period;2004M05;0.21
BNP-indikator månad;Förändring från föregående period;2004M06;0.14
BNP-indikator månad;Förändring från föregående period;2004M07;0.07
BNP-indikator månad;Förändring från föregående period;2004M08;0.01
BNP-indikator månad;Förändring från föregående period;2004M09;-0.01
BNP-indikator månad;Förändring från föregående period;2004M10;0.01
BNP-indikator månad;Förändring från föregående period;2004M11;0.01
BNP-indikator månad;Förändring från föregående period;2004M12;0.02
BNP-indikator månad;Förändring från föregående period;2005M01;0.03
BNP-indikator månad;Förändring från föregående period;2005M02;0.03
BNP-indikator månad;Förändring från föregående period;2005M03;0.03
BNP-indikator månad;Förändring från föregående period;2005M04;0.02
BNP-indikator månad;Förändring från föregående period;2005M05;0.01
BNP-indikator månad;Förändring från föregående period;2005M06;-0.01
BNP-indikator månad;Förändring från föregående period;2005M07;-0.01
BNP-indikator månad;Förändring från föregående period;2005M08;0.01
BNP-indikator månad;Förändring från föregående period;2005M09;0.06
BNP-indikator månad;Förändring från föregående period;2005M10;0.11
BNP-indikator månad;Förändring från föregående period;2005M11;0.15
BNP-indikator månad;Förändring från föregående period;2005M12;0.17
BNP-indikator månad;Förändring från föregående period;2006M01;0.15
BNP-indikator månad;Förändring från föregående period;2006M02;0.15
BNP-indikator månad;Förändring från föregående period;2006M03;0.14
BNP-indikator månad;Förändring från föregående period;2006M04;0.16
BNP-indikator månad;Förändring från föregående period;2006M05;0.16
BNP-indikator månad;Förändring från föregående period;2006M06;0.12
BNP-indikator månad;Förändring från föregående period;2006M07;0.07
BNP-indikator månad;Förändring från föregående period;2006M08;0.02
BNP-indikator månad;Förändring från föregående period;2006M09;0.01
BNP-indikator månad;Förändring från föregående period;2006M10;0.04
BNP-indikator månad;Förändring från föregående period;2006M11;0.11
BNP-indikator månad;Förändring från föregående period;2006M12;0.15
BNP-indikator månad;Förändring från föregående period;2007M01;0.14
BNP-indikator månad;Förändring från föregående period;2007M02;0.11
BNP-indikator månad;Förändring från föregående period;2007M03;0.07
BNP-indikator månad;Förändring från föregående period;2007M04;0.05
BNP-indikator månad;Förändring från föregående period;2007M05;0.02
BNP-indikator månad;Förändring från föregående period;2007M06;0.03
BNP-indikator månad;Förändring från föregående period;2007M07;0.02
BNP-indikator månad;Förändring från föregående period;2007M08;0.04
BNP-indikator månad;Förändring från föregående period;2007M09;0.07
BNP-indikator månad;Förändring från föregående period;2007M10;0.07
BNP-indikator månad;Förändring från föregående period;2007M11;0.03
BNP-indikator månad;Förändring från föregående period;2007M12;-0.01
BNP-indikator månad;Förändring från föregående period;2008M01;-0.07
BNP-indikator månad;Förändring från föregående period;2008M02;-0.17
BNP-indikator månad;Förändring från föregående period;2008M03;-0.27
BNP-indikator månad;Förändring från föregående period;2008M04;-0.33
BNP-indikator månad;Förändring från föregående period;2008M05;-0.32
BNP-indikator månad;Förändring från föregående period;2008M06;-0.29
BNP-indikator månad;Förändring från föregående period;2008M07;-0.25
BNP-indikator månad;Förändring från föregående period;2008M08;-0.23
BNP-indikator månad;Förändring från föregående period;2008M09;-0.22
BNP-indikator månad;Förändring från föregående period;2008M10;-0.22
BNP-indikator månad;Förändring från föregående period;2008M11;-0.23
BNP-indikator månad;Förändring från föregående period;2008M12;-0.28
BNP-indikator månad;Förändring från föregående period;2009M01;-0.33
BNP-indikator månad;Förändring från föregående period;2009M02;-0.35
BNP-indikator månad;Förändring från föregående period;2009M03;-0.35
BNP-indikator månad;Förändring från föregående period;2009M04;-0.38
BNP-indikator månad;Förändring från föregående period;2009M05;-0.37
BNP-indikator månad;Förändring från föregående period;2009M06;-0.29
BNP-indikator månad;Förändring från föregående period;2009M07;-0.19
BNP-indikator månad;Förändring från föregående period;2009M08;-0.11
BNP-indikator månad;Förändring från föregående period;2009M09;-0.09
BNP-indikator månad;Förändring från föregående period;2009M10;-0.07
BNP-indikator månad;Förändring från föregående period;2009M11;-0.02
BNP-indikator månad;Förändring från föregående period;2009M12;0.06
BNP-indikator månad;Förändring från föregående period;2010M01;0.2
BNP-indikator månad;Förändring från föregående period;2010M02;0.38
BNP-indikator månad;Förändring från föregående period;2010M03;0.56
BNP-indikator månad;Förändring från föregående period;2010M04;0.63
BNP-indikator månad;Förändring från föregående period;2010M05;0.57
BNP-indikator månad;Förändring från föregående period;2010M06;0.4
BNP-indikator månad;Förändring från föregående period;2010M07;0.24
BNP-indikator månad;Förändring från föregående period;2010M08;0.16
BNP-indikator månad;Förändring från föregående period;2010M09;0.15
BNP-indikator månad;Förändring från föregående period;2010M10;0.16
BNP-indikator månad;Förändring från föregående period;2010M11;0.15
BNP-indikator månad;Förändring från föregående period;2010M12;0.13
BNP-indikator månad;Förändring från föregående period;2011M01;0.05
BNP-indikator månad;Förändring från föregående period;2011M02;-0.03
BNP-indikator månad;Förändring från föregående period;2011M03;-0.1
BNP-indikator månad;Förändring från föregående period;2011M04;-0.11
BNP-indikator månad;Förändring från föregående period;2011M05;-0.07
BNP-indikator månad;Förändring från föregående period;2011M06;-0.07
BNP-indikator månad;Förändring från föregående period;2011M07;-0.1
BNP-indikator månad;Förändring från föregående period;2011M08;-0.14
BNP-indikator månad;Förändring från föregående period;2011M09;-0.21
BNP-indikator månad;Förändring från föregående period;2011M10;-0.25
BNP-indikator månad;Förändring från föregående period;2011M11;-0.23
BNP-indikator månad;Förändring från föregående period;2011M12;-0.2
BNP-indikator månad;Förändring från föregående period;2012M01;-0.14
BNP-indikator månad;Förändring från föregående period;2012M02;-0.09
BNP-indikator månad;Förändring från föregående period;2012M03;-0.04
BNP-indikator månad;Förändring från föregående period;2012M04;0.02
BNP-indikator månad;Förändring från föregående period;2012M05;0.05
BNP-indikator månad;Förändring från föregående period;2012M06;0.05
BNP-indikator månad;Förändring från föregående period;2012M07;0.01
BNP-indikator månad;Förändring från föregående period;2012M08;-0.04
BNP-indikator månad;Förändring från föregående period;2012M09;-0.05
BNP-indikator månad;Förändring från föregående period;2012M10;-0.03
BNP-indikator månad;Förändring från föregående period;2012M11;-0.06
BNP-indikator månad;Förändring från föregående period;2012M12;-0.06
BNP-indikator månad;Förändring från föregående period;2013M01;-0.06
BNP-indikator månad;Förändring från föregående period;2013M02;-0.12
BNP-indikator månad;Förändring från föregående period;2013M03;-0.16
BNP-indikator månad;Förändring från föregående period;2013M04;-0.19
BNP-indikator månad;Förändring från föregående period;2013M05;-0.16
BNP-indikator månad;Förändring från föregående period;2013M06;-0.07
BNP-indikator månad;Förändring från föregående period;2013M07;0.06
BNP-indikator månad;Förändring från föregående period;2013M08;0.11
BNP-indikator månad;Förändring från föregående period;2013M09;0.09
BNP-indikator månad;Förändring från föregående period;2013M10;0.05
BNP-indikator månad;Förändring från föregående period;2013M11;0.04
BNP-indikator månad;Förändring från föregående period;2013M12;0.04
BNP-indikator månad;Förändring från föregående period;2014M01;0.04
BNP-indikator månad;Förändring från föregående period;2014M02;0.08
BNP-indikator månad;Förändring från föregående period;2014M03;0.08
BNP-indikator månad;Förändring från föregående period;2014M04;0.05
BNP-indikator månad;Förändring från föregående period;2014M05;0.01
BNP-indikator månad;Förändring från föregående period;2014M06;-0.02
BNP-indikator månad;Förändring från föregående period;2014M07;-0.05
BNP-indikator månad;Förändring från föregående period;2014M08;-0.05
BNP-indikator månad;Förändring från föregående period;2014M09;-0.02
BNP-indikator månad;Förändring från föregående period;2014M10;0
BNP-indikator månad;Förändring från föregående period;2014M11;0.04
BNP-indikator månad;Förändring från föregående period;2014M12;0.11
BNP-indikator månad;Förändring från föregående period;2015M01;0.2
BNP-indikator månad;Förändring från föregående period;2015M02;0.25
BNP-indikator månad;Förändring från föregående period;2015M03;0.28
BNP-indikator månad;Förändring från föregående period;2015M04;0.3
BNP-indikator månad;Förändring från föregående period;2015M05;0.26
BNP-indikator månad;Förändring från föregående period;2015M06;0.2
BNP-indikator månad;Förändring från föregående period;2015M07;0.11
BNP-indikator månad;Förändring från föregående period;2015M08;0.05
BNP-indikator månad;Förändring från föregående period;2015M09;-0.04
BNP-indikator månad;Förändring från föregående period;2015M10;-0.13
BNP-indikator månad;Förändring från föregående period;2015M11;-0.19
BNP-indikator månad;Förändring från föregående period;2015M12;-0.2
BNP-indikator månad;Förändring från föregående period;2016M01;-0.16
BNP-indikator månad;Förändring från föregående period;2016M02;-0.07
BNP-indikator månad;Förändring från föregående period;2016M03;0.04
BNP-indikator månad;Förändring från föregående period;2016M04;0.11
BNP-indikator månad;Förändring från föregående period;2016M05;0.16
BNP-indikator månad;Förändring från föregående period;2016M06;0.14
BNP-indikator månad;Förändring från föregående period;2016M07;0.09
BNP-indikator månad;Förändring från föregående period;2016M08;0.03
BNP-indikator månad;Förändring från föregående period;2016M09;0.04
BNP-indikator månad;Förändring från föregående period;2016M10;0.09
BNP-indikator månad;Förändring från föregående period;2016M11;0.11
BNP-indikator månad;Förändring från föregående period;2016M12;0.08
BNP-indikator månad;Förändring från föregående period;2017M01;0.02
BNP-indikator månad;Förändring från föregående period;2017M02;-0.07
BNP-indikator månad;Förändring från föregående period;2017M03;-0.16
BNP-indikator månad;Förändring från föregående period;2017M04;-0.18
BNP-indikator månad;Förändring från föregående period;2017M05;-0.15
BNP-indikator månad;Förändring från föregående period;2017M06;-0.09
BNP-indikator månad;Förändring från föregående period;2017M07;0.03
BNP-indikator månad;Förändring från föregående period;2017M08;0.11
BNP-indikator månad;Förändring från föregående period;2017M09;0.13
BNP-indikator månad;Förändring från föregående period;2017M10;0.12
BNP-indikator månad;Förändring från föregående period;2017M11;0.08
BNP-indikator månad;Förändring från föregående period;2017M12;-0.01
BNP-indikator månad;Förändring från föregående period;2018M01;-0.08
BNP-indikator månad;Förändring från föregående period;2018M02;-0.12
BNP-indikator månad;Förändring från föregående period;2018M03;-0.12
BNP-indikator månad;Förändring från föregående period;2018M04;-0.09
BNP-indikator månad;Förändring från föregående period;2018M05;-0.06
BNP-indikator månad;Förändring från föregående period;2018M06;-0.03
BNP-indikator månad;Förändring från föregående period;2018M07;0
BNP-indikator månad;Förändring från föregående period;2018M08;0.01
BNP-indikator månad;Förändring från föregående period;2018M09;0.03
BNP-indikator månad;Förändring från föregående period;2018M10;0.05
BNP-indikator månad;Förändring från föregående period;2018M11;0.09
BNP-indikator månad;Förändring från föregående period;2018M12;0.16
BNP-indikator månad;Förändring från föregående period;2019M01;0.21
BNP-indikator månad;Förändring från föregående period;2019M02;0.19
BNP-indikator månad;Förändring från föregående period;2019M03;0.12
BNP-indikator månad;Förändring från föregående period;2019M04;0.02
BNP-indikator månad;Förändring från föregående period;2019M05;-0.09
BNP-indikator månad;Förändring från föregående period;2019M06;-0.11
BNP-indikator månad;Förändring från föregående period;2019M07;-0.07
BNP-indikator månad;Förändring från föregående period;2019M08;0.05
BNP-indikator månad;Förändring från föregående period;2019M09;0.17
BNP-indikator månad;Förändring från föregående period;2019M10;0.18
BNP-indikator månad;Förändring från föregående period;2019M11;0.06
BNP-indikator månad;Förändring från föregående period;2019M12;-0.13
BNP-indikator månad;Förändring från föregående period;2020M01;-0.3
BNP-indikator månad;Förändring från föregående period;2020M02;-0.4
BNP-indikator månad;Förändring från föregående period;2020M03;-0.37
BNP-indikator månad;Förändring från föregående period;2020M04;-0.26
BNP-indikator månad;Förändring från föregående period;2020M05;-0.08
BNP-indikator månad;Förändring från föregående period;2020M06;0.06
BNP-indikator månad;Förändring från föregående period;2020M07;0.11
BNP-indikator månad;Förändring från föregående period;2020M08;0.04
BNP-indikator månad;Förändring från föregående period;2020M09;-0.07
BNP-indikator månad;Förändring från föregående period;2020M10;-0.12
BNP-indikator månad;Förändring från föregående period;2020M11;-0.09
BNP-indikator månad;Förändring från föregående period;2020M12;-0.02
BNP-indikator månad;Förändring från föregående period;2021M01;0.1
BNP-indikator månad;Förändring från föregående period;2021M02;0.27
BNP-indikator månad;Förändring från föregående period;2021M03;0.39
BNP-indikator månad;Förändring från föregående period;2021M04;0.39
BNP-indikator månad;Förändring från föregående period;2021M05;0.28
BNP-indikator månad;Förändring från föregående period;2021M06;0.13
BNP-indikator månad;Förändring från föregående period;2021M07;0.03
BNP-indikator månad;Förändring från föregående period;2021M08;-0.02
BNP-indikator månad;Förändring från föregående period;2021M09;-0.05
BNP-indikator månad;Förändring från föregående period;2021M10;-0.08
BNP-indikator månad;Förändring från föregående period;2021M11;-0.07
BNP-indikator månad;Förändring från föregående period;2021M12;0
BNP-indikator månad;Förändring från föregående period;2022M01;0.07
BNP-indikator månad;Förändring från föregående period;2022M02;0.13
BNP-indikator månad;Förändring från föregående period;2022M03;0.12
BNP-indikator månad;Förändring från föregående period;2022M04;0.07
BNP-indikator månad;Förändring från föregående period;2022M05;-0.01
BNP-indikator månad;Förändring från föregående period;2022M06;-0.18
BNP-indikator månad;Förändring från föregående period;2022M07;-0.32
BNP-indikator månad;Förändring från föregående period;2022M08;-0.35
BNP-indikator månad;Förändring från föregående period;2022M09;-0.22
BNP-indikator månad;Förändring från föregående period;2022M10;-0.03
BNP-indikator månad;Förändring från föregående period;2022M11;0.1
BNP-indikator månad;Förändring från föregående period;2022M12;0.11
BNP-indikator månad;Förändring från föregående period;2023M01;-0.04
BNP-indikator månad;Förändring från föregående period;2023M02;-0.19
BNP-indikator månad;Förändring från föregående period;2023M03;-0.27
BNP-indikator månad;Förändring från föregående period;2023M04;-0.24
BNP-indikator månad;Förändring från föregående period;2023M05;-0.15
BNP-indikator månad;Förändring från föregående period;2023M06;-0.04
BNP-indikator månad;Förändring från föregående period;2023M07;0
BNP-indikator månad;Förändring från föregående period;2023M08;-0.04
BNP-indikator månad;Förändring från föregående period;2023M09;-0.09
BNP-indikator månad;Förändring från föregående period;2023M10;-0.09
BNP-indikator månad;Förändring från föregående period;2023M11;-0.03
BNP-indikator månad;Förändring från föregående period;2023M12;0.07
BNP-indikator månad;Förändring från föregående period;2024M01;0.1
BNP-indikator månad;Förändring från föregående period;2024M02;0.03
BNP-indikator månad;Förändring från föregående period;2024M03;-0.12
BNP-indikator månad;Förändring från föregående period;2024M04;-0.22
BNP-indikator månad;Förändring från föregående period;2024M05;-0.21
BNP-indikator månad;Förändring från föregående period;2024M06;-0.06
BNP-indikator månad;Förändring från föregående period;2024M07;0.15
BNP-indikator månad;Förändring från föregående period;2024M08;0.28
BNP-indikator månad;Förändring från föregående period;2024M09;0.29
BNP-indikator månad;Förändring från föregående period;2024M10;0.17
BNP-indikator månad;Förändring från föregående period;2024M11;0
BNP-indikator månad;Förändring från föregående period;2024M12;-0.15
BNP-indikator månad;Förändring från föregående period;2025M01;-0.18
BNP-indikator månad;Förändring från föregående period;2025M02;-0.11
BNP-indikator månad;Förändring från föregående period;2025M03;-0.01
BNP-indikator månad;Förändring från föregående period;2025M04;0.09
BNP-indikator månad;Förändring från föregående period;2025M05;0.17
BNP-indikator månad;Förändring från föregående period;2025M06;0.19
BNP-indikator månad;Förändring från föregående period;2025M07;0.17
BNP-indikator månad;Förändring från föregående period;2025M08;0.13
BNP-indikator månad;Förändring från föregående period;2025M09;0.03
BNP-indikator månad;Förändring från föregående period;2025M10;-0.05
BNP-indikator månad;Förändring från föregående period;2025M11;-0.1
BNP-indikator månad;Förändring från föregående period;2025M12;-0.09
BNP-indikator månad;Förändring från föregående period;2026M01;0.02
BNP-indikator månad;Förändring från föregående period;2026M02;0.16
BNP-indikator månad;Förändring från föregående period;2026M03;0.27
BNP-indikator månad;Förändring från föregående period;2026M04;0.3
BNP-indikator månad;Förändring från föregående period;2026M05;0.25
BNP-indikator månad;Förändring från föregående period;2026M06;0.13
BNP-indikator månad;Förändring från föregående period;2026M07;0.04
BNP-indikator månad;Förändring från föregående period;2026M08;
BNP kvartal;Konjunkturläge;2000M01;-0.78
BNP kvartal;Konjunkturläge;2000M02;-0.78
BNP kvartal;Konjunkturläge;2000M03;-0.78
BNP kvartal;Konjunkturläge;2000M04;-0.06
BNP kvartal;Konjunkturläge;2000M05;-0.06
BNP kvartal;Konjunkturläge;2000M06;-0.06
BNP kvartal;Konjunkturläge;2000M07;0.44
BNP kvartal;Konjunkturläge;2000M08;0.44
BNP kvartal;Konjunkturläge;2000M09;0.44
BNP kvartal;Konjunkturläge;2000M10;0.42
BNP kvartal;Konjunkturläge;2000M11;0.42
BNP kvartal;Konjunkturläge;2000M12;0.42
BNP kvartal;Konjunkturläge;2001M01;-0.01
BNP kvartal;Konjunkturläge;2001M02;-0.01
BNP kvartal;Konjunkturläge;2001M03;-0.01
BNP kvartal;Konjunkturläge;2001M04;-0.47
BNP kvartal;Konjunkturläge;2001M05;-0.47
BNP kvartal;Konjunkturläge;2001M06;-0.47
BNP kvartal;Konjunkturläge;2001M07;-0.57
BNP kvartal;Konjunkturläge;2001M08;-0.57
BNP kvartal;Konjunkturläge;2001M09;-0.57
BNP kvartal;Konjunkturläge;2001M10;-0.36
BNP kvartal;Konjunkturläge;2001M11;-0.36
BNP kvartal;Konjunkturläge;2001M12;-0.36
BNP kvartal;Konjunkturläge;2002M01;-0.22
BNP kvartal;Konjunkturläge;2002M02;-0.22
BNP kvartal;Konjunkturläge;2002M03;-0.22
BNP kvartal;Konjunkturläge;2002M04;-0.3
BNP kvartal;Konjunkturläge;2002M05;-0.3
BNP kvartal;Konjunkturläge;2002M06;-0.3
BNP kvartal;Konjunkturläge;2002M07;-0.59
BNP kvartal;Konjunkturläge;2002M08;-0.59
BNP kvartal;Konjunkturläge;2002M09;-0.59
BNP kvartal;Konjunkturläge;2002M10;-0.73
BNP kvartal;Konjunkturläge;2002M11;-0.73
BNP kvartal;Konjunkturläge;2002M12;-0.73
BNP kvartal;Konjunkturläge;2003M01;-0.79
BNP kvartal;Konjunkturläge;2003M02;-0.79
BNP kvartal;Konjunkturläge;2003M03;-0.79
BNP kvartal;Konjunkturläge;2003M04;-0.77
BNP kvartal;Konjunkturläge;2003M05;-0.77
BNP kvartal;Konjunkturläge;2003M06;-0.77
BNP kvartal;Konjunkturläge;2003M07;-0.77
BNP kvartal;Konjunkturläge;2003M08;-0.77
BNP kvartal;Konjunkturläge;2003M09;-0.77
BNP kvartal;Konjunkturläge;2003M10;-0.71
BNP kvartal;Konjunkturläge;2003M11;-0.71
BNP kvartal;Konjunkturläge;2003M12;-0.71
BNP kvartal;Konjunkturläge;2004M01;-0.43
BNP kvartal;Konjunkturläge;2004M02;-0.43
BNP kvartal;Konjunkturläge;2004M03;-0.43
BNP kvartal;Konjunkturläge;2004M04;-0.05
BNP kvartal;Konjunkturläge;2004M05;-0.05
BNP kvartal;Konjunkturläge;2004M06;-0.05
BNP kvartal;Konjunkturläge;2004M07;0.17
BNP kvartal;Konjunkturläge;2004M08;0.17
BNP kvartal;Konjunkturläge;2004M09;0.17
BNP kvartal;Konjunkturläge;2004M10;0.19
BNP kvartal;Konjunkturläge;2004M11;0.19
BNP kvartal;Konjunkturläge;2004M12;0.19
BNP kvartal;Konjunkturläge;2005M01;0.21
BNP kvartal;Konjunkturläge;2005M02;0.21
BNP kvartal;Konjunkturläge;2005M03;0.21
BNP kvartal;Konjunkturläge;2005M04;0.32
BNP kvartal;Konjunkturläge;2005M05;0.32
BNP kvartal;Konjunkturläge;2005M06;0.32
BNP kvartal;Konjunkturläge;2005M07;0.58
BNP kvartal;Konjunkturläge;2005M08;0.58
BNP kvartal;Konjunkturläge;2005M09;0.58
BNP kvartal;Konjunkturläge;2005M10;0.92
BNP kvartal;Konjunkturläge;2005M11;0.92
BNP kvartal;Konjunkturläge;2005M12;0.92
BNP kvartal;Konjunkturläge;2006M01;1.25
BNP kvartal;Konjunkturläge;2006M02;1.25
BNP kvartal;Konjunkturläge;2006M03;1.25
BNP kvartal;Konjunkturläge;2006M04;1.49
BNP kvartal;Konjunkturläge;2006M05;1.49
BNP kvartal;Konjunkturläge;2006M06;1.49
BNP kvartal;Konjunkturläge;2006M07;1.83
BNP kvartal;Konjunkturläge;2006M08;1.83
BNP kvartal;Konjunkturläge;2006M09;1.83
BNP kvartal;Konjunkturläge;2006M10;2.28
BNP kvartal;Konjunkturläge;2006M11;2.28
BNP kvartal;Konjunkturläge;2006M12;2.28
BNP kvartal;Konjunkturläge;2007M01;2.36
BNP kvartal;Konjunkturläge;2007M02;2.36
BNP kvartal;Konjunkturläge;2007M03;2.36
BNP kvartal;Konjunkturläge;2007M04;2.19
BNP kvartal;Konjunkturläge;2007M05;2.19
BNP kvartal;Konjunkturläge;2007M06;2.19
BNP kvartal;Konjunkturläge;2007M07;2.27
BNP kvartal;Konjunkturläge;2007M08;2.27
BNP kvartal;Konjunkturläge;2007M09;2.27
BNP kvartal;Konjunkturläge;2007M10;2.37
BNP kvartal;Konjunkturläge;2007M11;2.37
BNP kvartal;Konjunkturläge;2007M12;2.37
BNP kvartal;Konjunkturläge;2008M01;2.18
BNP kvartal;Konjunkturläge;2008M02;2.18
BNP kvartal;Konjunkturläge;2008M03;2.18
BNP kvartal;Konjunkturläge;2008M04;1.55
BNP kvartal;Konjunkturläge;2008M05;1.55
BNP kvartal;Konjunkturläge;2008M06;1.55
BNP kvartal;Konjunkturläge;2008M07;0.41
BNP kvartal;Konjunkturläge;2008M08;0.41
BNP kvartal;Konjunkturläge;2008M09;0.41
BNP kvartal;Konjunkturläge;2008M10;-0.97
BNP kvartal;Konjunkturläge;2008M11;-0.97
BNP kvartal;Konjunkturläge;2008M12;-0.97
BNP kvartal;Konjunkturläge;2009M01;-1.88
BNP kvartal;Konjunkturläge;2009M02;-1.88
BNP kvartal;Konjunkturläge;2009M03;-1.88
BNP kvartal;Konjunkturläge;2009M04;-2.33
BNP kvartal;Konjunkturläge;2009M05;-2.33
BNP kvartal;Konjunkturläge;2009M06;-2.33
BNP kvartal;Konjunkturläge;2009M07;-2.55
BNP kvartal;Konjunkturläge;2009M08;-2.55
BNP kvartal;Konjunkturläge;2009M09;-2.55
BNP kvartal;Konjunkturläge;2009M10;-2.36
BNP kvartal;Konjunkturläge;2009M11;-2.36
BNP kvartal;Konjunkturläge;2009M12;-2.36
BNP kvartal;Konjunkturläge;2010M01;-1.57
BNP kvartal;Konjunkturläge;2010M02;-1.57
BNP kvartal;Konjunkturläge;2010M03;-1.57
BNP kvartal;Konjunkturläge;2010M04;-0.72
BNP kvartal;Konjunkturläge;2010M05;-0.72
BNP kvartal;Konjunkturläge;2010M06;-0.72
BNP kvartal;Konjunkturläge;2010M07;0
BNP kvartal;Konjunkturläge;2010M08;0
BNP kvartal;Konjunkturläge;2010M09;0
BNP kvartal;Konjunkturläge;2010M10;0.54
BNP kvartal;Konjunkturläge;2010M11;0.54
BNP kvartal;Konjunkturläge;2010M12;0.54
BNP kvartal;Konjunkturläge;2011M01;0.73
BNP kvartal;Konjunkturläge;2011M02;0.73
BNP kvartal;Konjunkturläge;2011M03;0.73
BNP kvartal;Konjunkturläge;2011M04;0.66
BNP kvartal;Konjunkturläge;2011M05;0.66
BNP kvartal;Konjunkturläge;2011M06;0.66
BNP kvartal;Konjunkturläge;2011M07;0.34
BNP kvartal;Konjunkturläge;2011M08;0.34
BNP kvartal;Konjunkturläge;2011M09;0.34
BNP kvartal;Konjunkturläge;2011M10;-0.3
BNP kvartal;Konjunkturläge;2011M11;-0.3
BNP kvartal;Konjunkturläge;2011M12;-0.3
BNP kvartal;Konjunkturläge;2012M01;-0.84
BNP kvartal;Konjunkturläge;2012M02;-0.84
BNP kvartal;Konjunkturläge;2012M03;-0.84
BNP kvartal;Konjunkturläge;2012M04;-0.86
BNP kvartal;Konjunkturläge;2012M05;-0.86
BNP kvartal;Konjunkturläge;2012M06;-0.86
BNP kvartal;Konjunkturläge;2012M07;-0.88
BNP kvartal;Konjunkturläge;2012M08;-0.88
BNP kvartal;Konjunkturläge;2012M09;-0.88
BNP kvartal;Konjunkturläge;2012M10;-0.99
BNP kvartal;Konjunkturläge;2012M11;-0.99
BNP kvartal;Konjunkturläge;2012M12;-0.99
BNP kvartal;Konjunkturläge;2013M01;-1.3
BNP kvartal;Konjunkturläge;2013M02;-1.3
BNP kvartal;Konjunkturläge;2013M03;-1.3
BNP kvartal;Konjunkturläge;2013M04;-1.54
BNP kvartal;Konjunkturläge;2013M05;-1.54
BNP kvartal;Konjunkturläge;2013M06;-1.54
BNP kvartal;Konjunkturläge;2013M07;-1.52
BNP kvartal;Konjunkturläge;2013M08;-1.52
BNP kvartal;Konjunkturläge;2013M09;-1.52
BNP kvartal;Konjunkturläge;2013M10;-1.29
BNP kvartal;Konjunkturläge;2013M11;-1.29
BNP kvartal;Konjunkturläge;2013M12;-1.29
BNP kvartal;Konjunkturläge;2014M01;-1.26
BNP kvartal;Konjunkturläge;2014M02;-1.26
BNP kvartal;Konjunkturläge;2014M03;-1.26
BNP kvartal;Konjunkturläge;2014M04;-1.17
BNP kvartal;Konjunkturläge;2014M05;-1.17
BNP kvartal;Konjunkturläge;2014M06;-1.17
BNP kvartal;Konjunkturläge;2014M07;-1.15
BNP kvartal;Konjunkturläge;2014M08;-1.15
BNP kvartal;Konjunkturläge;2014M09;-1.15
BNP kvartal;Konjunkturläge;2014M10;-1.11
BNP kvartal;Konjunkturläge;2014M11;-1.11
BNP kvartal;Konjunkturläge;2014M12;-1.11
BNP kvartal;Konjunkturläge;2015M01;-0.49
BNP kvartal;Konjunkturläge;2015M02;-0.49
BNP kvartal;Konjunkturläge;2015M03;-0.49
BNP kvartal;Konjunkturläge;2015M04;0.23
BNP kvartal;Konjunkturläge;2015M05;0.23
BNP kvartal;Konjunkturläge;2015M06;0.23
BNP kvartal;Konjunkturläge;2015M07;0.39
BNP kvartal;Konjunkturläge;2015M08;0.39
BNP kvartal;Konjunkturläge;2015M09;0.39
BNP kvartal;Konjunkturläge;2015M10;0.19
BNP kvartal;Konjunkturläge;2015M11;0.19
BNP kvartal;Konjunkturläge;2015M12;0.19
BNP kvartal;Konjunkturläge;2016M01;0.09
BNP kvartal;Konjunkturläge;2016M02;0.09
BNP kvartal;Konjunkturläge;2016M03;0.09
BNP kvartal;Konjunkturläge;2016M04;0.04
BNP kvartal;Konjunkturläge;2016M05;0.04
BNP kvartal;Konjunkturläge;2016M06;0.04
BNP kvartal;Konjunkturläge;2016M07;0.35
BNP kvartal;Konjunkturläge;2016M08;0.35
BNP kvartal;Konjunkturläge;2016M09;0.35
BNP kvartal;Konjunkturläge;2016M10;0.63
BNP kvartal;Konjunkturläge;2016M11;0.63
BNP kvartal;Konjunkturläge;2016M12;0.63
BNP kvartal;Konjunkturläge;2017M01;0.52
BNP kvartal;Konjunkturläge;2017M02;0.52
BNP kvartal;Konjunkturläge;2017M03;0.52
BNP kvartal;Konjunkturläge;2017M04;0.27
BNP kvartal;Konjunkturläge;2017M05;0.27
BNP kvartal;Konjunkturläge;2017M06;0.27
BNP kvartal;Konjunkturläge;2017M07;0.35
BNP kvartal;Konjunkturläge;2017M08;0.35
BNP kvartal;Konjunkturläge;2017M09;0.35
BNP kvartal;Konjunkturläge;2017M10;0.57
BNP kvartal;Konjunkturläge;2017M11;0.57
BNP kvartal;Konjunkturläge;2017M12;0.57
BNP kvartal;Konjunkturläge;2018M01;0.48
BNP kvartal;Konjunkturläge;2018M02;0.48
BNP kvartal;Konjunkturläge;2018M03;0.48
BNP kvartal;Konjunkturläge;2018M04;0.27
BNP kvartal;Konjunkturläge;2018M05;0.27
BNP kvartal;Konjunkturläge;2018M06;0.27
BNP kvartal;Konjunkturläge;2018M07;0.16
BNP kvartal;Konjunkturläge;2018M08;0.16
BNP kvartal;Konjunkturläge;2018M09;0.16
BNP kvartal;Konjunkturläge;2018M10;0.28
BNP kvartal;Konjunkturläge;2018M11;0.28
BNP kvartal;Konjunkturläge;2018M12;0.28
BNP kvartal;Konjunkturläge;2019M01;0.56
BNP kvartal;Konjunkturläge;2019M02;0.56
BNP kvartal;Konjunkturläge;2019M03;0.56
BNP kvartal;Konjunkturläge;2019M04;0.81
BNP kvartal;Konjunkturläge;2019M05;0.81
BNP kvartal;Konjunkturläge;2019M06;0.81
BNP kvartal;Konjunkturläge;2019M07;0.94
BNP kvartal;Konjunkturläge;2019M08;0.94
BNP kvartal;Konjunkturläge;2019M09;0.94
BNP kvartal;Konjunkturläge;2019M10;0.84
BNP kvartal;Konjunkturläge;2019M11;0.84
BNP kvartal;Konjunkturläge;2019M12;0.84
BNP kvartal;Konjunkturläge;2020M01;0.56
BNP kvartal;Konjunkturläge;2020M02;0.56
BNP kvartal;Konjunkturläge;2020M03;0.56
BNP kvartal;Konjunkturläge;2020M04;0.43
BNP kvartal;Konjunkturläge;2020M05;0.43
BNP kvartal;Konjunkturläge;2020M06;0.43
BNP kvartal;Konjunkturläge;2020M07;0.33
BNP kvartal;Konjunkturläge;2020M08;0.33
BNP kvartal;Konjunkturläge;2020M09;0.33
BNP kvartal;Konjunkturläge;2020M10;0.28
BNP kvartal;Konjunkturläge;2020M11;0.28
BNP kvartal;Konjunkturläge;2020M12;0.28
BNP kvartal;Konjunkturläge;2021M01;0.56
BNP kvartal;Konjunkturläge;2021M02;0.56
BNP kvartal;Konjunkturläge;2021M03;0.56
BNP kvartal;Konjunkturläge;2021M04;0.59
BNP kvartal;Konjunkturläge;2021M05;0.59
BNP kvartal;Konjunkturläge;2021M06;0.59
BNP kvartal;Konjunkturläge;2021M07;0.68
BNP kvartal;Konjunkturläge;2021M08;0.68
BNP kvartal;Konjunkturläge;2021M09;0.68
BNP kvartal;Konjunkturläge;2021M10;0.88
BNP kvartal;Konjunkturläge;2021M11;0.88
BNP kvartal;Konjunkturläge;2021M12;0.88
BNP kvartal;Konjunkturläge;2022M01;1.05
BNP kvartal;Konjunkturläge;2022M02;1.05
BNP kvartal;Konjunkturläge;2022M03;1.05
BNP kvartal;Konjunkturläge;2022M04;0.94
BNP kvartal;Konjunkturläge;2022M05;0.94
BNP kvartal;Konjunkturläge;2022M06;0.94
BNP kvartal;Konjunkturläge;2022M07;0.62
BNP kvartal;Konjunkturläge;2022M08;0.62
BNP kvartal;Konjunkturläge;2022M09;0.62
BNP kvartal;Konjunkturläge;2022M10;0.14
BNP kvartal;Konjunkturläge;2022M11;0.14
BNP kvartal;Konjunkturläge;2022M12;0.14
BNP kvartal;Konjunkturläge;2023M01;-0.27
BNP kvartal;Konjunkturläge;2023M02;-0.27
BNP kvartal;Konjunkturläge;2023M03;-0.27
BNP kvartal;Konjunkturläge;2023M04;-0.49
BNP kvartal;Konjunkturläge;2023M05;-0.49
BNP kvartal;Konjunkturläge;2023M06;-0.49
BNP kvartal;Konjunkturläge;2023M07;-0.72
BNP kvartal;Konjunkturläge;2023M08;-0.72
BNP kvartal;Konjunkturläge;2023M09;-0.72
BNP kvartal;Konjunkturläge;2023M10;-0.57
BNP kvartal;Konjunkturläge;2023M11;-0.57
BNP kvartal;Konjunkturläge;2023M12;-0.57
BNP kvartal;Konjunkturläge;2024M01;-0.66
BNP kvartal;Konjunkturläge;2024M02;-0.66
BNP kvartal;Konjunkturläge;2024M03;-0.66
BNP kvartal;Konjunkturläge;2024M04;-0.78
BNP kvartal;Konjunkturläge;2024M05;-0.78
BNP kvartal;Konjunkturläge;2024M06;-0.78
BNP kvartal;Konjunkturläge;2024M07;-0.77
BNP kvartal;Konjunkturläge;2024M08;-0.77
BNP kvartal;Konjunkturläge;2024M09;-0.77
BNP kvartal;Konjunkturläge;2024M10;-0.63
BNP kvartal;Konjunkturläge;2024M11;-0.63
BNP kvartal;Konjunkturläge;2024M12;-0.63
BNP kvartal;Konjunkturläge;2025M01;-0.79
BNP kvartal;Konjunkturläge;2025M02;-0.79
BNP kvartal;Konjunkturläge;2025M03;-0.79
BNP kvartal;Konjunkturläge;2025M04;-0.67
BNP kvartal;Konjunkturläge;2025M05;-0.67
BNP kvartal;Konjunkturläge;2025M06;-0.67
BNP kvartal;Konjunkturläge;2025M07;-0.2
BNP kvartal;Konjunkturläge;2025M08;-0.2
BNP kvartal;Konjunkturläge;2025M09;-0.2
BNP kvartal;Konjunkturläge;2025M10;-0.12
BNP kvartal;Konjunkturläge;2025M11;-0.12
BNP kvartal;Konjunkturläge;2025M12;-0.12
BNP kvartal;Konjunkturläge;2026M01;0.13
BNP kvartal;Konjunkturläge;2026M02;0.13
BNP kvartal;Konjunkturläge;2026M03;0.13
BNP kvartal;Konjunkturläge;2026M04;0.51
BNP kvartal;Konjunkturläge;2026M05;0.51
BNP kvartal;Konjunkturläge;2026M06;0.51
BNP kvartal;Konjunkturläge;2026M07;
BNP kvartal;Konjunkturläge;2026M08;
BNP kvartal;Förändring från föregående period;2000M01;
BNP kvartal;Förändring från föregående period;2000M02;
BNP kvartal;Förändring från föregående period;2000M03;
BNP kvartal;Förändring från föregående period;2000M04;0.72
BNP kvartal;Förändring från föregående period;2000M05;0.72
BNP kvartal;Förändring från föregående period;2000M06;0.72
BNP kvartal;Förändring från föregående period;2000M07;0.49
BNP kvartal;Förändring från föregående period;2000M08;0.49
BNP kvartal;Förändring från föregående period;2000M09;0.49
BNP kvartal;Förändring från föregående period;2000M10;-0.02
BNP kvartal;Förändring från föregående period;2000M11;-0.02
BNP kvartal;Förändring från föregående period;2000M12;-0.02
BNP kvartal;Förändring från föregående period;2001M01;-0.43
BNP kvartal;Förändring från föregående period;2001M02;-0.43
BNP kvartal;Förändring från föregående period;2001M03;-0.43
BNP kvartal;Förändring från föregående period;2001M04;-0.46
BNP kvartal;Förändring från föregående period;2001M05;-0.46
BNP kvartal;Förändring från föregående period;2001M06;-0.46
BNP kvartal;Förändring från föregående period;2001M07;-0.1
BNP kvartal;Förändring från föregående period;2001M08;-0.1
BNP kvartal;Förändring från föregående period;2001M09;-0.1
BNP kvartal;Förändring från föregående period;2001M10;0.21
BNP kvartal;Förändring från föregående period;2001M11;0.21
BNP kvartal;Förändring från föregående period;2001M12;0.21
BNP kvartal;Förändring från föregående period;2002M01;0.14
BNP kvartal;Förändring från föregående period;2002M02;0.14
BNP kvartal;Förändring från föregående period;2002M03;0.14
BNP kvartal;Förändring från föregående period;2002M04;-0.07
BNP kvartal;Förändring från föregående period;2002M05;-0.07
BNP kvartal;Förändring från föregående period;2002M06;-0.07
BNP kvartal;Förändring från föregående period;2002M07;-0.29
BNP kvartal;Förändring från föregående period;2002M08;-0.29
BNP kvartal;Förändring från föregående period;2002M09;-0.29
BNP kvartal;Förändring från föregående period;2002M10;-0.15
BNP kvartal;Förändring från föregående period;2002M11;-0.15
BNP kvartal;Förändring från föregående period;2002M12;-0.15
BNP kvartal;Förändring från föregående period;2003M01;-0.05
BNP kvartal;Förändring från föregående period;2003M02;-0.05
BNP kvartal;Förändring från föregående period;2003M03;-0.05
BNP kvartal;Förändring från föregående period;2003M04;0.02
BNP kvartal;Förändring från föregående period;2003M05;0.02
BNP kvartal;Förändring från föregående period;2003M06;0.02
BNP kvartal;Förändring från föregående period;2003M07;0
BNP kvartal;Förändring från föregående period;2003M08;0
BNP kvartal;Förändring från föregående period;2003M09;0
BNP kvartal;Förändring från föregående period;2003M10;0.06
BNP kvartal;Förändring från föregående period;2003M11;0.06
BNP kvartal;Förändring från föregående period;2003M12;0.06
BNP kvartal;Förändring från föregående period;2004M01;0.29
BNP kvartal;Förändring från föregående period;2004M02;0.29
BNP kvartal;Förändring från föregående period;2004M03;0.29
BNP kvartal;Förändring från föregående period;2004M04;0.38
BNP kvartal;Förändring från föregående period;2004M05;0.38
BNP kvartal;Förändring från föregående period;2004M06;0.38
BNP kvartal;Förändring från föregående period;2004M07;0.22
BNP kvartal;Förändring från föregående period;2004M08;0.22
BNP kvartal;Förändring från föregående period;2004M09;0.22
BNP kvartal;Förändring från föregående period;2004M10;0.02
BNP kvartal;Förändring från föregående period;2004M11;0.02
BNP kvartal;Förändring från föregående period;2004M12;0.02
BNP kvartal;Förändring från föregående period;2005M01;0.02
BNP kvartal;Förändring från föregående period;2005M02;0.02
BNP kvartal;Förändring från föregående period;2005M03;0.02
BNP kvartal;Förändring från föregående period;2005M04;0.11
BNP kvartal;Förändring från föregående period;2005M05;0.11
BNP kvartal;Förändring från föregående period;2005M06;0.11
BNP kvartal;Förändring från föregående period;2005M07;0.26
BNP kvartal;Förändring från föregående period;2005M08;0.26
BNP kvartal;Förändring från föregående period;2005M09;0.26
BNP kvartal;Förändring från föregående period;2005M10;0.34
BNP kvartal;Förändring från föregående period;2005M11;0.34
BNP kvartal;Förändring från föregående period;2005M12;0.34
BNP kvartal;Förändring från föregående period;2006M01;0.34
BNP kvartal;Förändring från föregående period;2006M02;0.34
BNP kvartal;Förändring från föregående period;2006M03;0.34
BNP kvartal;Förändring från föregående period;2006M04;0.24
BNP kvartal;Förändring från föregående period;2006M05;0.24
BNP kvartal;Förändring från föregående period;2006M06;0.24
BNP kvartal;Förändring från föregående period;2006M07;0.34
BNP kvartal;Förändring från föregående period;2006M08;0.34
BNP kvartal;Förändring från föregående period;2006M09;0.34
BNP kvartal;Förändring från föregående period;2006M10;0.45
BNP kvartal;Förändring från föregående period;2006M11;0.45
BNP kvartal;Förändring från föregående period;2006M12;0.45
BNP kvartal;Förändring från föregående period;2007M01;0.08
BNP kvartal;Förändring från föregående period;2007M02;0.08
BNP kvartal;Förändring från föregående period;2007M03;0.08
BNP kvartal;Förändring från föregående period;2007M04;-0.17
BNP kvartal;Förändring från föregående period;2007M05;-0.17
BNP kvartal;Förändring från föregående period;2007M06;-0.17
BNP kvartal;Förändring från föregående period;2007M07;0.08
BNP kvartal;Förändring från föregående period;2007M08;0.08
BNP kvartal;Förändring från föregående period;2007M09;0.08
BNP kvartal;Förändring från föregående period;2007M10;0.1
BNP kvartal;Förändring från föregående period;2007M11;0.1
BNP kvartal;Förändring från föregående period;2007M12;0.1
BNP kvartal;Förändring från föregående period;2008M01;-0.19
BNP kvartal;Förändring från föregående period;2008M02;-0.19
BNP kvartal;Förändring från föregående period;2008M03;-0.19
BNP kvartal;Förändring från föregående period;2008M04;-0.63
BNP kvartal;Förändring från föregående period;2008M05;-0.63
BNP kvartal;Förändring från föregående period;2008M06;-0.63
BNP kvartal;Förändring från föregående period;2008M07;-1.14
BNP kvartal;Förändring från föregående period;2008M08;-1.14
BNP kvartal;Förändring från föregående period;2008M09;-1.14
BNP kvartal;Förändring från föregående period;2008M10;-1.39
BNP kvartal;Förändring från föregående period;2008M11;-1.39
BNP kvartal;Förändring från föregående period;2008M12;-1.39
BNP kvartal;Förändring från föregående period;2009M01;-0.9
BNP kvartal;Förändring från föregående period;2009M02;-0.9
BNP kvartal;Förändring från föregående period;2009M03;-0.9
BNP kvartal;Förändring från föregående period;2009M04;-0.46
BNP kvartal;Förändring från föregående period;2009M05;-0.46
BNP kvartal;Förändring från föregående period;2009M06;-0.46
BNP kvartal;Förändring från föregående period;2009M07;-0.22
BNP kvartal;Förändring från föregående period;2009M08;-0.22
BNP kvartal;Förändring från föregående period;2009M09;-0.22
BNP kvartal;Förändring från föregående period;2009M10;0.19
BNP kvartal;Förändring från föregående period;2009M11;0.19
BNP kvartal;Förändring från föregående period;2009M12;0.19
BNP kvartal;Förändring från föregående period;2010M01;0.79
BNP kvartal;Förändring från föregående period;2010M02;0.79
BNP kvartal;Förändring från föregående period;2010M03;0.79
BNP kvartal;Förändring från föregående period;2010M04;0.85
BNP kvartal;Förändring från föregående period;2010M05;0.85
BNP kvartal;Förändring från föregående period;2010M06;0.85
BNP kvartal;Förändring från föregående period;2010M07;0.71
BNP kvartal;Förändring från föregående period;2010M08;0.71
BNP kvartal;Förändring från föregående period;2010M09;0.71
BNP kvartal;Förändring från föregående period;2010M10;0.55
BNP kvartal;Förändring från föregående period;2010M11;0.55
BNP kvartal;Förändring från föregående period;2010M12;0.55
BNP kvartal;Förändring från föregående period;2011M01;0.19
BNP kvartal;Förändring från föregående period;2011M02;0.19
BNP kvartal;Förändring från föregående period;2011M03;0.19
BNP kvartal;Förändring från föregående period;2011M04;-0.08
BNP kvartal;Förändring från föregående period;2011M05;-0.08
BNP kvartal;Förändring från föregående period;2011M06;-0.08
BNP kvartal;Förändring från föregående period;2011M07;-0.31
BNP kvartal;Förändring från föregående period;2011M08;-0.31
BNP kvartal;Förändring från föregående period;2011M09;-0.31
BNP kvartal;Förändring från föregående period;2011M10;-0.64
BNP kvartal;Förändring från föregående period;2011M11;-0.64
BNP kvartal;Förändring från föregående period;2011M12;-0.64
BNP kvartal;Förändring från föregående period;2012M01;-0.55
BNP kvartal;Förändring från föregående period;2012M02;-0.55
BNP kvartal;Förändring från föregående period;2012M03;-0.55
BNP kvartal;Förändring från föregående period;2012M04;-0.02
BNP kvartal;Förändring från föregående period;2012M05;-0.02
BNP kvartal;Förändring från föregående period;2012M06;-0.02
BNP kvartal;Förändring från föregående period;2012M07;-0.02
BNP kvartal;Förändring från föregående period;2012M08;-0.02
BNP kvartal;Förändring från föregående period;2012M09;-0.02
BNP kvartal;Förändring från föregående period;2012M10;-0.11
BNP kvartal;Förändring från föregående period;2012M11;-0.11
BNP kvartal;Förändring från föregående period;2012M12;-0.11
BNP kvartal;Förändring från föregående period;2013M01;-0.31
BNP kvartal;Förändring från föregående period;2013M02;-0.31
BNP kvartal;Förändring från föregående period;2013M03;-0.31
BNP kvartal;Förändring från föregående period;2013M04;-0.24
BNP kvartal;Förändring från föregående period;2013M05;-0.24
BNP kvartal;Förändring från föregående period;2013M06;-0.24
BNP kvartal;Förändring från föregående period;2013M07;0.02
BNP kvartal;Förändring från föregående period;2013M08;0.02
BNP kvartal;Förändring från föregående period;2013M09;0.02
BNP kvartal;Förändring från föregående period;2013M10;0.23
BNP kvartal;Förändring från föregående period;2013M11;0.23
BNP kvartal;Förändring från föregående period;2013M12;0.23
BNP kvartal;Förändring från föregående period;2014M01;0.03
BNP kvartal;Förändring från föregående period;2014M02;0.03
BNP kvartal;Förändring från föregående period;2014M03;0.03
BNP kvartal;Förändring från föregående period;2014M04;0.1
BNP kvartal;Förändring från föregående period;2014M05;0.1
BNP kvartal;Förändring från föregående period;2014M06;0.1
BNP kvartal;Förändring från föregående period;2014M07;0.01
BNP kvartal;Förändring från föregående period;2014M08;0.01
BNP kvartal;Förändring från föregående period;2014M09;0.01
BNP kvartal;Förändring från föregående period;2014M10;0.04
BNP kvartal;Förändring från föregående period;2014M11;0.04
BNP kvartal;Förändring från föregående period;2014M12;0.04
BNP kvartal;Förändring från föregående period;2015M01;0.63
BNP kvartal;Förändring från föregående period;2015M02;0.63
BNP kvartal;Förändring från föregående period;2015M03;0.63
BNP kvartal;Förändring från föregående period;2015M04;0.72
BNP kvartal;Förändring från föregående period;2015M05;0.72
BNP kvartal;Förändring från föregående period;2015M06;0.72
BNP kvartal;Förändring från föregående period;2015M07;0.16
BNP kvartal;Förändring från föregående period;2015M08;0.16
BNP kvartal;Förändring från föregående period;2015M09;0.16
BNP kvartal;Förändring från föregående period;2015M10;-0.2
BNP kvartal;Förändring från föregående period;2015M11;-0.2
BNP kvartal;Förändring från föregående period;2015M12;-0.2
BNP kvartal;Förändring från föregående period;2016M01;-0.1
BNP kvartal;Förändring från föregående period;2016M02;-0.1
BNP kvartal;Förändring från föregående period;2016M03;-0.1
BNP kvartal;Förändring från föregående period;2016M04;-0.06
BNP kvartal;Förändring från föregående period;2016M05;-0.06
BNP kvartal;Förändring från föregående period;2016M06;-0.06
BNP kvartal;Förändring från föregående period;2016M07;0.31
BNP kvartal;Förändring från föregående period;2016M08;0.31
BNP kvartal;Förändring från föregående period;2016M09;0.31
BNP kvartal;Förändring från föregående period;2016M10;0.29
BNP kvartal;Förändring från föregående period;2016M11;0.29
BNP kvartal;Förändring från föregående period;2016M12;0.29
BNP kvartal;Förändring från föregående period;2017M01;-0.11
BNP kvartal;Förändring från föregående period;2017M02;-0.11
BNP kvartal;Förändring från föregående period;2017M03;-0.11
BNP kvartal;Förändring från föregående period;2017M04;-0.26
BNP kvartal;Förändring från föregående period;2017M05;-0.26
BNP kvartal;Förändring från föregående period;2017M06;-0.26
BNP kvartal;Förändring från föregående period;2017M07;0.08
BNP kvartal;Förändring från föregående period;2017M08;0.08
BNP kvartal;Förändring från föregående period;2017M09;0.08
BNP kvartal;Förändring från föregående period;2017M10;0.22
BNP kvartal;Förändring från föregående period;2017M11;0.22
BNP kvartal;Förändring från föregående period;2017M12;0.22
BNP kvartal;Förändring från föregående period;2018M01;-0.08
BNP kvartal;Förändring från föregående period;2018M02;-0.08
BNP kvartal;Förändring från föregående period;2018M03;-0.08
BNP kvartal;Förändring från föregående period;2018M04;-0.21
BNP kvartal;Förändring från föregående period;2018M05;-0.21
BNP kvartal;Förändring från föregående period;2018M06;-0.21
BNP kvartal;Förändring från föregående period;2018M07;-0.11
BNP kvartal;Förändring från föregående period;2018M08;-0.11
BNP kvartal;Förändring från föregående period;2018M09;-0.11
BNP kvartal;Förändring från föregående period;2018M10;0.12
BNP kvartal;Förändring från föregående period;2018M11;0.12
BNP kvartal;Förändring från föregående period;2018M12;0.12
BNP kvartal;Förändring från föregående period;2019M01;0.28
BNP kvartal;Förändring från föregående period;2019M02;0.28
BNP kvartal;Förändring från föregående period;2019M03;0.28
BNP kvartal;Förändring från föregående period;2019M04;0.25
BNP kvartal;Förändring från föregående period;2019M05;0.25
BNP kvartal;Förändring från föregående period;2019M06;0.25
BNP kvartal;Förändring från föregående period;2019M07;0.13
BNP kvartal;Förändring från föregående period;2019M08;0.13
BNP kvartal;Förändring från föregående period;2019M09;0.13
BNP kvartal;Förändring från föregående period;2019M10;-0.1
BNP kvartal;Förändring från föregående period;2019M11;-0.1
BNP kvartal;Förändring från föregående period;2019M12;-0.1
BNP kvartal;Förändring från föregående period;2020M01;-0.28
BNP kvartal;Förändring från föregående period;2020M02;-0.28
BNP kvartal;Förändring från föregående period;2020M03;-0.28
BNP kvartal;Förändring från föregående period;2020M04;-0.13
BNP kvartal;Förändring från föregående period;2020M05;-0.13
BNP kvartal;Förändring från föregående period;2020M06;-0.13
BNP kvartal;Förändring från föregående period;2020M07;-0.1
BNP kvartal;Förändring från föregående period;2020M08;-0.1
BNP kvartal;Förändring från föregående period;2020M09;-0.1
BNP kvartal;Förändring från föregående period;2020M10;-0.05
BNP kvartal;Förändring från föregående period;2020M11;-0.05
BNP kvartal;Förändring från föregående period;2020M12;-0.05
BNP kvartal;Förändring från föregående period;2021M01;0.28
BNP kvartal;Förändring från föregående period;2021M02;0.28
BNP kvartal;Förändring från föregående period;2021M03;0.28
BNP kvartal;Förändring från föregående period;2021M04;0.03
BNP kvartal;Förändring från föregående period;2021M05;0.03
BNP kvartal;Förändring från föregående period;2021M06;0.03
BNP kvartal;Förändring från föregående period;2021M07;0.09
BNP kvartal;Förändring från föregående period;2021M08;0.09
BNP kvartal;Förändring från föregående period;2021M09;0.09
BNP kvartal;Förändring från föregående period;2021M10;0.21
BNP kvartal;Förändring från föregående period;2021M11;0.21
BNP kvartal;Förändring från föregående period;2021M12;0.21
BNP kvartal;Förändring från föregående period;2022M01;0.17
BNP kvartal;Förändring från föregående period;2022M02;0.17
BNP kvartal;Förändring från föregående period;2022M03;0.17
BNP kvartal;Förändring från föregående period;2022M04;-0.12
BNP kvartal;Förändring från föregående period;2022M05;-0.12
BNP kvartal;Förändring från föregående period;2022M06;-0.12
BNP kvartal;Förändring från föregående period;2022M07;-0.32
BNP kvartal;Förändring från föregående period;2022M08;-0.32
BNP kvartal;Förändring från föregående period;2022M09;-0.32
BNP kvartal;Förändring från föregående period;2022M10;-0.48
BNP kvartal;Förändring från föregående period;2022M11;-0.48
BNP kvartal;Förändring från föregående period;2022M12;-0.48
BNP kvartal;Förändring från föregående period;2023M01;-0.41
BNP kvartal;Förändring från föregående period;2023M02;-0.41
BNP kvartal;Förändring från föregående period;2023M03;-0.41
BNP kvartal;Förändring från föregående period;2023M04;-0.22
BNP kvartal;Förändring från föregående period;2023M05;-0.22
BNP kvartal;Förändring från föregående period;2023M06;-0.22
BNP kvartal;Förändring från föregående period;2023M07;-0.24
BNP kvartal;Förändring från föregående period;2023M08;-0.24
BNP kvartal;Förändring från föregående period;2023M09;-0.24
BNP kvartal;Förändring från föregående period;2023M10;0.15
BNP kvartal;Förändring från föregående period;2023M11;0.15
BNP kvartal;Förändring från föregående period;2023M12;0.15
BNP kvartal;Förändring från föregående period;2024M01;-0.09
BNP kvartal;Förändring från föregående period;2024M02;-0.09
BNP kvartal;Förändring från föregående period;2024M03;-0.09
BNP kvartal;Förändring från föregående period;2024M04;-0.12
BNP kvartal;Förändring från föregående period;2024M05;-0.12
BNP kvartal;Förändring från föregående period;2024M06;-0.12
BNP kvartal;Förändring från föregående period;2024M07;0.01
BNP kvartal;Förändring från föregående period;2024M08;0.01
BNP kvartal;Förändring från föregående period;2024M09;0.01
BNP kvartal;Förändring från föregående period;2024M10;0.14
BNP kvartal;Förändring från föregående period;2024M11;0.14
BNP kvartal;Förändring från föregående period;2024M12;0.14
BNP kvartal;Förändring från föregående period;2025M01;-0.16
BNP kvartal;Förändring från föregående period;2025M02;-0.16
BNP kvartal;Förändring från föregående period;2025M03;-0.16
BNP kvartal;Förändring från föregående period;2025M04;0.13
BNP kvartal;Förändring från föregående period;2025M05;0.13
BNP kvartal;Förändring från föregående period;2025M06;0.13
BNP kvartal;Förändring från föregående period;2025M07;0.46
BNP kvartal;Förändring från föregående period;2025M08;0.46
BNP kvartal;Förändring från föregående period;2025M09;0.46
BNP kvartal;Förändring från föregående period;2025M10;0.08
BNP kvartal;Förändring från föregående period;2025M11;0.08
BNP kvartal;Förändring från föregående period;2025M12;0.08
BNP kvartal;Förändring från föregående period;2026M01;0.24
BNP kvartal;Förändring från föregående period;2026M02;0.24
BNP kvartal;Förändring från föregående period;2026M03;0.24
BNP kvartal;Förändring från föregående period;2026M04;0.39
BNP kvartal;Förändring från föregående period;2026M05;0.39
BNP kvartal;Förändring från föregående period;2026M06;0.39
BNP kvartal;Förändring från föregående period;2026M07;
BNP kvartal;Förändring från föregående period;2026M08;
Näringslivets produktion;Konjunkturläge;2000M01;-0.71
Näringslivets produktion;Konjunkturläge;2000M02;-0.51
Näringslivets produktion;Konjunkturläge;2000M03;-0.3
Näringslivets produktion;Konjunkturläge;2000M04;-0.07
Näringslivets produktion;Konjunkturläge;2000M05;0.13
Näringslivets produktion;Konjunkturläge;2000M06;0.29
Näringslivets produktion;Konjunkturläge;2000M07;0.42
Näringslivets produktion;Konjunkturläge;2000M08;0.53
Näringslivets produktion;Konjunkturläge;2000M09;0.61
Näringslivets produktion;Konjunkturläge;2000M10;0.67
Näringslivets produktion;Konjunkturläge;2000M11;0.67
Näringslivets produktion;Konjunkturläge;2000M12;0.63
Näringslivets produktion;Konjunkturläge;2001M01;0.52
Näringslivets produktion;Konjunkturläge;2001M02;0.37
Näringslivets produktion;Konjunkturläge;2001M03;0.21
Näringslivets produktion;Konjunkturläge;2001M04;0.1
Näringslivets produktion;Konjunkturläge;2001M05;0.02
Näringslivets produktion;Konjunkturläge;2001M06;-0.04
Näringslivets produktion;Konjunkturläge;2001M07;-0.1
Näringslivets produktion;Konjunkturläge;2001M08;-0.14
Näringslivets produktion;Konjunkturläge;2001M09;-0.17
Näringslivets produktion;Konjunkturläge;2001M10;-0.18
Näringslivets produktion;Konjunkturläge;2001M11;-0.15
Näringslivets produktion;Konjunkturläge;2001M12;-0.13
Näringslivets produktion;Konjunkturläge;2002M01;-0.11
Näringslivets produktion;Konjunkturläge;2002M02;-0.13
Näringslivets produktion;Konjunkturläge;2002M03;-0.2
Näringslivets produktion;Konjunkturläge;2002M04;-0.3
Näringslivets produktion;Konjunkturläge;2002M05;-0.41
Näringslivets produktion;Konjunkturläge;2002M06;-0.49
Näringslivets produktion;Konjunkturläge;2002M07;-0.56
Näringslivets produktion;Konjunkturläge;2002M08;-0.63
Näringslivets produktion;Konjunkturläge;2002M09;-0.68
Näringslivets produktion;Konjunkturläge;2002M10;-0.72
Näringslivets produktion;Konjunkturläge;2002M11;-0.73
Näringslivets produktion;Konjunkturläge;2002M12;-0.7
Näringslivets produktion;Konjunkturläge;2003M01;-0.65
Näringslivets produktion;Konjunkturläge;2003M02;-0.6
Näringslivets produktion;Konjunkturläge;2003M03;-0.57
Näringslivets produktion;Konjunkturläge;2003M04;-0.59
Näringslivets produktion;Konjunkturläge;2003M05;-0.62
Näringslivets produktion;Konjunkturläge;2003M06;-0.65
Näringslivets produktion;Konjunkturläge;2003M07;-0.66
Näringslivets produktion;Konjunkturläge;2003M08;-0.64
Näringslivets produktion;Konjunkturläge;2003M09;-0.63
Näringslivets produktion;Konjunkturläge;2003M10;-0.63
Näringslivets produktion;Konjunkturläge;2003M11;-0.63
Näringslivets produktion;Konjunkturläge;2003M12;-0.65
Näringslivets produktion;Konjunkturläge;2004M01;-0.63
Näringslivets produktion;Konjunkturläge;2004M02;-0.57
Näringslivets produktion;Konjunkturläge;2004M03;-0.49
Näringslivets produktion;Konjunkturläge;2004M04;-0.4
Näringslivets produktion;Konjunkturläge;2004M05;-0.31
Näringslivets produktion;Konjunkturläge;2004M06;-0.24
Näringslivets produktion;Konjunkturläge;2004M07;-0.18
Näringslivets produktion;Konjunkturläge;2004M08;-0.15
Näringslivets produktion;Konjunkturläge;2004M09;-0.15
Näringslivets produktion;Konjunkturläge;2004M10;-0.15
Näringslivets produktion;Konjunkturläge;2004M11;-0.18
Näringslivets produktion;Konjunkturläge;2004M12;-0.21
Näringslivets produktion;Konjunkturläge;2005M01;-0.21
Näringslivets produktion;Konjunkturläge;2005M02;-0.17
Näringslivets produktion;Konjunkturläge;2005M03;-0.08
Näringslivets produktion;Konjunkturläge;2005M04;0.03
Näringslivets produktion;Konjunkturläge;2005M05;0.11
Näringslivets produktion;Konjunkturläge;2005M06;0.14
Näringslivets produktion;Konjunkturläge;2005M07;0.12
Näringslivets produktion;Konjunkturläge;2005M08;0.1
Näringslivets produktion;Konjunkturläge;2005M09;0.1
Näringslivets produktion;Konjunkturläge;2005M10;0.15
Näringslivets produktion;Konjunkturläge;2005M11;0.25
Näringslivets produktion;Konjunkturläge;2005M12;0.38
Näringslivets produktion;Konjunkturläge;2006M01;0.5
Näringslivets produktion;Konjunkturläge;2006M02;0.6
Näringslivets produktion;Konjunkturläge;2006M03;0.67
Näringslivets produktion;Konjunkturläge;2006M04;0.74
Näringslivets produktion;Konjunkturläge;2006M05;0.81
Näringslivets produktion;Konjunkturläge;2006M06;0.89
Näringslivets produktion;Konjunkturläge;2006M07;0.97
Näringslivets produktion;Konjunkturläge;2006M08;1.07
Näringslivets produktion;Konjunkturläge;2006M09;1.19
Näringslivets produktion;Konjunkturläge;2006M10;1.33
Näringslivets produktion;Konjunkturläge;2006M11;1.51
Näringslivets produktion;Konjunkturläge;2006M12;1.71
Näringslivets produktion;Konjunkturläge;2007M01;1.89
Näringslivets produktion;Konjunkturläge;2007M02;2.04
Näringslivets produktion;Konjunkturläge;2007M03;2.16
Näringslivets produktion;Konjunkturläge;2007M04;2.26
Näringslivets produktion;Konjunkturläge;2007M05;2.33
Näringslivets produktion;Konjunkturläge;2007M06;2.38
Näringslivets produktion;Konjunkturläge;2007M07;2.4
Näringslivets produktion;Konjunkturläge;2007M08;2.4
Näringslivets produktion;Konjunkturläge;2007M09;2.4
Näringslivets produktion;Konjunkturläge;2007M10;2.38
Näringslivets produktion;Konjunkturläge;2007M11;2.32
Näringslivets produktion;Konjunkturläge;2007M12;2.22
Näringslivets produktion;Konjunkturläge;2008M01;2.08
Näringslivets produktion;Konjunkturläge;2008M02;1.89
Näringslivets produktion;Konjunkturläge;2008M03;1.67
Näringslivets produktion;Konjunkturläge;2008M04;1.46
Näringslivets produktion;Konjunkturläge;2008M05;1.3
Näringslivets produktion;Konjunkturläge;2008M06;1.19
Näringslivets produktion;Konjunkturläge;2008M07;1.11
Näringslivets produktion;Konjunkturläge;2008M08;1.01
Näringslivets produktion;Konjunkturläge;2008M09;0.84
Näringslivets produktion;Konjunkturläge;2008M10;0.61
Näringslivets produktion;Konjunkturläge;2008M11;0.31
Näringslivets produktion;Konjunkturläge;2008M12;-0.04
Näringslivets produktion;Konjunkturläge;2009M01;-0.43
Näringslivets produktion;Konjunkturläge;2009M02;-0.81
Näringslivets produktion;Konjunkturläge;2009M03;-1.16
Näringslivets produktion;Konjunkturläge;2009M04;-1.5
Näringslivets produktion;Konjunkturläge;2009M05;-1.79
Näringslivets produktion;Konjunkturläge;2009M06;-2.02
Näringslivets produktion;Konjunkturläge;2009M07;-2.15
Näringslivets produktion;Konjunkturläge;2009M08;-2.18
Näringslivets produktion;Konjunkturläge;2009M09;-2.13
Näringslivets produktion;Konjunkturläge;2009M10;-2.04
Näringslivets produktion;Konjunkturläge;2009M11;-1.92
Näringslivets produktion;Konjunkturläge;2009M12;-1.77
Näringslivets produktion;Konjunkturläge;2010M01;-1.58
Näringslivets produktion;Konjunkturläge;2010M02;-1.34
Näringslivets produktion;Konjunkturläge;2010M03;-1.08
Näringslivets produktion;Konjunkturläge;2010M04;-0.82
Näringslivets produktion;Konjunkturläge;2010M05;-0.62
Näringslivets produktion;Konjunkturläge;2010M06;-0.49
Näringslivets produktion;Konjunkturläge;2010M07;-0.43
Näringslivets produktion;Konjunkturläge;2010M08;-0.42
Näringslivets produktion;Konjunkturläge;2010M09;-0.4
Näringslivets produktion;Konjunkturläge;2010M10;-0.37
Näringslivets produktion;Konjunkturläge;2010M11;-0.32
Näringslivets produktion;Konjunkturläge;2010M12;-0.25
Näringslivets produktion;Konjunkturläge;2011M01;-0.18
Näringslivets produktion;Konjunkturläge;2011M02;-0.09
Näringslivets produktion;Konjunkturläge;2011M03;0.04
Näringslivets produktion;Konjunkturläge;2011M04;0.19
Näringslivets produktion;Konjunkturläge;2011M05;0.36
Näringslivets produktion;Konjunkturläge;2011M06;0.49
Näringslivets produktion;Konjunkturläge;2011M07;0.54
Näringslivets produktion;Konjunkturläge;2011M08;0.52
Näringslivets produktion;Konjunkturläge;2011M09;0.42
Näringslivets produktion;Konjunkturläge;2011M10;0.28
Näringslivets produktion;Konjunkturläge;2011M11;0.12
Näringslivets produktion;Konjunkturläge;2011M12;-0.03
Näringslivets produktion;Konjunkturläge;2012M01;-0.16
Näringslivets produktion;Konjunkturläge;2012M02;-0.25
Näringslivets produktion;Konjunkturläge;2012M03;-0.3
Näringslivets produktion;Konjunkturläge;2012M04;-0.32
Näringslivets produktion;Konjunkturläge;2012M05;-0.34
Näringslivets produktion;Konjunkturläge;2012M06;-0.38
Näringslivets produktion;Konjunkturläge;2012M07;-0.43
Näringslivets produktion;Konjunkturläge;2012M08;-0.52
Näringslivets produktion;Konjunkturläge;2012M09;-0.64
Näringslivets produktion;Konjunkturläge;2012M10;-0.79
Näringslivets produktion;Konjunkturläge;2012M11;-0.94
Näringslivets produktion;Konjunkturläge;2012M12;-1.06
Näringslivets produktion;Konjunkturläge;2013M01;-1.17
Näringslivets produktion;Konjunkturläge;2013M02;-1.28
Näringslivets produktion;Konjunkturläge;2013M03;-1.36
Näringslivets produktion;Konjunkturläge;2013M04;-1.43
Näringslivets produktion;Konjunkturläge;2013M05;-1.49
Näringslivets produktion;Konjunkturläge;2013M06;-1.52
Näringslivets produktion;Konjunkturläge;2013M07;-1.54
Näringslivets produktion;Konjunkturläge;2013M08;-1.54
Näringslivets produktion;Konjunkturläge;2013M09;-1.54
Näringslivets produktion;Konjunkturläge;2013M10;-1.53
Näringslivets produktion;Konjunkturläge;2013M11;-1.52
Näringslivets produktion;Konjunkturläge;2013M12;-1.52
Näringslivets produktion;Konjunkturläge;2014M01;-1.53
Näringslivets produktion;Konjunkturläge;2014M02;-1.57
Näringslivets produktion;Konjunkturläge;2014M03;-1.65
Näringslivets produktion;Konjunkturläge;2014M04;-1.75
Näringslivets produktion;Konjunkturläge;2014M05;-1.84
Näringslivets produktion;Konjunkturläge;2014M06;-1.91
Näringslivets produktion;Konjunkturläge;2014M07;-1.95
Näringslivets produktion;Konjunkturläge;2014M08;-1.93
Näringslivets produktion;Konjunkturläge;2014M09;-1.85
Näringslivets produktion;Konjunkturläge;2014M10;-1.71
Näringslivets produktion;Konjunkturläge;2014M11;-1.49
Näringslivets produktion;Konjunkturläge;2014M12;-1.2
Näringslivets produktion;Konjunkturläge;2015M01;-0.87
Näringslivets produktion;Konjunkturläge;2015M02;-0.54
Näringslivets produktion;Konjunkturläge;2015M03;-0.26
Näringslivets produktion;Konjunkturläge;2015M04;-0.07
Näringslivets produktion;Konjunkturläge;2015M05;0.06
Näringslivets produktion;Konjunkturläge;2015M06;0.12
Näringslivets produktion;Konjunkturläge;2015M07;0.14
Näringslivets produktion;Konjunkturläge;2015M08;0.16
Näringslivets produktion;Konjunkturläge;2015M09;0.17
Näringslivets produktion;Konjunkturläge;2015M10;0.15
Näringslivets produktion;Konjunkturläge;2015M11;0.11
Näringslivets produktion;Konjunkturläge;2015M12;0.03
Näringslivets produktion;Konjunkturläge;2016M01;-0.06
Näringslivets produktion;Konjunkturläge;2016M02;-0.16
Näringslivets produktion;Konjunkturläge;2016M03;-0.25
Näringslivets produktion;Konjunkturläge;2016M04;-0.28
Näringslivets produktion;Konjunkturläge;2016M05;-0.24
Näringslivets produktion;Konjunkturläge;2016M06;-0.12
Näringslivets produktion;Konjunkturläge;2016M07;0.04
Näringslivets produktion;Konjunkturläge;2016M08;0.19
Näringslivets produktion;Konjunkturläge;2016M09;0.31
Näringslivets produktion;Konjunkturläge;2016M10;0.41
Näringslivets produktion;Konjunkturläge;2016M11;0.47
Näringslivets produktion;Konjunkturläge;2016M12;0.51
Näringslivets produktion;Konjunkturläge;2017M01;0.53
Näringslivets produktion;Konjunkturläge;2017M02;0.56
Näringslivets produktion;Konjunkturläge;2017M03;0.6
Näringslivets produktion;Konjunkturläge;2017M04;0.64
Näringslivets produktion;Konjunkturläge;2017M05;0.66
Näringslivets produktion;Konjunkturläge;2017M06;0.7
Näringslivets produktion;Konjunkturläge;2017M07;0.78
Näringslivets produktion;Konjunkturläge;2017M08;0.9
Näringslivets produktion;Konjunkturläge;2017M09;1.03
Näringslivets produktion;Konjunkturläge;2017M10;1.14
Näringslivets produktion;Konjunkturläge;2017M11;1.2
Näringslivets produktion;Konjunkturläge;2017M12;1.19
Näringslivets produktion;Konjunkturläge;2018M01;1.16
Näringslivets produktion;Konjunkturläge;2018M02;1.15
Näringslivets produktion;Konjunkturläge;2018M03;1.19
Näringslivets produktion;Konjunkturläge;2018M04;1.27
Näringslivets produktion;Konjunkturläge;2018M05;1.35
Näringslivets produktion;Konjunkturläge;2018M06;1.38
Näringslivets produktion;Konjunkturläge;2018M07;1.37
Näringslivets produktion;Konjunkturläge;2018M08;1.32
Näringslivets produktion;Konjunkturläge;2018M09;1.27
Näringslivets produktion;Konjunkturläge;2018M10;1.23
Näringslivets produktion;Konjunkturläge;2018M11;1.24
Näringslivets produktion;Konjunkturläge;2018M12;1.29
Näringslivets produktion;Konjunkturläge;2019M01;1.34
Näringslivets produktion;Konjunkturläge;2019M02;1.36
Näringslivets produktion;Konjunkturläge;2019M03;1.34
Näringslivets produktion;Konjunkturläge;2019M04;1.29
Näringslivets produktion;Konjunkturläge;2019M05;1.21
Näringslivets produktion;Konjunkturläge;2019M06;1.09
Näringslivets produktion;Konjunkturläge;2019M07;0.93
Näringslivets produktion;Konjunkturläge;2019M08;0.75
Näringslivets produktion;Konjunkturläge;2019M09;0.59
Näringslivets produktion;Konjunkturläge;2019M10;0.46
Näringslivets produktion;Konjunkturläge;2019M11;0.34
Näringslivets produktion;Konjunkturläge;2019M12;0.2
Näringslivets produktion;Konjunkturläge;2020M01;0.05
Näringslivets produktion;Konjunkturläge;2020M02;-0.13
Näringslivets produktion;Konjunkturläge;2020M03;-0.33
Näringslivets produktion;Konjunkturläge;2020M04;-0.55
Näringslivets produktion;Konjunkturläge;2020M05;-0.73
Näringslivets produktion;Konjunkturläge;2020M06;-0.82
Näringslivets produktion;Konjunkturläge;2020M07;-0.85
Näringslivets produktion;Konjunkturläge;2020M08;-0.85
Näringslivets produktion;Konjunkturläge;2020M09;-0.88
Näringslivets produktion;Konjunkturläge;2020M10;-0.93
Näringslivets produktion;Konjunkturläge;2020M11;-0.96
Näringslivets produktion;Konjunkturläge;2020M12;-0.94
Näringslivets produktion;Konjunkturläge;2021M01;-0.85
Näringslivets produktion;Konjunkturläge;2021M02;-0.64
Näringslivets produktion;Konjunkturläge;2021M03;-0.33
Näringslivets produktion;Konjunkturläge;2021M04;0.01
Näringslivets produktion;Konjunkturläge;2021M05;0.34
Näringslivets produktion;Konjunkturläge;2021M06;0.61
Näringslivets produktion;Konjunkturläge;2021M07;0.84
Näringslivets produktion;Konjunkturläge;2021M08;1.04
Näringslivets produktion;Konjunkturläge;2021M09;1.19
Näringslivets produktion;Konjunkturläge;2021M10;1.31
Näringslivets produktion;Konjunkturläge;2021M11;1.36
Näringslivets produktion;Konjunkturläge;2021M12;1.36
Näringslivets produktion;Konjunkturläge;2022M01;1.29
Näringslivets produktion;Konjunkturläge;2022M02;1.21
Näringslivets produktion;Konjunkturläge;2022M03;1.16
Näringslivets produktion;Konjunkturläge;2022M04;1.15
Näringslivets produktion;Konjunkturläge;2022M05;1.2
Näringslivets produktion;Konjunkturläge;2022M06;1.23
Näringslivets produktion;Konjunkturläge;2022M07;1.19
Näringslivets produktion;Konjunkturläge;2022M08;1.1
Näringslivets produktion;Konjunkturläge;2022M09;1.02
Näringslivets produktion;Konjunkturläge;2022M10;0.95
Näringslivets produktion;Konjunkturläge;2022M11;0.93
Näringslivets produktion;Konjunkturläge;2022M12;0.94
Näringslivets produktion;Konjunkturläge;2023M01;0.91
Näringslivets produktion;Konjunkturläge;2023M02;0.83
Näringslivets produktion;Konjunkturläge;2023M03;0.67
Näringslivets produktion;Konjunkturläge;2023M04;0.44
Näringslivets produktion;Konjunkturläge;2023M05;0.17
Näringslivets produktion;Konjunkturläge;2023M06;-0.1
Näringslivets produktion;Konjunkturläge;2023M07;-0.31
Näringslivets produktion;Konjunkturläge;2023M08;-0.46
Näringslivets produktion;Konjunkturläge;2023M09;-0.55
Näringslivets produktion;Konjunkturläge;2023M10;-0.58
Näringslivets produktion;Konjunkturläge;2023M11;-0.59
Näringslivets produktion;Konjunkturläge;2023M12;-0.59
Näringslivets produktion;Konjunkturläge;2024M01;-0.63
Näringslivets produktion;Konjunkturläge;2024M02;-0.72
Näringslivets produktion;Konjunkturläge;2024M03;-0.89
Näringslivets produktion;Konjunkturläge;2024M04;-1.07
Näringslivets produktion;Konjunkturläge;2024M05;-1.24
Näringslivets produktion;Konjunkturläge;2024M06;-1.34
Näringslivets produktion;Konjunkturläge;2024M07;-1.35
Näringslivets produktion;Konjunkturläge;2024M08;-1.31
Näringslivets produktion;Konjunkturläge;2024M09;-1.23
Näringslivets produktion;Konjunkturläge;2024M10;-1.16
Näringslivets produktion;Konjunkturläge;2024M11;-1.12
Näringslivets produktion;Konjunkturläge;2024M12;-1.11
Näringslivets produktion;Konjunkturläge;2025M01;-1.1
Näringslivets produktion;Konjunkturläge;2025M02;-1.07
Näringslivets produktion;Konjunkturläge;2025M03;-1
Näringslivets produktion;Konjunkturläge;2025M04;-0.89
Näringslivets produktion;Konjunkturläge;2025M05;-0.75
Näringslivets produktion;Konjunkturläge;2025M06;-0.59
Näringslivets produktion;Konjunkturläge;2025M07;-0.43
Näringslivets produktion;Konjunkturläge;2025M08;-0.27
Näringslivets produktion;Konjunkturläge;2025M09;-0.15
Näringslivets produktion;Konjunkturläge;2025M10;-0.1
Näringslivets produktion;Konjunkturläge;2025M11;-0.07
Näringslivets produktion;Konjunkturläge;2025M12;-0.08
Näringslivets produktion;Konjunkturläge;2026M01;-0.05
Näringslivets produktion;Konjunkturläge;2026M02;0.03
Näringslivets produktion;Konjunkturläge;2026M03;0.15
Näringslivets produktion;Konjunkturläge;2026M04;0.3
Näringslivets produktion;Konjunkturläge;2026M05;0.45
Näringslivets produktion;Konjunkturläge;2026M06;0.57
Näringslivets produktion;Konjunkturläge;2026M07;0.66
Näringslivets produktion;Konjunkturläge;2026M08;
Näringslivets produktion;Förändring från föregående period;2000M01;
Näringslivets produktion;Förändring från föregående period;2000M02;0.19
Näringslivets produktion;Förändring från föregående period;2000M03;0.21
Näringslivets produktion;Förändring från föregående period;2000M04;0.22
Näringslivets produktion;Förändring från föregående period;2000M05;0.2
Näringslivets produktion;Förändring från föregående period;2000M06;0.16
Näringslivets produktion;Förändring från föregående period;2000M07;0.13
Näringslivets produktion;Förändring från föregående period;2000M08;0.1
Näringslivets produktion;Förändring från föregående period;2000M09;0.09
Näringslivets produktion;Förändring från föregående period;2000M10;0.06
Näringslivets produktion;Förändring från föregående period;2000M11;0
Näringslivets produktion;Förändring från föregående period;2000M12;-0.05
Näringslivets produktion;Förändring från föregående period;2001M01;-0.11
Näringslivets produktion;Förändring från föregående period;2001M02;-0.15
Näringslivets produktion;Förändring från föregående period;2001M03;-0.15
Näringslivets produktion;Förändring från föregående period;2001M04;-0.12
Näringslivets produktion;Förändring från föregående period;2001M05;-0.08
Näringslivets produktion;Förändring från föregående period;2001M06;-0.06
Näringslivets produktion;Förändring från föregående period;2001M07;-0.06
Näringslivets produktion;Förändring från föregående period;2001M08;-0.05
Näringslivets produktion;Förändring från föregående period;2001M09;-0.03
Näringslivets produktion;Förändring från föregående period;2001M10;0
Näringslivets produktion;Förändring från föregående period;2001M11;0.02
Näringslivets produktion;Förändring från föregående period;2001M12;0.03
Näringslivets produktion;Förändring från föregående period;2002M01;0.01
Näringslivets produktion;Förändring från föregående period;2002M02;-0.02
Näringslivets produktion;Förändring från föregående period;2002M03;-0.07
Näringslivets produktion;Förändring från föregående period;2002M04;-0.1
Näringslivets produktion;Förändring från föregående period;2002M05;-0.11
Näringslivets produktion;Förändring från föregående period;2002M06;-0.08
Näringslivets produktion;Förändring från föregående period;2002M07;-0.07
Näringslivets produktion;Förändring från föregående period;2002M08;-0.07
Näringslivets produktion;Förändring från föregående period;2002M09;-0.05
Näringslivets produktion;Förändring från föregående period;2002M10;-0.04
Näringslivets produktion;Förändring från föregående period;2002M11;-0.01
Näringslivets produktion;Förändring från föregående period;2002M12;0.03
Näringslivets produktion;Förändring från föregående period;2003M01;0.06
Näringslivets produktion;Förändring från föregående period;2003M02;0.05
Näringslivets produktion;Förändring från föregående period;2003M03;0.03
Näringslivets produktion;Förändring från föregående period;2003M04;-0.01
Näringslivets produktion;Förändring från föregående period;2003M05;-0.03
Näringslivets produktion;Förändring från föregående period;2003M06;-0.03
Näringslivets produktion;Förändring från föregående period;2003M07;-0.01
Näringslivets produktion;Förändring från föregående period;2003M08;0.02
Näringslivets produktion;Förändring från föregående period;2003M09;0.02
Näringslivets produktion;Förändring från föregående period;2003M10;0
Näringslivets produktion;Förändring från föregående period;2003M11;-0.01
Näringslivets produktion;Förändring från föregående period;2003M12;-0.01
Näringslivets produktion;Förändring från föregående period;2004M01;0.02
Näringslivets produktion;Förändring från föregående period;2004M02;0.06
Näringslivets produktion;Förändring från föregående period;2004M03;0.08
Näringslivets produktion;Förändring från föregående period;2004M04;0.09
Näringslivets produktion;Förändring från föregående period;2004M05;0.09
Näringslivets produktion;Förändring från föregående period;2004M06;0.07
Näringslivets produktion;Förändring från föregående period;2004M07;0.05
Näringslivets produktion;Förändring från föregående period;2004M08;0.03
Näringslivets produktion;Förändring från föregående period;2004M09;0.01
Näringslivets produktion;Förändring från föregående period;2004M10;-0.01
Näringslivets produktion;Förändring från föregående period;2004M11;-0.03
Näringslivets produktion;Förändring från föregående period;2004M12;-0.03
Näringslivets produktion;Förändring från föregående period;2005M01;0
Näringslivets produktion;Förändring från föregående period;2005M02;0.04
Näringslivets produktion;Förändring från föregående period;2005M03;0.09
Näringslivets produktion;Förändring från föregående period;2005M04;0.1
Näringslivets produktion;Förändring från föregående period;2005M05;0.08
Näringslivets produktion;Förändring från föregående period;2005M06;0.03
Näringslivets produktion;Förändring från föregående period;2005M07;-0.01
Näringslivets produktion;Förändring från föregående period;2005M08;-0.02
Näringslivets produktion;Förändring från föregående period;2005M09;0
Näringslivets produktion;Förändring från föregående period;2005M10;0.05
Näringslivets produktion;Förändring från föregående period;2005M11;0.1
Näringslivets produktion;Förändring från föregående period;2005M12;0.12
Näringslivets produktion;Förändring från föregående period;2006M01;0.12
Näringslivets produktion;Förändring från föregående period;2006M02;0.1
Näringslivets produktion;Förändring från föregående period;2006M03;0.07
Näringslivets produktion;Förändring från föregående period;2006M04;0.07
Näringslivets produktion;Förändring från föregående period;2006M05;0.07
Näringslivets produktion;Förändring från föregående period;2006M06;0.07
Näringslivets produktion;Förändring från föregående period;2006M07;0.08
Näringslivets produktion;Förändring från föregående period;2006M08;0.1
Näringslivets produktion;Förändring från föregående period;2006M09;0.12
Näringslivets produktion;Förändring från föregående period;2006M10;0.15
Näringslivets produktion;Förändring från föregående period;2006M11;0.18
Näringslivets produktion;Förändring från föregående period;2006M12;0.2
Näringslivets produktion;Förändring från föregående period;2007M01;0.18
Näringslivets produktion;Förändring från föregående period;2007M02;0.15
Näringslivets produktion;Förändring från föregående period;2007M03;0.12
Näringslivets produktion;Förändring från föregående period;2007M04;0.1
Näringslivets produktion;Förändring från föregående period;2007M05;0.07
Näringslivets produktion;Förändring från föregående period;2007M06;0.05
Näringslivets produktion;Förändring från föregående period;2007M07;0.02
Näringslivets produktion;Förändring från föregående period;2007M08;0
Näringslivets produktion;Förändring från föregående period;2007M09;0
Näringslivets produktion;Förändring från föregående period;2007M10;-0.02
Näringslivets produktion;Förändring från föregående period;2007M11;-0.06
Näringslivets produktion;Förändring från föregående period;2007M12;-0.1
Näringslivets produktion;Förändring från föregående period;2008M01;-0.14
Näringslivets produktion;Förändring från föregående period;2008M02;-0.19
Näringslivets produktion;Förändring från föregående period;2008M03;-0.22
Näringslivets produktion;Förändring från föregående period;2008M04;-0.21
Näringslivets produktion;Förändring från föregående period;2008M05;-0.16
Näringslivets produktion;Förändring från föregående period;2008M06;-0.11
Näringslivets produktion;Förändring från föregående period;2008M07;-0.08
Näringslivets produktion;Förändring från föregående period;2008M08;-0.1
Näringslivets produktion;Förändring från föregående period;2008M09;-0.16
Näringslivets produktion;Förändring från föregående period;2008M10;-0.24
Näringslivets produktion;Förändring från föregående period;2008M11;-0.3
Näringslivets produktion;Förändring från föregående period;2008M12;-0.35
Näringslivets produktion;Förändring från föregående period;2009M01;-0.38
Näringslivets produktion;Förändring från föregående period;2009M02;-0.38
Näringslivets produktion;Förändring från föregående period;2009M03;-0.35
Näringslivets produktion;Förändring från föregående period;2009M04;-0.34
Näringslivets produktion;Förändring från föregående period;2009M05;-0.29
Näringslivets produktion;Förändring från föregående period;2009M06;-0.23
Näringslivets produktion;Förändring från föregående period;2009M07;-0.13
Näringslivets produktion;Förändring från föregående period;2009M08;-0.03
Näringslivets produktion;Förändring från föregående period;2009M09;0.04
Näringslivets produktion;Förändring från föregående period;2009M10;0.09
Näringslivets produktion;Förändring från föregående period;2009M11;0.12
Näringslivets produktion;Förändring från föregående period;2009M12;0.15
Näringslivets produktion;Förändring från föregående period;2010M01;0.19
Näringslivets produktion;Förändring från föregående period;2010M02;0.24
Näringslivets produktion;Förändring från föregående period;2010M03;0.27
Näringslivets produktion;Förändring från föregående period;2010M04;0.25
Näringslivets produktion;Förändring från föregående period;2010M05;0.2
Näringslivets produktion;Förändring från föregående period;2010M06;0.13
Näringslivets produktion;Förändring från föregående period;2010M07;0.06
Näringslivets produktion;Förändring från föregående period;2010M08;0.02
Näringslivets produktion;Förändring från föregående period;2010M09;0.01
Näringslivets produktion;Förändring från föregående period;2010M10;0.03
Näringslivets produktion;Förändring från föregående period;2010M11;0.05
Näringslivets produktion;Förändring från föregående period;2010M12;0.07
Näringslivets produktion;Förändring från föregående period;2011M01;0.07
Näringslivets produktion;Förändring från föregående period;2011M02;0.09
Näringslivets produktion;Förändring från föregående period;2011M03;0.12
Näringslivets produktion;Förändring från föregående period;2011M04;0.16
Näringslivets produktion;Förändring från föregående period;2011M05;0.16
Näringslivets produktion;Förändring från föregående period;2011M06;0.13
Näringslivets produktion;Förändring från föregående period;2011M07;0.05
Näringslivets produktion;Förändring från föregående period;2011M08;-0.02
Näringslivets produktion;Förändring från föregående period;2011M09;-0.1
Näringslivets produktion;Förändring från föregående period;2011M10;-0.14
Näringslivets produktion;Förändring från föregående period;2011M11;-0.16
Näringslivets produktion;Förändring från föregående period;2011M12;-0.15
Näringslivets produktion;Förändring från föregående period;2012M01;-0.12
Näringslivets produktion;Förändring från föregående period;2012M02;-0.09
Näringslivets produktion;Förändring från föregående period;2012M03;-0.05
Näringslivets produktion;Förändring från föregående period;2012M04;-0.02
Näringslivets produktion;Förändring från föregående period;2012M05;-0.02
Näringslivets produktion;Förändring från föregående period;2012M06;-0.03
Näringslivets produktion;Förändring från föregående period;2012M07;-0.05
Näringslivets produktion;Förändring från föregående period;2012M08;-0.09
Näringslivets produktion;Förändring från föregående period;2012M09;-0.12
Näringslivets produktion;Förändring från föregående period;2012M10;-0.15
Näringslivets produktion;Förändring från föregående period;2012M11;-0.15
Näringslivets produktion;Förändring från föregående period;2012M12;-0.13
Näringslivets produktion;Förändring från föregående period;2013M01;-0.11
Näringslivets produktion;Förändring från föregående period;2013M02;-0.1
Näringslivets produktion;Förändring från föregående period;2013M03;-0.09
Näringslivets produktion;Förändring från föregående period;2013M04;-0.07
Näringslivets produktion;Förändring från föregående period;2013M05;-0.06
Näringslivets produktion;Förändring från föregående period;2013M06;-0.04
Näringslivets produktion;Förändring från föregående period;2013M07;-0.01
Näringslivets produktion;Förändring från föregående period;2013M08;0
Näringslivets produktion;Förändring från föregående period;2013M09;0
Näringslivets produktion;Förändring från föregående period;2013M10;0
Näringslivets produktion;Förändring från föregående period;2013M11;0.01
Näringslivets produktion;Förändring från föregående period;2013M12;0.01
Näringslivets produktion;Förändring från föregående period;2014M01;-0.01
Näringslivets produktion;Förändring från föregående period;2014M02;-0.04
Näringslivets produktion;Förändring från föregående period;2014M03;-0.08
Näringslivets produktion;Förändring från föregående period;2014M04;-0.1
Näringslivets produktion;Förändring från föregående period;2014M05;-0.09
Näringslivets produktion;Förändring från föregående period;2014M06;-0.07
Näringslivets produktion;Förändring från föregående period;2014M07;-0.04
Näringslivets produktion;Förändring från föregående period;2014M08;0.02
Näringslivets produktion;Förändring från föregående period;2014M09;0.08
Näringslivets produktion;Förändring från föregående period;2014M10;0.14
Näringslivets produktion;Förändring från föregående period;2014M11;0.22
Näringslivets produktion;Förändring från föregående period;2014M12;0.29
Näringslivets produktion;Förändring från föregående period;2015M01;0.33
Näringslivets produktion;Förändring från föregående period;2015M02;0.33
Näringslivets produktion;Förändring från föregående period;2015M03;0.27
Näringslivets produktion;Förändring från föregående period;2015M04;0.19
Näringslivets produktion;Förändring från föregående period;2015M05;0.13
Näringslivets produktion;Förändring från föregående period;2015M06;0.06
Näringslivets produktion;Förändring från föregående period;2015M07;0.02
Näringslivets produktion;Förändring från föregående period;2015M08;0.01
Näringslivets produktion;Förändring från föregående period;2015M09;0.01
Näringslivets produktion;Förändring från föregående period;2015M10;-0.02
Näringslivets produktion;Förändring från föregående period;2015M11;-0.04
Näringslivets produktion;Förändring från föregående period;2015M12;-0.07
Näringslivets produktion;Förändring från föregående period;2016M01;-0.1
Näringslivets produktion;Förändring från föregående period;2016M02;-0.1
Näringslivets produktion;Förändring från föregående period;2016M03;-0.08
Näringslivets produktion;Förändring från föregående period;2016M04;-0.04
Näringslivets produktion;Förändring från föregående period;2016M05;0.04
Näringslivets produktion;Förändring från föregående period;2016M06;0.12
Näringslivets produktion;Förändring från föregående period;2016M07;0.16
Näringslivets produktion;Förändring från föregående period;2016M08;0.15
Näringslivets produktion;Förändring från föregående period;2016M09;0.12
Näringslivets produktion;Förändring från föregående period;2016M10;0.1
Näringslivets produktion;Förändring från föregående period;2016M11;0.07
Näringslivets produktion;Förändring från föregående period;2016M12;0.04
Näringslivets produktion;Förändring från föregående period;2017M01;0.02
Näringslivets produktion;Förändring från föregående period;2017M02;0.03
Näringslivets produktion;Förändring från föregående period;2017M03;0.04
Näringslivets produktion;Förändring från föregående period;2017M04;0.03
Näringslivets produktion;Förändring från föregående period;2017M05;0.02
Näringslivets produktion;Förändring från föregående period;2017M06;0.04
Näringslivets produktion;Förändring från föregående period;2017M07;0.08
Näringslivets produktion;Förändring från föregående period;2017M08;0.12
Näringslivets produktion;Förändring från föregående period;2017M09;0.13
Näringslivets produktion;Förändring från föregående period;2017M10;0.11
Näringslivets produktion;Förändring från föregående period;2017M11;0.05
Näringslivets produktion;Förändring från föregående period;2017M12;-0.01
Näringslivets produktion;Förändring från föregående period;2018M01;-0.03
Näringslivets produktion;Förändring från föregående period;2018M02;-0.01
Näringslivets produktion;Förändring från föregående period;2018M03;0.04
Näringslivets produktion;Förändring från föregående period;2018M04;0.08
Näringslivets produktion;Förändring från föregående period;2018M05;0.08
Näringslivets produktion;Förändring från föregående period;2018M06;0.04
Näringslivets produktion;Förändring från föregående period;2018M07;-0.01
Näringslivets produktion;Förändring från föregående period;2018M08;-0.05
Näringslivets produktion;Förändring från föregående period;2018M09;-0.05
Näringslivets produktion;Förändring från föregående period;2018M10;-0.03
Näringslivets produktion;Förändring från föregående period;2018M11;0.01
Näringslivets produktion;Förändring från föregående period;2018M12;0.05
Näringslivets produktion;Förändring från föregående period;2019M01;0.05
Näringslivets produktion;Förändring från föregående period;2019M02;0.01
Näringslivets produktion;Förändring från föregående period;2019M03;-0.02
Näringslivets produktion;Förändring från föregående period;2019M04;-0.05
Näringslivets produktion;Förändring från föregående period;2019M05;-0.08
Näringslivets produktion;Förändring från föregående period;2019M06;-0.12
Näringslivets produktion;Förändring från föregående period;2019M07;-0.16
Näringslivets produktion;Förändring från föregående period;2019M08;-0.18
Näringslivets produktion;Förändring från föregående period;2019M09;-0.15
Näringslivets produktion;Förändring från föregående period;2019M10;-0.13
Näringslivets produktion;Förändring från föregående period;2019M11;-0.13
Näringslivets produktion;Förändring från föregående period;2019M12;-0.14
Näringslivets produktion;Förändring från föregående period;2020M01;-0.15
Näringslivets produktion;Förändring från föregående period;2020M02;-0.18
Näringslivets produktion;Förändring från föregående period;2020M03;-0.21
Näringslivets produktion;Förändring från föregående period;2020M04;-0.22
Näringslivets produktion;Förändring från föregående period;2020M05;-0.18
Näringslivets produktion;Förändring från föregående period;2020M06;-0.09
Näringslivets produktion;Förändring från föregående period;2020M07;-0.03
Näringslivets produktion;Förändring från föregående period;2020M08;0
Näringslivets produktion;Förändring från föregående period;2020M09;-0.03
Näringslivets produktion;Förändring från föregående period;2020M10;-0.05
Näringslivets produktion;Förändring från föregående period;2020M11;-0.03
Näringslivets produktion;Förändring från föregående period;2020M12;0.01
Näringslivets produktion;Förändring från föregående period;2021M01;0.1
Näringslivets produktion;Förändring från föregående period;2021M02;0.21
Näringslivets produktion;Förändring från föregående period;2021M03;0.31
Näringslivets produktion;Förändring från föregående period;2021M04;0.35
Näringslivets produktion;Förändring från föregående period;2021M05;0.33
Näringslivets produktion;Förändring från föregående period;2021M06;0.27
Näringslivets produktion;Förändring från föregående period;2021M07;0.23
Näringslivets produktion;Förändring från föregående period;2021M08;0.2
Näringslivets produktion;Förändring från föregående period;2021M09;0.15
Näringslivets produktion;Förändring från föregående period;2021M10;0.12
Näringslivets produktion;Förändring från föregående period;2021M11;0.05
Näringslivets produktion;Förändring från föregående period;2021M12;-0.01
Näringslivets produktion;Förändring från föregående period;2022M01;-0.06
Näringslivets produktion;Förändring från föregående period;2022M02;-0.08
Näringslivets produktion;Förändring från föregående period;2022M03;-0.06
Näringslivets produktion;Förändring från föregående period;2022M04;0
Näringslivets produktion;Förändring från föregående period;2022M05;0.05
Näringslivets produktion;Förändring från föregående period;2022M06;0.03
Näringslivets produktion;Förändring från föregående period;2022M07;-0.04
Näringslivets produktion;Förändring från föregående period;2022M08;-0.09
Näringslivets produktion;Förändring från föregående period;2022M09;-0.08
Näringslivets produktion;Förändring från föregående period;2022M10;-0.06
Näringslivets produktion;Förändring från föregående period;2022M11;-0.03
Näringslivets produktion;Förändring från föregående period;2022M12;0.01
Näringslivets produktion;Förändring från föregående period;2023M01;-0.02
Näringslivets produktion;Förändring från föregående period;2023M02;-0.08
Näringslivets produktion;Förändring från föregående period;2023M03;-0.16
Näringslivets produktion;Förändring från föregående period;2023M04;-0.23
Näringslivets produktion;Förändring från föregående period;2023M05;-0.27
Näringslivets produktion;Förändring från föregående period;2023M06;-0.26
Näringslivets produktion;Förändring från föregående period;2023M07;-0.22
Näringslivets produktion;Förändring från föregående period;2023M08;-0.15
Näringslivets produktion;Förändring från föregående period;2023M09;-0.09
Näringslivets produktion;Förändring från föregående period;2023M10;-0.03
Näringslivets produktion;Förändring från föregående period;2023M11;0
Näringslivets produktion;Förändring från föregående period;2023M12;-0.01
Näringslivets produktion;Förändring från föregående period;2024M01;-0.03
Näringslivets produktion;Förändring från föregående period;2024M02;-0.1
Näringslivets produktion;Förändring från föregående period;2024M03;-0.17
Näringslivets produktion;Förändring från föregående period;2024M04;-0.18
Näringslivets produktion;Förändring från föregående period;2024M05;-0.16
Näringslivets produktion;Förändring från föregående period;2024M06;-0.1
Näringslivets produktion;Förändring från föregående period;2024M07;-0.01
Näringslivets produktion;Förändring från föregående period;2024M08;0.04
Näringslivets produktion;Förändring från föregående period;2024M09;0.07
Näringslivets produktion;Förändring från föregående period;2024M10;0.07
Näringslivets produktion;Förändring från föregående period;2024M11;0.04
Näringslivets produktion;Förändring från föregående period;2024M12;0.01
Näringslivets produktion;Förändring från föregående period;2025M01;0
Näringslivets produktion;Förändring från föregående period;2025M02;0.03
Näringslivets produktion;Förändring från föregående period;2025M03;0.07
Näringslivets produktion;Förändring från föregående period;2025M04;0.11
Näringslivets produktion;Förändring från föregående period;2025M05;0.14
Näringslivets produktion;Förändring från föregående period;2025M06;0.16
Näringslivets produktion;Förändring från föregående period;2025M07;0.16
Näringslivets produktion;Förändring från föregående period;2025M08;0.16
Näringslivets produktion;Förändring från föregående period;2025M09;0.11
Näringslivets produktion;Förändring från föregående period;2025M10;0.06
Näringslivets produktion;Förändring från föregående period;2025M11;0.02
Näringslivets produktion;Förändring från föregående period;2025M12;0
Näringslivets produktion;Förändring från föregående period;2026M01;0.03
Näringslivets produktion;Förändring från föregående period;2026M02;0.08
Näringslivets produktion;Förändring från föregående period;2026M03;0.13
Näringslivets produktion;Förändring från föregående period;2026M04;0.15
Näringslivets produktion;Förändring från föregående period;2026M05;0.14
Näringslivets produktion;Förändring från föregående period;2026M06;0.12
Näringslivets produktion;Förändring från föregående period;2026M07;0.09
Näringslivets produktion;Förändring från föregående period;2026M08;
Industrins orderingång;Konjunkturläge;2000M01;0.37
Industrins orderingång;Konjunkturläge;2000M02;0.44
Industrins orderingång;Konjunkturläge;2000M03;0.51
Industrins orderingång;Konjunkturläge;2000M04;0.61
Industrins orderingång;Konjunkturläge;2000M05;0.71
Industrins orderingång;Konjunkturläge;2000M06;0.79
Industrins orderingång;Konjunkturläge;2000M07;0.81
Industrins orderingång;Konjunkturläge;2000M08;0.72
Industrins orderingång;Konjunkturläge;2000M09;0.56
Industrins orderingång;Konjunkturläge;2000M10;0.38
Industrins orderingång;Konjunkturläge;2000M11;0.19
Industrins orderingång;Konjunkturläge;2000M12;0
Industrins orderingång;Konjunkturläge;2001M01;-0.2
Industrins orderingång;Konjunkturläge;2001M02;-0.43
Industrins orderingång;Konjunkturläge;2001M03;-0.66
Industrins orderingång;Konjunkturläge;2001M04;-0.81
Industrins orderingång;Konjunkturläge;2001M05;-0.87
Industrins orderingång;Konjunkturläge;2001M06;-0.81
Industrins orderingång;Konjunkturläge;2001M07;-0.67
Industrins orderingång;Konjunkturläge;2001M08;-0.54
Industrins orderingång;Konjunkturläge;2001M09;-0.49
Industrins orderingång;Konjunkturläge;2001M10;-0.55
Industrins orderingång;Konjunkturläge;2001M11;-0.66
Industrins orderingång;Konjunkturläge;2001M12;-0.74
Industrins orderingång;Konjunkturläge;2002M01;-0.75
Industrins orderingång;Konjunkturläge;2002M02;-0.67
Industrins orderingång;Konjunkturläge;2002M03;-0.59
Industrins orderingång;Konjunkturläge;2002M04;-0.59
Industrins orderingång;Konjunkturläge;2002M05;-0.74
Industrins orderingång;Konjunkturläge;2002M06;-0.97
Industrins orderingång;Konjunkturläge;2002M07;-1.22
Industrins orderingång;Konjunkturläge;2002M08;-1.38
Industrins orderingång;Konjunkturläge;2002M09;-1.39
Industrins orderingång;Konjunkturläge;2002M10;-1.31
Industrins orderingång;Konjunkturläge;2002M11;-1.19
Industrins orderingång;Konjunkturläge;2002M12;-1.1
Industrins orderingång;Konjunkturläge;2003M01;-1.09
Industrins orderingång;Konjunkturläge;2003M02;-1.11
Industrins orderingång;Konjunkturläge;2003M03;-1.14
Industrins orderingång;Konjunkturläge;2003M04;-1.12
Industrins orderingång;Konjunkturläge;2003M05;-1
Industrins orderingång;Konjunkturläge;2003M06;-0.86
Industrins orderingång;Konjunkturläge;2003M07;-0.72
Industrins orderingång;Konjunkturläge;2003M08;-0.64
Industrins orderingång;Konjunkturläge;2003M09;-0.61
Industrins orderingång;Konjunkturläge;2003M10;-0.62
Industrins orderingång;Konjunkturläge;2003M11;-0.6
Industrins orderingång;Konjunkturläge;2003M12;-0.55
Industrins orderingång;Konjunkturläge;2004M01;-0.46
Industrins orderingång;Konjunkturläge;2004M02;-0.32
Industrins orderingång;Konjunkturläge;2004M03;-0.19
Industrins orderingång;Konjunkturläge;2004M04;-0.1
Industrins orderingång;Konjunkturläge;2004M05;-0.08
Industrins orderingång;Konjunkturläge;2004M06;-0.09
Industrins orderingång;Konjunkturläge;2004M07;-0.08
Industrins orderingång;Konjunkturläge;2004M08;-0.05
Industrins orderingång;Konjunkturläge;2004M09;0
Industrins orderingång;Konjunkturläge;2004M10;0.07
Industrins orderingång;Konjunkturläge;2004M11;0.11
Industrins orderingång;Konjunkturläge;2004M12;0.12
Industrins orderingång;Konjunkturläge;2005M01;0.13
Industrins orderingång;Konjunkturläge;2005M02;0.1
Industrins orderingång;Konjunkturläge;2005M03;0.08
Industrins orderingång;Konjunkturläge;2005M04;0.08
Industrins orderingång;Konjunkturläge;2005M05;0.12
Industrins orderingång;Konjunkturläge;2005M06;0.19
Industrins orderingång;Konjunkturläge;2005M07;0.26
Industrins orderingång;Konjunkturläge;2005M08;0.32
Industrins orderingång;Konjunkturläge;2005M09;0.39
Industrins orderingång;Konjunkturläge;2005M10;0.47
Industrins orderingång;Konjunkturläge;2005M11;0.61
Industrins orderingång;Konjunkturläge;2005M12;0.75
Industrins orderingång;Konjunkturläge;2006M01;0.91
Industrins orderingång;Konjunkturläge;2006M02;1.08
Industrins orderingång;Konjunkturläge;2006M03;1.25
Industrins orderingång;Konjunkturläge;2006M04;1.37
Industrins orderingång;Konjunkturläge;2006M05;1.46
Industrins orderingång;Konjunkturläge;2006M06;1.52
Industrins orderingång;Konjunkturläge;2006M07;1.58
Industrins orderingång;Konjunkturläge;2006M08;1.68
Industrins orderingång;Konjunkturläge;2006M09;1.83
Industrins orderingång;Konjunkturläge;2006M10;2.02
Industrins orderingång;Konjunkturläge;2006M11;2.21
Industrins orderingång;Konjunkturläge;2006M12;2.37
Industrins orderingång;Konjunkturläge;2007M01;2.44
Industrins orderingång;Konjunkturläge;2007M02;2.41
Industrins orderingång;Konjunkturläge;2007M03;2.31
Industrins orderingång;Konjunkturläge;2007M04;2.21
Industrins orderingång;Konjunkturläge;2007M05;2.13
Industrins orderingång;Konjunkturläge;2007M06;2.13
Industrins orderingång;Konjunkturläge;2007M07;2.18
Industrins orderingång;Konjunkturläge;2007M08;2.25
Industrins orderingång;Konjunkturläge;2007M09;2.35
Industrins orderingång;Konjunkturläge;2007M10;2.45
Industrins orderingång;Konjunkturläge;2007M11;2.56
Industrins orderingång;Konjunkturläge;2007M12;2.67
Industrins orderingång;Konjunkturläge;2008M01;2.75
Industrins orderingång;Konjunkturläge;2008M02;2.8
Industrins orderingång;Konjunkturläge;2008M03;2.77
Industrins orderingång;Konjunkturläge;2008M04;2.63
Industrins orderingång;Konjunkturläge;2008M05;2.38
Industrins orderingång;Konjunkturläge;2008M06;2.03
Industrins orderingång;Konjunkturläge;2008M07;1.6
Industrins orderingång;Konjunkturläge;2008M08;1.14
Industrins orderingång;Konjunkturläge;2008M09;0.66
Industrins orderingång;Konjunkturläge;2008M10;0.21
Industrins orderingång;Konjunkturläge;2008M11;-0.23
Industrins orderingång;Konjunkturläge;2008M12;-0.67
Industrins orderingång;Konjunkturläge;2009M01;-1.11
Industrins orderingång;Konjunkturläge;2009M02;-1.51
Industrins orderingång;Konjunkturläge;2009M03;-1.83
Industrins orderingång;Konjunkturläge;2009M04;-2.04
Industrins orderingång;Konjunkturläge;2009M05;-2.13
Industrins orderingång;Konjunkturläge;2009M06;-2.1
Industrins orderingång;Konjunkturläge;2009M07;-2.01
Industrins orderingång;Konjunkturläge;2009M08;-1.9
Industrins orderingång;Konjunkturläge;2009M09;-1.85
Industrins orderingång;Konjunkturläge;2009M10;-1.82
Industrins orderingång;Konjunkturläge;2009M11;-1.78
Industrins orderingång;Konjunkturläge;2009M12;-1.67
Industrins orderingång;Konjunkturläge;2010M01;-1.45
Industrins orderingång;Konjunkturläge;2010M02;-1.16
Industrins orderingång;Konjunkturläge;2010M03;-0.8
Industrins orderingång;Konjunkturläge;2010M04;-0.44
Industrins orderingång;Konjunkturläge;2010M05;-0.12
Industrins orderingång;Konjunkturläge;2010M06;0.13
Industrins orderingång;Konjunkturläge;2010M07;0.32
Industrins orderingång;Konjunkturläge;2010M08;0.48
Industrins orderingång;Konjunkturläge;2010M09;0.61
Industrins orderingång;Konjunkturläge;2010M10;0.67
Industrins orderingång;Konjunkturläge;2010M11;0.64
Industrins orderingång;Konjunkturläge;2010M12;0.55
Industrins orderingång;Konjunkturläge;2011M01;0.45
Industrins orderingång;Konjunkturläge;2011M02;0.34
Industrins orderingång;Konjunkturläge;2011M03;0.25
Industrins orderingång;Konjunkturläge;2011M04;0.21
Industrins orderingång;Konjunkturläge;2011M05;0.21
Industrins orderingång;Konjunkturläge;2011M06;0.19
Industrins orderingång;Konjunkturläge;2011M07;0.11
Industrins orderingång;Konjunkturläge;2011M08;0.02
Industrins orderingång;Konjunkturläge;2011M09;-0.05
Industrins orderingång;Konjunkturläge;2011M10;-0.09
Industrins orderingång;Konjunkturläge;2011M11;-0.14
Industrins orderingång;Konjunkturläge;2011M12;-0.21
Industrins orderingång;Konjunkturläge;2012M01;-0.3
Industrins orderingång;Konjunkturläge;2012M02;-0.37
Industrins orderingång;Konjunkturläge;2012M03;-0.46
Industrins orderingång;Konjunkturläge;2012M04;-0.57
Industrins orderingång;Konjunkturläge;2012M05;-0.67
Industrins orderingång;Konjunkturläge;2012M06;-0.75
Industrins orderingång;Konjunkturläge;2012M07;-0.8
Industrins orderingång;Konjunkturläge;2012M08;-0.85
Industrins orderingång;Konjunkturläge;2012M09;-0.89
Industrins orderingång;Konjunkturläge;2012M10;-0.88
Industrins orderingång;Konjunkturläge;2012M11;-0.82
Industrins orderingång;Konjunkturläge;2012M12;-0.77
Industrins orderingång;Konjunkturläge;2013M01;-0.79
Industrins orderingång;Konjunkturläge;2013M02;-0.87
Industrins orderingång;Konjunkturläge;2013M03;-0.98
Industrins orderingång;Konjunkturläge;2013M04;-1.07
Industrins orderingång;Konjunkturläge;2013M05;-1.14
Industrins orderingång;Konjunkturläge;2013M06;-1.2
Industrins orderingång;Konjunkturläge;2013M07;-1.25
Industrins orderingång;Konjunkturläge;2013M08;-1.31
Industrins orderingång;Konjunkturläge;2013M09;-1.37
Industrins orderingång;Konjunkturläge;2013M10;-1.43
Industrins orderingång;Konjunkturläge;2013M11;-1.44
Industrins orderingång;Konjunkturläge;2013M12;-1.39
Industrins orderingång;Konjunkturläge;2014M01;-1.3
Industrins orderingång;Konjunkturläge;2014M02;-1.23
Industrins orderingång;Konjunkturläge;2014M03;-1.23
Industrins orderingång;Konjunkturläge;2014M04;-1.31
Industrins orderingång;Konjunkturläge;2014M05;-1.41
Industrins orderingång;Konjunkturläge;2014M06;-1.48
Industrins orderingång;Konjunkturläge;2014M07;-1.52
Industrins orderingång;Konjunkturläge;2014M08;-1.51
Industrins orderingång;Konjunkturläge;2014M09;-1.47
Industrins orderingång;Konjunkturläge;2014M10;-1.44
Industrins orderingång;Konjunkturläge;2014M11;-1.41
Industrins orderingång;Konjunkturläge;2014M12;-1.34
Industrins orderingång;Konjunkturläge;2015M01;-1.22
Industrins orderingång;Konjunkturläge;2015M02;-1.04
Industrins orderingång;Konjunkturläge;2015M03;-0.83
Industrins orderingång;Konjunkturläge;2015M04;-0.61
Industrins orderingång;Konjunkturläge;2015M05;-0.41
Industrins orderingång;Konjunkturläge;2015M06;-0.27
Industrins orderingång;Konjunkturläge;2015M07;-0.2
Industrins orderingång;Konjunkturläge;2015M08;-0.19
Industrins orderingång;Konjunkturläge;2015M09;-0.25
Industrins orderingång;Konjunkturläge;2015M10;-0.38
Industrins orderingång;Konjunkturläge;2015M11;-0.53
Industrins orderingång;Konjunkturläge;2015M12;-0.65
Industrins orderingång;Konjunkturläge;2016M01;-0.71
Industrins orderingång;Konjunkturläge;2016M02;-0.67
Industrins orderingång;Konjunkturläge;2016M03;-0.54
Industrins orderingång;Konjunkturläge;2016M04;-0.4
Industrins orderingång;Konjunkturläge;2016M05;-0.27
Industrins orderingång;Konjunkturläge;2016M06;-0.2
Industrins orderingång;Konjunkturläge;2016M07;-0.16
Industrins orderingång;Konjunkturläge;2016M08;-0.13
Industrins orderingång;Konjunkturläge;2016M09;-0.06
Industrins orderingång;Konjunkturläge;2016M10;0.09
Industrins orderingång;Konjunkturläge;2016M11;0.29
Industrins orderingång;Konjunkturläge;2016M12;0.47
Industrins orderingång;Konjunkturläge;2017M01;0.58
Industrins orderingång;Konjunkturläge;2017M02;0.58
Industrins orderingång;Konjunkturläge;2017M03;0.46
Industrins orderingång;Konjunkturläge;2017M04;0.3
Industrins orderingång;Konjunkturläge;2017M05;0.16
Industrins orderingång;Konjunkturläge;2017M06;0.1
Industrins orderingång;Konjunkturläge;2017M07;0.16
Industrins orderingång;Konjunkturläge;2017M08;0.32
Industrins orderingång;Konjunkturläge;2017M09;0.53
Industrins orderingång;Konjunkturläge;2017M10;0.7
Industrins orderingång;Konjunkturläge;2017M11;0.81
Industrins orderingång;Konjunkturläge;2017M12;0.85
Industrins orderingång;Konjunkturläge;2018M01;0.8
Industrins orderingång;Konjunkturläge;2018M02;0.73
Industrins orderingång;Konjunkturläge;2018M03;0.68
Industrins orderingång;Konjunkturläge;2018M04;0.66
Industrins orderingång;Konjunkturläge;2018M05;0.66
Industrins orderingång;Konjunkturläge;2018M06;0.7
Industrins orderingång;Konjunkturläge;2018M07;0.73
Industrins orderingång;Konjunkturläge;2018M08;0.73
Industrins orderingång;Konjunkturläge;2018M09;0.71
Industrins orderingång;Konjunkturläge;2018M10;0.61
Industrins orderingång;Konjunkturläge;2018M11;0.45
Industrins orderingång;Konjunkturläge;2018M12;0.27
Industrins orderingång;Konjunkturläge;2019M01;0.13
Industrins orderingång;Konjunkturläge;2019M02;0.08
Industrins orderingång;Konjunkturläge;2019M03;0.11
Industrins orderingång;Konjunkturläge;2019M04;0.22
Industrins orderingång;Konjunkturläge;2019M05;0.34
Industrins orderingång;Konjunkturläge;2019M06;0.44
Industrins orderingång;Konjunkturläge;2019M07;0.47
Industrins orderingång;Konjunkturläge;2019M08;0.39
Industrins orderingång;Konjunkturläge;2019M09;0.25
Industrins orderingång;Konjunkturläge;2019M10;0.1
Industrins orderingång;Konjunkturläge;2019M11;-0.05
Industrins orderingång;Konjunkturläge;2019M12;-0.19
Industrins orderingång;Konjunkturläge;2020M01;-0.31
Industrins orderingång;Konjunkturläge;2020M02;-0.41
Industrins orderingång;Konjunkturläge;2020M03;-0.43
Industrins orderingång;Konjunkturläge;2020M04;-0.34
Industrins orderingång;Konjunkturläge;2020M05;-0.17
Industrins orderingång;Konjunkturläge;2020M06;0.06
Industrins orderingång;Konjunkturläge;2020M07;0.34
Industrins orderingång;Konjunkturläge;2020M08;0.61
Industrins orderingång;Konjunkturläge;2020M09;0.83
Industrins orderingång;Konjunkturläge;2020M10;0.97
Industrins orderingång;Konjunkturläge;2020M11;1.04
Industrins orderingång;Konjunkturläge;2020M12;1.06
Industrins orderingång;Konjunkturläge;2021M01;1.07
Industrins orderingång;Konjunkturläge;2021M02;1.08
Industrins orderingång;Konjunkturläge;2021M03;1.1
Industrins orderingång;Konjunkturläge;2021M04;1.07
Industrins orderingång;Konjunkturläge;2021M05;1.02
Industrins orderingång;Konjunkturläge;2021M06;0.93
Industrins orderingång;Konjunkturläge;2021M07;0.81
Industrins orderingång;Konjunkturläge;2021M08;0.71
Industrins orderingång;Konjunkturläge;2021M09;0.67
Industrins orderingång;Konjunkturläge;2021M10;0.72
Industrins orderingång;Konjunkturläge;2021M11;0.88
Industrins orderingång;Konjunkturläge;2021M12;1.08
Industrins orderingång;Konjunkturläge;2022M01;1.18
Industrins orderingång;Konjunkturläge;2022M02;1.15
Industrins orderingång;Konjunkturläge;2022M03;0.98
Industrins orderingång;Konjunkturläge;2022M04;0.76
Industrins orderingång;Konjunkturläge;2022M05;0.51
Industrins orderingång;Konjunkturläge;2022M06;0.28
Industrins orderingång;Konjunkturläge;2022M07;0.1
Industrins orderingång;Konjunkturläge;2022M08;-0.04
Industrins orderingång;Konjunkturläge;2022M09;-0.15
Industrins orderingång;Konjunkturläge;2022M10;-0.23
Industrins orderingång;Konjunkturläge;2022M11;-0.26
Industrins orderingång;Konjunkturläge;2022M12;-0.19
Industrins orderingång;Konjunkturläge;2023M01;0
Industrins orderingång;Konjunkturläge;2023M02;0.24
Industrins orderingång;Konjunkturläge;2023M03;0.41
Industrins orderingång;Konjunkturläge;2023M04;0.44
Industrins orderingång;Konjunkturläge;2023M05;0.34
Industrins orderingång;Konjunkturläge;2023M06;0.14
Industrins orderingång;Konjunkturläge;2023M07;-0.06
Industrins orderingång;Konjunkturläge;2023M08;-0.24
Industrins orderingång;Konjunkturläge;2023M09;-0.39
Industrins orderingång;Konjunkturläge;2023M10;-0.52
Industrins orderingång;Konjunkturläge;2023M11;-0.67
Industrins orderingång;Konjunkturläge;2023M12;-0.84
Industrins orderingång;Konjunkturläge;2024M01;-0.98
Industrins orderingång;Konjunkturläge;2024M02;-1.02
Industrins orderingång;Konjunkturläge;2024M03;-0.93
Industrins orderingång;Konjunkturläge;2024M04;-0.75
Industrins orderingång;Konjunkturläge;2024M05;-0.59
Industrins orderingång;Konjunkturläge;2024M06;-0.5
Industrins orderingång;Konjunkturläge;2024M07;-0.5
Industrins orderingång;Konjunkturläge;2024M08;-0.56
Industrins orderingång;Konjunkturläge;2024M09;-0.58
Industrins orderingång;Konjunkturläge;2024M10;-0.5
Industrins orderingång;Konjunkturläge;2024M11;-0.36
Industrins orderingång;Konjunkturläge;2024M12;-0.19
Industrins orderingång;Konjunkturläge;2025M01;-0.09
Industrins orderingång;Konjunkturläge;2025M02;-0.1
Industrins orderingång;Konjunkturläge;2025M03;-0.2
Industrins orderingång;Konjunkturläge;2025M04;-0.31
Industrins orderingång;Konjunkturläge;2025M05;-0.34
Industrins orderingång;Konjunkturläge;2025M06;-0.22
Industrins orderingång;Konjunkturläge;2025M07;0.03
Industrins orderingång;Konjunkturläge;2025M08;0.34
Industrins orderingång;Konjunkturläge;2025M09;0.6
Industrins orderingång;Konjunkturläge;2025M10;0.72
Industrins orderingång;Konjunkturläge;2025M11;0.67
Industrins orderingång;Konjunkturläge;2025M12;0.49
Industrins orderingång;Konjunkturläge;2026M01;0.21
Industrins orderingång;Konjunkturläge;2026M02;-0.08
Industrins orderingång;Konjunkturläge;2026M03;-0.33
Industrins orderingång;Konjunkturläge;2026M04;-0.52
Industrins orderingång;Konjunkturläge;2026M05;-0.64
Industrins orderingång;Konjunkturläge;2026M06;-0.7
Industrins orderingång;Konjunkturläge;2026M07;-0.75
Industrins orderingång;Konjunkturläge;2026M08;
Industrins orderingång;Förändring från föregående period;2000M01;
Industrins orderingång;Förändring från föregående period;2000M02;0.06
Industrins orderingång;Förändring från föregående period;2000M03;0.08
Industrins orderingång;Förändring från föregående period;2000M04;0.09
Industrins orderingång;Förändring från föregående period;2000M05;0.1
Industrins orderingång;Förändring från föregående period;2000M06;0.08
Industrins orderingång;Förändring från föregående period;2000M07;0.01
Industrins orderingång;Förändring från föregående period;2000M08;-0.09
Industrins orderingång;Förändring från föregående period;2000M09;-0.15
Industrins orderingång;Förändring från föregående period;2000M10;-0.18
Industrins orderingång;Förändring från föregående period;2000M11;-0.19
Industrins orderingång;Förändring från föregående period;2000M12;-0.19
Industrins orderingång;Förändring från föregående period;2001M01;-0.21
Industrins orderingång;Förändring från föregående period;2001M02;-0.23
Industrins orderingång;Förändring från föregående period;2001M03;-0.23
Industrins orderingång;Förändring från föregående period;2001M04;-0.16
Industrins orderingång;Förändring från föregående period;2001M05;-0.06
Industrins orderingång;Förändring från föregående period;2001M06;0.06
Industrins orderingång;Förändring från föregående period;2001M07;0.14
Industrins orderingång;Förändring från föregående period;2001M08;0.13
Industrins orderingång;Förändring från föregående period;2001M09;0.04
Industrins orderingång;Förändring från föregående period;2001M10;-0.06
Industrins orderingång;Förändring från föregående period;2001M11;-0.11
Industrins orderingång;Förändring från föregående period;2001M12;-0.08
Industrins orderingång;Förändring från föregående period;2002M01;0
Industrins orderingång;Förändring från föregående period;2002M02;0.08
Industrins orderingång;Förändring från föregående period;2002M03;0.09
Industrins orderingång;Förändring från föregående period;2002M04;-0.01
Industrins orderingång;Förändring från föregående period;2002M05;-0.14
Industrins orderingång;Förändring från föregående period;2002M06;-0.23
Industrins orderingång;Förändring från föregående period;2002M07;-0.25
Industrins orderingång;Förändring från föregående period;2002M08;-0.15
Industrins orderingång;Förändring från föregående period;2002M09;-0.01
Industrins orderingång;Förändring från föregående period;2002M10;0.08
Industrins orderingång;Förändring från föregående period;2002M11;0.12
Industrins orderingång;Förändring från föregående period;2002M12;0.09
Industrins orderingång;Förändring från föregående period;2003M01;0.02
Industrins orderingång;Förändring från föregående period;2003M02;-0.02
Industrins orderingång;Förändring från föregående period;2003M03;-0.03
Industrins orderingång;Förändring från föregående period;2003M04;0.02
Industrins orderingång;Förändring från föregående period;2003M05;0.11
Industrins orderingång;Förändring från föregående period;2003M06;0.15
Industrins orderingång;Förändring från föregående period;2003M07;0.13
Industrins orderingång;Förändring från föregående period;2003M08;0.09
Industrins orderingång;Förändring från föregående period;2003M09;0.03
Industrins orderingång;Förändring från föregående period;2003M10;0
Industrins orderingång;Förändring från föregående period;2003M11;0.01
Industrins orderingång;Förändring från föregående period;2003M12;0.05
Industrins orderingång;Förändring från föregående period;2004M01;0.1
Industrins orderingång;Förändring från föregående period;2004M02;0.13
Industrins orderingång;Förändring från föregående period;2004M03;0.13
Industrins orderingång;Förändring från föregående period;2004M04;0.09
Industrins orderingång;Förändring från föregående period;2004M05;0.02
Industrins orderingång;Förändring från föregående period;2004M06;-0.01
Industrins orderingång;Förändring från föregående period;2004M07;0.01
Industrins orderingång;Förändring från föregående period;2004M08;0.03
Industrins orderingång;Förändring från föregående period;2004M09;0.05
Industrins orderingång;Förändring från föregående period;2004M10;0.07
Industrins orderingång;Förändring från föregående period;2004M11;0.04
Industrins orderingång;Förändring från föregående period;2004M12;0.02
Industrins orderingång;Förändring från föregående period;2005M01;0
Industrins orderingång;Förändring från föregående period;2005M02;-0.03
Industrins orderingång;Förändring från föregående period;2005M03;-0.02
Industrins orderingång;Förändring från föregående period;2005M04;0.01
Industrins orderingång;Förändring från föregående period;2005M05;0.04
Industrins orderingång;Förändring från föregående period;2005M06;0.07
Industrins orderingång;Förändring från föregående period;2005M07;0.07
Industrins orderingång;Förändring från föregående period;2005M08;0.06
Industrins orderingång;Förändring från föregående period;2005M09;0.07
Industrins orderingång;Förändring från föregående period;2005M10;0.09
Industrins orderingång;Förändring från föregående period;2005M11;0.13
Industrins orderingång;Förändring från föregående period;2005M12;0.15
Industrins orderingång;Förändring från föregående period;2006M01;0.16
Industrins orderingång;Förändring från föregående period;2006M02;0.17
Industrins orderingång;Förändring från föregående period;2006M03;0.16
Industrins orderingång;Förändring från föregående period;2006M04;0.13
Industrins orderingång;Förändring från föregående period;2006M05;0.09
Industrins orderingång;Förändring från föregående period;2006M06;0.06
Industrins orderingång;Förändring från föregående period;2006M07;0.06
Industrins orderingång;Förändring från föregående period;2006M08;0.1
Industrins orderingång;Förändring från föregående period;2006M09;0.15
Industrins orderingång;Förändring från föregående period;2006M10;0.19
Industrins orderingång;Förändring från föregående period;2006M11;0.19
Industrins orderingång;Förändring från föregående period;2006M12;0.16
Industrins orderingång;Förändring från föregående period;2007M01;0.08
Industrins orderingång;Förändring från föregående period;2007M02;-0.03
Industrins orderingång;Förändring från föregående period;2007M03;-0.1
Industrins orderingång;Förändring från föregående period;2007M04;-0.11
Industrins orderingång;Förändring från föregående period;2007M05;-0.07
Industrins orderingång;Förändring från föregående period;2007M06;0
Industrins orderingång;Förändring från föregående period;2007M07;0.05
Industrins orderingång;Förändring från föregående period;2007M08;0.07
Industrins orderingång;Förändring från föregående period;2007M09;0.09
Industrins orderingång;Förändring från föregående period;2007M10;0.1
Industrins orderingång;Förändring från föregående period;2007M11;0.11
Industrins orderingång;Förändring från föregående period;2007M12;0.11
Industrins orderingång;Förändring från föregående period;2008M01;0.08
Industrins orderingång;Förändring från föregående period;2008M02;0.05
Industrins orderingång;Förändring från föregående period;2008M03;-0.03
Industrins orderingång;Förändring från föregående period;2008M04;-0.14
Industrins orderingång;Förändring från föregående period;2008M05;-0.25
Industrins orderingång;Förändring från föregående period;2008M06;-0.35
Industrins orderingång;Förändring från föregående period;2008M07;-0.43
Industrins orderingång;Förändring från föregående period;2008M08;-0.46
Industrins orderingång;Förändring från föregående period;2008M09;-0.48
Industrins orderingång;Förändring från föregående period;2008M10;-0.46
Industrins orderingång;Förändring från föregående period;2008M11;-0.44
Industrins orderingång;Förändring från föregående period;2008M12;-0.44
Industrins orderingång;Förändring från föregående period;2009M01;-0.44
Industrins orderingång;Förändring från föregående period;2009M02;-0.4
Industrins orderingång;Förändring från föregående period;2009M03;-0.32
Industrins orderingång;Förändring från föregående period;2009M04;-0.21
Industrins orderingång;Förändring från föregående period;2009M05;-0.09
Industrins orderingång;Förändring från föregående period;2009M06;0.02
Industrins orderingång;Förändring från föregående period;2009M07;0.1
Industrins orderingång;Förändring från föregående period;2009M08;0.1
Industrins orderingång;Förändring från föregående period;2009M09;0.06
Industrins orderingång;Förändring från föregående period;2009M10;0.02
Industrins orderingång;Förändring från föregående period;2009M11;0.04
Industrins orderingång;Förändring från föregående period;2009M12;0.12
Industrins orderingång;Förändring från föregående period;2010M01;0.21
Industrins orderingång;Förändring från föregående period;2010M02;0.3
Industrins orderingång;Förändring från föregående period;2010M03;0.35
Industrins orderingång;Förändring från föregående period;2010M04;0.36
Industrins orderingång;Förändring från föregående period;2010M05;0.32
Industrins orderingång;Förändring från föregående period;2010M06;0.25
Industrins orderingång;Förändring från föregående period;2010M07;0.2
Industrins orderingång;Förändring från föregående period;2010M08;0.16
Industrins orderingång;Förändring från föregående period;2010M09;0.12
Industrins orderingång;Förändring från föregående period;2010M10;0.06
Industrins orderingång;Förändring från föregående period;2010M11;-0.03
Industrins orderingång;Förändring från föregående period;2010M12;-0.08
Industrins orderingång;Förändring från föregående period;2011M01;-0.1
Industrins orderingång;Förändring från föregående period;2011M02;-0.11
Industrins orderingång;Förändring från föregående period;2011M03;-0.09
Industrins orderingång;Förändring från föregående period;2011M04;-0.04
Industrins orderingång;Förändring från föregående period;2011M05;0
Industrins orderingång;Förändring från föregående period;2011M06;-0.02
Industrins orderingång;Förändring från föregående period;2011M07;-0.08
Industrins orderingång;Förändring från föregående period;2011M08;-0.09
Industrins orderingång;Förändring från föregående period;2011M09;-0.07
Industrins orderingång;Förändring från föregående period;2011M10;-0.05
Industrins orderingång;Förändring från föregående period;2011M11;-0.04
Industrins orderingång;Förändring från föregående period;2011M12;-0.07
Industrins orderingång;Förändring från föregående period;2012M01;-0.09
Industrins orderingång;Förändring från föregående period;2012M02;-0.08
Industrins orderingång;Förändring från föregående period;2012M03;-0.09
Industrins orderingång;Förändring från föregående period;2012M04;-0.11
Industrins orderingång;Förändring från föregående period;2012M05;-0.1
Industrins orderingång;Förändring från föregående period;2012M06;-0.08
Industrins orderingång;Förändring från föregående period;2012M07;-0.05
Industrins orderingång;Förändring från föregående period;2012M08;-0.06
Industrins orderingång;Förändring från föregående period;2012M09;-0.04
Industrins orderingång;Förändring från föregående period;2012M10;0.01
Industrins orderingång;Förändring från föregående period;2012M11;0.06
Industrins orderingång;Förändring från föregående period;2012M12;0.05
Industrins orderingång;Förändring från föregående period;2013M01;-0.02
Industrins orderingång;Förändring från föregående period;2013M02;-0.09
Industrins orderingång;Förändring från föregående period;2013M03;-0.11
Industrins orderingång;Förändring från föregående period;2013M04;-0.09
Industrins orderingång;Förändring från föregående period;2013M05;-0.07
Industrins orderingång;Förändring från föregående period;2013M06;-0.06
Industrins orderingång;Förändring från föregående period;2013M07;-0.05
Industrins orderingång;Förändring från föregående period;2013M08;-0.06
Industrins orderingång;Förändring från föregående period;2013M09;-0.06
Industrins orderingång;Förändring från föregående period;2013M10;-0.06
Industrins orderingång;Förändring från föregående period;2013M11;-0.01
Industrins orderingång;Förändring från föregående period;2013M12;0.04
Industrins orderingång;Förändring från föregående period;2014M01;0.09
Industrins orderingång;Förändring från föregående period;2014M02;0.07
Industrins orderingång;Förändring från föregående period;2014M03;0
Industrins orderingång;Förändring från föregående period;2014M04;-0.08
Industrins orderingång;Förändring från föregående period;2014M05;-0.1
Industrins orderingång;Förändring från föregående period;2014M06;-0.07
Industrins orderingång;Förändring från föregående period;2014M07;-0.03
Industrins orderingång;Förändring från föregående period;2014M08;0.01
Industrins orderingång;Förändring från föregående period;2014M09;0.03
Industrins orderingång;Förändring från föregående period;2014M10;0.03
Industrins orderingång;Förändring från föregående period;2014M11;0.04
Industrins orderingång;Förändring från föregående period;2014M12;0.06
Industrins orderingång;Förändring från föregående period;2015M01;0.12
Industrins orderingång;Förändring från föregående period;2015M02;0.18
Industrins orderingång;Förändring från föregående period;2015M03;0.22
Industrins orderingång;Förändring från föregående period;2015M04;0.22
Industrins orderingång;Förändring från föregående period;2015M05;0.2
Industrins orderingång;Förändring från föregående period;2015M06;0.14
Industrins orderingång;Förändring från föregående period;2015M07;0.07
Industrins orderingång;Förändring från föregående period;2015M08;0.01
Industrins orderingång;Förändring från föregående period;2015M09;-0.06
Industrins orderingång;Förändring från föregående period;2015M10;-0.12
Industrins orderingång;Förändring från föregående period;2015M11;-0.15
Industrins orderingång;Förändring från föregående period;2015M12;-0.12
Industrins orderingång;Förändring från föregående period;2016M01;-0.06
Industrins orderingång;Förändring från föregående period;2016M02;0.04
Industrins orderingång;Förändring från föregående period;2016M03;0.13
Industrins orderingång;Förändring från föregående period;2016M04;0.15
Industrins orderingång;Förändring från föregående period;2016M05;0.13
Industrins orderingång;Förändring från föregående period;2016M06;0.07
Industrins orderingång;Förändring från föregående period;2016M07;0.04
Industrins orderingång;Förändring från föregående period;2016M08;0.03
Industrins orderingång;Förändring från föregående period;2016M09;0.07
Industrins orderingång;Förändring från föregående period;2016M10;0.15
Industrins orderingång;Förändring från föregående period;2016M11;0.2
Industrins orderingång;Förändring från föregående period;2016M12;0.18
Industrins orderingång;Förändring från föregående period;2017M01;0.11
Industrins orderingång;Förändring från föregående period;2017M02;0
Industrins orderingång;Förändring från föregående period;2017M03;-0.12
Industrins orderingång;Förändring från föregående period;2017M04;-0.16
Industrins orderingång;Förändring från föregående period;2017M05;-0.14
Industrins orderingång;Förändring från föregående period;2017M06;-0.06
Industrins orderingång;Förändring från föregående period;2017M07;0.06
Industrins orderingång;Förändring från föregående period;2017M08;0.16
Industrins orderingång;Förändring från föregående period;2017M09;0.21
Industrins orderingång;Förändring från föregående period;2017M10;0.17
Industrins orderingång;Förändring från föregående period;2017M11;0.11
Industrins orderingång;Förändring från föregående period;2017M12;0.03
Industrins orderingång;Förändring från föregående period;2018M01;-0.04
Industrins orderingång;Förändring från föregående period;2018M02;-0.07
Industrins orderingång;Förändring från föregående period;2018M03;-0.06
Industrins orderingång;Förändring från föregående period;2018M04;-0.02
Industrins orderingång;Förändring från föregående period;2018M05;0.01
Industrins orderingång;Förändring från föregående period;2018M06;0.04
Industrins orderingång;Förändring från föregående period;2018M07;0.03
Industrins orderingång;Förändring från föregående period;2018M08;0
Industrins orderingång;Förändring från föregående period;2018M09;-0.03
Industrins orderingång;Förändring från föregående period;2018M10;-0.09
Industrins orderingång;Förändring från föregående period;2018M11;-0.17
Industrins orderingång;Förändring från föregående period;2018M12;-0.18
Industrins orderingång;Förändring från föregående period;2019M01;-0.13
Industrins orderingång;Förändring från föregående period;2019M02;-0.05
Industrins orderingång;Förändring från föregående period;2019M03;0.03
Industrins orderingång;Förändring från föregående period;2019M04;0.1
Industrins orderingång;Förändring från föregående period;2019M05;0.12
Industrins orderingång;Förändring från föregående period;2019M06;0.1
Industrins orderingång;Förändring från föregående period;2019M07;0.03
Industrins orderingång;Förändring från föregående period;2019M08;-0.08
Industrins orderingång;Förändring från föregående period;2019M09;-0.14
Industrins orderingång;Förändring från föregående period;2019M10;-0.16
Industrins orderingång;Förändring från föregående period;2019M11;-0.14
Industrins orderingång;Förändring från föregående period;2019M12;-0.14
Industrins orderingång;Förändring från föregående period;2020M01;-0.13
Industrins orderingång;Förändring från föregående period;2020M02;-0.09
Industrins orderingång;Förändring från föregående period;2020M03;-0.02
Industrins orderingång;Förändring från föregående period;2020M04;0.08
Industrins orderingång;Förändring från föregående period;2020M05;0.17
Industrins orderingång;Förändring från föregående period;2020M06;0.23
Industrins orderingång;Förändring från föregående period;2020M07;0.27
Industrins orderingång;Förändring från föregående period;2020M08;0.27
Industrins orderingång;Förändring från föregående period;2020M09;0.21
Industrins orderingång;Förändring från föregående period;2020M10;0.14
Industrins orderingång;Förändring från föregående period;2020M11;0.08
Industrins orderingång;Förändring från föregående period;2020M12;0.02
Industrins orderingång;Förändring från föregående period;2021M01;0
Industrins orderingång;Förändring från föregående period;2021M02;0.01
Industrins orderingång;Förändring från föregående period;2021M03;0.01
Industrins orderingång;Förändring från föregående period;2021M04;-0.02
Industrins orderingång;Förändring från föregående period;2021M05;-0.06
Industrins orderingång;Förändring från föregående period;2021M06;-0.09
Industrins orderingång;Förändring från föregående period;2021M07;-0.12
Industrins orderingång;Förändring från föregående period;2021M08;-0.1
Industrins orderingång;Förändring från föregående period;2021M09;-0.04
Industrins orderingång;Förändring från föregående period;2021M10;0.05
Industrins orderingång;Förändring från föregående period;2021M11;0.16
Industrins orderingång;Förändring från föregående period;2021M12;0.19
Industrins orderingång;Förändring från föregående period;2022M01;0.11
Industrins orderingång;Förändring från föregående period;2022M02;-0.03
Industrins orderingång;Förändring från föregående period;2022M03;-0.16
Industrins orderingång;Förändring från föregående period;2022M04;-0.23
Industrins orderingång;Förändring från föregående period;2022M05;-0.25
Industrins orderingång;Förändring från föregående period;2022M06;-0.23
Industrins orderingång;Förändring från föregående period;2022M07;-0.18
Industrins orderingång;Förändring från föregående period;2022M08;-0.14
Industrins orderingång;Förändring från föregående period;2022M09;-0.11
Industrins orderingång;Förändring från föregående period;2022M10;-0.08
Industrins orderingång;Förändring från föregående period;2022M11;-0.04
Industrins orderingång;Förändring från föregående period;2022M12;0.07
Industrins orderingång;Förändring från föregående period;2023M01;0.19
Industrins orderingång;Förändring från föregående period;2023M02;0.24
Industrins orderingång;Förändring från föregående period;2023M03;0.16
Industrins orderingång;Förändring från föregående period;2023M04;0.03
Industrins orderingång;Förändring från föregående period;2023M05;-0.1
Industrins orderingång;Förändring från föregående period;2023M06;-0.19
Industrins orderingång;Förändring från föregående period;2023M07;-0.21
Industrins orderingång;Förändring från föregående period;2023M08;-0.18
Industrins orderingång;Förändring från föregående period;2023M09;-0.15
Industrins orderingång;Förändring från föregående period;2023M10;-0.13
Industrins orderingång;Förändring från föregående period;2023M11;-0.15
Industrins orderingång;Förändring från föregående period;2023M12;-0.17
Industrins orderingång;Förändring från föregående period;2024M01;-0.14
Industrins orderingång;Förändring från föregående period;2024M02;-0.04
Industrins orderingång;Förändring från föregående period;2024M03;0.09
Industrins orderingång;Förändring från föregående period;2024M04;0.17
Industrins orderingång;Förändring från föregående period;2024M05;0.16
Industrins orderingång;Förändring från föregående period;2024M06;0.09
Industrins orderingång;Förändring från föregående period;2024M07;0
Industrins orderingång;Förändring från föregående period;2024M08;-0.06
Industrins orderingång;Förändring från föregående period;2024M09;-0.02
Industrins orderingång;Förändring från föregående period;2024M10;0.07
Industrins orderingång;Förändring från föregående period;2024M11;0.15
Industrins orderingång;Förändring från föregående period;2024M12;0.16
Industrins orderingång;Förändring från föregående period;2025M01;0.11
Industrins orderingång;Förändring från föregående period;2025M02;-0.01
Industrins orderingång;Förändring från föregående period;2025M03;-0.1
Industrins orderingång;Förändring från föregående period;2025M04;-0.12
Industrins orderingång;Förändring från föregående period;2025M05;-0.02
Industrins orderingång;Förändring från föregående period;2025M06;0.11
Industrins orderingång;Förändring från föregående period;2025M07;0.25
Industrins orderingång;Förändring från föregående period;2025M08;0.31
Industrins orderingång;Förändring från föregående period;2025M09;0.26
Industrins orderingång;Förändring från föregående period;2025M10;0.12
Industrins orderingång;Förändring från föregående period;2025M11;-0.05
Industrins orderingång;Förändring från föregående period;2025M12;-0.18
Industrins orderingång;Förändring från föregående period;2026M01;-0.28
Industrins orderingång;Förändring från föregående period;2026M02;-0.29
Industrins orderingång;Förändring från föregående period;2026M03;-0.25
Industrins orderingång;Förändring från föregående period;2026M04;-0.19
Industrins orderingång;Förändring från föregående period;2026M05;-0.12
Industrins orderingång;Förändring från föregående period;2026M06;-0.07
Industrins orderingång;Förändring från föregående period;2026M07;-0.05
Industrins orderingång;Förändring från föregående period;2026M08;
Hushållens konsumtion;Konjunkturläge;2000M01;0.11
Hushållens konsumtion;Konjunkturläge;2000M02;0.27
Hushållens konsumtion;Konjunkturläge;2000M03;0.41
Hushållens konsumtion;Konjunkturläge;2000M04;0.55
Hushållens konsumtion;Konjunkturläge;2000M05;0.63
Hushållens konsumtion;Konjunkturläge;2000M06;0.64
Hushållens konsumtion;Konjunkturläge;2000M07;0.6
Hushållens konsumtion;Konjunkturläge;2000M08;0.52
Hushållens konsumtion;Konjunkturläge;2000M09;0.44
Hushållens konsumtion;Konjunkturläge;2000M10;0.41
Hushållens konsumtion;Konjunkturläge;2000M11;0.39
Hushållens konsumtion;Konjunkturläge;2000M12;0.39
Hushållens konsumtion;Konjunkturläge;2001M01;0.39
Hushållens konsumtion;Konjunkturläge;2001M02;0.38
Hushållens konsumtion;Konjunkturläge;2001M03;0.36
Hushållens konsumtion;Konjunkturläge;2001M04;0.33
Hushållens konsumtion;Konjunkturläge;2001M05;0.24
Hushållens konsumtion;Konjunkturläge;2001M06;0.11
Hushållens konsumtion;Konjunkturläge;2001M07;-0.01
Hushållens konsumtion;Konjunkturläge;2001M08;-0.09
Hushållens konsumtion;Konjunkturläge;2001M09;-0.14
Hushållens konsumtion;Konjunkturläge;2001M10;-0.16
Hushållens konsumtion;Konjunkturläge;2001M11;-0.16
Hushållens konsumtion;Konjunkturläge;2001M12;-0.16
Hushållens konsumtion;Konjunkturläge;2002M01;-0.19
Hushållens konsumtion;Konjunkturläge;2002M02;-0.25
Hushållens konsumtion;Konjunkturläge;2002M03;-0.34
Hushållens konsumtion;Konjunkturläge;2002M04;-0.43
Hushållens konsumtion;Konjunkturläge;2002M05;-0.47
Hushållens konsumtion;Konjunkturläge;2002M06;-0.44
Hushållens konsumtion;Konjunkturläge;2002M07;-0.36
Hushållens konsumtion;Konjunkturläge;2002M08;-0.26
Hushållens konsumtion;Konjunkturläge;2002M09;-0.13
Hushållens konsumtion;Konjunkturläge;2002M10;-0.03
Hushållens konsumtion;Konjunkturläge;2002M11;0
Hushållens konsumtion;Konjunkturläge;2002M12;-0.03
Hushållens konsumtion;Konjunkturläge;2003M01;-0.1
Hushållens konsumtion;Konjunkturläge;2003M02;-0.2
Hushållens konsumtion;Konjunkturläge;2003M03;-0.3
Hushållens konsumtion;Konjunkturläge;2003M04;-0.38
Hushållens konsumtion;Konjunkturläge;2003M05;-0.44
Hushållens konsumtion;Konjunkturläge;2003M06;-0.49
Hushållens konsumtion;Konjunkturläge;2003M07;-0.54
Hushållens konsumtion;Konjunkturläge;2003M08;-0.63
Hushållens konsumtion;Konjunkturläge;2003M09;-0.75
Hushållens konsumtion;Konjunkturläge;2003M10;-0.88
Hushållens konsumtion;Konjunkturläge;2003M11;-0.95
Hushållens konsumtion;Konjunkturläge;2003M12;-0.98
Hushållens konsumtion;Konjunkturläge;2004M01;-0.97
Hushållens konsumtion;Konjunkturläge;2004M02;-0.92
Hushållens konsumtion;Konjunkturläge;2004M03;-0.88
Hushållens konsumtion;Konjunkturläge;2004M04;-0.87
Hushållens konsumtion;Konjunkturläge;2004M05;-0.88
Hushållens konsumtion;Konjunkturläge;2004M06;-0.92
Hushållens konsumtion;Konjunkturläge;2004M07;-0.96
Hushållens konsumtion;Konjunkturläge;2004M08;-0.99
Hushållens konsumtion;Konjunkturläge;2004M09;-1.02
Hushållens konsumtion;Konjunkturläge;2004M10;-1
Hushållens konsumtion;Konjunkturläge;2004M11;-0.93
Hushållens konsumtion;Konjunkturläge;2004M12;-0.81
Hushållens konsumtion;Konjunkturläge;2005M01;-0.65
Hushållens konsumtion;Konjunkturläge;2005M02;-0.49
Hushållens konsumtion;Konjunkturläge;2005M03;-0.36
Hushållens konsumtion;Konjunkturläge;2005M04;-0.25
Hushållens konsumtion;Konjunkturläge;2005M05;-0.21
Hushållens konsumtion;Konjunkturläge;2005M06;-0.21
Hushållens konsumtion;Konjunkturläge;2005M07;-0.21
Hushållens konsumtion;Konjunkturläge;2005M08;-0.14
Hushållens konsumtion;Konjunkturläge;2005M09;-0.01
Hushållens konsumtion;Konjunkturläge;2005M10;0.18
Hushållens konsumtion;Konjunkturläge;2005M11;0.37
Hushållens konsumtion;Konjunkturläge;2005M12;0.51
Hushållens konsumtion;Konjunkturläge;2006M01;0.61
Hushållens konsumtion;Konjunkturläge;2006M02;0.65
Hushållens konsumtion;Konjunkturläge;2006M03;0.65
Hushållens konsumtion;Konjunkturläge;2006M04;0.66
Hushållens konsumtion;Konjunkturläge;2006M05;0.69
Hushållens konsumtion;Konjunkturläge;2006M06;0.75
Hushållens konsumtion;Konjunkturläge;2006M07;0.82
Hushållens konsumtion;Konjunkturläge;2006M08;0.87
Hushållens konsumtion;Konjunkturläge;2006M09;0.94
Hushållens konsumtion;Konjunkturläge;2006M10;1.04
Hushållens konsumtion;Konjunkturläge;2006M11;1.21
Hushållens konsumtion;Konjunkturläge;2006M12;1.4
Hushållens konsumtion;Konjunkturläge;2007M01;1.58
Hushållens konsumtion;Konjunkturläge;2007M02;1.72
Hushållens konsumtion;Konjunkturläge;2007M03;1.8
Hushållens konsumtion;Konjunkturläge;2007M04;1.85
Hushållens konsumtion;Konjunkturläge;2007M05;1.88
Hushållens konsumtion;Konjunkturläge;2007M06;1.92
Hushållens konsumtion;Konjunkturläge;2007M07;2.01
Hushållens konsumtion;Konjunkturläge;2007M08;2.13
Hushållens konsumtion;Konjunkturläge;2007M09;2.24
Hushållens konsumtion;Konjunkturläge;2007M10;2.23
Hushållens konsumtion;Konjunkturläge;2007M11;2.07
Hushållens konsumtion;Konjunkturläge;2007M12;1.82
Hushållens konsumtion;Konjunkturläge;2008M01;1.56
Hushållens konsumtion;Konjunkturläge;2008M02;1.31
Hushållens konsumtion;Konjunkturläge;2008M03;1.12
Hushållens konsumtion;Konjunkturläge;2008M04;0.96
Hushållens konsumtion;Konjunkturläge;2008M05;0.84
Hushållens konsumtion;Konjunkturläge;2008M06;0.73
Hushållens konsumtion;Konjunkturläge;2008M07;0.55
Hushållens konsumtion;Konjunkturläge;2008M08;0.29
Hushållens konsumtion;Konjunkturläge;2008M09;0
Hushållens konsumtion;Konjunkturläge;2008M10;-0.27
Hushållens konsumtion;Konjunkturläge;2008M11;-0.51
Hushållens konsumtion;Konjunkturläge;2008M12;-0.73
Hushållens konsumtion;Konjunkturläge;2009M01;-0.9
Hushållens konsumtion;Konjunkturläge;2009M02;-0.98
Hushållens konsumtion;Konjunkturläge;2009M03;-0.97
Hushållens konsumtion;Konjunkturläge;2009M04;-0.94
Hushållens konsumtion;Konjunkturläge;2009M05;-0.91
Hushållens konsumtion;Konjunkturläge;2009M06;-0.93
Hushållens konsumtion;Konjunkturläge;2009M07;-1.03
Hushållens konsumtion;Konjunkturläge;2009M08;-1.17
Hushållens konsumtion;Konjunkturläge;2009M09;-1.33
Hushållens konsumtion;Konjunkturläge;2009M10;-1.41
Hushållens konsumtion;Konjunkturläge;2009M11;-1.34
Hushållens konsumtion;Konjunkturläge;2009M12;-1.13
Hushållens konsumtion;Konjunkturläge;2010M01;-0.86
Hushållens konsumtion;Konjunkturläge;2010M02;-0.59
Hushållens konsumtion;Konjunkturläge;2010M03;-0.39
Hushållens konsumtion;Konjunkturläge;2010M04;-0.29
Hushållens konsumtion;Konjunkturläge;2010M05;-0.26
Hushållens konsumtion;Konjunkturläge;2010M06;-0.26
Hushållens konsumtion;Konjunkturläge;2010M07;-0.21
Hushållens konsumtion;Konjunkturläge;2010M08;-0.11
Hushållens konsumtion;Konjunkturläge;2010M09;0.03
Hushållens konsumtion;Konjunkturläge;2010M10;0.14
Hushållens konsumtion;Konjunkturläge;2010M11;0.16
Hushållens konsumtion;Konjunkturläge;2010M12;0.11
Hushållens konsumtion;Konjunkturläge;2011M01;-0.03
Hushållens konsumtion;Konjunkturläge;2011M02;-0.21
Hushållens konsumtion;Konjunkturläge;2011M03;-0.4
Hushållens konsumtion;Konjunkturläge;2011M04;-0.52
Hushållens konsumtion;Konjunkturläge;2011M05;-0.57
Hushållens konsumtion;Konjunkturläge;2011M06;-0.58
Hushållens konsumtion;Konjunkturläge;2011M07;-0.61
Hushållens konsumtion;Konjunkturläge;2011M08;-0.66
Hushållens konsumtion;Konjunkturläge;2011M09;-0.78
Hushållens konsumtion;Konjunkturläge;2011M10;-0.93
Hushållens konsumtion;Konjunkturläge;2011M11;-1.09
Hushållens konsumtion;Konjunkturläge;2011M12;-1.26
Hushållens konsumtion;Konjunkturläge;2012M01;-1.38
Hushållens konsumtion;Konjunkturläge;2012M02;-1.41
Hushållens konsumtion;Konjunkturläge;2012M03;-1.38
Hushållens konsumtion;Konjunkturläge;2012M04;-1.29
Hushållens konsumtion;Konjunkturläge;2012M05;-1.17
Hushållens konsumtion;Konjunkturläge;2012M06;-1.09
Hushållens konsumtion;Konjunkturläge;2012M07;-1.04
Hushållens konsumtion;Konjunkturläge;2012M08;-1.01
Hushållens konsumtion;Konjunkturläge;2012M09;-0.95
Hushållens konsumtion;Konjunkturläge;2012M10;-0.86
Hushållens konsumtion;Konjunkturläge;2012M11;-0.76
Hushållens konsumtion;Konjunkturläge;2012M12;-0.67
Hushållens konsumtion;Konjunkturläge;2013M01;-0.63
Hushållens konsumtion;Konjunkturläge;2013M02;-0.69
Hushållens konsumtion;Konjunkturläge;2013M03;-0.81
Hushållens konsumtion;Konjunkturläge;2013M04;-0.97
Hushållens konsumtion;Konjunkturläge;2013M05;-1.12
Hushållens konsumtion;Konjunkturläge;2013M06;-1.19
Hushållens konsumtion;Konjunkturläge;2013M07;-1.19
Hushållens konsumtion;Konjunkturläge;2013M08;-1.16
Hushållens konsumtion;Konjunkturläge;2013M09;-1.12
Hushållens konsumtion;Konjunkturläge;2013M10;-1.08
Hushållens konsumtion;Konjunkturläge;2013M11;-1.05
Hushållens konsumtion;Konjunkturläge;2013M12;-1
Hushållens konsumtion;Konjunkturläge;2014M01;-0.92
Hushållens konsumtion;Konjunkturläge;2014M02;-0.84
Hushållens konsumtion;Konjunkturläge;2014M03;-0.77
Hushållens konsumtion;Konjunkturläge;2014M04;-0.75
Hushållens konsumtion;Konjunkturläge;2014M05;-0.77
Hushållens konsumtion;Konjunkturläge;2014M06;-0.82
Hushållens konsumtion;Konjunkturläge;2014M07;-0.89
Hushållens konsumtion;Konjunkturläge;2014M08;-0.93
Hushållens konsumtion;Konjunkturläge;2014M09;-0.91
Hushållens konsumtion;Konjunkturläge;2014M10;-0.83
Hushållens konsumtion;Konjunkturläge;2014M11;-0.71
Hushållens konsumtion;Konjunkturläge;2014M12;-0.6
Hushållens konsumtion;Konjunkturläge;2015M01;-0.52
Hushållens konsumtion;Konjunkturläge;2015M02;-0.43
Hushållens konsumtion;Konjunkturläge;2015M03;-0.34
Hushållens konsumtion;Konjunkturläge;2015M04;-0.26
Hushållens konsumtion;Konjunkturläge;2015M05;-0.2
Hushållens konsumtion;Konjunkturläge;2015M06;-0.15
Hushållens konsumtion;Konjunkturläge;2015M07;-0.12
Hushållens konsumtion;Konjunkturläge;2015M08;-0.11
Hushållens konsumtion;Konjunkturläge;2015M09;-0.1
Hushållens konsumtion;Konjunkturläge;2015M10;-0.1
Hushållens konsumtion;Konjunkturläge;2015M11;-0.09
Hushållens konsumtion;Konjunkturläge;2015M12;-0.03
Hushållens konsumtion;Konjunkturläge;2016M01;0.08
Hushållens konsumtion;Konjunkturläge;2016M02;0.24
Hushållens konsumtion;Konjunkturläge;2016M03;0.44
Hushållens konsumtion;Konjunkturläge;2016M04;0.65
Hushållens konsumtion;Konjunkturläge;2016M05;0.86
Hushållens konsumtion;Konjunkturläge;2016M06;1.04
Hushållens konsumtion;Konjunkturläge;2016M07;1.19
Hushållens konsumtion;Konjunkturläge;2016M08;1.3
Hushållens konsumtion;Konjunkturläge;2016M09;1.38
Hushållens konsumtion;Konjunkturläge;2016M10;1.43
Hushållens konsumtion;Konjunkturläge;2016M11;1.45
Hushållens konsumtion;Konjunkturläge;2016M12;1.36
Hushållens konsumtion;Konjunkturläge;2017M01;1.18
Hushållens konsumtion;Konjunkturläge;2017M02;0.99
Hushållens konsumtion;Konjunkturläge;2017M03;0.81
Hushållens konsumtion;Konjunkturläge;2017M04;0.72
Hushållens konsumtion;Konjunkturläge;2017M05;0.72
Hushållens konsumtion;Konjunkturläge;2017M06;0.79
Hushållens konsumtion;Konjunkturläge;2017M07;0.92
Hushållens konsumtion;Konjunkturläge;2017M08;1.05
Hushållens konsumtion;Konjunkturläge;2017M09;1.1
Hushållens konsumtion;Konjunkturläge;2017M10;1.08
Hushållens konsumtion;Konjunkturläge;2017M11;1.04
Hushållens konsumtion;Konjunkturläge;2017M12;1.04
Hushållens konsumtion;Konjunkturläge;2018M01;1.09
Hushållens konsumtion;Konjunkturläge;2018M02;1.2
Hushållens konsumtion;Konjunkturläge;2018M03;1.38
Hushållens konsumtion;Konjunkturläge;2018M04;1.59
Hushållens konsumtion;Konjunkturläge;2018M05;1.72
Hushållens konsumtion;Konjunkturläge;2018M06;1.73
Hushållens konsumtion;Konjunkturläge;2018M07;1.6
Hushållens konsumtion;Konjunkturläge;2018M08;1.38
Hushållens konsumtion;Konjunkturläge;2018M09;1.17
Hushållens konsumtion;Konjunkturläge;2018M10;1.04
Hushållens konsumtion;Konjunkturläge;2018M11;1.02
Hushållens konsumtion;Konjunkturläge;2018M12;1.09
Hushållens konsumtion;Konjunkturläge;2019M01;1.17
Hushållens konsumtion;Konjunkturläge;2019M02;1.16
Hushållens konsumtion;Konjunkturläge;2019M03;1.02
Hushållens konsumtion;Konjunkturläge;2019M04;0.81
Hushållens konsumtion;Konjunkturläge;2019M05;0.62
Hushållens konsumtion;Konjunkturläge;2019M06;0.54
Hushållens konsumtion;Konjunkturläge;2019M07;0.57
Hushållens konsumtion;Konjunkturläge;2019M08;0.69
Hushållens konsumtion;Konjunkturläge;2019M09;0.85
Hushållens konsumtion;Konjunkturläge;2019M10;1
Hushållens konsumtion;Konjunkturläge;2019M11;1.1
Hushållens konsumtion;Konjunkturläge;2019M12;1.17
Hushållens konsumtion;Konjunkturläge;2020M01;1.19
Hushållens konsumtion;Konjunkturläge;2020M02;1.13
Hushållens konsumtion;Konjunkturläge;2020M03;0.99
Hushållens konsumtion;Konjunkturläge;2020M04;0.77
Hushållens konsumtion;Konjunkturläge;2020M05;0.52
Hushållens konsumtion;Konjunkturläge;2020M06;0.33
Hushållens konsumtion;Konjunkturläge;2020M07;0.23
Hushållens konsumtion;Konjunkturläge;2020M08;0.19
Hushållens konsumtion;Konjunkturläge;2020M09;0.16
Hushållens konsumtion;Konjunkturläge;2020M10;0.1
Hushållens konsumtion;Konjunkturläge;2020M11;0
Hushållens konsumtion;Konjunkturläge;2020M12;-0.12
Hushållens konsumtion;Konjunkturläge;2021M01;-0.19
Hushållens konsumtion;Konjunkturläge;2021M02;-0.15
Hushållens konsumtion;Konjunkturläge;2021M03;0.01
Hushållens konsumtion;Konjunkturläge;2021M04;0.21
Hushållens konsumtion;Konjunkturläge;2021M05;0.39
Hushållens konsumtion;Konjunkturläge;2021M06;0.53
Hushållens konsumtion;Konjunkturläge;2021M07;0.63
Hushållens konsumtion;Konjunkturläge;2021M08;0.74
Hushållens konsumtion;Konjunkturläge;2021M09;0.89
Hushållens konsumtion;Konjunkturläge;2021M10;1.08
Hushållens konsumtion;Konjunkturläge;2021M11;1.32
Hushållens konsumtion;Konjunkturläge;2021M12;1.56
Hushållens konsumtion;Konjunkturläge;2022M01;1.8
Hushållens konsumtion;Konjunkturläge;2022M02;1.97
Hushållens konsumtion;Konjunkturläge;2022M03;2.01
Hushållens konsumtion;Konjunkturläge;2022M04;1.97
Hushållens konsumtion;Konjunkturläge;2022M05;1.82
Hushållens konsumtion;Konjunkturläge;2022M06;1.57
Hushållens konsumtion;Konjunkturläge;2022M07;1.29
Hushållens konsumtion;Konjunkturläge;2022M08;0.99
Hushållens konsumtion;Konjunkturläge;2022M09;0.68
Hushållens konsumtion;Konjunkturläge;2022M10;0.35
Hushållens konsumtion;Konjunkturläge;2022M11;-0.04
Hushållens konsumtion;Konjunkturläge;2022M12;-0.48
Hushållens konsumtion;Konjunkturläge;2023M01;-0.94
Hushållens konsumtion;Konjunkturläge;2023M02;-1.31
Hushållens konsumtion;Konjunkturläge;2023M03;-1.55
Hushållens konsumtion;Konjunkturläge;2023M04;-1.68
Hushållens konsumtion;Konjunkturläge;2023M05;-1.75
Hushållens konsumtion;Konjunkturläge;2023M06;-1.8
Hushållens konsumtion;Konjunkturläge;2023M07;-1.84
Hushållens konsumtion;Konjunkturläge;2023M08;-1.87
Hushållens konsumtion;Konjunkturläge;2023M09;-1.86
Hushållens konsumtion;Konjunkturläge;2023M10;-1.86
Hushållens konsumtion;Konjunkturläge;2023M11;-1.86
Hushållens konsumtion;Konjunkturläge;2023M12;-1.87
Hushållens konsumtion;Konjunkturläge;2024M01;-1.9
Hushållens konsumtion;Konjunkturläge;2024M02;-1.96
Hushållens konsumtion;Konjunkturläge;2024M03;-1.98
Hushållens konsumtion;Konjunkturläge;2024M04;-1.92
Hushållens konsumtion;Konjunkturläge;2024M05;-1.81
Hushållens konsumtion;Konjunkturläge;2024M06;-1.7
Hushållens konsumtion;Konjunkturläge;2024M07;-1.64
Hushållens konsumtion;Konjunkturläge;2024M08;-1.64
Hushållens konsumtion;Konjunkturläge;2024M09;-1.62
Hushållens konsumtion;Konjunkturläge;2024M10;-1.56
Hushållens konsumtion;Konjunkturläge;2024M11;-1.42
Hushållens konsumtion;Konjunkturläge;2024M12;-1.2
Hushållens konsumtion;Konjunkturläge;2025M01;-0.98
Hushållens konsumtion;Konjunkturläge;2025M02;-0.81
Hushållens konsumtion;Konjunkturläge;2025M03;-0.74
Hushållens konsumtion;Konjunkturläge;2025M04;-0.75
Hushållens konsumtion;Konjunkturläge;2025M05;-0.74
Hushållens konsumtion;Konjunkturläge;2025M06;-0.65
Hushållens konsumtion;Konjunkturläge;2025M07;-0.48
Hushållens konsumtion;Konjunkturläge;2025M08;-0.23
Hushållens konsumtion;Konjunkturläge;2025M09;0.01
Hushållens konsumtion;Konjunkturläge;2025M10;0.21
Hushållens konsumtion;Konjunkturläge;2025M11;0.36
Hushållens konsumtion;Konjunkturläge;2025M12;0.45
Hushållens konsumtion;Konjunkturläge;2026M01;0.55
Hushållens konsumtion;Konjunkturläge;2026M02;0.69
Hushållens konsumtion;Konjunkturläge;2026M03;0.86
Hushållens konsumtion;Konjunkturläge;2026M04;1.03
Hushållens konsumtion;Konjunkturläge;2026M05;1.21
Hushållens konsumtion;Konjunkturläge;2026M06;1.38
Hushållens konsumtion;Konjunkturläge;2026M07;
Hushållens konsumtion;Konjunkturläge;2026M08;
Hushållens konsumtion;Förändring från föregående period;2000M01;
Hushållens konsumtion;Förändring från föregående period;2000M02;0.15
Hushållens konsumtion;Förändring från föregående period;2000M03;0.14
Hushållens konsumtion;Förändring från föregående period;2000M04;0.13
Hushållens konsumtion;Förändring från föregående period;2000M05;0.08
Hushållens konsumtion;Förändring från föregående period;2000M06;0.01
Hushållens konsumtion;Förändring från föregående period;2000M07;-0.05
Hushållens konsumtion;Förändring från föregående period;2000M08;-0.08
Hushållens konsumtion;Förändring från föregående period;2000M09;-0.07
Hushållens konsumtion;Förändring från föregående period;2000M10;-0.04
Hushållens konsumtion;Förändring från föregående period;2000M11;-0.02
Hushållens konsumtion;Förändring från föregående period;2000M12;0
Hushållens konsumtion;Förändring från föregående period;2001M01;0
Hushållens konsumtion;Förändring från föregående period;2001M02;-0.01
Hushållens konsumtion;Förändring från föregående period;2001M03;-0.02
Hushållens konsumtion;Förändring från föregående period;2001M04;-0.03
Hushållens konsumtion;Förändring från föregående period;2001M05;-0.09
Hushållens konsumtion;Förändring från föregående period;2001M06;-0.12
Hushållens konsumtion;Förändring från föregående period;2001M07;-0.12
Hushållens konsumtion;Förändring från föregående period;2001M08;-0.08
Hushållens konsumtion;Förändring från föregående period;2001M09;-0.05
Hushållens konsumtion;Förändring från föregående period;2001M10;-0.02
Hushållens konsumtion;Förändring från föregående period;2001M11;0
Hushållens konsumtion;Förändring från föregående period;2001M12;0
Hushållens konsumtion;Förändring från föregående period;2002M01;-0.03
Hushållens konsumtion;Förändring från föregående period;2002M02;-0.06
Hushållens konsumtion;Förändring från föregående period;2002M03;-0.09
Hushållens konsumtion;Förändring från föregående period;2002M04;-0.1
Hushållens konsumtion;Förändring från föregående period;2002M05;-0.04
Hushållens konsumtion;Förändring från föregående period;2002M06;0.04
Hushållens konsumtion;Förändring från föregående period;2002M07;0.08
Hushållens konsumtion;Förändring från föregående period;2002M08;0.1
Hushållens konsumtion;Förändring från föregående period;2002M09;0.13
Hushållens konsumtion;Förändring från föregående period;2002M10;0.11
Hushållens konsumtion;Förändring från föregående period;2002M11;0.03
Hushållens konsumtion;Förändring från föregående period;2002M12;-0.03
Hushållens konsumtion;Förändring från föregående period;2003M01;-0.07
Hushållens konsumtion;Förändring från föregående period;2003M02;-0.1
Hushållens konsumtion;Förändring från föregående period;2003M03;-0.1
Hushållens konsumtion;Förändring från föregående period;2003M04;-0.08
Hushållens konsumtion;Förändring från föregående period;2003M05;-0.06
Hushållens konsumtion;Förändring från föregående period;2003M06;-0.05
Hushållens konsumtion;Förändring från föregående period;2003M07;-0.05
Hushållens konsumtion;Förändring från föregående period;2003M08;-0.08
Hushållens konsumtion;Förändring från föregående period;2003M09;-0.13
Hushållens konsumtion;Förändring från föregående period;2003M10;-0.13
Hushållens konsumtion;Förändring från föregående period;2003M11;-0.07
Hushållens konsumtion;Förändring från föregående period;2003M12;-0.03
Hushållens konsumtion;Förändring från föregående period;2004M01;0.01
Hushållens konsumtion;Förändring från föregående period;2004M02;0.05
Hushållens konsumtion;Förändring från föregående period;2004M03;0.04
Hushållens konsumtion;Förändring från föregående period;2004M04;0.01
Hushållens konsumtion;Förändring från föregående period;2004M05;-0.01
Hushållens konsumtion;Förändring från föregående period;2004M06;-0.03
Hushållens konsumtion;Förändring från föregående period;2004M07;-0.04
Hushållens konsumtion;Förändring från föregående period;2004M08;-0.04
Hushållens konsumtion;Förändring från föregående period;2004M09;-0.02
Hushållens konsumtion;Förändring från föregående period;2004M10;0.01
Hushållens konsumtion;Förändring från föregående period;2004M11;0.07
Hushållens konsumtion;Förändring från föregående period;2004M12;0.12
Hushållens konsumtion;Förändring från föregående period;2005M01;0.16
Hushållens konsumtion;Förändring från föregående period;2005M02;0.16
Hushållens konsumtion;Förändring från föregående period;2005M03;0.14
Hushållens konsumtion;Förändring från föregående period;2005M04;0.1
Hushållens konsumtion;Förändring från föregående period;2005M05;0.05
Hushållens konsumtion;Förändring från föregående period;2005M06;0
Hushållens konsumtion;Förändring från föregående period;2005M07;0
Hushållens konsumtion;Förändring från föregående period;2005M08;0.07
Hushållens konsumtion;Förändring från föregående period;2005M09;0.14
Hushållens konsumtion;Förändring från föregående period;2005M10;0.19
Hushållens konsumtion;Förändring från föregående period;2005M11;0.19
Hushållens konsumtion;Förändring från föregående period;2005M12;0.14
Hushållens konsumtion;Förändring från föregående period;2006M01;0.1
Hushållens konsumtion;Förändring från föregående period;2006M02;0.04
Hushållens konsumtion;Förändring från föregående period;2006M03;0
Hushållens konsumtion;Förändring från föregående period;2006M04;0.01
Hushållens konsumtion;Förändring från föregående period;2006M05;0.03
Hushållens konsumtion;Förändring från föregående period;2006M06;0.06
Hushållens konsumtion;Förändring från föregående period;2006M07;0.07
Hushållens konsumtion;Förändring från föregående period;2006M08;0.06
Hushållens konsumtion;Förändring från föregående period;2006M09;0.06
Hushållens konsumtion;Förändring från föregående period;2006M10;0.11
Hushållens konsumtion;Förändring från föregående period;2006M11;0.16
Hushållens konsumtion;Förändring från föregående period;2006M12;0.19
Hushållens konsumtion;Förändring från föregående period;2007M01;0.19
Hushållens konsumtion;Förändring från föregående period;2007M02;0.14
Hushållens konsumtion;Förändring från föregående period;2007M03;0.08
Hushållens konsumtion;Förändring från föregående period;2007M04;0.05
Hushållens konsumtion;Förändring från föregående period;2007M05;0.03
Hushållens konsumtion;Förändring från föregående period;2007M06;0.05
Hushållens konsumtion;Förändring från föregående period;2007M07;0.09
Hushållens konsumtion;Förändring från föregående period;2007M08;0.12
Hushållens konsumtion;Förändring från föregående period;2007M09;0.11
Hushållens konsumtion;Förändring från föregående period;2007M10;-0.01
Hushållens konsumtion;Förändring från föregående period;2007M11;-0.16
Hushållens konsumtion;Förändring från föregående period;2007M12;-0.25
Hushållens konsumtion;Förändring från föregående period;2008M01;-0.26
Hushållens konsumtion;Förändring från föregående period;2008M02;-0.25
Hushållens konsumtion;Förändring från föregående period;2008M03;-0.19
Hushållens konsumtion;Förändring från föregående period;2008M04;-0.15
Hushållens konsumtion;Förändring från föregående period;2008M05;-0.12
Hushållens konsumtion;Förändring från föregående period;2008M06;-0.11
Hushållens konsumtion;Förändring från föregående period;2008M07;-0.18
Hushållens konsumtion;Förändring från föregående period;2008M08;-0.26
Hushållens konsumtion;Förändring från föregående period;2008M09;-0.28
Hushållens konsumtion;Förändring från föregående period;2008M10;-0.28
Hushållens konsumtion;Förändring från föregående period;2008M11;-0.24
Hushållens konsumtion;Förändring från föregående period;2008M12;-0.21
Hushållens konsumtion;Förändring från föregående period;2009M01;-0.18
Hushållens konsumtion;Förändring från föregående period;2009M02;-0.08
Hushållens konsumtion;Förändring från föregående period;2009M03;0.01
Hushållens konsumtion;Förändring från föregående period;2009M04;0.03
Hushållens konsumtion;Förändring från föregående period;2009M05;0.03
Hushållens konsumtion;Förändring från föregående period;2009M06;-0.02
Hushållens konsumtion;Förändring från föregående period;2009M07;-0.1
Hushållens konsumtion;Förändring från föregående period;2009M08;-0.14
Hushållens konsumtion;Förändring från föregående period;2009M09;-0.16
Hushållens konsumtion;Förändring från föregående period;2009M10;-0.08
Hushållens konsumtion;Förändring från föregående period;2009M11;0.07
Hushållens konsumtion;Förändring från föregående period;2009M12;0.2
Hushållens konsumtion;Förändring från föregående period;2010M01;0.27
Hushållens konsumtion;Förändring från föregående period;2010M02;0.27
Hushållens konsumtion;Förändring från föregående period;2010M03;0.19
Hushållens konsumtion;Förändring från föregående period;2010M04;0.1
Hushållens konsumtion;Förändring från föregående period;2010M05;0.03
Hushållens konsumtion;Förändring från föregående period;2010M06;0
Hushållens konsumtion;Förändring från föregående period;2010M07;0.05
Hushållens konsumtion;Förändring från föregående period;2010M08;0.11
Hushållens konsumtion;Förändring från föregående period;2010M09;0.14
Hushållens konsumtion;Förändring från föregående period;2010M10;0.11
Hushållens konsumtion;Förändring från föregående period;2010M11;0.02
Hushållens konsumtion;Förändring från föregående period;2010M12;-0.05
Hushållens konsumtion;Förändring från föregående period;2011M01;-0.14
Hushållens konsumtion;Förändring från föregående period;2011M02;-0.18
Hushållens konsumtion;Förändring från föregående period;2011M03;-0.19
Hushållens konsumtion;Förändring från föregående period;2011M04;-0.12
Hushållens konsumtion;Förändring från föregående period;2011M05;-0.05
Hushållens konsumtion;Förändring från föregående period;2011M06;-0.02
Hushållens konsumtion;Förändring från föregående period;2011M07;-0.02
Hushållens konsumtion;Förändring från föregående period;2011M08;-0.05
Hushållens konsumtion;Förändring från föregående period;2011M09;-0.12
Hushållens konsumtion;Förändring från föregående period;2011M10;-0.16
Hushållens konsumtion;Förändring från föregående period;2011M11;-0.16
Hushållens konsumtion;Förändring från föregående period;2011M12;-0.17
Hushållens konsumtion;Förändring från föregående period;2012M01;-0.12
Hushållens konsumtion;Förändring från föregående period;2012M02;-0.03
Hushållens konsumtion;Förändring från föregående period;2012M03;0.03
Hushållens konsumtion;Förändring från föregående period;2012M04;0.09
Hushållens konsumtion;Förändring från föregående period;2012M05;0.11
Hushållens konsumtion;Förändring från föregående period;2012M06;0.08
Hushållens konsumtion;Förändring från föregående period;2012M07;0.05
Hushållens konsumtion;Förändring från föregående period;2012M08;0.03
Hushållens konsumtion;Förändring från föregående period;2012M09;0.06
Hushållens konsumtion;Förändring från föregående period;2012M10;0.09
Hushållens konsumtion;Förändring från föregående period;2012M11;0.1
Hushållens konsumtion;Förändring från föregående period;2012M12;0.09
Hushållens konsumtion;Förändring från föregående period;2013M01;0.04
Hushållens konsumtion;Förändring från föregående period;2013M02;-0.06
Hushållens konsumtion;Förändring från föregående period;2013M03;-0.12
Hushållens konsumtion;Förändring från föregående period;2013M04;-0.15
Hushållens konsumtion;Förändring från föregående period;2013M05;-0.15
Hushållens konsumtion;Förändring från föregående period;2013M06;-0.07
Hushållens konsumtion;Förändring från föregående period;2013M07;0
Hushållens konsumtion;Förändring från föregående period;2013M08;0.03
Hushållens konsumtion;Förändring från föregående period;2013M09;0.04
Hushållens konsumtion;Förändring från föregående period;2013M10;0.04
Hushållens konsumtion;Förändring från föregående period;2013M11;0.03
Hushållens konsumtion;Förändring från föregående period;2013M12;0.05
Hushållens konsumtion;Förändring från föregående period;2014M01;0.08
Hushållens konsumtion;Förändring från föregående period;2014M02;0.08
Hushållens konsumtion;Förändring från föregående period;2014M03;0.07
Hushållens konsumtion;Förändring från föregående period;2014M04;0.02
Hushållens konsumtion;Förändring från föregående period;2014M05;-0.02
Hushållens konsumtion;Förändring från föregående period;2014M06;-0.05
Hushållens konsumtion;Förändring från föregående period;2014M07;-0.07
Hushållens konsumtion;Förändring från föregående period;2014M08;-0.04
Hushållens konsumtion;Förändring från föregående period;2014M09;0.02
Hushållens konsumtion;Förändring från föregående period;2014M10;0.08
Hushållens konsumtion;Förändring från föregående period;2014M11;0.12
Hushållens konsumtion;Förändring från föregående period;2014M12;0.11
Hushållens konsumtion;Förändring från föregående period;2015M01;0.08
Hushållens konsumtion;Förändring från föregående period;2015M02;0.09
Hushållens konsumtion;Förändring från föregående period;2015M03;0.09
Hushållens konsumtion;Förändring från föregående period;2015M04;0.07
Hushållens konsumtion;Förändring från föregående period;2015M05;0.07
Hushållens konsumtion;Förändring från föregående period;2015M06;0.05
Hushållens konsumtion;Förändring från föregående period;2015M07;0.03
Hushållens konsumtion;Förändring från föregående period;2015M08;0.01
Hushållens konsumtion;Förändring från föregående period;2015M09;0.01
Hushållens konsumtion;Förändring från föregående period;2015M10;0
Hushållens konsumtion;Förändring från föregående period;2015M11;0.02
Hushållens konsumtion;Förändring från föregående period;2015M12;0.06
Hushållens konsumtion;Förändring från föregående period;2016M01;0.1
Hushållens konsumtion;Förändring från föregående period;2016M02;0.16
Hushållens konsumtion;Förändring från föregående period;2016M03;0.2
Hushållens konsumtion;Förändring från föregående period;2016M04;0.22
Hushållens konsumtion;Förändring från föregående period;2016M05;0.21
Hushållens konsumtion;Förändring från föregående period;2016M06;0.18
Hushållens konsumtion;Förändring från föregående period;2016M07;0.15
Hushållens konsumtion;Förändring från föregående period;2016M08;0.11
Hushållens konsumtion;Förändring från föregående period;2016M09;0.08
Hushållens konsumtion;Förändring från föregående period;2016M10;0.06
Hushållens konsumtion;Förändring från föregående period;2016M11;0.01
Hushållens konsumtion;Förändring från föregående period;2016M12;-0.09
Hushållens konsumtion;Förändring från föregående period;2017M01;-0.17
Hushållens konsumtion;Förändring från föregående period;2017M02;-0.2
Hushållens konsumtion;Förändring från föregående period;2017M03;-0.18
Hushållens konsumtion;Förändring från föregående period;2017M04;-0.09
Hushållens konsumtion;Förändring från föregående period;2017M05;0
Hushållens konsumtion;Förändring från föregående period;2017M06;0.07
Hushållens konsumtion;Förändring från föregående period;2017M07;0.13
Hushållens konsumtion;Förändring från föregående period;2017M08;0.12
Hushållens konsumtion;Förändring från föregående period;2017M09;0.05
Hushållens konsumtion;Förändring från föregående period;2017M10;-0.02
Hushållens konsumtion;Förändring från föregående period;2017M11;-0.03
Hushållens konsumtion;Förändring från föregående period;2017M12;-0.01
Hushållens konsumtion;Förändring från föregående period;2018M01;0.05
Hushållens konsumtion;Förändring från föregående period;2018M02;0.11
Hushållens konsumtion;Förändring från föregående period;2018M03;0.18
Hushållens konsumtion;Förändring från föregående period;2018M04;0.2
Hushållens konsumtion;Förändring från föregående period;2018M05;0.13
Hushållens konsumtion;Förändring från föregående period;2018M06;0.01
Hushållens konsumtion;Förändring från föregående period;2018M07;-0.13
Hushållens konsumtion;Förändring från föregående period;2018M08;-0.22
Hushållens konsumtion;Förändring från föregående period;2018M09;-0.21
Hushållens konsumtion;Förändring från föregående period;2018M10;-0.13
Hushållens konsumtion;Förändring från föregående period;2018M11;-0.02
Hushållens konsumtion;Förändring från föregående period;2018M12;0.07
Hushållens konsumtion;Förändring från föregående period;2019M01;0.08
Hushållens konsumtion;Förändring från föregående period;2019M02;-0.01
Hushållens konsumtion;Förändring från föregående period;2019M03;-0.14
Hushållens konsumtion;Förändring från föregående period;2019M04;-0.21
Hushållens konsumtion;Förändring från föregående period;2019M05;-0.18
Hushållens konsumtion;Förändring från föregående period;2019M06;-0.08
Hushållens konsumtion;Förändring från föregående period;2019M07;0.03
Hushållens konsumtion;Förändring från föregående period;2019M08;0.12
Hushållens konsumtion;Förändring från föregående period;2019M09;0.16
Hushållens konsumtion;Förändring från föregående period;2019M10;0.14
Hushållens konsumtion;Förändring från föregående period;2019M11;0.1
Hushållens konsumtion;Förändring från föregående period;2019M12;0.07
Hushållens konsumtion;Förändring från föregående period;2020M01;0.02
Hushållens konsumtion;Förändring från föregående period;2020M02;-0.06
Hushållens konsumtion;Förändring från föregående period;2020M03;-0.14
Hushållens konsumtion;Förändring från föregående period;2020M04;-0.22
Hushållens konsumtion;Förändring från föregående period;2020M05;-0.25
Hushållens konsumtion;Förändring från föregående period;2020M06;-0.19
Hushållens konsumtion;Förändring från föregående period;2020M07;-0.1
Hushållens konsumtion;Förändring från föregående period;2020M08;-0.04
Hushållens konsumtion;Förändring från föregående period;2020M09;-0.03
Hushållens konsumtion;Förändring från föregående period;2020M10;-0.06
Hushållens konsumtion;Förändring från föregående period;2020M11;-0.1
Hushållens konsumtion;Förändring från föregående period;2020M12;-0.12
Hushållens konsumtion;Förändring från föregående period;2021M01;-0.08
Hushållens konsumtion;Förändring från föregående period;2021M02;0.05
Hushållens konsumtion;Förändring från föregående period;2021M03;0.16
Hushållens konsumtion;Förändring från föregående period;2021M04;0.19
Hushållens konsumtion;Förändring från föregående period;2021M05;0.19
Hushållens konsumtion;Förändring från föregående period;2021M06;0.14
Hushållens konsumtion;Förändring från föregående period;2021M07;0.1
Hushållens konsumtion;Förändring från föregående period;2021M08;0.11
Hushållens konsumtion;Förändring från föregående period;2021M09;0.14
Hushållens konsumtion;Förändring från föregående period;2021M10;0.19
Hushållens konsumtion;Förändring från föregående period;2021M11;0.24
Hushållens konsumtion;Förändring från föregående period;2021M12;0.25
Hushållens konsumtion;Förändring från föregående period;2022M01;0.23
Hushållens konsumtion;Förändring från föregående period;2022M02;0.17
Hushållens konsumtion;Förändring från föregående period;2022M03;0.05
Hushållens konsumtion;Förändring från föregående period;2022M04;-0.04
Hushållens konsumtion;Förändring från föregående period;2022M05;-0.15
Hushållens konsumtion;Förändring från föregående period;2022M06;-0.25
Hushållens konsumtion;Förändring från föregående period;2022M07;-0.28
Hushållens konsumtion;Förändring från föregående period;2022M08;-0.3
Hushållens konsumtion;Förändring från föregående period;2022M09;-0.31
Hushållens konsumtion;Förändring från föregående period;2022M10;-0.33
Hushållens konsumtion;Förändring från föregående period;2022M11;-0.39
Hushållens konsumtion;Förändring från föregående period;2022M12;-0.44
Hushållens konsumtion;Förändring från föregående period;2023M01;-0.45
Hushållens konsumtion;Förändring från föregående period;2023M02;-0.37
Hushållens konsumtion;Förändring från föregående period;2023M03;-0.24
Hushållens konsumtion;Förändring från föregående period;2023M04;-0.13
Hushållens konsumtion;Förändring från föregående period;2023M05;-0.07
Hushållens konsumtion;Förändring från föregående period;2023M06;-0.05
Hushållens konsumtion;Förändring från föregående period;2023M07;-0.05
Hushållens konsumtion;Förändring från föregående period;2023M08;-0.02
Hushållens konsumtion;Förändring från föregående period;2023M09;0
Hushållens konsumtion;Förändring från föregående period;2023M10;0.01
Hushållens konsumtion;Förändring från föregående period;2023M11;0
Hushållens konsumtion;Förändring från föregående period;2023M12;-0.01
Hushållens konsumtion;Förändring från föregående period;2024M01;-0.04
Hushållens konsumtion;Förändring från föregående period;2024M02;-0.05
Hushållens konsumtion;Förändring från föregående period;2024M03;-0.02
Hushållens konsumtion;Förändring från föregående period;2024M04;0.06
Hushållens konsumtion;Förändring från föregående period;2024M05;0.1
Hushållens konsumtion;Förändring från föregående period;2024M06;0.11
Hushållens konsumtion;Förändring från föregående period;2024M07;0.06
Hushållens konsumtion;Förändring från föregående period;2024M08;0
Hushållens konsumtion;Förändring från föregående period;2024M09;0.01
Hushållens konsumtion;Förändring från föregående period;2024M10;0.06
Hushållens konsumtion;Förändring från föregående period;2024M11;0.14
Hushållens konsumtion;Förändring från föregående period;2024M12;0.22
Hushållens konsumtion;Förändring från föregående period;2025M01;0.23
Hushållens konsumtion;Förändring från föregående period;2025M02;0.17
Hushållens konsumtion;Förändring från föregående period;2025M03;0.07
Hushållens konsumtion;Förändring från föregående period;2025M04;-0.01
Hushållens konsumtion;Förändring från föregående period;2025M05;0
Hushållens konsumtion;Förändring från föregående period;2025M06;0.09
Hushållens konsumtion;Förändring från föregående period;2025M07;0.18
Hushållens konsumtion;Förändring från föregående period;2025M08;0.25
Hushållens konsumtion;Förändring från föregående period;2025M09;0.24
Hushållens konsumtion;Förändring från föregående period;2025M10;0.2
Hushållens konsumtion;Förändring från föregående period;2025M11;0.15
Hushållens konsumtion;Förändring från föregående period;2025M12;0.09
Hushållens konsumtion;Förändring från föregående period;2026M01;0.1
Hushållens konsumtion;Förändring från föregående period;2026M02;0.14
Hushållens konsumtion;Förändring från föregående period;2026M03;0.17
Hushållens konsumtion;Förändring från föregående period;2026M04;0.17
Hushållens konsumtion;Förändring från föregående period;2026M05;0.18
Hushållens konsumtion;Förändring från föregående period;2026M06;0.17
Hushållens konsumtion;Förändring från föregående period;2026M07;
Hushållens konsumtion;Förändring från föregående period;2026M08;
Detaljhandel sällanköpsvaror;Konjunkturläge;2000M01;0.51
Detaljhandel sällanköpsvaror;Konjunkturläge;2000M02;0.56
Detaljhandel sällanköpsvaror;Konjunkturläge;2000M03;0.61
Detaljhandel sällanköpsvaror;Konjunkturläge;2000M04;0.65
Detaljhandel sällanköpsvaror;Konjunkturläge;2000M05;0.66
Detaljhandel sällanköpsvaror;Konjunkturläge;2000M06;0.64
Detaljhandel sällanköpsvaror;Konjunkturläge;2000M07;0.58
Detaljhandel sällanköpsvaror;Konjunkturläge;2000M08;0.49
Detaljhandel sällanköpsvaror;Konjunkturläge;2000M09;0.42
Detaljhandel sällanköpsvaror;Konjunkturläge;2000M10;0.38
Detaljhandel sällanköpsvaror;Konjunkturläge;2000M11;0.35
Detaljhandel sällanköpsvaror;Konjunkturläge;2000M12;0.33
Detaljhandel sällanköpsvaror;Konjunkturläge;2001M01;0.29
Detaljhandel sällanköpsvaror;Konjunkturläge;2001M02;0.21
Detaljhandel sällanköpsvaror;Konjunkturläge;2001M03;0.11
Detaljhandel sällanköpsvaror;Konjunkturläge;2001M04;0.01
Detaljhandel sällanköpsvaror;Konjunkturläge;2001M05;-0.09
Detaljhandel sällanköpsvaror;Konjunkturläge;2001M06;-0.17
Detaljhandel sällanköpsvaror;Konjunkturläge;2001M07;-0.23
Detaljhandel sällanköpsvaror;Konjunkturläge;2001M08;-0.27
Detaljhandel sällanköpsvaror;Konjunkturläge;2001M09;-0.29
Detaljhandel sällanköpsvaror;Konjunkturläge;2001M10;-0.29
Detaljhandel sällanköpsvaror;Konjunkturläge;2001M11;-0.28
Detaljhandel sällanköpsvaror;Konjunkturläge;2001M12;-0.25
Detaljhandel sällanköpsvaror;Konjunkturläge;2002M01;-0.22
Detaljhandel sällanköpsvaror;Konjunkturläge;2002M02;-0.2
Detaljhandel sällanköpsvaror;Konjunkturläge;2002M03;-0.22
Detaljhandel sällanköpsvaror;Konjunkturläge;2002M04;-0.27
Detaljhandel sällanköpsvaror;Konjunkturläge;2002M05;-0.34
Detaljhandel sällanköpsvaror;Konjunkturläge;2002M06;-0.4
Detaljhandel sällanköpsvaror;Konjunkturläge;2002M07;-0.43
Detaljhandel sällanköpsvaror;Konjunkturläge;2002M08;-0.44
Detaljhandel sällanköpsvaror;Konjunkturläge;2002M09;-0.43
Detaljhandel sällanköpsvaror;Konjunkturläge;2002M10;-0.43
Detaljhandel sällanköpsvaror;Konjunkturläge;2002M11;-0.46
Detaljhandel sällanköpsvaror;Konjunkturläge;2002M12;-0.51
Detaljhandel sällanköpsvaror;Konjunkturläge;2003M01;-0.57
Detaljhandel sällanköpsvaror;Konjunkturläge;2003M02;-0.63
Detaljhandel sällanköpsvaror;Konjunkturläge;2003M03;-0.65
Detaljhandel sällanköpsvaror;Konjunkturläge;2003M04;-0.65
Detaljhandel sällanköpsvaror;Konjunkturläge;2003M05;-0.62
Detaljhandel sällanköpsvaror;Konjunkturläge;2003M06;-0.59
Detaljhandel sällanköpsvaror;Konjunkturläge;2003M07;-0.57
Detaljhandel sällanköpsvaror;Konjunkturläge;2003M08;-0.58
Detaljhandel sällanköpsvaror;Konjunkturläge;2003M09;-0.6
Detaljhandel sällanköpsvaror;Konjunkturläge;2003M10;-0.61
Detaljhandel sällanköpsvaror;Konjunkturläge;2003M11;-0.62
Detaljhandel sällanköpsvaror;Konjunkturläge;2003M12;-0.59
Detaljhandel sällanköpsvaror;Konjunkturläge;2004M01;-0.56
Detaljhandel sällanköpsvaror;Konjunkturläge;2004M02;-0.51
Detaljhandel sällanköpsvaror;Konjunkturläge;2004M03;-0.45
Detaljhandel sällanköpsvaror;Konjunkturläge;2004M04;-0.41
Detaljhandel sällanköpsvaror;Konjunkturläge;2004M05;-0.39
Detaljhandel sällanköpsvaror;Konjunkturläge;2004M06;-0.37
Detaljhandel sällanköpsvaror;Konjunkturläge;2004M07;-0.37
Detaljhandel sällanköpsvaror;Konjunkturläge;2004M08;-0.39
Detaljhandel sällanköpsvaror;Konjunkturläge;2004M09;-0.41
Detaljhandel sällanköpsvaror;Konjunkturläge;2004M10;-0.44
Detaljhandel sällanköpsvaror;Konjunkturläge;2004M11;-0.43
Detaljhandel sällanköpsvaror;Konjunkturläge;2004M12;-0.4
Detaljhandel sällanköpsvaror;Konjunkturläge;2005M01;-0.34
Detaljhandel sällanköpsvaror;Konjunkturläge;2005M02;-0.26
Detaljhandel sällanköpsvaror;Konjunkturläge;2005M03;-0.18
Detaljhandel sällanköpsvaror;Konjunkturläge;2005M04;-0.1
Detaljhandel sällanköpsvaror;Konjunkturläge;2005M05;-0.05
Detaljhandel sällanköpsvaror;Konjunkturläge;2005M06;-0.03
Detaljhandel sällanköpsvaror;Konjunkturläge;2005M07;-0.01
Detaljhandel sällanköpsvaror;Konjunkturläge;2005M08;0.02
Detaljhandel sällanköpsvaror;Konjunkturläge;2005M09;0.08
Detaljhandel sällanköpsvaror;Konjunkturläge;2005M10;0.15
Detaljhandel sällanköpsvaror;Konjunkturläge;2005M11;0.24
Detaljhandel sällanköpsvaror;Konjunkturläge;2005M12;0.32
Detaljhandel sällanköpsvaror;Konjunkturläge;2006M01;0.4
Detaljhandel sällanköpsvaror;Konjunkturläge;2006M02;0.44
Detaljhandel sällanköpsvaror;Konjunkturläge;2006M03;0.45
Detaljhandel sällanköpsvaror;Konjunkturläge;2006M04;0.44
Detaljhandel sällanköpsvaror;Konjunkturläge;2006M05;0.42
Detaljhandel sällanköpsvaror;Konjunkturläge;2006M06;0.42
Detaljhandel sällanköpsvaror;Konjunkturläge;2006M07;0.43
Detaljhandel sällanköpsvaror;Konjunkturläge;2006M08;0.48
Detaljhandel sällanköpsvaror;Konjunkturläge;2006M09;0.58
Detaljhandel sällanköpsvaror;Konjunkturläge;2006M10;0.71
Detaljhandel sällanköpsvaror;Konjunkturläge;2006M11;0.83
Detaljhandel sällanköpsvaror;Konjunkturläge;2006M12;0.93
Detaljhandel sällanköpsvaror;Konjunkturläge;2007M01;0.97
Detaljhandel sällanköpsvaror;Konjunkturläge;2007M02;0.98
Detaljhandel sällanköpsvaror;Konjunkturläge;2007M03;0.99
Detaljhandel sällanköpsvaror;Konjunkturläge;2007M04;1.01
Detaljhandel sällanköpsvaror;Konjunkturläge;2007M05;1.05
Detaljhandel sällanköpsvaror;Konjunkturläge;2007M06;1.11
Detaljhandel sällanköpsvaror;Konjunkturläge;2007M07;1.15
Detaljhandel sällanköpsvaror;Konjunkturläge;2007M08;1.16
Detaljhandel sällanköpsvaror;Konjunkturläge;2007M09;1.13
Detaljhandel sällanköpsvaror;Konjunkturläge;2007M10;1.1
Detaljhandel sällanköpsvaror;Konjunkturläge;2007M11;1.08
Detaljhandel sällanköpsvaror;Konjunkturläge;2007M12;1.11
Detaljhandel sällanköpsvaror;Konjunkturläge;2008M01;1.18
Detaljhandel sällanköpsvaror;Konjunkturläge;2008M02;1.23
Detaljhandel sällanköpsvaror;Konjunkturläge;2008M03;1.24
Detaljhandel sällanköpsvaror;Konjunkturläge;2008M04;1.18
Detaljhandel sällanköpsvaror;Konjunkturläge;2008M05;1.03
Detaljhandel sällanköpsvaror;Konjunkturläge;2008M06;0.83
Detaljhandel sällanköpsvaror;Konjunkturläge;2008M07;0.59
Detaljhandel sällanköpsvaror;Konjunkturläge;2008M08;0.34
Detaljhandel sällanköpsvaror;Konjunkturläge;2008M09;0.11
Detaljhandel sällanköpsvaror;Konjunkturläge;2008M10;-0.1
Detaljhandel sällanköpsvaror;Konjunkturläge;2008M11;-0.25
Detaljhandel sällanköpsvaror;Konjunkturläge;2008M12;-0.35
Detaljhandel sällanköpsvaror;Konjunkturläge;2009M01;-0.39
Detaljhandel sällanköpsvaror;Konjunkturläge;2009M02;-0.37
Detaljhandel sällanköpsvaror;Konjunkturläge;2009M03;-0.31
Detaljhandel sällanköpsvaror;Konjunkturläge;2009M04;-0.26
Detaljhandel sällanköpsvaror;Konjunkturläge;2009M05;-0.24
Detaljhandel sällanköpsvaror;Konjunkturläge;2009M06;-0.24
Detaljhandel sällanköpsvaror;Konjunkturläge;2009M07;-0.26
Detaljhandel sällanköpsvaror;Konjunkturläge;2009M08;-0.29
Detaljhandel sällanköpsvaror;Konjunkturläge;2009M09;-0.32
Detaljhandel sällanköpsvaror;Konjunkturläge;2009M10;-0.34
Detaljhandel sällanköpsvaror;Konjunkturläge;2009M11;-0.35
Detaljhandel sällanköpsvaror;Konjunkturläge;2009M12;-0.37
Detaljhandel sällanköpsvaror;Konjunkturläge;2010M01;-0.38
Detaljhandel sällanköpsvaror;Konjunkturläge;2010M02;-0.36
Detaljhandel sällanköpsvaror;Konjunkturläge;2010M03;-0.3
Detaljhandel sällanköpsvaror;Konjunkturläge;2010M04;-0.18
Detaljhandel sällanköpsvaror;Konjunkturläge;2010M05;-0.03
Detaljhandel sällanköpsvaror;Konjunkturläge;2010M06;0.15
Detaljhandel sällanköpsvaror;Konjunkturläge;2010M07;0.3
Detaljhandel sällanköpsvaror;Konjunkturläge;2010M08;0.42
Detaljhandel sällanköpsvaror;Konjunkturläge;2010M09;0.45
Detaljhandel sällanköpsvaror;Konjunkturläge;2010M10;0.41
Detaljhandel sällanköpsvaror;Konjunkturläge;2010M11;0.28
Detaljhandel sällanköpsvaror;Konjunkturläge;2010M12;0.14
Detaljhandel sällanköpsvaror;Konjunkturläge;2011M01;-0.01
Detaljhandel sällanköpsvaror;Konjunkturläge;2011M02;-0.13
Detaljhandel sällanköpsvaror;Konjunkturläge;2011M03;-0.21
Detaljhandel sällanköpsvaror;Konjunkturläge;2011M04;-0.26
Detaljhandel sällanköpsvaror;Konjunkturläge;2011M05;-0.3
Detaljhandel sällanköpsvaror;Konjunkturläge;2011M06;-0.36
Detaljhandel sällanköpsvaror;Konjunkturläge;2011M07;-0.44
Detaljhandel sällanköpsvaror;Konjunkturläge;2011M08;-0.5
Detaljhandel sällanköpsvaror;Konjunkturläge;2011M09;-0.54
Detaljhandel sällanköpsvaror;Konjunkturläge;2011M10;-0.54
Detaljhandel sällanköpsvaror;Konjunkturläge;2011M11;-0.5
Detaljhandel sällanköpsvaror;Konjunkturläge;2011M12;-0.48
Detaljhandel sällanköpsvaror;Konjunkturläge;2012M01;-0.48
Detaljhandel sällanköpsvaror;Konjunkturläge;2012M02;-0.51
Detaljhandel sällanköpsvaror;Konjunkturläge;2012M03;-0.59
Detaljhandel sällanköpsvaror;Konjunkturläge;2012M04;-0.68
Detaljhandel sällanköpsvaror;Konjunkturläge;2012M05;-0.76
Detaljhandel sällanköpsvaror;Konjunkturläge;2012M06;-0.82
Detaljhandel sällanköpsvaror;Konjunkturläge;2012M07;-0.88
Detaljhandel sällanköpsvaror;Konjunkturläge;2012M08;-0.94
Detaljhandel sällanköpsvaror;Konjunkturläge;2012M09;-0.97
Detaljhandel sällanköpsvaror;Konjunkturläge;2012M10;-0.99
Detaljhandel sällanköpsvaror;Konjunkturläge;2012M11;-1
Detaljhandel sällanköpsvaror;Konjunkturläge;2012M12;-1
Detaljhandel sällanköpsvaror;Konjunkturläge;2013M01;-0.99
Detaljhandel sällanköpsvaror;Konjunkturläge;2013M02;-1
Detaljhandel sällanköpsvaror;Konjunkturläge;2013M03;-1.02
Detaljhandel sällanköpsvaror;Konjunkturläge;2013M04;-1.04
Detaljhandel sällanköpsvaror;Konjunkturläge;2013M05;-1.04
Detaljhandel sällanköpsvaror;Konjunkturläge;2013M06;-1.02
Detaljhandel sällanköpsvaror;Konjunkturläge;2013M07;-0.98
Detaljhandel sällanköpsvaror;Konjunkturläge;2013M08;-0.94
Detaljhandel sällanköpsvaror;Konjunkturläge;2013M09;-0.92
Detaljhandel sällanköpsvaror;Konjunkturläge;2013M10;-0.92
Detaljhandel sällanköpsvaror;Konjunkturläge;2013M11;-0.91
Detaljhandel sällanköpsvaror;Konjunkturläge;2013M12;-0.87
Detaljhandel sällanköpsvaror;Konjunkturläge;2014M01;-0.82
Detaljhandel sällanköpsvaror;Konjunkturläge;2014M02;-0.76
Detaljhandel sällanköpsvaror;Konjunkturläge;2014M03;-0.71
Detaljhandel sällanköpsvaror;Konjunkturläge;2014M04;-0.69
Detaljhandel sällanköpsvaror;Konjunkturläge;2014M05;-0.7
Detaljhandel sällanköpsvaror;Konjunkturläge;2014M06;-0.74
Detaljhandel sällanköpsvaror;Konjunkturläge;2014M07;-0.78
Detaljhandel sällanköpsvaror;Konjunkturläge;2014M08;-0.79
Detaljhandel sällanköpsvaror;Konjunkturläge;2014M09;-0.75
Detaljhandel sällanköpsvaror;Konjunkturläge;2014M10;-0.66
Detaljhandel sällanköpsvaror;Konjunkturläge;2014M11;-0.54
Detaljhandel sällanköpsvaror;Konjunkturläge;2014M12;-0.4
Detaljhandel sällanköpsvaror;Konjunkturläge;2015M01;-0.26
Detaljhandel sällanköpsvaror;Konjunkturläge;2015M02;-0.13
Detaljhandel sällanköpsvaror;Konjunkturläge;2015M03;0
Detaljhandel sällanköpsvaror;Konjunkturläge;2015M04;0.12
Detaljhandel sällanköpsvaror;Konjunkturläge;2015M05;0.24
Detaljhandel sällanköpsvaror;Konjunkturläge;2015M06;0.35
Detaljhandel sällanköpsvaror;Konjunkturläge;2015M07;0.43
Detaljhandel sällanköpsvaror;Konjunkturläge;2015M08;0.46
Detaljhandel sällanköpsvaror;Konjunkturläge;2015M09;0.45
Detaljhandel sällanköpsvaror;Konjunkturläge;2015M10;0.41
Detaljhandel sällanköpsvaror;Konjunkturläge;2015M11;0.35
Detaljhandel sällanköpsvaror;Konjunkturläge;2015M12;0.31
Detaljhandel sällanköpsvaror;Konjunkturläge;2016M01;0.31
Detaljhandel sällanköpsvaror;Konjunkturläge;2016M02;0.32
Detaljhandel sällanköpsvaror;Konjunkturläge;2016M03;0.34
Detaljhandel sällanköpsvaror;Konjunkturläge;2016M04;0.34
Detaljhandel sällanköpsvaror;Konjunkturläge;2016M05;0.31
Detaljhandel sällanköpsvaror;Konjunkturläge;2016M06;0.25
Detaljhandel sällanköpsvaror;Konjunkturläge;2016M07;0.2
Detaljhandel sällanköpsvaror;Konjunkturläge;2016M08;0.18
Detaljhandel sällanköpsvaror;Konjunkturläge;2016M09;0.2
Detaljhandel sällanköpsvaror;Konjunkturläge;2016M10;0.26
Detaljhandel sällanköpsvaror;Konjunkturläge;2016M11;0.34
Detaljhandel sällanköpsvaror;Konjunkturläge;2016M12;0.36
Detaljhandel sällanköpsvaror;Konjunkturläge;2017M01;0.31
Detaljhandel sällanköpsvaror;Konjunkturläge;2017M02;0.24
Detaljhandel sällanköpsvaror;Konjunkturläge;2017M03;0.15
Detaljhandel sällanköpsvaror;Konjunkturläge;2017M04;0.09
Detaljhandel sällanköpsvaror;Konjunkturläge;2017M05;0.07
Detaljhandel sällanköpsvaror;Konjunkturläge;2017M06;0.09
Detaljhandel sällanköpsvaror;Konjunkturläge;2017M07;0.13
Detaljhandel sällanköpsvaror;Konjunkturläge;2017M08;0.19
Detaljhandel sällanköpsvaror;Konjunkturläge;2017M09;0.24
Detaljhandel sällanköpsvaror;Konjunkturläge;2017M10;0.26
Detaljhandel sällanköpsvaror;Konjunkturläge;2017M11;0.25
Detaljhandel sällanköpsvaror;Konjunkturläge;2017M12;0.23
Detaljhandel sällanköpsvaror;Konjunkturläge;2018M01;0.19
Detaljhandel sällanköpsvaror;Konjunkturläge;2018M02;0.1
Detaljhandel sällanköpsvaror;Konjunkturläge;2018M03;0.01
Detaljhandel sällanköpsvaror;Konjunkturläge;2018M04;-0.07
Detaljhandel sällanköpsvaror;Konjunkturläge;2018M05;-0.12
Detaljhandel sällanköpsvaror;Konjunkturläge;2018M06;-0.16
Detaljhandel sällanköpsvaror;Konjunkturläge;2018M07;-0.18
Detaljhandel sällanköpsvaror;Konjunkturläge;2018M08;-0.18
Detaljhandel sällanköpsvaror;Konjunkturläge;2018M09;-0.17
Detaljhandel sällanköpsvaror;Konjunkturläge;2018M10;-0.16
Detaljhandel sällanköpsvaror;Konjunkturläge;2018M11;-0.15
Detaljhandel sällanköpsvaror;Konjunkturläge;2018M12;-0.15
Detaljhandel sällanköpsvaror;Konjunkturläge;2019M01;-0.17
Detaljhandel sällanköpsvaror;Konjunkturläge;2019M02;-0.21
Detaljhandel sällanköpsvaror;Konjunkturläge;2019M03;-0.25
Detaljhandel sällanköpsvaror;Konjunkturläge;2019M04;-0.27
Detaljhandel sällanköpsvaror;Konjunkturläge;2019M05;-0.25
Detaljhandel sällanköpsvaror;Konjunkturläge;2019M06;-0.18
Detaljhandel sällanköpsvaror;Konjunkturläge;2019M07;-0.06
Detaljhandel sällanköpsvaror;Konjunkturläge;2019M08;0.08
Detaljhandel sällanköpsvaror;Konjunkturläge;2019M09;0.23
Detaljhandel sällanköpsvaror;Konjunkturläge;2019M10;0.4
Detaljhandel sällanköpsvaror;Konjunkturläge;2019M11;0.56
Detaljhandel sällanköpsvaror;Konjunkturläge;2019M12;0.7
Detaljhandel sällanköpsvaror;Konjunkturläge;2020M01;0.83
Detaljhandel sällanköpsvaror;Konjunkturläge;2020M02;0.97
Detaljhandel sällanköpsvaror;Konjunkturläge;2020M03;1.11
Detaljhandel sällanköpsvaror;Konjunkturläge;2020M04;1.19
Detaljhandel sällanköpsvaror;Konjunkturläge;2020M05;1.23
Detaljhandel sällanköpsvaror;Konjunkturläge;2020M06;1.24
Detaljhandel sällanköpsvaror;Konjunkturläge;2020M07;1.23
Detaljhandel sällanköpsvaror;Konjunkturläge;2020M08;1.18
Detaljhandel sällanköpsvaror;Konjunkturläge;2020M09;1.14
Detaljhandel sällanköpsvaror;Konjunkturläge;2020M10;1.15
Detaljhandel sällanköpsvaror;Konjunkturläge;2020M11;1.25
Detaljhandel sällanköpsvaror;Konjunkturläge;2020M12;1.43
Detaljhandel sällanköpsvaror;Konjunkturläge;2021M01;1.68
Detaljhandel sällanköpsvaror;Konjunkturläge;2021M02;1.95
Detaljhandel sällanköpsvaror;Konjunkturläge;2021M03;2.24
Detaljhandel sällanköpsvaror;Konjunkturläge;2021M04;2.5
Detaljhandel sällanköpsvaror;Konjunkturläge;2021M05;2.69
Detaljhandel sällanköpsvaror;Konjunkturläge;2021M06;2.81
Detaljhandel sällanköpsvaror;Konjunkturläge;2021M07;2.89
Detaljhandel sällanköpsvaror;Konjunkturläge;2021M08;2.92
Detaljhandel sällanköpsvaror;Konjunkturläge;2021M09;2.91
Detaljhandel sällanköpsvaror;Konjunkturläge;2021M10;2.84
Detaljhandel sällanköpsvaror;Konjunkturläge;2021M11;2.74
Detaljhandel sällanköpsvaror;Konjunkturläge;2021M12;2.66
Detaljhandel sällanköpsvaror;Konjunkturläge;2022M01;2.6
Detaljhandel sällanköpsvaror;Konjunkturläge;2022M02;2.51
Detaljhandel sällanköpsvaror;Konjunkturläge;2022M03;2.35
Detaljhandel sällanköpsvaror;Konjunkturläge;2022M04;2.1
Detaljhandel sällanköpsvaror;Konjunkturläge;2022M05;1.74
Detaljhandel sällanköpsvaror;Konjunkturläge;2022M06;1.29
Detaljhandel sällanköpsvaror;Konjunkturläge;2022M07;0.84
Detaljhandel sällanköpsvaror;Konjunkturläge;2022M08;0.45
Detaljhandel sällanköpsvaror;Konjunkturläge;2022M09;0.17
Detaljhandel sällanköpsvaror;Konjunkturläge;2022M10;-0.03
Detaljhandel sällanköpsvaror;Konjunkturläge;2022M11;-0.23
Detaljhandel sällanköpsvaror;Konjunkturläge;2022M12;-0.46
Detaljhandel sällanköpsvaror;Konjunkturläge;2023M01;-0.73
Detaljhandel sällanköpsvaror;Konjunkturläge;2023M02;-0.96
Detaljhandel sällanköpsvaror;Konjunkturläge;2023M03;-1.13
Detaljhandel sällanköpsvaror;Konjunkturläge;2023M04;-1.23
Detaljhandel sällanköpsvaror;Konjunkturläge;2023M05;-1.29
Detaljhandel sällanköpsvaror;Konjunkturläge;2023M06;-1.34
Detaljhandel sällanköpsvaror;Konjunkturläge;2023M07;-1.43
Detaljhandel sällanköpsvaror;Konjunkturläge;2023M08;-1.58
Detaljhandel sällanköpsvaror;Konjunkturläge;2023M09;-1.78
Detaljhandel sällanköpsvaror;Konjunkturläge;2023M10;-1.99
Detaljhandel sällanköpsvaror;Konjunkturläge;2023M11;-2.18
Detaljhandel sällanköpsvaror;Konjunkturläge;2023M12;-2.33
Detaljhandel sällanköpsvaror;Konjunkturläge;2024M01;-2.44
Detaljhandel sällanköpsvaror;Konjunkturläge;2024M02;-2.52
Detaljhandel sällanköpsvaror;Konjunkturläge;2024M03;-2.56
Detaljhandel sällanköpsvaror;Konjunkturläge;2024M04;-2.55
Detaljhandel sällanköpsvaror;Konjunkturläge;2024M05;-2.51
Detaljhandel sällanköpsvaror;Konjunkturläge;2024M06;-2.46
Detaljhandel sällanköpsvaror;Konjunkturläge;2024M07;-2.42
Detaljhandel sällanköpsvaror;Konjunkturläge;2024M08;-2.36
Detaljhandel sällanköpsvaror;Konjunkturläge;2024M09;-2.28
Detaljhandel sällanköpsvaror;Konjunkturläge;2024M10;-2.15
Detaljhandel sällanköpsvaror;Konjunkturläge;2024M11;-1.97
Detaljhandel sällanköpsvaror;Konjunkturläge;2024M12;-1.75
Detaljhandel sällanköpsvaror;Konjunkturläge;2025M01;-1.54
Detaljhandel sällanköpsvaror;Konjunkturläge;2025M02;-1.36
Detaljhandel sällanköpsvaror;Konjunkturläge;2025M03;-1.25
Detaljhandel sällanköpsvaror;Konjunkturläge;2025M04;-1.17
Detaljhandel sällanköpsvaror;Konjunkturläge;2025M05;-1.07
Detaljhandel sällanköpsvaror;Konjunkturläge;2025M06;-0.9
Detaljhandel sällanköpsvaror;Konjunkturläge;2025M07;-0.63
Detaljhandel sällanköpsvaror;Konjunkturläge;2025M08;-0.32
Detaljhandel sällanköpsvaror;Konjunkturläge;2025M09;-0.02
Detaljhandel sällanköpsvaror;Konjunkturläge;2025M10;0.24
Detaljhandel sällanköpsvaror;Konjunkturläge;2025M11;0.44
Detaljhandel sällanköpsvaror;Konjunkturläge;2025M12;0.57
Detaljhandel sällanköpsvaror;Konjunkturläge;2026M01;0.69
Detaljhandel sällanköpsvaror;Konjunkturläge;2026M02;0.85
Detaljhandel sällanköpsvaror;Konjunkturläge;2026M03;1.07
Detaljhandel sällanköpsvaror;Konjunkturläge;2026M04;1.31
Detaljhandel sällanköpsvaror;Konjunkturläge;2026M05;1.56
Detaljhandel sällanköpsvaror;Konjunkturläge;2026M06;1.78
Detaljhandel sällanköpsvaror;Konjunkturläge;2026M07;1.96
Detaljhandel sällanköpsvaror;Konjunkturläge;2026M08;
Detaljhandel sällanköpsvaror;Förändring från föregående period;2000M01;
Detaljhandel sällanköpsvaror;Förändring från föregående period;2000M02;0.05
Detaljhandel sällanköpsvaror;Förändring från föregående period;2000M03;0.05
Detaljhandel sällanköpsvaror;Förändring från föregående period;2000M04;0.04
Detaljhandel sällanköpsvaror;Förändring från föregående period;2000M05;0.02
Detaljhandel sällanköpsvaror;Förändring från föregående period;2000M06;-0.02
Detaljhandel sällanköpsvaror;Förändring från föregående period;2000M07;-0.06
Detaljhandel sällanköpsvaror;Förändring från föregående period;2000M08;-0.08
Detaljhandel sällanköpsvaror;Förändring från föregående period;2000M09;-0.07
Detaljhandel sällanköpsvaror;Förändring från föregående period;2000M10;-0.05
Detaljhandel sällanköpsvaror;Förändring från föregående period;2000M11;-0.02
Detaljhandel sällanköpsvaror;Förändring från föregående period;2000M12;-0.02
Detaljhandel sällanköpsvaror;Förändring från föregående period;2001M01;-0.04
Detaljhandel sällanköpsvaror;Förändring från föregående period;2001M02;-0.07
Detaljhandel sällanköpsvaror;Förändring från föregående period;2001M03;-0.1
Detaljhandel sällanköpsvaror;Förändring från föregående period;2001M04;-0.1
Detaljhandel sällanköpsvaror;Förändring från föregående period;2001M05;-0.1
Detaljhandel sällanköpsvaror;Förändring från föregående period;2001M06;-0.08
Detaljhandel sällanköpsvaror;Förändring från föregående period;2001M07;-0.06
Detaljhandel sällanköpsvaror;Förändring från föregående period;2001M08;-0.04
Detaljhandel sällanköpsvaror;Förändring från föregående period;2001M09;-0.02
Detaljhandel sällanköpsvaror;Förändring från föregående period;2001M10;0
Detaljhandel sällanköpsvaror;Förändring från föregående period;2001M11;0.01
Detaljhandel sällanköpsvaror;Förändring från föregående period;2001M12;0.03
Detaljhandel sällanköpsvaror;Förändring från föregående period;2002M01;0.03
Detaljhandel sällanköpsvaror;Förändring från föregående period;2002M02;0.02
Detaljhandel sällanköpsvaror;Förändring från föregående period;2002M03;-0.02
Detaljhandel sällanköpsvaror;Förändring från föregående period;2002M04;-0.05
Detaljhandel sällanköpsvaror;Förändring från föregående period;2002M05;-0.07
Detaljhandel sällanköpsvaror;Förändring från föregående period;2002M06;-0.06
Detaljhandel sällanköpsvaror;Förändring från föregående period;2002M07;-0.03
Detaljhandel sällanköpsvaror;Förändring från föregående period;2002M08;-0.01
Detaljhandel sällanköpsvaror;Förändring från föregående period;2002M09;0.01
Detaljhandel sällanköpsvaror;Förändring från föregående period;2002M10;0
Detaljhandel sällanköpsvaror;Förändring från föregående period;2002M11;-0.03
Detaljhandel sällanköpsvaror;Förändring från föregående period;2002M12;-0.05
Detaljhandel sällanköpsvaror;Förändring från föregående period;2003M01;-0.06
Detaljhandel sällanköpsvaror;Förändring från föregående period;2003M02;-0.05
Detaljhandel sällanköpsvaror;Förändring från föregående period;2003M03;-0.02
Detaljhandel sällanköpsvaror;Förändring från föregående period;2003M04;0.01
Detaljhandel sällanköpsvaror;Förändring från föregående period;2003M05;0.03
Detaljhandel sällanköpsvaror;Förändring från föregående period;2003M06;0.03
Detaljhandel sällanköpsvaror;Förändring från föregående period;2003M07;0.02
Detaljhandel sällanköpsvaror;Förändring från föregående period;2003M08;-0.01
Detaljhandel sällanköpsvaror;Förändring från föregående period;2003M09;-0.02
Detaljhandel sällanköpsvaror;Förändring från föregående period;2003M10;-0.02
Detaljhandel sällanköpsvaror;Förändring från föregående period;2003M11;0
Detaljhandel sällanköpsvaror;Förändring från föregående period;2003M12;0.02
Detaljhandel sällanköpsvaror;Förändring från föregående period;2004M01;0.04
Detaljhandel sällanköpsvaror;Förändring från föregående period;2004M02;0.05
Detaljhandel sällanköpsvaror;Förändring från föregående period;2004M03;0.05
Detaljhandel sällanköpsvaror;Förändring från föregående period;2004M04;0.04
Detaljhandel sällanköpsvaror;Förändring från föregående period;2004M05;0.03
Detaljhandel sällanköpsvaror;Förändring från föregående period;2004M06;0.01
Detaljhandel sällanköpsvaror;Förändring från föregående period;2004M07;0
Detaljhandel sällanköpsvaror;Förändring från föregående period;2004M08;-0.02
Detaljhandel sällanköpsvaror;Förändring från föregående period;2004M09;-0.03
Detaljhandel sällanköpsvaror;Förändring från föregående period;2004M10;-0.02
Detaljhandel sällanköpsvaror;Förändring från föregående period;2004M11;0
Detaljhandel sällanköpsvaror;Förändring från föregående period;2004M12;0.03
Detaljhandel sällanköpsvaror;Förändring från föregående period;2005M01;0.06
Detaljhandel sällanköpsvaror;Förändring från föregående period;2005M02;0.08
Detaljhandel sällanköpsvaror;Förändring från föregående period;2005M03;0.08
Detaljhandel sällanköpsvaror;Förändring från föregående period;2005M04;0.08
Detaljhandel sällanköpsvaror;Förändring från föregående period;2005M05;0.05
Detaljhandel sällanköpsvaror;Förändring från föregående period;2005M06;0.02
Detaljhandel sällanköpsvaror;Förändring från föregående period;2005M07;0.01
Detaljhandel sällanköpsvaror;Förändring från föregående period;2005M08;0.03
Detaljhandel sällanköpsvaror;Förändring från föregående period;2005M09;0.06
Detaljhandel sällanköpsvaror;Förändring från föregående period;2005M10;0.07
Detaljhandel sällanköpsvaror;Förändring från föregående period;2005M11;0.09
Detaljhandel sällanköpsvaror;Förändring från föregående period;2005M12;0.08
Detaljhandel sällanköpsvaror;Förändring från föregående period;2006M01;0.08
Detaljhandel sällanköpsvaror;Förändring från föregående period;2006M02;0.04
Detaljhandel sällanköpsvaror;Förändring från föregående period;2006M03;0.01
Detaljhandel sällanköpsvaror;Förändring från föregående period;2006M04;-0.01
Detaljhandel sällanköpsvaror;Förändring från föregående period;2006M05;-0.01
Detaljhandel sällanköpsvaror;Förändring från föregående period;2006M06;-0.01
Detaljhandel sällanköpsvaror;Förändring från föregående period;2006M07;0.01
Detaljhandel sällanköpsvaror;Förändring från föregående period;2006M08;0.05
Detaljhandel sällanköpsvaror;Förändring från föregående period;2006M09;0.09
Detaljhandel sällanköpsvaror;Förändring från föregående period;2006M10;0.13
Detaljhandel sällanköpsvaror;Förändring från föregående period;2006M11;0.13
Detaljhandel sällanköpsvaror;Förändring från föregående period;2006M12;0.09
Detaljhandel sällanköpsvaror;Förändring från föregående period;2007M01;0.04
Detaljhandel sällanköpsvaror;Förändring från föregående period;2007M02;0.01
Detaljhandel sällanköpsvaror;Förändring från föregående period;2007M03;0.01
Detaljhandel sällanköpsvaror;Förändring från föregående period;2007M04;0.02
Detaljhandel sällanköpsvaror;Förändring från föregående period;2007M05;0.04
Detaljhandel sällanköpsvaror;Förändring från föregående period;2007M06;0.06
Detaljhandel sällanköpsvaror;Förändring från föregående period;2007M07;0.05
Detaljhandel sällanköpsvaror;Förändring från föregående period;2007M08;0
Detaljhandel sällanköpsvaror;Förändring från föregående period;2007M09;-0.03
Detaljhandel sällanköpsvaror;Förändring från föregående period;2007M10;-0.03
Detaljhandel sällanköpsvaror;Förändring från föregående period;2007M11;-0.02
Detaljhandel sällanköpsvaror;Förändring från föregående period;2007M12;0.03
Detaljhandel sällanköpsvaror;Förändring från föregående period;2008M01;0.07
Detaljhandel sällanköpsvaror;Förändring från föregående period;2008M02;0.06
Detaljhandel sällanköpsvaror;Förändring från föregående period;2008M03;0.01
Detaljhandel sällanköpsvaror;Förändring från föregående period;2008M04;-0.06
Detaljhandel sällanköpsvaror;Förändring från föregående period;2008M05;-0.14
Detaljhandel sällanköpsvaror;Förändring från föregående period;2008M06;-0.2
Detaljhandel sällanköpsvaror;Förändring från föregående period;2008M07;-0.24
Detaljhandel sällanköpsvaror;Förändring från föregående period;2008M08;-0.25
Detaljhandel sällanköpsvaror;Förändring från föregående period;2008M09;-0.23
Detaljhandel sällanköpsvaror;Förändring från föregående period;2008M10;-0.21
Detaljhandel sällanköpsvaror;Förändring från föregående period;2008M11;-0.15
Detaljhandel sällanköpsvaror;Förändring från föregående period;2008M12;-0.1
Detaljhandel sällanköpsvaror;Förändring från föregående period;2009M01;-0.04
Detaljhandel sällanköpsvaror;Förändring från föregående period;2009M02;0.02
Detaljhandel sällanköpsvaror;Förändring från föregående period;2009M03;0.06
Detaljhandel sällanköpsvaror;Förändring från föregående period;2009M04;0.05
Detaljhandel sällanköpsvaror;Förändring från föregående period;2009M05;0.02
Detaljhandel sällanköpsvaror;Förändring från föregående period;2009M06;0
Detaljhandel sällanköpsvaror;Förändring från föregående period;2009M07;-0.02
Detaljhandel sällanköpsvaror;Förändring från föregående period;2009M08;-0.02
Detaljhandel sällanköpsvaror;Förändring från föregående period;2009M09;-0.03
Detaljhandel sällanköpsvaror;Förändring från föregående period;2009M10;-0.02
Detaljhandel sällanköpsvaror;Förändring från föregående period;2009M11;-0.02
Detaljhandel sällanköpsvaror;Förändring från föregående period;2009M12;-0.02
Detaljhandel sällanköpsvaror;Förändring från föregående period;2010M01;-0.01
Detaljhandel sällanköpsvaror;Förändring från föregående period;2010M02;0.02
Detaljhandel sällanköpsvaror;Förändring från föregående period;2010M03;0.06
Detaljhandel sällanköpsvaror;Förändring från föregående period;2010M04;0.11
Detaljhandel sällanköpsvaror;Förändring från föregående period;2010M05;0.16
Detaljhandel sällanköpsvaror;Förändring från föregående period;2010M06;0.17
Detaljhandel sällanköpsvaror;Förändring från föregående period;2010M07;0.16
Detaljhandel sällanköpsvaror;Förändring från föregående period;2010M08;0.11
Detaljhandel sällanköpsvaror;Förändring från föregående period;2010M09;0.04
Detaljhandel sällanköpsvaror;Förändring från föregående period;2010M10;-0.05
Detaljhandel sällanköpsvaror;Förändring från föregående period;2010M11;-0.12
Detaljhandel sällanköpsvaror;Förändring från föregående period;2010M12;-0.14
Detaljhandel sällanköpsvaror;Förändring från föregående period;2011M01;-0.15
Detaljhandel sällanköpsvaror;Förändring från föregående period;2011M02;-0.12
Detaljhandel sällanköpsvaror;Förändring från föregående period;2011M03;-0.08
Detaljhandel sällanköpsvaror;Förändring från föregående period;2011M04;-0.05
Detaljhandel sällanköpsvaror;Förändring från föregående period;2011M05;-0.04
Detaljhandel sällanköpsvaror;Förändring från föregående period;2011M06;-0.06
Detaljhandel sällanköpsvaror;Förändring från föregående period;2011M07;-0.07
Detaljhandel sällanköpsvaror;Förändring från föregående period;2011M08;-0.07
Detaljhandel sällanköpsvaror;Förändring från föregående period;2011M09;-0.04
Detaljhandel sällanköpsvaror;Förändring från föregående period;2011M10;0
Detaljhandel sällanköpsvaror;Förändring från föregående period;2011M11;0.03
Detaljhandel sällanköpsvaror;Förändring från föregående period;2011M12;0.03
Detaljhandel sällanköpsvaror;Förändring från föregående period;2012M01;0
Detaljhandel sällanköpsvaror;Förändring från föregående period;2012M02;-0.04
Detaljhandel sällanköpsvaror;Förändring från föregående period;2012M03;-0.08
Detaljhandel sällanköpsvaror;Förändring från föregående period;2012M04;-0.09
Detaljhandel sällanköpsvaror;Förändring från föregående period;2012M05;-0.08
Detaljhandel sällanköpsvaror;Förändring från föregående period;2012M06;-0.07
Detaljhandel sällanköpsvaror;Förändring från föregående period;2012M07;-0.06
Detaljhandel sällanköpsvaror;Förändring från föregående period;2012M08;-0.06
Detaljhandel sällanköpsvaror;Förändring från föregående period;2012M09;-0.04
Detaljhandel sällanköpsvaror;Förändring från föregående period;2012M10;-0.01
Detaljhandel sällanköpsvaror;Förändring från föregående period;2012M11;-0.01
Detaljhandel sällanköpsvaror;Förändring från föregående period;2012M12;0
Detaljhandel sällanköpsvaror;Förändring från föregående period;2013M01;0
Detaljhandel sällanköpsvaror;Förändring från föregående period;2013M02;-0.01
Detaljhandel sällanköpsvaror;Förändring från föregående period;2013M03;-0.02
Detaljhandel sällanköpsvaror;Förändring från föregående period;2013M04;-0.02
Detaljhandel sällanköpsvaror;Förändring från föregående period;2013M05;0
Detaljhandel sällanköpsvaror;Förändring från föregående period;2013M06;0.02
Detaljhandel sällanköpsvaror;Förändring från föregående period;2013M07;0.04
Detaljhandel sällanköpsvaror;Förändring från föregående period;2013M08;0.04
Detaljhandel sällanköpsvaror;Förändring från föregående period;2013M09;0.02
Detaljhandel sällanköpsvaror;Förändring från föregående period;2013M10;0
Detaljhandel sällanköpsvaror;Förändring från föregående period;2013M11;0.01
Detaljhandel sällanköpsvaror;Förändring från föregående period;2013M12;0.04
Detaljhandel sällanköpsvaror;Förändring från föregående period;2014M01;0.05
Detaljhandel sällanköpsvaror;Förändring från föregående period;2014M02;0.06
Detaljhandel sällanköpsvaror;Förändring från föregående period;2014M03;0.05
Detaljhandel sällanköpsvaror;Förändring från föregående period;2014M04;0.02
Detaljhandel sällanköpsvaror;Förändring från föregående period;2014M05;-0.02
Detaljhandel sällanköpsvaror;Förändring från föregående period;2014M06;-0.04
Detaljhandel sällanköpsvaror;Förändring från föregående period;2014M07;-0.04
Detaljhandel sällanköpsvaror;Förändring från föregående period;2014M08;-0.01
Detaljhandel sällanköpsvaror;Förändring från föregående period;2014M09;0.04
Detaljhandel sällanköpsvaror;Förändring från föregående period;2014M10;0.09
Detaljhandel sällanköpsvaror;Förändring från föregående period;2014M11;0.13
Detaljhandel sällanköpsvaror;Förändring från föregående period;2014M12;0.14
Detaljhandel sällanköpsvaror;Förändring från föregående period;2015M01;0.14
Detaljhandel sällanköpsvaror;Förändring från föregående period;2015M02;0.13
Detaljhandel sällanköpsvaror;Förändring från föregående period;2015M03;0.13
Detaljhandel sällanköpsvaror;Förändring från föregående period;2015M04;0.12
Detaljhandel sällanköpsvaror;Förändring från föregående period;2015M05;0.12
Detaljhandel sällanköpsvaror;Förändring från föregående period;2015M06;0.11
Detaljhandel sällanköpsvaror;Förändring från föregående period;2015M07;0.08
Detaljhandel sällanköpsvaror;Förändring från föregående period;2015M08;0.03
Detaljhandel sällanköpsvaror;Förändring från föregående period;2015M09;-0.01
Detaljhandel sällanköpsvaror;Förändring från föregående period;2015M10;-0.04
Detaljhandel sällanköpsvaror;Förändring från föregående period;2015M11;-0.06
Detaljhandel sällanköpsvaror;Förändring från föregående period;2015M12;-0.04
Detaljhandel sällanköpsvaror;Förändring från föregående period;2016M01;0
Detaljhandel sällanköpsvaror;Förändring från föregående period;2016M02;0.02
Detaljhandel sällanköpsvaror;Förändring från föregående period;2016M03;0.02
Detaljhandel sällanköpsvaror;Förändring från föregående period;2016M04;0
Detaljhandel sällanköpsvaror;Förändring från föregående period;2016M05;-0.03
Detaljhandel sällanköpsvaror;Förändring från föregående period;2016M06;-0.06
Detaljhandel sällanköpsvaror;Förändring från föregående period;2016M07;-0.05
Detaljhandel sällanköpsvaror;Förändring från föregående period;2016M08;-0.02
Detaljhandel sällanköpsvaror;Förändring från föregående period;2016M09;0.02
Detaljhandel sällanköpsvaror;Förändring från föregående period;2016M10;0.06
Detaljhandel sällanköpsvaror;Förändring från föregående period;2016M11;0.07
Detaljhandel sällanköpsvaror;Förändring från föregående period;2016M12;0.02
Detaljhandel sällanköpsvaror;Förändring från föregående period;2017M01;-0.04
Detaljhandel sällanköpsvaror;Förändring från föregående period;2017M02;-0.08
Detaljhandel sällanköpsvaror;Förändring från föregående period;2017M03;-0.08
Detaljhandel sällanköpsvaror;Förändring från föregående period;2017M04;-0.06
Detaljhandel sällanköpsvaror;Förändring från föregående period;2017M05;-0.02
Detaljhandel sällanköpsvaror;Förändring från föregående period;2017M06;0.01
Detaljhandel sällanköpsvaror;Förändring från föregående period;2017M07;0.04
Detaljhandel sällanköpsvaror;Förändring från föregående period;2017M08;0.06
Detaljhandel sällanköpsvaror;Förändring från föregående period;2017M09;0.05
Detaljhandel sällanköpsvaror;Förändring från föregående period;2017M10;0.02
Detaljhandel sällanköpsvaror;Förändring från föregående period;2017M11;-0.01
Detaljhandel sällanköpsvaror;Förändring från föregående period;2017M12;-0.02
Detaljhandel sällanköpsvaror;Förändring från föregående period;2018M01;-0.05
Detaljhandel sällanköpsvaror;Förändring från föregående period;2018M02;-0.08
Detaljhandel sällanköpsvaror;Förändring från föregående period;2018M03;-0.09
Detaljhandel sällanköpsvaror;Förändring från föregående period;2018M04;-0.07
Detaljhandel sällanköpsvaror;Förändring från föregående period;2018M05;-0.06
Detaljhandel sällanköpsvaror;Förändring från föregående period;2018M06;-0.03
Detaljhandel sällanköpsvaror;Förändring från föregående period;2018M07;-0.02
Detaljhandel sällanköpsvaror;Förändring från föregående period;2018M08;-0.01
Detaljhandel sällanköpsvaror;Förändring från föregående period;2018M09;0.01
Detaljhandel sällanköpsvaror;Förändring från föregående period;2018M10;0.01
Detaljhandel sällanköpsvaror;Förändring från föregående period;2018M11;0.01
Detaljhandel sällanköpsvaror;Förändring från föregående period;2018M12;0
Detaljhandel sällanköpsvaror;Förändring från föregående period;2019M01;-0.02
Detaljhandel sällanköpsvaror;Förändring från föregående period;2019M02;-0.04
Detaljhandel sällanköpsvaror;Förändring från föregående period;2019M03;-0.05
Detaljhandel sällanköpsvaror;Förändring från föregående period;2019M04;-0.02
Detaljhandel sällanköpsvaror;Förändring från föregående period;2019M05;0.03
Detaljhandel sällanköpsvaror;Förändring från föregående period;2019M06;0.07
Detaljhandel sällanköpsvaror;Förändring från föregående period;2019M07;0.11
Detaljhandel sällanköpsvaror;Förändring från föregående period;2019M08;0.14
Detaljhandel sällanköpsvaror;Förändring från föregående period;2019M09;0.16
Detaljhandel sällanköpsvaror;Förändring från föregående period;2019M10;0.16
Detaljhandel sällanköpsvaror;Förändring från föregående period;2019M11;0.16
Detaljhandel sällanköpsvaror;Förändring från föregående period;2019M12;0.14
Detaljhandel sällanköpsvaror;Förändring från föregående period;2020M01;0.13
Detaljhandel sällanköpsvaror;Förändring från föregående period;2020M02;0.14
Detaljhandel sällanköpsvaror;Förändring från föregående period;2020M03;0.13
Detaljhandel sällanköpsvaror;Förändring från föregående period;2020M04;0.08
Detaljhandel sällanköpsvaror;Förändring från föregående period;2020M05;0.04
Detaljhandel sällanköpsvaror;Förändring från föregående period;2020M06;0.01
Detaljhandel sällanköpsvaror;Förändring från föregående period;2020M07;-0.02
Detaljhandel sällanköpsvaror;Förändring från föregående period;2020M08;-0.05
Detaljhandel sällanköpsvaror;Förändring från föregående period;2020M09;-0.05
Detaljhandel sällanköpsvaror;Förändring från föregående period;2020M10;0.01
Detaljhandel sällanköpsvaror;Förändring från föregående period;2020M11;0.1
Detaljhandel sällanköpsvaror;Förändring från föregående period;2020M12;0.18
Detaljhandel sällanköpsvaror;Förändring från föregående period;2021M01;0.25
Detaljhandel sällanköpsvaror;Förändring från föregående period;2021M02;0.28
Detaljhandel sällanköpsvaror;Förändring från föregående period;2021M03;0.28
Detaljhandel sällanköpsvaror;Förändring från föregående period;2021M04;0.26
Detaljhandel sällanköpsvaror;Förändring från föregående period;2021M05;0.19
Detaljhandel sällanköpsvaror;Förändring från föregående period;2021M06;0.12
Detaljhandel sällanköpsvaror;Förändring från föregående period;2021M07;0.08
Detaljhandel sällanköpsvaror;Förändring från föregående period;2021M08;0.04
Detaljhandel sällanköpsvaror;Förändring från föregående period;2021M09;-0.01
Detaljhandel sällanköpsvaror;Förändring från föregående period;2021M10;-0.07
Detaljhandel sällanköpsvaror;Förändring från föregående period;2021M11;-0.1
Detaljhandel sällanköpsvaror;Förändring från föregående period;2021M12;-0.08
Detaljhandel sällanköpsvaror;Förändring från föregående period;2022M01;-0.07
Detaljhandel sällanköpsvaror;Förändring från föregående period;2022M02;-0.09
Detaljhandel sällanköpsvaror;Förändring från föregående period;2022M03;-0.16
Detaljhandel sällanköpsvaror;Förändring från föregående period;2022M04;-0.26
Detaljhandel sällanköpsvaror;Förändring från föregående period;2022M05;-0.36
Detaljhandel sällanköpsvaror;Förändring från föregående period;2022M06;-0.44
Detaljhandel sällanköpsvaror;Förändring från föregående period;2022M07;-0.46
Detaljhandel sällanköpsvaror;Förändring från föregående period;2022M08;-0.38
Detaljhandel sällanköpsvaror;Förändring från föregående period;2022M09;-0.28
Detaljhandel sällanköpsvaror;Förändring från föregående period;2022M10;-0.21
Detaljhandel sällanköpsvaror;Förändring från föregående period;2022M11;-0.2
Detaljhandel sällanköpsvaror;Förändring från föregående period;2022M12;-0.24
Detaljhandel sällanköpsvaror;Förändring från föregående period;2023M01;-0.26
Detaljhandel sällanköpsvaror;Förändring från föregående period;2023M02;-0.24
Detaljhandel sällanköpsvaror;Förändring från föregående period;2023M03;-0.17
Detaljhandel sällanköpsvaror;Förändring från föregående period;2023M04;-0.1
Detaljhandel sällanköpsvaror;Förändring från föregående period;2023M05;-0.07
Detaljhandel sällanköpsvaror;Förändring från föregående period;2023M06;-0.05
Detaljhandel sällanköpsvaror;Förändring från föregående period;2023M07;-0.09
Detaljhandel sällanköpsvaror;Förändring från föregående period;2023M08;-0.15
Detaljhandel sällanköpsvaror;Förändring från föregående period;2023M09;-0.2
Detaljhandel sällanköpsvaror;Förändring från föregående period;2023M10;-0.21
Detaljhandel sällanköpsvaror;Förändring från föregående period;2023M11;-0.19
Detaljhandel sällanköpsvaror;Förändring från föregående period;2023M12;-0.15
Detaljhandel sällanköpsvaror;Förändring från föregående period;2024M01;-0.11
Detaljhandel sällanköpsvaror;Förändring från föregående period;2024M02;-0.08
Detaljhandel sällanköpsvaror;Förändring från föregående period;2024M03;-0.04
Detaljhandel sällanköpsvaror;Förändring från föregående period;2024M04;0.01
Detaljhandel sällanköpsvaror;Förändring från föregående period;2024M05;0.05
Detaljhandel sällanköpsvaror;Förändring från föregående period;2024M06;0.05
Detaljhandel sällanköpsvaror;Förändring från föregående period;2024M07;0.04
Detaljhandel sällanköpsvaror;Förändring från föregående period;2024M08;0.06
Detaljhandel sällanköpsvaror;Förändring från föregående period;2024M09;0.09
Detaljhandel sällanköpsvaror;Förändring från föregående period;2024M10;0.13
Detaljhandel sällanköpsvaror;Förändring från föregående period;2024M11;0.18
Detaljhandel sällanköpsvaror;Förändring från föregående period;2024M12;0.22
Detaljhandel sällanköpsvaror;Förändring från föregående period;2025M01;0.22
Detaljhandel sällanköpsvaror;Förändring från föregående period;2025M02;0.18
Detaljhandel sällanköpsvaror;Förändring från föregående period;2025M03;0.11
Detaljhandel sällanköpsvaror;Förändring från föregående period;2025M04;0.08
Detaljhandel sällanköpsvaror;Förändring från föregående period;2025M05;0.1
Detaljhandel sällanköpsvaror;Förändring från föregående period;2025M06;0.18
Detaljhandel sällanköpsvaror;Förändring från föregående period;2025M07;0.27
Detaljhandel sällanköpsvaror;Förändring från föregående period;2025M08;0.31
Detaljhandel sällanköpsvaror;Förändring från föregående period;2025M09;0.3
Detaljhandel sällanköpsvaror;Förändring från föregående period;2025M10;0.26
Detaljhandel sällanköpsvaror;Förändring från föregående period;2025M11;0.2
Detaljhandel sällanköpsvaror;Förändring från föregående period;2025M12;0.14
Detaljhandel sällanköpsvaror;Förändring från föregående period;2026M01;0.12
Detaljhandel sällanköpsvaror;Förändring från föregående period;2026M02;0.16
Detaljhandel sällanköpsvaror;Förändring från föregående period;2026M03;0.21
Detaljhandel sällanköpsvaror;Förändring från föregående period;2026M04;0.24
Detaljhandel sällanköpsvaror;Förändring från föregående period;2026M05;0.25
Detaljhandel sällanköpsvaror;Förändring från föregående period;2026M06;0.22
Detaljhandel sällanköpsvaror;Förändring från föregående period;2026M07;0.18
Detaljhandel sällanköpsvaror;Förändring från föregående period;2026M08;
Nyregistrerade personbilar;Konjunkturläge;2000M01;0.24
Nyregistrerade personbilar;Konjunkturläge;2000M02;0.48
Nyregistrerade personbilar;Konjunkturläge;2000M03;0.75
Nyregistrerade personbilar;Konjunkturläge;2000M04;1.02
Nyregistrerade personbilar;Konjunkturläge;2000M05;1.27
Nyregistrerade personbilar;Konjunkturläge;2000M06;1.47
Nyregistrerade personbilar;Konjunkturläge;2000M07;1.55
Nyregistrerade personbilar;Konjunkturläge;2000M08;1.49
Nyregistrerade personbilar;Konjunkturläge;2000M09;1.31
Nyregistrerade personbilar;Konjunkturläge;2000M10;1.01
Nyregistrerade personbilar;Konjunkturläge;2000M11;0.62
Nyregistrerade personbilar;Konjunkturläge;2000M12;0.22
Nyregistrerade personbilar;Konjunkturläge;2001M01;-0.14
Nyregistrerade personbilar;Konjunkturläge;2001M02;-0.39
Nyregistrerade personbilar;Konjunkturläge;2001M03;-0.54
Nyregistrerade personbilar;Konjunkturläge;2001M04;-0.61
Nyregistrerade personbilar;Konjunkturläge;2001M05;-0.67
Nyregistrerade personbilar;Konjunkturläge;2001M06;-0.76
Nyregistrerade personbilar;Konjunkturläge;2001M07;-0.89
Nyregistrerade personbilar;Konjunkturläge;2001M08;-1.03
Nyregistrerade personbilar;Konjunkturläge;2001M09;-1.13
Nyregistrerade personbilar;Konjunkturläge;2001M10;-1.12
Nyregistrerade personbilar;Konjunkturläge;2001M11;-1.01
Nyregistrerade personbilar;Konjunkturläge;2001M12;-0.84
Nyregistrerade personbilar;Konjunkturläge;2002M01;-0.68
Nyregistrerade personbilar;Konjunkturläge;2002M02;-0.61
Nyregistrerade personbilar;Konjunkturläge;2002M03;-0.61
Nyregistrerade personbilar;Konjunkturläge;2002M04;-0.66
Nyregistrerade personbilar;Konjunkturläge;2002M05;-0.69
Nyregistrerade personbilar;Konjunkturläge;2002M06;-0.67
Nyregistrerade personbilar;Konjunkturläge;2002M07;-0.56
Nyregistrerade personbilar;Konjunkturläge;2002M08;-0.42
Nyregistrerade personbilar;Konjunkturläge;2002M09;-0.27
Nyregistrerade personbilar;Konjunkturläge;2002M10;-0.13
Nyregistrerade personbilar;Konjunkturläge;2002M11;-0.01
Nyregistrerade personbilar;Konjunkturläge;2002M12;0.09
Nyregistrerade personbilar;Konjunkturläge;2003M01;0.16
Nyregistrerade personbilar;Konjunkturläge;2003M02;0.19
Nyregistrerade personbilar;Konjunkturläge;2003M03;0.19
Nyregistrerade personbilar;Konjunkturläge;2003M04;0.16
Nyregistrerade personbilar;Konjunkturläge;2003M05;0.1
Nyregistrerade personbilar;Konjunkturläge;2003M06;0.04
Nyregistrerade personbilar;Konjunkturläge;2003M07;-0.02
Nyregistrerade personbilar;Konjunkturläge;2003M08;-0.07
Nyregistrerade personbilar;Konjunkturläge;2003M09;-0.13
Nyregistrerade personbilar;Konjunkturläge;2003M10;-0.2
Nyregistrerade personbilar;Konjunkturläge;2003M11;-0.24
Nyregistrerade personbilar;Konjunkturläge;2003M12;-0.23
Nyregistrerade personbilar;Konjunkturläge;2004M01;-0.15
Nyregistrerade personbilar;Konjunkturläge;2004M02;-0.02
Nyregistrerade personbilar;Konjunkturläge;2004M03;0.1
Nyregistrerade personbilar;Konjunkturläge;2004M04;0.18
Nyregistrerade personbilar;Konjunkturläge;2004M05;0.19
Nyregistrerade personbilar;Konjunkturläge;2004M06;0.13
Nyregistrerade personbilar;Konjunkturläge;2004M07;0.06
Nyregistrerade personbilar;Konjunkturläge;2004M08;0.03
Nyregistrerade personbilar;Konjunkturläge;2004M09;0.09
Nyregistrerade personbilar;Konjunkturläge;2004M10;0.22
Nyregistrerade personbilar;Konjunkturläge;2004M11;0.36
Nyregistrerade personbilar;Konjunkturläge;2004M12;0.43
Nyregistrerade personbilar;Konjunkturläge;2005M01;0.44
Nyregistrerade personbilar;Konjunkturläge;2005M02;0.38
Nyregistrerade personbilar;Konjunkturläge;2005M03;0.29
Nyregistrerade personbilar;Konjunkturläge;2005M04;0.22
Nyregistrerade personbilar;Konjunkturläge;2005M05;0.21
Nyregistrerade personbilar;Konjunkturläge;2005M06;0.25
Nyregistrerade personbilar;Konjunkturläge;2005M07;0.33
Nyregistrerade personbilar;Konjunkturläge;2005M08;0.41
Nyregistrerade personbilar;Konjunkturläge;2005M09;0.47
Nyregistrerade personbilar;Konjunkturläge;2005M10;0.47
Nyregistrerade personbilar;Konjunkturläge;2005M11;0.41
Nyregistrerade personbilar;Konjunkturläge;2005M12;0.32
Nyregistrerade personbilar;Konjunkturläge;2006M01;0.24
Nyregistrerade personbilar;Konjunkturläge;2006M02;0.23
Nyregistrerade personbilar;Konjunkturläge;2006M03;0.31
Nyregistrerade personbilar;Konjunkturläge;2006M04;0.47
Nyregistrerade personbilar;Konjunkturläge;2006M05;0.65
Nyregistrerade personbilar;Konjunkturläge;2006M06;0.78
Nyregistrerade personbilar;Konjunkturläge;2006M07;0.82
Nyregistrerade personbilar;Konjunkturläge;2006M08;0.76
Nyregistrerade personbilar;Konjunkturläge;2006M09;0.68
Nyregistrerade personbilar;Konjunkturläge;2006M10;0.64
Nyregistrerade personbilar;Konjunkturläge;2006M11;0.69
Nyregistrerade personbilar;Konjunkturläge;2006M12;0.81
Nyregistrerade personbilar;Konjunkturläge;2007M01;0.96
Nyregistrerade personbilar;Konjunkturläge;2007M02;1.08
Nyregistrerade personbilar;Konjunkturläge;2007M03;1.16
Nyregistrerade personbilar;Konjunkturläge;2007M04;1.18
Nyregistrerade personbilar;Konjunkturläge;2007M05;1.15
Nyregistrerade personbilar;Konjunkturläge;2007M06;1.12
Nyregistrerade personbilar;Konjunkturläge;2007M07;1.13
Nyregistrerade personbilar;Konjunkturläge;2007M08;1.15
Nyregistrerade personbilar;Konjunkturläge;2007M09;1.18
Nyregistrerade personbilar;Konjunkturläge;2007M10;1.16
Nyregistrerade personbilar;Konjunkturläge;2007M11;1.07
Nyregistrerade personbilar;Konjunkturläge;2007M12;0.92
Nyregistrerade personbilar;Konjunkturläge;2008M01;0.74
Nyregistrerade personbilar;Konjunkturläge;2008M02;0.53
Nyregistrerade personbilar;Konjunkturläge;2008M03;0.29
Nyregistrerade personbilar;Konjunkturläge;2008M04;0.04
Nyregistrerade personbilar;Konjunkturläge;2008M05;-0.21
Nyregistrerade personbilar;Konjunkturläge;2008M06;-0.47
Nyregistrerade personbilar;Konjunkturläge;2008M07;-0.76
Nyregistrerade personbilar;Konjunkturläge;2008M08;-1.09
Nyregistrerade personbilar;Konjunkturläge;2008M09;-1.46
Nyregistrerade personbilar;Konjunkturläge;2008M10;-1.88
Nyregistrerade personbilar;Konjunkturläge;2008M11;-2.28
Nyregistrerade personbilar;Konjunkturläge;2008M12;-2.64
Nyregistrerade personbilar;Konjunkturläge;2009M01;-2.9
Nyregistrerade personbilar;Konjunkturläge;2009M02;-3.04
Nyregistrerade personbilar;Konjunkturläge;2009M03;-3.05
Nyregistrerade personbilar;Konjunkturläge;2009M04;-3
Nyregistrerade personbilar;Konjunkturläge;2009M05;-2.9
Nyregistrerade personbilar;Konjunkturläge;2009M06;-2.77
Nyregistrerade personbilar;Konjunkturläge;2009M07;-2.59
Nyregistrerade personbilar;Konjunkturläge;2009M08;-2.36
Nyregistrerade personbilar;Konjunkturläge;2009M09;-2.11
Nyregistrerade personbilar;Konjunkturläge;2009M10;-1.83
Nyregistrerade personbilar;Konjunkturläge;2009M11;-1.53
Nyregistrerade personbilar;Konjunkturläge;2009M12;-1.25
Nyregistrerade personbilar;Konjunkturläge;2010M01;-1
Nyregistrerade personbilar;Konjunkturläge;2010M02;-0.75
Nyregistrerade personbilar;Konjunkturläge;2010M03;-0.49
Nyregistrerade personbilar;Konjunkturläge;2010M04;-0.24
Nyregistrerade personbilar;Konjunkturläge;2010M05;-0.01
Nyregistrerade personbilar;Konjunkturläge;2010M06;0.18
Nyregistrerade personbilar;Konjunkturläge;2010M07;0.32
Nyregistrerade personbilar;Konjunkturläge;2010M08;0.42
Nyregistrerade personbilar;Konjunkturläge;2010M09;0.5
Nyregistrerade personbilar;Konjunkturläge;2010M10;0.57
Nyregistrerade personbilar;Konjunkturläge;2010M11;0.63
Nyregistrerade personbilar;Konjunkturläge;2010M12;0.73
Nyregistrerade personbilar;Konjunkturläge;2011M01;0.86
Nyregistrerade personbilar;Konjunkturläge;2011M02;0.96
Nyregistrerade personbilar;Konjunkturläge;2011M03;1.01
Nyregistrerade personbilar;Konjunkturläge;2011M04;1.01
Nyregistrerade personbilar;Konjunkturläge;2011M05;0.95
Nyregistrerade personbilar;Konjunkturläge;2011M06;0.84
Nyregistrerade personbilar;Konjunkturläge;2011M07;0.69
Nyregistrerade personbilar;Konjunkturläge;2011M08;0.53
Nyregistrerade personbilar;Konjunkturläge;2011M09;0.38
Nyregistrerade personbilar;Konjunkturläge;2011M10;0.28
Nyregistrerade personbilar;Konjunkturläge;2011M11;0.2
Nyregistrerade personbilar;Konjunkturläge;2011M12;0.09
Nyregistrerade personbilar;Konjunkturläge;2012M01;-0.07
Nyregistrerade personbilar;Konjunkturläge;2012M02;-0.24
Nyregistrerade personbilar;Konjunkturläge;2012M03;-0.43
Nyregistrerade personbilar;Konjunkturläge;2012M04;-0.6
Nyregistrerade personbilar;Konjunkturläge;2012M05;-0.76
Nyregistrerade personbilar;Konjunkturläge;2012M06;-0.85
Nyregistrerade personbilar;Konjunkturläge;2012M07;-0.89
Nyregistrerade personbilar;Konjunkturläge;2012M08;-0.89
Nyregistrerade personbilar;Konjunkturläge;2012M09;-0.9
Nyregistrerade personbilar;Konjunkturläge;2012M10;-0.93
Nyregistrerade personbilar;Konjunkturläge;2012M11;-1.03
Nyregistrerade personbilar;Konjunkturläge;2012M12;-1.15
Nyregistrerade personbilar;Konjunkturläge;2013M01;-1.29
Nyregistrerade personbilar;Konjunkturläge;2013M02;-1.42
Nyregistrerade personbilar;Konjunkturläge;2013M03;-1.5
Nyregistrerade personbilar;Konjunkturläge;2013M04;-1.5
Nyregistrerade personbilar;Konjunkturläge;2013M05;-1.41
Nyregistrerade personbilar;Konjunkturläge;2013M06;-1.26
Nyregistrerade personbilar;Konjunkturläge;2013M07;-1.11
Nyregistrerade personbilar;Konjunkturläge;2013M08;-0.97
Nyregistrerade personbilar;Konjunkturläge;2013M09;-0.86
Nyregistrerade personbilar;Konjunkturläge;2013M10;-0.75
Nyregistrerade personbilar;Konjunkturläge;2013M11;-0.65
Nyregistrerade personbilar;Konjunkturläge;2013M12;-0.56
Nyregistrerade personbilar;Konjunkturläge;2014M01;-0.47
Nyregistrerade personbilar;Konjunkturläge;2014M02;-0.38
Nyregistrerade personbilar;Konjunkturläge;2014M03;-0.32
Nyregistrerade personbilar;Konjunkturläge;2014M04;-0.29
Nyregistrerade personbilar;Konjunkturläge;2014M05;-0.28
Nyregistrerade personbilar;Konjunkturläge;2014M06;-0.29
Nyregistrerade personbilar;Konjunkturläge;2014M07;-0.3
Nyregistrerade personbilar;Konjunkturläge;2014M08;-0.31
Nyregistrerade personbilar;Konjunkturläge;2014M09;-0.31
Nyregistrerade personbilar;Konjunkturläge;2014M10;-0.26
Nyregistrerade personbilar;Konjunkturläge;2014M11;-0.16
Nyregistrerade personbilar;Konjunkturläge;2014M12;-0.01
Nyregistrerade personbilar;Konjunkturläge;2015M01;0.13
Nyregistrerade personbilar;Konjunkturläge;2015M02;0.25
Nyregistrerade personbilar;Konjunkturläge;2015M03;0.34
Nyregistrerade personbilar;Konjunkturläge;2015M04;0.38
Nyregistrerade personbilar;Konjunkturläge;2015M05;0.42
Nyregistrerade personbilar;Konjunkturläge;2015M06;0.49
Nyregistrerade personbilar;Konjunkturläge;2015M07;0.62
Nyregistrerade personbilar;Konjunkturläge;2015M08;0.77
Nyregistrerade personbilar;Konjunkturläge;2015M09;0.92
Nyregistrerade personbilar;Konjunkturläge;2015M10;1.01
Nyregistrerade personbilar;Konjunkturläge;2015M11;1.05
Nyregistrerade personbilar;Konjunkturläge;2015M12;1.07
Nyregistrerade personbilar;Konjunkturläge;2016M01;1.1
Nyregistrerade personbilar;Konjunkturläge;2016M02;1.16
Nyregistrerade personbilar;Konjunkturläge;2016M03;1.23
Nyregistrerade personbilar;Konjunkturläge;2016M04;1.31
Nyregistrerade personbilar;Konjunkturläge;2016M05;1.38
Nyregistrerade personbilar;Konjunkturläge;2016M06;1.42
Nyregistrerade personbilar;Konjunkturläge;2016M07;1.46
Nyregistrerade personbilar;Konjunkturläge;2016M08;1.53
Nyregistrerade personbilar;Konjunkturläge;2016M09;1.62
Nyregistrerade personbilar;Konjunkturläge;2016M10;1.73
Nyregistrerade personbilar;Konjunkturläge;2016M11;1.82
Nyregistrerade personbilar;Konjunkturläge;2016M12;1.83
Nyregistrerade personbilar;Konjunkturläge;2017M01;1.76
Nyregistrerade personbilar;Konjunkturläge;2017M02;1.65
Nyregistrerade personbilar;Konjunkturläge;2017M03;1.54
Nyregistrerade personbilar;Konjunkturläge;2017M04;1.47
Nyregistrerade personbilar;Konjunkturläge;2017M05;1.46
Nyregistrerade personbilar;Konjunkturläge;2017M06;1.48
Nyregistrerade personbilar;Konjunkturläge;2017M07;1.52
Nyregistrerade personbilar;Konjunkturläge;2017M08;1.53
Nyregistrerade personbilar;Konjunkturläge;2017M09;1.5
Nyregistrerade personbilar;Konjunkturläge;2017M10;1.43
Nyregistrerade personbilar;Konjunkturläge;2017M11;1.38
Nyregistrerade personbilar;Konjunkturläge;2017M12;1.42
Nyregistrerade personbilar;Konjunkturläge;2018M01;1.53
Nyregistrerade personbilar;Konjunkturläge;2018M02;1.69
Nyregistrerade personbilar;Konjunkturläge;2018M03;1.86
Nyregistrerade personbilar;Konjunkturläge;2018M04;1.95
Nyregistrerade personbilar;Konjunkturläge;2018M05;1.89
Nyregistrerade personbilar;Konjunkturläge;2018M06;1.67
Nyregistrerade personbilar;Konjunkturläge;2018M07;1.32
Nyregistrerade personbilar;Konjunkturläge;2018M08;0.94
Nyregistrerade personbilar;Konjunkturläge;2018M09;0.63
Nyregistrerade personbilar;Konjunkturläge;2018M10;0.41
Nyregistrerade personbilar;Konjunkturläge;2018M11;0.32
Nyregistrerade personbilar;Konjunkturläge;2018M12;0.33
Nyregistrerade personbilar;Konjunkturläge;2019M01;0.4
Nyregistrerade personbilar;Konjunkturläge;2019M02;0.48
Nyregistrerade personbilar;Konjunkturläge;2019M03;0.57
Nyregistrerade personbilar;Konjunkturläge;2019M04;0.65
Nyregistrerade personbilar;Konjunkturläge;2019M05;0.72
Nyregistrerade personbilar;Konjunkturläge;2019M06;0.77
Nyregistrerade personbilar;Konjunkturläge;2019M07;0.78
Nyregistrerade personbilar;Konjunkturläge;2019M08;0.7
Nyregistrerade personbilar;Konjunkturläge;2019M09;0.53
Nyregistrerade personbilar;Konjunkturläge;2019M10;0.28
Nyregistrerade personbilar;Konjunkturläge;2019M11;-0.02
Nyregistrerade personbilar;Konjunkturläge;2019M12;-0.33
Nyregistrerade personbilar;Konjunkturläge;2020M01;-0.58
Nyregistrerade personbilar;Konjunkturläge;2020M02;-0.77
Nyregistrerade personbilar;Konjunkturläge;2020M03;-0.87
Nyregistrerade personbilar;Konjunkturläge;2020M04;-0.9
Nyregistrerade personbilar;Konjunkturläge;2020M05;-0.85
Nyregistrerade personbilar;Konjunkturläge;2020M06;-0.76
Nyregistrerade personbilar;Konjunkturläge;2020M07;-0.62
Nyregistrerade personbilar;Konjunkturläge;2020M08;-0.44
Nyregistrerade personbilar;Konjunkturläge;2020M09;-0.21
Nyregistrerade personbilar;Konjunkturläge;2020M10;0.02
Nyregistrerade personbilar;Konjunkturläge;2020M11;0.22
Nyregistrerade personbilar;Konjunkturläge;2020M12;0.3
Nyregistrerade personbilar;Konjunkturläge;2021M01;0.23
Nyregistrerade personbilar;Konjunkturläge;2021M02;0.02
Nyregistrerade personbilar;Konjunkturläge;2021M03;-0.31
Nyregistrerade personbilar;Konjunkturläge;2021M04;-0.68
Nyregistrerade personbilar;Konjunkturläge;2021M05;-1.03
Nyregistrerade personbilar;Konjunkturläge;2021M06;-1.32
Nyregistrerade personbilar;Konjunkturläge;2021M07;-1.54
Nyregistrerade personbilar;Konjunkturläge;2021M08;-1.68
Nyregistrerade personbilar;Konjunkturläge;2021M09;-1.75
Nyregistrerade personbilar;Konjunkturläge;2021M10;-1.76
Nyregistrerade personbilar;Konjunkturläge;2021M11;-1.72
Nyregistrerade personbilar;Konjunkturläge;2021M12;-1.63
Nyregistrerade personbilar;Konjunkturläge;2022M01;-1.52
Nyregistrerade personbilar;Konjunkturläge;2022M02;-1.42
Nyregistrerade personbilar;Konjunkturläge;2022M03;-1.33
Nyregistrerade personbilar;Konjunkturläge;2022M04;-1.25
Nyregistrerade personbilar;Konjunkturläge;2022M05;-1.18
Nyregistrerade personbilar;Konjunkturläge;2022M06;-1.1
Nyregistrerade personbilar;Konjunkturläge;2022M07;-1.05
Nyregistrerade personbilar;Konjunkturläge;2022M08;-1.04
Nyregistrerade personbilar;Konjunkturläge;2022M09;-1.07
Nyregistrerade personbilar;Konjunkturläge;2022M10;-1.1
Nyregistrerade personbilar;Konjunkturläge;2022M11;-1.13
Nyregistrerade personbilar;Konjunkturläge;2022M12;-1.1
Nyregistrerade personbilar;Konjunkturläge;2023M01;-1
Nyregistrerade personbilar;Konjunkturläge;2023M02;-0.85
Nyregistrerade personbilar;Konjunkturläge;2023M03;-0.67
Nyregistrerade personbilar;Konjunkturläge;2023M04;-0.46
Nyregistrerade personbilar;Konjunkturläge;2023M05;-0.23
Nyregistrerade personbilar;Konjunkturläge;2023M06;-0.01
Nyregistrerade personbilar;Konjunkturläge;2023M07;0.18
Nyregistrerade personbilar;Konjunkturläge;2023M08;0.32
Nyregistrerade personbilar;Konjunkturläge;2023M09;0.39
Nyregistrerade personbilar;Konjunkturläge;2023M10;0.36
Nyregistrerade personbilar;Konjunkturläge;2023M11;0.22
Nyregistrerade personbilar;Konjunkturläge;2023M12;-0.01
Nyregistrerade personbilar;Konjunkturläge;2024M01;-0.26
Nyregistrerade personbilar;Konjunkturläge;2024M02;-0.47
Nyregistrerade personbilar;Konjunkturläge;2024M03;-0.63
Nyregistrerade personbilar;Konjunkturläge;2024M04;-0.74
Nyregistrerade personbilar;Konjunkturläge;2024M05;-0.8
Nyregistrerade personbilar;Konjunkturläge;2024M06;-0.77
Nyregistrerade personbilar;Konjunkturläge;2024M07;-0.67
Nyregistrerade personbilar;Konjunkturläge;2024M08;-0.5
Nyregistrerade personbilar;Konjunkturläge;2024M09;-0.28
Nyregistrerade personbilar;Konjunkturläge;2024M10;-0.05
Nyregistrerade personbilar;Konjunkturläge;2024M11;0.16
Nyregistrerade personbilar;Konjunkturläge;2024M12;0.32
Nyregistrerade personbilar;Konjunkturläge;2025M01;0.42
Nyregistrerade personbilar;Konjunkturläge;2025M02;0.46
Nyregistrerade personbilar;Konjunkturläge;2025M03;0.47
Nyregistrerade personbilar;Konjunkturläge;2025M04;0.45
Nyregistrerade personbilar;Konjunkturläge;2025M05;0.4
Nyregistrerade personbilar;Konjunkturläge;2025M06;0.31
Nyregistrerade personbilar;Konjunkturläge;2025M07;0.2
Nyregistrerade personbilar;Konjunkturläge;2025M08;0.06
Nyregistrerade personbilar;Konjunkturläge;2025M09;-0.07
Nyregistrerade personbilar;Konjunkturläge;2025M10;-0.16
Nyregistrerade personbilar;Konjunkturläge;2025M11;-0.18
Nyregistrerade personbilar;Konjunkturläge;2025M12;-0.11
Nyregistrerade personbilar;Konjunkturläge;2026M01;0.06
Nyregistrerade personbilar;Konjunkturläge;2026M02;0.28
Nyregistrerade personbilar;Konjunkturläge;2026M03;0.53
Nyregistrerade personbilar;Konjunkturläge;2026M04;0.76
Nyregistrerade personbilar;Konjunkturläge;2026M05;0.93
Nyregistrerade personbilar;Konjunkturläge;2026M06;1.04
Nyregistrerade personbilar;Konjunkturläge;2026M07;1.12
Nyregistrerade personbilar;Konjunkturläge;2026M08;1.2
Nyregistrerade personbilar;Förändring från föregående period;2000M01;
Nyregistrerade personbilar;Förändring från föregående period;2000M02;0.25
Nyregistrerade personbilar;Förändring från föregående period;2000M03;0.27
Nyregistrerade personbilar;Förändring från föregående period;2000M04;0.27
Nyregistrerade personbilar;Förändring från föregående period;2000M05;0.25
Nyregistrerade personbilar;Förändring från föregående period;2000M06;0.19
Nyregistrerade personbilar;Förändring från föregående period;2000M07;0.08
Nyregistrerade personbilar;Förändring från föregående period;2000M08;-0.06
Nyregistrerade personbilar;Förändring från föregående period;2000M09;-0.19
Nyregistrerade personbilar;Förändring från föregående period;2000M10;-0.3
Nyregistrerade personbilar;Förändring från föregående period;2000M11;-0.38
Nyregistrerade personbilar;Förändring från föregående period;2000M12;-0.41
Nyregistrerade personbilar;Förändring från föregående period;2001M01;-0.35
Nyregistrerade personbilar;Förändring från föregående period;2001M02;-0.25
Nyregistrerade personbilar;Förändring från föregående period;2001M03;-0.15
Nyregistrerade personbilar;Förändring från föregående period;2001M04;-0.07
Nyregistrerade personbilar;Förändring från föregående period;2001M05;-0.06
Nyregistrerade personbilar;Förändring från föregående period;2001M06;-0.09
Nyregistrerade personbilar;Förändring från föregående period;2001M07;-0.13
Nyregistrerade personbilar;Förändring från föregående period;2001M08;-0.14
Nyregistrerade personbilar;Förändring från föregående period;2001M09;-0.1
Nyregistrerade personbilar;Förändring från föregående period;2001M10;0.01
Nyregistrerade personbilar;Förändring från föregående period;2001M11;0.12
Nyregistrerade personbilar;Förändring från föregående period;2001M12;0.17
Nyregistrerade personbilar;Förändring från föregående period;2002M01;0.15
Nyregistrerade personbilar;Förändring från föregående period;2002M02;0.08
Nyregistrerade personbilar;Förändring från föregående period;2002M03;0
Nyregistrerade personbilar;Förändring från föregående period;2002M04;-0.05
Nyregistrerade personbilar;Förändring från föregående period;2002M05;-0.03
Nyregistrerade personbilar;Förändring från föregående period;2002M06;0.03
Nyregistrerade personbilar;Förändring från föregående period;2002M07;0.1
Nyregistrerade personbilar;Förändring från föregående period;2002M08;0.14
Nyregistrerade personbilar;Förändring från föregående period;2002M09;0.15
Nyregistrerade personbilar;Förändring från föregående period;2002M10;0.14
Nyregistrerade personbilar;Förändring från föregående period;2002M11;0.12
Nyregistrerade personbilar;Förändring från föregående period;2002M12;0.1
Nyregistrerade personbilar;Förändring från föregående period;2003M01;0.07
Nyregistrerade personbilar;Förändring från föregående period;2003M02;0.03
Nyregistrerade personbilar;Förändring från föregående period;2003M03;0
Nyregistrerade personbilar;Förändring från föregående period;2003M04;-0.03
Nyregistrerade personbilar;Förändring från föregående period;2003M05;-0.06
Nyregistrerade personbilar;Förändring från föregående period;2003M06;-0.06
Nyregistrerade personbilar;Förändring från föregående period;2003M07;-0.06
Nyregistrerade personbilar;Förändring från föregående period;2003M08;-0.05
Nyregistrerade personbilar;Förändring från föregående period;2003M09;-0.06
Nyregistrerade personbilar;Förändring från föregående period;2003M10;-0.07
Nyregistrerade personbilar;Förändring från föregående period;2003M11;-0.04
Nyregistrerade personbilar;Förändring från föregående period;2003M12;0.01
Nyregistrerade personbilar;Förändring från föregående period;2004M01;0.08
Nyregistrerade personbilar;Förändring från föregående period;2004M02;0.13
Nyregistrerade personbilar;Förändring från föregående period;2004M03;0.12
Nyregistrerade personbilar;Förändring från föregående period;2004M04;0.08
Nyregistrerade personbilar;Förändring från föregående period;2004M05;0.01
Nyregistrerade personbilar;Förändring från föregående period;2004M06;-0.06
Nyregistrerade personbilar;Förändring från föregående period;2004M07;-0.07
Nyregistrerade personbilar;Förändring från föregående period;2004M08;-0.03
Nyregistrerade personbilar;Förändring från föregående period;2004M09;0.06
Nyregistrerade personbilar;Förändring från föregående period;2004M10;0.13
Nyregistrerade personbilar;Förändring från föregående period;2004M11;0.13
Nyregistrerade personbilar;Förändring från föregående period;2004M12;0.08
Nyregistrerade personbilar;Förändring från föregående period;2005M01;0.01
Nyregistrerade personbilar;Förändring från föregående period;2005M02;-0.06
Nyregistrerade personbilar;Förändring från föregående period;2005M03;-0.09
Nyregistrerade personbilar;Förändring från föregående period;2005M04;-0.07
Nyregistrerade personbilar;Förändring från föregående period;2005M05;-0.01
Nyregistrerade personbilar;Förändring från föregående period;2005M06;0.04
Nyregistrerade personbilar;Förändring från föregående period;2005M07;0.08
Nyregistrerade personbilar;Förändring från föregående period;2005M08;0.08
Nyregistrerade personbilar;Förändring från föregående period;2005M09;0.06
Nyregistrerade personbilar;Förändring från föregående period;2005M10;0
Nyregistrerade personbilar;Förändring från föregående period;2005M11;-0.06
Nyregistrerade personbilar;Förändring från föregående period;2005M12;-0.09
Nyregistrerade personbilar;Förändring från föregående period;2006M01;-0.08
Nyregistrerade personbilar;Förändring från föregående period;2006M02;-0.01
Nyregistrerade personbilar;Förändring från föregående period;2006M03;0.09
Nyregistrerade personbilar;Förändring från föregående period;2006M04;0.16
Nyregistrerade personbilar;Förändring från föregående period;2006M05;0.17
Nyregistrerade personbilar;Förändring från föregående period;2006M06;0.13
Nyregistrerade personbilar;Förändring från föregående period;2006M07;0.04
Nyregistrerade personbilar;Förändring från föregående period;2006M08;-0.05
Nyregistrerade personbilar;Förändring från föregående period;2006M09;-0.09
Nyregistrerade personbilar;Förändring från föregående period;2006M10;-0.04
Nyregistrerade personbilar;Förändring från föregående period;2006M11;0.05
Nyregistrerade personbilar;Förändring från föregående period;2006M12;0.12
Nyregistrerade personbilar;Förändring från föregående period;2007M01;0.15
Nyregistrerade personbilar;Förändring från föregående period;2007M02;0.12
Nyregistrerade personbilar;Förändring från föregående period;2007M03;0.08
Nyregistrerade personbilar;Förändring från föregående period;2007M04;0.02
Nyregistrerade personbilar;Förändring från föregående period;2007M05;-0.03
Nyregistrerade personbilar;Förändring från föregående period;2007M06;-0.03
Nyregistrerade personbilar;Förändring från föregående period;2007M07;0.01
Nyregistrerade personbilar;Förändring från föregående period;2007M08;0.03
Nyregistrerade personbilar;Förändring från föregående period;2007M09;0.02
Nyregistrerade personbilar;Förändring från föregående period;2007M10;-0.02
Nyregistrerade personbilar;Förändring från föregående period;2007M11;-0.09
Nyregistrerade personbilar;Förändring från föregående period;2007M12;-0.14
Nyregistrerade personbilar;Förändring från föregående period;2008M01;-0.18
Nyregistrerade personbilar;Förändring från föregående period;2008M02;-0.21
Nyregistrerade personbilar;Förändring från föregående period;2008M03;-0.24
Nyregistrerade personbilar;Förändring från föregående period;2008M04;-0.26
Nyregistrerade personbilar;Förändring från föregående period;2008M05;-0.25
Nyregistrerade personbilar;Förändring från föregående period;2008M06;-0.26
Nyregistrerade personbilar;Förändring från föregående period;2008M07;-0.29
Nyregistrerade personbilar;Förändring från föregående period;2008M08;-0.33
Nyregistrerade personbilar;Förändring från föregående period;2008M09;-0.38
Nyregistrerade personbilar;Förändring från föregående period;2008M10;-0.41
Nyregistrerade personbilar;Förändring från föregående period;2008M11;-0.4
Nyregistrerade personbilar;Förändring från föregående period;2008M12;-0.36
Nyregistrerade personbilar;Förändring från föregående period;2009M01;-0.26
Nyregistrerade personbilar;Förändring från föregående period;2009M02;-0.13
Nyregistrerade personbilar;Förändring från föregående period;2009M03;-0.02
Nyregistrerade personbilar;Förändring från föregående period;2009M04;0.05
Nyregistrerade personbilar;Förändring från föregående period;2009M05;0.1
Nyregistrerade personbilar;Förändring från föregående period;2009M06;0.13
Nyregistrerade personbilar;Förändring från föregående period;2009M07;0.18
Nyregistrerade personbilar;Förändring från föregående period;2009M08;0.23
Nyregistrerade personbilar;Förändring från föregående period;2009M09;0.26
Nyregistrerade personbilar;Förändring från föregående period;2009M10;0.28
Nyregistrerade personbilar;Förändring från föregående period;2009M11;0.29
Nyregistrerade personbilar;Förändring från föregående period;2009M12;0.28
Nyregistrerade personbilar;Förändring från föregående period;2010M01;0.26
Nyregistrerade personbilar;Förändring från föregående period;2010M02;0.25
Nyregistrerade personbilar;Förändring från föregående period;2010M03;0.25
Nyregistrerade personbilar;Förändring från föregående period;2010M04;0.25
Nyregistrerade personbilar;Förändring från föregående period;2010M05;0.23
Nyregistrerade personbilar;Förändring från föregående period;2010M06;0.19
Nyregistrerade personbilar;Förändring från föregående period;2010M07;0.14
Nyregistrerade personbilar;Förändring från föregående period;2010M08;0.1
Nyregistrerade personbilar;Förändring från föregående period;2010M09;0.08
Nyregistrerade personbilar;Förändring från föregående period;2010M10;0.07
Nyregistrerade personbilar;Förändring från föregående period;2010M11;0.06
Nyregistrerade personbilar;Förändring från föregående period;2010M12;0.1
Nyregistrerade personbilar;Förändring från föregående period;2011M01;0.13
Nyregistrerade personbilar;Förändring från föregående period;2011M02;0.1
Nyregistrerade personbilar;Förändring från föregående period;2011M03;0.05
Nyregistrerade personbilar;Förändring från föregående period;2011M04;0
Nyregistrerade personbilar;Förändring från föregående period;2011M05;-0.06
Nyregistrerade personbilar;Förändring från föregående period;2011M06;-0.11
Nyregistrerade personbilar;Förändring från föregående period;2011M07;-0.15
Nyregistrerade personbilar;Förändring från föregående period;2011M08;-0.16
Nyregistrerade personbilar;Förändring från föregående period;2011M09;-0.15
Nyregistrerade personbilar;Förändring från föregående period;2011M10;-0.1
Nyregistrerade personbilar;Förändring från föregående period;2011M11;-0.08
Nyregistrerade personbilar;Förändring från föregående period;2011M12;-0.11
Nyregistrerade personbilar;Förändring från föregående period;2012M01;-0.16
Nyregistrerade personbilar;Förändring från föregående period;2012M02;-0.18
Nyregistrerade personbilar;Förändring från föregående period;2012M03;-0.19
Nyregistrerade personbilar;Förändring från föregående period;2012M04;-0.18
Nyregistrerade personbilar;Förändring från föregående period;2012M05;-0.15
Nyregistrerade personbilar;Förändring från föregående period;2012M06;-0.1
Nyregistrerade personbilar;Förändring från föregående period;2012M07;-0.04
Nyregistrerade personbilar;Förändring från föregående period;2012M08;0
Nyregistrerade personbilar;Förändring från föregående period;2012M09;0
Nyregistrerade personbilar;Förändring från föregående period;2012M10;-0.04
Nyregistrerade personbilar;Förändring från föregående period;2012M11;-0.09
Nyregistrerade personbilar;Förändring från föregående period;2012M12;-0.13
Nyregistrerade personbilar;Förändring från föregående period;2013M01;-0.14
Nyregistrerade personbilar;Förändring från föregående period;2013M02;-0.13
Nyregistrerade personbilar;Förändring från föregående period;2013M03;-0.08
Nyregistrerade personbilar;Förändring från föregående period;2013M04;0
Nyregistrerade personbilar;Förändring från föregående period;2013M05;0.09
Nyregistrerade personbilar;Förändring från föregående period;2013M06;0.14
Nyregistrerade personbilar;Förändring från föregående period;2013M07;0.15
Nyregistrerade personbilar;Förändring från föregående period;2013M08;0.14
Nyregistrerade personbilar;Förändring från föregående period;2013M09;0.12
Nyregistrerade personbilar;Förändring från föregående period;2013M10;0.1
Nyregistrerade personbilar;Förändring från föregående period;2013M11;0.1
Nyregistrerade personbilar;Förändring från föregående period;2013M12;0.09
Nyregistrerade personbilar;Förändring från föregående period;2014M01;0.09
Nyregistrerade personbilar;Förändring från föregående period;2014M02;0.08
Nyregistrerade personbilar;Förändring från föregående period;2014M03;0.07
Nyregistrerade personbilar;Förändring från föregående period;2014M04;0.03
Nyregistrerade personbilar;Förändring från föregående period;2014M05;0
Nyregistrerade personbilar;Förändring från föregående period;2014M06;0
Nyregistrerade personbilar;Förändring från föregående period;2014M07;-0.01
Nyregistrerade personbilar;Förändring från föregående period;2014M08;-0.01
Nyregistrerade personbilar;Förändring från föregående period;2014M09;0
Nyregistrerade personbilar;Förändring från föregående period;2014M10;0.04
Nyregistrerade personbilar;Förändring från föregående period;2014M11;0.1
Nyregistrerade personbilar;Förändring från föregående period;2014M12;0.14
Nyregistrerade personbilar;Förändring från föregående period;2015M01;0.15
Nyregistrerade personbilar;Förändring från föregående period;2015M02;0.12
Nyregistrerade personbilar;Förändring från föregående period;2015M03;0.08
Nyregistrerade personbilar;Förändring från föregående period;2015M04;0.05
Nyregistrerade personbilar;Förändring från föregående period;2015M05;0.04
Nyregistrerade personbilar;Förändring från föregående period;2015M06;0.07
Nyregistrerade personbilar;Förändring från föregående period;2015M07;0.13
Nyregistrerade personbilar;Förändring från föregående period;2015M08;0.16
Nyregistrerade personbilar;Förändring från föregående period;2015M09;0.14
Nyregistrerade personbilar;Förändring från föregående period;2015M10;0.09
Nyregistrerade personbilar;Förändring från föregående period;2015M11;0.04
Nyregistrerade personbilar;Förändring från föregående period;2015M12;0.02
Nyregistrerade personbilar;Förändring från föregående period;2016M01;0.04
Nyregistrerade personbilar;Förändring från föregående period;2016M02;0.06
Nyregistrerade personbilar;Förändring från föregående period;2016M03;0.07
Nyregistrerade personbilar;Förändring från föregående period;2016M04;0.07
Nyregistrerade personbilar;Förändring från föregående period;2016M05;0.07
Nyregistrerade personbilar;Förändring från föregående period;2016M06;0.04
Nyregistrerade personbilar;Förändring från föregående period;2016M07;0.04
Nyregistrerade personbilar;Förändring från föregående period;2016M08;0.07
Nyregistrerade personbilar;Förändring från föregående period;2016M09;0.09
Nyregistrerade personbilar;Förändring från föregående period;2016M10;0.11
Nyregistrerade personbilar;Förändring från föregående period;2016M11;0.09
Nyregistrerade personbilar;Förändring från föregående period;2016M12;0.01
Nyregistrerade personbilar;Förändring från föregående period;2017M01;-0.07
Nyregistrerade personbilar;Förändring från föregående period;2017M02;-0.11
Nyregistrerade personbilar;Förändring från föregående period;2017M03;-0.11
Nyregistrerade personbilar;Förändring från föregående period;2017M04;-0.07
Nyregistrerade personbilar;Förändring från föregående period;2017M05;-0.01
Nyregistrerade personbilar;Förändring från föregående period;2017M06;0.02
Nyregistrerade personbilar;Förändring från föregående period;2017M07;0.04
Nyregistrerade personbilar;Förändring från föregående period;2017M08;0.01
Nyregistrerade personbilar;Förändring från föregående period;2017M09;-0.03
Nyregistrerade personbilar;Förändring från föregående period;2017M10;-0.06
Nyregistrerade personbilar;Förändring från föregående period;2017M11;-0.05
Nyregistrerade personbilar;Förändring från föregående period;2017M12;0.03
Nyregistrerade personbilar;Förändring från föregående period;2018M01;0.11
Nyregistrerade personbilar;Förändring från föregående period;2018M02;0.16
Nyregistrerade personbilar;Förändring från föregående period;2018M03;0.16
Nyregistrerade personbilar;Förändring från föregående period;2018M04;0.09
Nyregistrerade personbilar;Förändring från föregående period;2018M05;-0.06
Nyregistrerade personbilar;Förändring från föregående period;2018M06;-0.22
Nyregistrerade personbilar;Förändring från föregående period;2018M07;-0.35
Nyregistrerade personbilar;Förändring från föregående period;2018M08;-0.38
Nyregistrerade personbilar;Förändring från föregående period;2018M09;-0.31
Nyregistrerade personbilar;Förändring från föregående period;2018M10;-0.21
Nyregistrerade personbilar;Förändring från föregående period;2018M11;-0.09
Nyregistrerade personbilar;Förändring från föregående period;2018M12;0.01
Nyregistrerade personbilar;Förändring från föregående period;2019M01;0.07
Nyregistrerade personbilar;Förändring från föregående period;2019M02;0.09
Nyregistrerade personbilar;Förändring från föregående period;2019M03;0.08
Nyregistrerade personbilar;Förändring från föregående period;2019M04;0.08
Nyregistrerade personbilar;Förändring från föregående period;2019M05;0.07
Nyregistrerade personbilar;Förändring från föregående period;2019M06;0.06
Nyregistrerade personbilar;Förändring från föregående period;2019M07;0
Nyregistrerade personbilar;Förändring från föregående period;2019M08;-0.08
Nyregistrerade personbilar;Förändring från föregående period;2019M09;-0.17
Nyregistrerade personbilar;Förändring från föregående period;2019M10;-0.25
Nyregistrerade personbilar;Förändring från föregående period;2019M11;-0.3
Nyregistrerade personbilar;Förändring från föregående period;2019M12;-0.31
Nyregistrerade personbilar;Förändring från föregående period;2020M01;-0.25
Nyregistrerade personbilar;Förändring från föregående period;2020M02;-0.19
Nyregistrerade personbilar;Förändring från föregående period;2020M03;-0.11
Nyregistrerade personbilar;Förändring från föregående period;2020M04;-0.03
Nyregistrerade personbilar;Förändring från föregående period;2020M05;0.05
Nyregistrerade personbilar;Förändring från föregående period;2020M06;0.1
Nyregistrerade personbilar;Förändring från föregående period;2020M07;0.14
Nyregistrerade personbilar;Förändring från föregående period;2020M08;0.18
Nyregistrerade personbilar;Förändring från föregående period;2020M09;0.22
Nyregistrerade personbilar;Förändring från föregående period;2020M10;0.23
Nyregistrerade personbilar;Förändring från föregående period;2020M11;0.2
Nyregistrerade personbilar;Förändring från föregående period;2020M12;0.09
Nyregistrerade personbilar;Förändring från föregående period;2021M01;-0.07
Nyregistrerade personbilar;Förändring från föregående period;2021M02;-0.22
Nyregistrerade personbilar;Förändring från föregående period;2021M03;-0.33
Nyregistrerade personbilar;Förändring från föregående period;2021M04;-0.37
Nyregistrerade personbilar;Förändring från föregående period;2021M05;-0.35
Nyregistrerade personbilar;Förändring från föregående period;2021M06;-0.29
Nyregistrerade personbilar;Förändring från föregående period;2021M07;-0.22
Nyregistrerade personbilar;Förändring från föregående period;2021M08;-0.14
Nyregistrerade personbilar;Förändring från föregående period;2021M09;-0.07
Nyregistrerade personbilar;Förändring från föregående period;2021M10;-0.01
Nyregistrerade personbilar;Förändring från föregående period;2021M11;0.05
Nyregistrerade personbilar;Förändring från föregående period;2021M12;0.09
Nyregistrerade personbilar;Förändring från föregående period;2022M01;0.1
Nyregistrerade personbilar;Förändring från föregående period;2022M02;0.1
Nyregistrerade personbilar;Förändring från föregående period;2022M03;0.09
Nyregistrerade personbilar;Förändring från föregående period;2022M04;0.08
Nyregistrerade personbilar;Förändring från föregående period;2022M05;0.08
Nyregistrerade personbilar;Förändring från föregående period;2022M06;0.08
Nyregistrerade personbilar;Förändring från föregående period;2022M07;0.05
Nyregistrerade personbilar;Förändring från föregående period;2022M08;0.01
Nyregistrerade personbilar;Förändring från föregående period;2022M09;-0.03
Nyregistrerade personbilar;Förändring från föregående period;2022M10;-0.03
Nyregistrerade personbilar;Förändring från föregående period;2022M11;-0.02
Nyregistrerade personbilar;Förändring från föregående period;2022M12;0.03
Nyregistrerade personbilar;Förändring från föregående period;2023M01;0.1
Nyregistrerade personbilar;Förändring från föregående period;2023M02;0.15
Nyregistrerade personbilar;Förändring från föregående period;2023M03;0.17
Nyregistrerade personbilar;Förändring från föregående period;2023M04;0.21
Nyregistrerade personbilar;Förändring från föregående period;2023M05;0.23
Nyregistrerade personbilar;Förändring från föregående period;2023M06;0.21
Nyregistrerade personbilar;Förändring från föregående period;2023M07;0.19
Nyregistrerade personbilar;Förändring från föregående period;2023M08;0.15
Nyregistrerade personbilar;Förändring från föregående period;2023M09;0.07
Nyregistrerade personbilar;Förändring från föregående period;2023M10;-0.03
Nyregistrerade personbilar;Förändring från föregående period;2023M11;-0.14
Nyregistrerade personbilar;Förändring från föregående period;2023M12;-0.22
Nyregistrerade personbilar;Förändring från föregående period;2024M01;-0.25
Nyregistrerade personbilar;Förändring från föregående period;2024M02;-0.21
Nyregistrerade personbilar;Förändring från föregående period;2024M03;-0.16
Nyregistrerade personbilar;Förändring från föregående period;2024M04;-0.11
Nyregistrerade personbilar;Förändring från föregående period;2024M05;-0.06
Nyregistrerade personbilar;Förändring från föregående period;2024M06;0.03
Nyregistrerade personbilar;Förändring från föregående period;2024M07;0.11
Nyregistrerade personbilar;Förändring från föregående period;2024M08;0.17
Nyregistrerade personbilar;Förändring från föregående period;2024M09;0.22
Nyregistrerade personbilar;Förändring från föregående period;2024M10;0.23
Nyregistrerade personbilar;Förändring från föregående period;2024M11;0.21
Nyregistrerade personbilar;Förändring från föregående period;2024M12;0.16
Nyregistrerade personbilar;Förändring från föregående period;2025M01;0.1
Nyregistrerade personbilar;Förändring från föregående period;2025M02;0.04
Nyregistrerade personbilar;Förändring från föregående period;2025M03;0.01
Nyregistrerade personbilar;Förändring från föregående period;2025M04;-0.02
Nyregistrerade personbilar;Förändring från föregående period;2025M05;-0.06
Nyregistrerade personbilar;Förändring från föregående period;2025M06;-0.09
Nyregistrerade personbilar;Förändring från föregående period;2025M07;-0.12
Nyregistrerade personbilar;Förändring från föregående period;2025M08;-0.13
Nyregistrerade personbilar;Förändring från föregående period;2025M09;-0.13
Nyregistrerade personbilar;Förändring från föregående period;2025M10;-0.09
Nyregistrerade personbilar;Förändring från föregående period;2025M11;-0.02
Nyregistrerade personbilar;Förändring från föregående period;2025M12;0.07
Nyregistrerade personbilar;Förändring från föregående period;2026M01;0.17
Nyregistrerade personbilar;Förändring från föregående period;2026M02;0.23
Nyregistrerade personbilar;Förändring från föregående period;2026M03;0.25
Nyregistrerade personbilar;Förändring från föregående period;2026M04;0.23
Nyregistrerade personbilar;Förändring från föregående period;2026M05;0.17
Nyregistrerade personbilar;Förändring från föregående period;2026M06;0.11
Nyregistrerade personbilar;Förändring från föregående period;2026M07;0.08
Nyregistrerade personbilar;Förändring från föregående period;2026M08;0.07
Nyregistrerade lastbilar;Konjunkturläge;2000M01;0.02
Nyregistrerade lastbilar;Konjunkturläge;2000M02;0.12
Nyregistrerade lastbilar;Konjunkturläge;2000M03;0.22
Nyregistrerade lastbilar;Konjunkturläge;2000M04;0.33
Nyregistrerade lastbilar;Konjunkturläge;2000M05;0.46
Nyregistrerade lastbilar;Konjunkturläge;2000M06;0.57
Nyregistrerade lastbilar;Konjunkturläge;2000M07;0.67
Nyregistrerade lastbilar;Konjunkturläge;2000M08;0.74
Nyregistrerade lastbilar;Konjunkturläge;2000M09;0.78
Nyregistrerade lastbilar;Konjunkturläge;2000M10;0.8
Nyregistrerade lastbilar;Konjunkturläge;2000M11;0.78
Nyregistrerade lastbilar;Konjunkturläge;2000M12;0.71
Nyregistrerade lastbilar;Konjunkturläge;2001M01;0.6
Nyregistrerade lastbilar;Konjunkturläge;2001M02;0.45
Nyregistrerade lastbilar;Konjunkturläge;2001M03;0.29
Nyregistrerade lastbilar;Konjunkturläge;2001M04;0.12
Nyregistrerade lastbilar;Konjunkturläge;2001M05;-0.06
Nyregistrerade lastbilar;Konjunkturläge;2001M06;-0.22
Nyregistrerade lastbilar;Konjunkturläge;2001M07;-0.36
Nyregistrerade lastbilar;Konjunkturläge;2001M08;-0.48
Nyregistrerade lastbilar;Konjunkturläge;2001M09;-0.56
Nyregistrerade lastbilar;Konjunkturläge;2001M10;-0.57
Nyregistrerade lastbilar;Konjunkturläge;2001M11;-0.56
Nyregistrerade lastbilar;Konjunkturläge;2001M12;-0.53
Nyregistrerade lastbilar;Konjunkturläge;2002M01;-0.51
Nyregistrerade lastbilar;Konjunkturläge;2002M02;-0.51
Nyregistrerade lastbilar;Konjunkturläge;2002M03;-0.52
Nyregistrerade lastbilar;Konjunkturläge;2002M04;-0.56
Nyregistrerade lastbilar;Konjunkturläge;2002M05;-0.58
Nyregistrerade lastbilar;Konjunkturläge;2002M06;-0.58
Nyregistrerade lastbilar;Konjunkturläge;2002M07;-0.54
Nyregistrerade lastbilar;Konjunkturläge;2002M08;-0.5
Nyregistrerade lastbilar;Konjunkturläge;2002M09;-0.47
Nyregistrerade lastbilar;Konjunkturläge;2002M10;-0.45
Nyregistrerade lastbilar;Konjunkturläge;2002M11;-0.41
Nyregistrerade lastbilar;Konjunkturläge;2002M12;-0.37
Nyregistrerade lastbilar;Konjunkturläge;2003M01;-0.36
Nyregistrerade lastbilar;Konjunkturläge;2003M02;-0.38
Nyregistrerade lastbilar;Konjunkturläge;2003M03;-0.42
Nyregistrerade lastbilar;Konjunkturläge;2003M04;-0.51
Nyregistrerade lastbilar;Konjunkturläge;2003M05;-0.6
Nyregistrerade lastbilar;Konjunkturläge;2003M06;-0.69
Nyregistrerade lastbilar;Konjunkturläge;2003M07;-0.75
Nyregistrerade lastbilar;Konjunkturläge;2003M08;-0.76
Nyregistrerade lastbilar;Konjunkturläge;2003M09;-0.76
Nyregistrerade lastbilar;Konjunkturläge;2003M10;-0.81
Nyregistrerade lastbilar;Konjunkturläge;2003M11;-0.9
Nyregistrerade lastbilar;Konjunkturläge;2003M12;-0.98
Nyregistrerade lastbilar;Konjunkturläge;2004M01;-1.02
Nyregistrerade lastbilar;Konjunkturläge;2004M02;-0.96
Nyregistrerade lastbilar;Konjunkturläge;2004M03;-0.78
Nyregistrerade lastbilar;Konjunkturläge;2004M04;-0.51
Nyregistrerade lastbilar;Konjunkturläge;2004M05;-0.24
Nyregistrerade lastbilar;Konjunkturläge;2004M06;-0.05
Nyregistrerade lastbilar;Konjunkturläge;2004M07;0.02
Nyregistrerade lastbilar;Konjunkturläge;2004M08;0.01
Nyregistrerade lastbilar;Konjunkturläge;2004M09;-0.03
Nyregistrerade lastbilar;Konjunkturläge;2004M10;-0.07
Nyregistrerade lastbilar;Konjunkturläge;2004M11;-0.08
Nyregistrerade lastbilar;Konjunkturläge;2004M12;-0.05
Nyregistrerade lastbilar;Konjunkturläge;2005M01;0.02
Nyregistrerade lastbilar;Konjunkturläge;2005M02;0.1
Nyregistrerade lastbilar;Konjunkturläge;2005M03;0.17
Nyregistrerade lastbilar;Konjunkturläge;2005M04;0.25
Nyregistrerade lastbilar;Konjunkturläge;2005M05;0.33
Nyregistrerade lastbilar;Konjunkturläge;2005M06;0.41
Nyregistrerade lastbilar;Konjunkturläge;2005M07;0.44
Nyregistrerade lastbilar;Konjunkturläge;2005M08;0.46
Nyregistrerade lastbilar;Konjunkturläge;2005M09;0.51
Nyregistrerade lastbilar;Konjunkturläge;2005M10;0.6
Nyregistrerade lastbilar;Konjunkturläge;2005M11;0.72
Nyregistrerade lastbilar;Konjunkturläge;2005M12;0.84
Nyregistrerade lastbilar;Konjunkturläge;2006M01;0.92
Nyregistrerade lastbilar;Konjunkturläge;2006M02;0.94
Nyregistrerade lastbilar;Konjunkturläge;2006M03;0.87
Nyregistrerade lastbilar;Konjunkturläge;2006M04;0.75
Nyregistrerade lastbilar;Konjunkturläge;2006M05;0.63
Nyregistrerade lastbilar;Konjunkturläge;2006M06;0.54
Nyregistrerade lastbilar;Konjunkturläge;2006M07;0.5
Nyregistrerade lastbilar;Konjunkturläge;2006M08;0.51
Nyregistrerade lastbilar;Konjunkturläge;2006M09;0.55
Nyregistrerade lastbilar;Konjunkturläge;2006M10;0.67
Nyregistrerade lastbilar;Konjunkturläge;2006M11;0.83
Nyregistrerade lastbilar;Konjunkturläge;2006M12;1
Nyregistrerade lastbilar;Konjunkturläge;2007M01;1.17
Nyregistrerade lastbilar;Konjunkturläge;2007M02;1.3
Nyregistrerade lastbilar;Konjunkturläge;2007M03;1.38
Nyregistrerade lastbilar;Konjunkturläge;2007M04;1.38
Nyregistrerade lastbilar;Konjunkturläge;2007M05;1.34
Nyregistrerade lastbilar;Konjunkturläge;2007M06;1.33
Nyregistrerade lastbilar;Konjunkturläge;2007M07;1.39
Nyregistrerade lastbilar;Konjunkturläge;2007M08;1.49
Nyregistrerade lastbilar;Konjunkturläge;2007M09;1.61
Nyregistrerade lastbilar;Konjunkturläge;2007M10;1.69
Nyregistrerade lastbilar;Konjunkturläge;2007M11;1.68
Nyregistrerade lastbilar;Konjunkturläge;2007M12;1.62
Nyregistrerade lastbilar;Konjunkturläge;2008M01;1.52
Nyregistrerade lastbilar;Konjunkturläge;2008M02;1.39
Nyregistrerade lastbilar;Konjunkturläge;2008M03;1.28
Nyregistrerade lastbilar;Konjunkturläge;2008M04;1.2
Nyregistrerade lastbilar;Konjunkturläge;2008M05;1.11
Nyregistrerade lastbilar;Konjunkturläge;2008M06;0.98
Nyregistrerade lastbilar;Konjunkturläge;2008M07;0.79
Nyregistrerade lastbilar;Konjunkturläge;2008M08;0.51
Nyregistrerade lastbilar;Konjunkturläge;2008M09;0.12
Nyregistrerade lastbilar;Konjunkturläge;2008M10;-0.34
Nyregistrerade lastbilar;Konjunkturläge;2008M11;-0.81
Nyregistrerade lastbilar;Konjunkturläge;2008M12;-1.27
Nyregistrerade lastbilar;Konjunkturläge;2009M01;-1.65
Nyregistrerade lastbilar;Konjunkturläge;2009M02;-1.92
Nyregistrerade lastbilar;Konjunkturläge;2009M03;-2.11
Nyregistrerade lastbilar;Konjunkturläge;2009M04;-2.22
Nyregistrerade lastbilar;Konjunkturläge;2009M05;-2.28
Nyregistrerade lastbilar;Konjunkturläge;2009M06;-2.33
Nyregistrerade lastbilar;Konjunkturläge;2009M07;-2.35
Nyregistrerade lastbilar;Konjunkturläge;2009M08;-2.33
Nyregistrerade lastbilar;Konjunkturläge;2009M09;-2.26
Nyregistrerade lastbilar;Konjunkturläge;2009M10;-2.14
Nyregistrerade lastbilar;Konjunkturläge;2009M11;-1.99
Nyregistrerade lastbilar;Konjunkturläge;2009M12;-1.8
Nyregistrerade lastbilar;Konjunkturläge;2010M01;-1.56
Nyregistrerade lastbilar;Konjunkturläge;2010M02;-1.31
Nyregistrerade lastbilar;Konjunkturläge;2010M03;-1.06
Nyregistrerade lastbilar;Konjunkturläge;2010M04;-0.85
Nyregistrerade lastbilar;Konjunkturläge;2010M05;-0.67
Nyregistrerade lastbilar;Konjunkturläge;2010M06;-0.52
Nyregistrerade lastbilar;Konjunkturläge;2010M07;-0.42
Nyregistrerade lastbilar;Konjunkturläge;2010M08;-0.33
Nyregistrerade lastbilar;Konjunkturläge;2010M09;-0.23
Nyregistrerade lastbilar;Konjunkturläge;2010M10;-0.08
Nyregistrerade lastbilar;Konjunkturläge;2010M11;0.1
Nyregistrerade lastbilar;Konjunkturläge;2010M12;0.3
Nyregistrerade lastbilar;Konjunkturläge;2011M01;0.48
Nyregistrerade lastbilar;Konjunkturläge;2011M02;0.61
Nyregistrerade lastbilar;Konjunkturläge;2011M03;0.72
Nyregistrerade lastbilar;Konjunkturläge;2011M04;0.81
Nyregistrerade lastbilar;Konjunkturläge;2011M05;0.87
Nyregistrerade lastbilar;Konjunkturläge;2011M06;0.94
Nyregistrerade lastbilar;Konjunkturläge;2011M07;1.03
Nyregistrerade lastbilar;Konjunkturläge;2011M08;1.11
Nyregistrerade lastbilar;Konjunkturläge;2011M09;1.13
Nyregistrerade lastbilar;Konjunkturläge;2011M10;1.03
Nyregistrerade lastbilar;Konjunkturläge;2011M11;0.84
Nyregistrerade lastbilar;Konjunkturläge;2011M12;0.6
Nyregistrerade lastbilar;Konjunkturläge;2012M01;0.33
Nyregistrerade lastbilar;Konjunkturläge;2012M02;0.07
Nyregistrerade lastbilar;Konjunkturläge;2012M03;-0.13
Nyregistrerade lastbilar;Konjunkturläge;2012M04;-0.29
Nyregistrerade lastbilar;Konjunkturläge;2012M05;-0.4
Nyregistrerade lastbilar;Konjunkturläge;2012M06;-0.49
Nyregistrerade lastbilar;Konjunkturläge;2012M07;-0.57
Nyregistrerade lastbilar;Konjunkturläge;2012M08;-0.64
Nyregistrerade lastbilar;Konjunkturläge;2012M09;-0.71
Nyregistrerade lastbilar;Konjunkturläge;2012M10;-0.76
Nyregistrerade lastbilar;Konjunkturläge;2012M11;-0.82
Nyregistrerade lastbilar;Konjunkturläge;2012M12;-0.92
Nyregistrerade lastbilar;Konjunkturläge;2013M01;-1.05
Nyregistrerade lastbilar;Konjunkturläge;2013M02;-1.17
Nyregistrerade lastbilar;Konjunkturläge;2013M03;-1.27
Nyregistrerade lastbilar;Konjunkturläge;2013M04;-1.32
Nyregistrerade lastbilar;Konjunkturläge;2013M05;-1.31
Nyregistrerade lastbilar;Konjunkturläge;2013M06;-1.28
Nyregistrerade lastbilar;Konjunkturläge;2013M07;-1.24
Nyregistrerade lastbilar;Konjunkturläge;2013M08;-1.19
Nyregistrerade lastbilar;Konjunkturläge;2013M09;-1.12
Nyregistrerade lastbilar;Konjunkturläge;2013M10;-1.03
Nyregistrerade lastbilar;Konjunkturläge;2013M11;-0.89
Nyregistrerade lastbilar;Konjunkturläge;2013M12;-0.72
Nyregistrerade lastbilar;Konjunkturläge;2014M01;-0.57
Nyregistrerade lastbilar;Konjunkturläge;2014M02;-0.5
Nyregistrerade lastbilar;Konjunkturläge;2014M03;-0.51
Nyregistrerade lastbilar;Konjunkturläge;2014M04;-0.59
Nyregistrerade lastbilar;Konjunkturläge;2014M05;-0.67
Nyregistrerade lastbilar;Konjunkturläge;2014M06;-0.7
Nyregistrerade lastbilar;Konjunkturläge;2014M07;-0.67
Nyregistrerade lastbilar;Konjunkturläge;2014M08;-0.6
Nyregistrerade lastbilar;Konjunkturläge;2014M09;-0.53
Nyregistrerade lastbilar;Konjunkturläge;2014M10;-0.48
Nyregistrerade lastbilar;Konjunkturläge;2014M11;-0.46
Nyregistrerade lastbilar;Konjunkturläge;2014M12;-0.44
Nyregistrerade lastbilar;Konjunkturläge;2015M01;-0.38
Nyregistrerade lastbilar;Konjunkturläge;2015M02;-0.31
Nyregistrerade lastbilar;Konjunkturläge;2015M03;-0.25
Nyregistrerade lastbilar;Konjunkturläge;2015M04;-0.23
Nyregistrerade lastbilar;Konjunkturläge;2015M05;-0.25
Nyregistrerade lastbilar;Konjunkturläge;2015M06;-0.28
Nyregistrerade lastbilar;Konjunkturläge;2015M07;-0.29
Nyregistrerade lastbilar;Konjunkturläge;2015M08;-0.27
Nyregistrerade lastbilar;Konjunkturläge;2015M09;-0.22
Nyregistrerade lastbilar;Konjunkturläge;2015M10;-0.15
Nyregistrerade lastbilar;Konjunkturläge;2015M11;-0.07
Nyregistrerade lastbilar;Konjunkturläge;2015M12;0.04
Nyregistrerade lastbilar;Konjunkturläge;2016M01;0.16
Nyregistrerade lastbilar;Konjunkturläge;2016M02;0.33
Nyregistrerade lastbilar;Konjunkturläge;2016M03;0.55
Nyregistrerade lastbilar;Konjunkturläge;2016M04;0.79
Nyregistrerade lastbilar;Konjunkturläge;2016M05;0.99
Nyregistrerade lastbilar;Konjunkturläge;2016M06;1.1
Nyregistrerade lastbilar;Konjunkturläge;2016M07;1.11
Nyregistrerade lastbilar;Konjunkturläge;2016M08;1.07
Nyregistrerade lastbilar;Konjunkturläge;2016M09;1.02
Nyregistrerade lastbilar;Konjunkturläge;2016M10;1.04
Nyregistrerade lastbilar;Konjunkturläge;2016M11;1.14
Nyregistrerade lastbilar;Konjunkturläge;2016M12;1.26
Nyregistrerade lastbilar;Konjunkturläge;2017M01;1.4
Nyregistrerade lastbilar;Konjunkturläge;2017M02;1.49
Nyregistrerade lastbilar;Konjunkturläge;2017M03;1.49
Nyregistrerade lastbilar;Konjunkturläge;2017M04;1.42
Nyregistrerade lastbilar;Konjunkturläge;2017M05;1.34
Nyregistrerade lastbilar;Konjunkturläge;2017M06;1.35
Nyregistrerade lastbilar;Konjunkturläge;2017M07;1.47
Nyregistrerade lastbilar;Konjunkturläge;2017M08;1.66
Nyregistrerade lastbilar;Konjunkturläge;2017M09;1.83
Nyregistrerade lastbilar;Konjunkturläge;2017M10;1.97
Nyregistrerade lastbilar;Konjunkturläge;2017M11;2.04
Nyregistrerade lastbilar;Konjunkturläge;2017M12;2.04
Nyregistrerade lastbilar;Konjunkturläge;2018M01;1.99
Nyregistrerade lastbilar;Konjunkturläge;2018M02;1.98
Nyregistrerade lastbilar;Konjunkturläge;2018M03;2.04
Nyregistrerade lastbilar;Konjunkturläge;2018M04;2.12
Nyregistrerade lastbilar;Konjunkturläge;2018M05;2.17
Nyregistrerade lastbilar;Konjunkturläge;2018M06;2.12
Nyregistrerade lastbilar;Konjunkturläge;2018M07;1.99
Nyregistrerade lastbilar;Konjunkturläge;2018M08;1.8
Nyregistrerade lastbilar;Konjunkturläge;2018M09;1.56
Nyregistrerade lastbilar;Konjunkturläge;2018M10;1.3
Nyregistrerade lastbilar;Konjunkturläge;2018M11;1.04
Nyregistrerade lastbilar;Konjunkturläge;2018M12;0.87
Nyregistrerade lastbilar;Konjunkturläge;2019M01;0.78
Nyregistrerade lastbilar;Konjunkturläge;2019M02;0.76
Nyregistrerade lastbilar;Konjunkturläge;2019M03;0.78
Nyregistrerade lastbilar;Konjunkturläge;2019M04;0.8
Nyregistrerade lastbilar;Konjunkturläge;2019M05;0.74
Nyregistrerade lastbilar;Konjunkturläge;2019M06;0.57
Nyregistrerade lastbilar;Konjunkturläge;2019M07;0.31
Nyregistrerade lastbilar;Konjunkturläge;2019M08;0.07
Nyregistrerade lastbilar;Konjunkturläge;2019M09;-0.09
Nyregistrerade lastbilar;Konjunkturläge;2019M10;-0.15
Nyregistrerade lastbilar;Konjunkturläge;2019M11;-0.21
Nyregistrerade lastbilar;Konjunkturläge;2019M12;-0.35
Nyregistrerade lastbilar;Konjunkturläge;2020M01;-0.6
Nyregistrerade lastbilar;Konjunkturläge;2020M02;-0.9
Nyregistrerade lastbilar;Konjunkturläge;2020M03;-1.16
Nyregistrerade lastbilar;Konjunkturläge;2020M04;-1.27
Nyregistrerade lastbilar;Konjunkturläge;2020M05;-1.17
Nyregistrerade lastbilar;Konjunkturläge;2020M06;-0.9
Nyregistrerade lastbilar;Konjunkturläge;2020M07;-0.57
Nyregistrerade lastbilar;Konjunkturläge;2020M08;-0.32
Nyregistrerade lastbilar;Konjunkturläge;2020M09;-0.25
Nyregistrerade lastbilar;Konjunkturläge;2020M10;-0.32
Nyregistrerade lastbilar;Konjunkturläge;2020M11;-0.47
Nyregistrerade lastbilar;Konjunkturläge;2020M12;-0.64
Nyregistrerade lastbilar;Konjunkturläge;2021M01;-0.81
Nyregistrerade lastbilar;Konjunkturläge;2021M02;-0.95
Nyregistrerade lastbilar;Konjunkturläge;2021M03;-1.07
Nyregistrerade lastbilar;Konjunkturläge;2021M04;-1.19
Nyregistrerade lastbilar;Konjunkturläge;2021M05;-1.33
Nyregistrerade lastbilar;Konjunkturläge;2021M06;-1.49
Nyregistrerade lastbilar;Konjunkturläge;2021M07;-1.67
Nyregistrerade lastbilar;Konjunkturläge;2021M08;-1.85
Nyregistrerade lastbilar;Konjunkturläge;2021M09;-1.99
Nyregistrerade lastbilar;Konjunkturläge;2021M10;-2.06
Nyregistrerade lastbilar;Konjunkturläge;2021M11;-2.01
Nyregistrerade lastbilar;Konjunkturläge;2021M12;-1.82
Nyregistrerade lastbilar;Konjunkturläge;2022M01;-1.54
Nyregistrerade lastbilar;Konjunkturläge;2022M02;-1.27
Nyregistrerade lastbilar;Konjunkturläge;2022M03;-1.07
Nyregistrerade lastbilar;Konjunkturläge;2022M04;-0.98
Nyregistrerade lastbilar;Konjunkturläge;2022M05;-0.97
Nyregistrerade lastbilar;Konjunkturläge;2022M06;-0.96
Nyregistrerade lastbilar;Konjunkturläge;2022M07;-0.89
Nyregistrerade lastbilar;Konjunkturläge;2022M08;-0.74
Nyregistrerade lastbilar;Konjunkturläge;2022M09;-0.51
Nyregistrerade lastbilar;Konjunkturläge;2022M10;-0.28
Nyregistrerade lastbilar;Konjunkturläge;2022M11;-0.11
Nyregistrerade lastbilar;Konjunkturläge;2022M12;-0.03
Nyregistrerade lastbilar;Konjunkturläge;2023M01;0
Nyregistrerade lastbilar;Konjunkturläge;2023M02;0.04
Nyregistrerade lastbilar;Konjunkturläge;2023M03;0.13
Nyregistrerade lastbilar;Konjunkturläge;2023M04;0.29
Nyregistrerade lastbilar;Konjunkturläge;2023M05;0.52
Nyregistrerade lastbilar;Konjunkturläge;2023M06;0.77
Nyregistrerade lastbilar;Konjunkturläge;2023M07;0.99
Nyregistrerade lastbilar;Konjunkturläge;2023M08;1.15
Nyregistrerade lastbilar;Konjunkturläge;2023M09;1.22
Nyregistrerade lastbilar;Konjunkturläge;2023M10;1.25
Nyregistrerade lastbilar;Konjunkturläge;2023M11;1.26
Nyregistrerade lastbilar;Konjunkturläge;2023M12;1.25
Nyregistrerade lastbilar;Konjunkturläge;2024M01;1.18
Nyregistrerade lastbilar;Konjunkturläge;2024M02;1.07
Nyregistrerade lastbilar;Konjunkturläge;2024M03;0.89
Nyregistrerade lastbilar;Konjunkturläge;2024M04;0.66
Nyregistrerade lastbilar;Konjunkturläge;2024M05;0.37
Nyregistrerade lastbilar;Konjunkturläge;2024M06;0.06
Nyregistrerade lastbilar;Konjunkturläge;2024M07;-0.21
Nyregistrerade lastbilar;Konjunkturläge;2024M08;-0.4
Nyregistrerade lastbilar;Konjunkturläge;2024M09;-0.5
Nyregistrerade lastbilar;Konjunkturläge;2024M10;-0.55
Nyregistrerade lastbilar;Konjunkturläge;2024M11;-0.61
Nyregistrerade lastbilar;Konjunkturläge;2024M12;-0.7
Nyregistrerade lastbilar;Konjunkturläge;2025M01;-0.81
Nyregistrerade lastbilar;Konjunkturläge;2025M02;-0.93
Nyregistrerade lastbilar;Konjunkturläge;2025M03;-1.03
Nyregistrerade lastbilar;Konjunkturläge;2025M04;-1.07
Nyregistrerade lastbilar;Konjunkturläge;2025M05;-1.04
Nyregistrerade lastbilar;Konjunkturläge;2025M06;-0.92
Nyregistrerade lastbilar;Konjunkturläge;2025M07;-0.75
Nyregistrerade lastbilar;Konjunkturläge;2025M08;-0.58
Nyregistrerade lastbilar;Konjunkturläge;2025M09;-0.44
Nyregistrerade lastbilar;Konjunkturläge;2025M10;-0.32
Nyregistrerade lastbilar;Konjunkturläge;2025M11;-0.2
Nyregistrerade lastbilar;Konjunkturläge;2025M12;-0.06
Nyregistrerade lastbilar;Konjunkturläge;2026M01;0.12
Nyregistrerade lastbilar;Konjunkturläge;2026M02;0.34
Nyregistrerade lastbilar;Konjunkturläge;2026M03;0.57
Nyregistrerade lastbilar;Konjunkturläge;2026M04;0.77
Nyregistrerade lastbilar;Konjunkturläge;2026M05;0.89
Nyregistrerade lastbilar;Konjunkturläge;2026M06;0.91
Nyregistrerade lastbilar;Konjunkturläge;2026M07;0.86
Nyregistrerade lastbilar;Konjunkturläge;2026M08;0.78
Nyregistrerade lastbilar;Förändring från föregående period;2000M01;
Nyregistrerade lastbilar;Förändring från föregående period;2000M02;0.09
Nyregistrerade lastbilar;Förändring från föregående period;2000M03;0.1
Nyregistrerade lastbilar;Förändring från föregående period;2000M04;0.12
Nyregistrerade lastbilar;Förändring från föregående period;2000M05;0.12
Nyregistrerade lastbilar;Förändring från föregående period;2000M06;0.12
Nyregistrerade lastbilar;Förändring från föregående period;2000M07;0.09
Nyregistrerade lastbilar;Förändring från föregående period;2000M08;0.07
Nyregistrerade lastbilar;Förändring från föregående period;2000M09;0.05
Nyregistrerade lastbilar;Förändring från föregående period;2000M10;0.02
Nyregistrerade lastbilar;Förändring från föregående period;2000M11;-0.02
Nyregistrerade lastbilar;Förändring från föregående period;2000M12;-0.07
Nyregistrerade lastbilar;Förändring från föregående period;2001M01;-0.11
Nyregistrerade lastbilar;Förändring från föregående period;2001M02;-0.15
Nyregistrerade lastbilar;Förändring från föregående period;2001M03;-0.16
Nyregistrerade lastbilar;Förändring från föregående period;2001M04;-0.17
Nyregistrerade lastbilar;Förändring från föregående period;2001M05;-0.18
Nyregistrerade lastbilar;Förändring från föregående period;2001M06;-0.16
Nyregistrerade lastbilar;Förändring från föregående period;2001M07;-0.14
Nyregistrerade lastbilar;Förändring från föregående period;2001M08;-0.12
Nyregistrerade lastbilar;Förändring från föregående period;2001M09;-0.08
Nyregistrerade lastbilar;Förändring från föregående period;2001M10;-0.02
Nyregistrerade lastbilar;Förändring från föregående period;2001M11;0.02
Nyregistrerade lastbilar;Förändring från föregående period;2001M12;0.03
Nyregistrerade lastbilar;Förändring från föregående period;2002M01;0.02
Nyregistrerade lastbilar;Förändring från föregående period;2002M02;0
Nyregistrerade lastbilar;Förändring från föregående period;2002M03;-0.02
Nyregistrerade lastbilar;Förändring från föregående period;2002M04;-0.04
Nyregistrerade lastbilar;Förändring från föregående period;2002M05;-0.02
Nyregistrerade lastbilar;Förändring från föregående period;2002M06;0
Nyregistrerade lastbilar;Förändring från föregående period;2002M07;0.03
Nyregistrerade lastbilar;Förändring från föregående period;2002M08;0.04
Nyregistrerade lastbilar;Förändring från föregående period;2002M09;0.03
Nyregistrerade lastbilar;Förändring från föregående period;2002M10;0.02
Nyregistrerade lastbilar;Förändring från föregående period;2002M11;0.03
Nyregistrerade lastbilar;Förändring från föregående period;2002M12;0.04
Nyregistrerade lastbilar;Förändring från föregående period;2003M01;0.01
Nyregistrerade lastbilar;Förändring från föregående period;2003M02;-0.01
Nyregistrerade lastbilar;Förändring från föregående period;2003M03;-0.05
Nyregistrerade lastbilar;Förändring från föregående period;2003M04;-0.08
Nyregistrerade lastbilar;Förändring från föregående period;2003M05;-0.1
Nyregistrerade lastbilar;Förändring från föregående period;2003M06;-0.09
Nyregistrerade lastbilar;Förändring från föregående period;2003M07;-0.05
Nyregistrerade lastbilar;Förändring från föregående period;2003M08;-0.01
Nyregistrerade lastbilar;Förändring från föregående period;2003M09;0
Nyregistrerade lastbilar;Förändring från föregående period;2003M10;-0.05
Nyregistrerade lastbilar;Förändring från föregående period;2003M11;-0.09
Nyregistrerade lastbilar;Förändring från föregående period;2003M12;-0.09
Nyregistrerade lastbilar;Förändring från föregående period;2004M01;-0.03
Nyregistrerade lastbilar;Förändring från föregående period;2004M02;0.06
Nyregistrerade lastbilar;Förändring från föregående period;2004M03;0.18
Nyregistrerade lastbilar;Förändring från föregående period;2004M04;0.27
Nyregistrerade lastbilar;Förändring från föregående period;2004M05;0.27
Nyregistrerade lastbilar;Förändring från föregående period;2004M06;0.18
Nyregistrerade lastbilar;Förändring från föregående period;2004M07;0.07
Nyregistrerade lastbilar;Förändring från föregående period;2004M08;-0.01
Nyregistrerade lastbilar;Förändring från föregående period;2004M09;-0.04
Nyregistrerade lastbilar;Förändring från föregående period;2004M10;-0.03
Nyregistrerade lastbilar;Förändring från föregående period;2004M11;-0.01
Nyregistrerade lastbilar;Förändring från föregående period;2004M12;0.03
Nyregistrerade lastbilar;Förändring från föregående period;2005M01;0.07
Nyregistrerade lastbilar;Förändring från föregående period;2005M02;0.08
Nyregistrerade lastbilar;Förändring från föregående period;2005M03;0.08
Nyregistrerade lastbilar;Förändring från föregående period;2005M04;0.08
Nyregistrerade lastbilar;Förändring från föregående period;2005M05;0.08
Nyregistrerade lastbilar;Förändring från föregående period;2005M06;0.07
Nyregistrerade lastbilar;Förändring från föregående period;2005M07;0.04
Nyregistrerade lastbilar;Förändring från föregående period;2005M08;0.02
Nyregistrerade lastbilar;Förändring från föregående period;2005M09;0.04
Nyregistrerade lastbilar;Förändring från föregående period;2005M10;0.09
Nyregistrerade lastbilar;Förändring från föregående period;2005M11;0.12
Nyregistrerade lastbilar;Förändring från föregående period;2005M12;0.12
Nyregistrerade lastbilar;Förändring från föregående period;2006M01;0.08
Nyregistrerade lastbilar;Förändring från föregående period;2006M02;0.02
Nyregistrerade lastbilar;Förändring från föregående period;2006M03;-0.07
Nyregistrerade lastbilar;Förändring från föregående period;2006M04;-0.12
Nyregistrerade lastbilar;Förändring från föregående period;2006M05;-0.12
Nyregistrerade lastbilar;Förändring från föregående period;2006M06;-0.09
Nyregistrerade lastbilar;Förändring från föregående period;2006M07;-0.04
Nyregistrerade lastbilar;Förändring från föregående period;2006M08;0.01
Nyregistrerade lastbilar;Förändring från föregående period;2006M09;0.05
Nyregistrerade lastbilar;Förändring från föregående period;2006M10;0.11
Nyregistrerade lastbilar;Förändring från föregående period;2006M11;0.16
Nyregistrerade lastbilar;Förändring från föregående period;2006M12;0.17
Nyregistrerade lastbilar;Förändring från föregående period;2007M01;0.16
Nyregistrerade lastbilar;Förändring från föregående period;2007M02;0.13
Nyregistrerade lastbilar;Förändring från föregående period;2007M03;0.08
Nyregistrerade lastbilar;Förändring från föregående period;2007M04;0
Nyregistrerade lastbilar;Förändring från föregående period;2007M05;-0.04
Nyregistrerade lastbilar;Förändring från föregående period;2007M06;-0.01
Nyregistrerade lastbilar;Förändring från föregående period;2007M07;0.06
Nyregistrerade lastbilar;Förändring från föregående period;2007M08;0.1
Nyregistrerade lastbilar;Förändring från föregående period;2007M09;0.12
Nyregistrerade lastbilar;Förändring från föregående period;2007M10;0.08
Nyregistrerade lastbilar;Förändring från föregående period;2007M11;0
Nyregistrerade lastbilar;Förändring från föregående period;2007M12;-0.06
Nyregistrerade lastbilar;Förändring från föregående period;2008M01;-0.11
Nyregistrerade lastbilar;Förändring från föregående period;2008M02;-0.13
Nyregistrerade lastbilar;Förändring från föregående period;2008M03;-0.11
Nyregistrerade lastbilar;Förändring från föregående period;2008M04;-0.08
Nyregistrerade lastbilar;Förändring från föregående period;2008M05;-0.09
Nyregistrerade lastbilar;Förändring från föregående period;2008M06;-0.13
Nyregistrerade lastbilar;Förändring från föregående period;2008M07;-0.19
Nyregistrerade lastbilar;Förändring från föregående period;2008M08;-0.28
Nyregistrerade lastbilar;Förändring från föregående period;2008M09;-0.39
Nyregistrerade lastbilar;Förändring från föregående period;2008M10;-0.46
Nyregistrerade lastbilar;Förändring från föregående period;2008M11;-0.47
Nyregistrerade lastbilar;Förändring från föregående period;2008M12;-0.45
Nyregistrerade lastbilar;Förändring från föregående period;2009M01;-0.38
Nyregistrerade lastbilar;Förändring från föregående period;2009M02;-0.28
Nyregistrerade lastbilar;Förändring från föregående period;2009M03;-0.19
Nyregistrerade lastbilar;Förändring från föregående period;2009M04;-0.11
Nyregistrerade lastbilar;Förändring från föregående period;2009M05;-0.06
Nyregistrerade lastbilar;Förändring från föregående period;2009M06;-0.05
Nyregistrerade lastbilar;Förändring från föregående period;2009M07;-0.02
Nyregistrerade lastbilar;Förändring från föregående period;2009M08;0.02
Nyregistrerade lastbilar;Förändring från föregående period;2009M09;0.07
Nyregistrerade lastbilar;Förändring från föregående period;2009M10;0.12
Nyregistrerade lastbilar;Förändring från föregående period;2009M11;0.15
Nyregistrerade lastbilar;Förändring från föregående period;2009M12;0.19
Nyregistrerade lastbilar;Förändring från föregående period;2010M01;0.24
Nyregistrerade lastbilar;Förändring från föregående period;2010M02;0.26
Nyregistrerade lastbilar;Förändring från föregående period;2010M03;0.24
Nyregistrerade lastbilar;Förändring från föregående period;2010M04;0.21
Nyregistrerade lastbilar;Förändring från föregående period;2010M05;0.18
Nyregistrerade lastbilar;Förändring från föregående period;2010M06;0.15
Nyregistrerade lastbilar;Förändring från föregående period;2010M07;0.11
Nyregistrerade lastbilar;Förändring från föregående period;2010M08;0.08
Nyregistrerade lastbilar;Förändring från föregående period;2010M09;0.1
Nyregistrerade lastbilar;Förändring från föregående period;2010M10;0.15
Nyregistrerade lastbilar;Förändring från föregående period;2010M11;0.18
Nyregistrerade lastbilar;Förändring från föregående period;2010M12;0.2
Nyregistrerade lastbilar;Förändring från föregående period;2011M01;0.18
Nyregistrerade lastbilar;Förändring från föregående period;2011M02;0.13
Nyregistrerade lastbilar;Förändring från föregående period;2011M03;0.11
Nyregistrerade lastbilar;Förändring från föregående period;2011M04;0.08
Nyregistrerade lastbilar;Förändring från föregående period;2011M05;0.06
Nyregistrerade lastbilar;Förändring från föregående period;2011M06;0.07
Nyregistrerade lastbilar;Förändring från föregående period;2011M07;0.09
Nyregistrerade lastbilar;Förändring från föregående period;2011M08;0.08
Nyregistrerade lastbilar;Förändring från föregående period;2011M09;0.01
Nyregistrerade lastbilar;Förändring från föregående period;2011M10;-0.09
Nyregistrerade lastbilar;Förändring från föregående period;2011M11;-0.19
Nyregistrerade lastbilar;Förändring från föregående period;2011M12;-0.25
Nyregistrerade lastbilar;Förändring från föregående period;2012M01;-0.27
Nyregistrerade lastbilar;Förändring från föregående period;2012M02;-0.25
Nyregistrerade lastbilar;Förändring från föregående period;2012M03;-0.2
Nyregistrerade lastbilar;Förändring från föregående period;2012M04;-0.16
Nyregistrerade lastbilar;Förändring från föregående period;2012M05;-0.11
Nyregistrerade lastbilar;Förändring från föregående period;2012M06;-0.09
Nyregistrerade lastbilar;Förändring från föregående period;2012M07;-0.08
Nyregistrerade lastbilar;Förändring från föregående period;2012M08;-0.07
Nyregistrerade lastbilar;Förändring från föregående period;2012M09;-0.06
Nyregistrerade lastbilar;Förändring från föregående period;2012M10;-0.05
Nyregistrerade lastbilar;Förändring från föregående period;2012M11;-0.06
Nyregistrerade lastbilar;Förändring från föregående period;2012M12;-0.1
Nyregistrerade lastbilar;Förändring från föregående period;2013M01;-0.13
Nyregistrerade lastbilar;Förändring från föregående period;2013M02;-0.12
Nyregistrerade lastbilar;Förändring från föregående period;2013M03;-0.1
Nyregistrerade lastbilar;Förändring från föregående period;2013M04;-0.05
Nyregistrerade lastbilar;Förändring från föregående period;2013M05;0.01
Nyregistrerade lastbilar;Förändring från föregående period;2013M06;0.03
Nyregistrerade lastbilar;Förändring från föregående period;2013M07;0.04
Nyregistrerade lastbilar;Förändring från föregående period;2013M08;0.05
Nyregistrerade lastbilar;Förändring från föregående period;2013M09;0.06
Nyregistrerade lastbilar;Förändring från föregående period;2013M10;0.1
Nyregistrerade lastbilar;Förändring från föregående period;2013M11;0.13
Nyregistrerade lastbilar;Förändring från föregående period;2013M12;0.17
Nyregistrerade lastbilar;Förändring från föregående period;2014M01;0.15
Nyregistrerade lastbilar;Förändring från föregående period;2014M02;0.08
Nyregistrerade lastbilar;Förändring från föregående period;2014M03;-0.02
Nyregistrerade lastbilar;Förändring från föregående period;2014M04;-0.08
Nyregistrerade lastbilar;Förändring från föregående period;2014M05;-0.08
Nyregistrerade lastbilar;Förändring från föregående period;2014M06;-0.03
Nyregistrerade lastbilar;Förändring från föregående period;2014M07;0.03
Nyregistrerade lastbilar;Förändring från föregående period;2014M08;0.06
Nyregistrerade lastbilar;Förändring från föregående period;2014M09;0.07
Nyregistrerade lastbilar;Förändring från föregående period;2014M10;0.05
Nyregistrerade lastbilar;Förändring från föregående period;2014M11;0.02
Nyregistrerade lastbilar;Förändring från föregående period;2014M12;0.02
Nyregistrerade lastbilar;Förändring från föregående period;2015M01;0.06
Nyregistrerade lastbilar;Förändring från föregående period;2015M02;0.07
Nyregistrerade lastbilar;Förändring från föregående period;2015M03;0.06
Nyregistrerade lastbilar;Förändring från föregående period;2015M04;0.02
Nyregistrerade lastbilar;Förändring från föregående period;2015M05;-0.02
Nyregistrerade lastbilar;Förändring från föregående period;2015M06;-0.03
Nyregistrerade lastbilar;Förändring från föregående period;2015M07;-0.01
Nyregistrerade lastbilar;Förändring från föregående period;2015M08;0.02
Nyregistrerade lastbilar;Förändring från föregående period;2015M09;0.06
Nyregistrerade lastbilar;Förändring från föregående period;2015M10;0.07
Nyregistrerade lastbilar;Förändring från föregående period;2015M11;0.08
Nyregistrerade lastbilar;Förändring från föregående period;2015M12;0.1
Nyregistrerade lastbilar;Förändring från föregående period;2016M01;0.12
Nyregistrerade lastbilar;Förändring från föregående period;2016M02;0.17
Nyregistrerade lastbilar;Förändring från föregående period;2016M03;0.22
Nyregistrerade lastbilar;Förändring från föregående period;2016M04;0.24
Nyregistrerade lastbilar;Förändring från föregående period;2016M05;0.2
Nyregistrerade lastbilar;Förändring från föregående period;2016M06;0.11
Nyregistrerade lastbilar;Förändring från föregående period;2016M07;0.01
Nyregistrerade lastbilar;Förändring från föregående period;2016M08;-0.04
Nyregistrerade lastbilar;Förändring från föregående period;2016M09;-0.04
Nyregistrerade lastbilar;Förändring från föregående period;2016M10;0.02
Nyregistrerade lastbilar;Förändring från föregående period;2016M11;0.09
Nyregistrerade lastbilar;Förändring från föregående period;2016M12;0.12
Nyregistrerade lastbilar;Förändring från föregående period;2017M01;0.14
Nyregistrerade lastbilar;Förändring från föregående period;2017M02;0.09
Nyregistrerade lastbilar;Förändring från föregående period;2017M03;0
Nyregistrerade lastbilar;Förändring från föregående period;2017M04;-0.08
Nyregistrerade lastbilar;Förändring från föregående period;2017M05;-0.08
Nyregistrerade lastbilar;Förändring från föregående period;2017M06;0.01
Nyregistrerade lastbilar;Förändring från föregående period;2017M07;0.12
Nyregistrerade lastbilar;Förändring från föregående period;2017M08;0.19
Nyregistrerade lastbilar;Förändring från föregående period;2017M09;0.18
Nyregistrerade lastbilar;Förändring från föregående period;2017M10;0.14
Nyregistrerade lastbilar;Förändring från föregående period;2017M11;0.07
Nyregistrerade lastbilar;Förändring från föregående period;2017M12;0
Nyregistrerade lastbilar;Förändring från föregående period;2018M01;-0.05
Nyregistrerade lastbilar;Förändring från föregående period;2018M02;-0.01
Nyregistrerade lastbilar;Förändring från föregående period;2018M03;0.06
Nyregistrerade lastbilar;Förändring från föregående period;2018M04;0.08
Nyregistrerade lastbilar;Förändring från föregående period;2018M05;0.05
Nyregistrerade lastbilar;Förändring från föregående period;2018M06;-0.05
Nyregistrerade lastbilar;Förändring från föregående period;2018M07;-0.13
Nyregistrerade lastbilar;Förändring från föregående period;2018M08;-0.19
Nyregistrerade lastbilar;Förändring från föregående period;2018M09;-0.24
Nyregistrerade lastbilar;Förändring från föregående period;2018M10;-0.26
Nyregistrerade lastbilar;Förändring från föregående period;2018M11;-0.26
Nyregistrerade lastbilar;Förändring från föregående period;2018M12;-0.18
Nyregistrerade lastbilar;Förändring från föregående period;2019M01;-0.08
Nyregistrerade lastbilar;Förändring från föregående period;2019M02;-0.02
Nyregistrerade lastbilar;Förändring från föregående period;2019M03;0.02
Nyregistrerade lastbilar;Förändring från föregående period;2019M04;0.02
Nyregistrerade lastbilar;Förändring från föregående period;2019M05;-0.06
Nyregistrerade lastbilar;Förändring från föregående period;2019M06;-0.17
Nyregistrerade lastbilar;Förändring från föregående period;2019M07;-0.26
Nyregistrerade lastbilar;Förändring från föregående period;2019M08;-0.24
Nyregistrerade lastbilar;Förändring från föregående period;2019M09;-0.15
Nyregistrerade lastbilar;Förändring från föregående period;2019M10;-0.06
Nyregistrerade lastbilar;Förändring från föregående period;2019M11;-0.06
Nyregistrerade lastbilar;Förändring från föregående period;2019M12;-0.14
Nyregistrerade lastbilar;Förändring från föregående period;2020M01;-0.25
Nyregistrerade lastbilar;Förändring från föregående period;2020M02;-0.3
Nyregistrerade lastbilar;Förändring från föregående period;2020M03;-0.26
Nyregistrerade lastbilar;Förändring från föregående period;2020M04;-0.11
Nyregistrerade lastbilar;Förändring från föregående period;2020M05;0.1
Nyregistrerade lastbilar;Förändring från föregående period;2020M06;0.27
Nyregistrerade lastbilar;Förändring från föregående period;2020M07;0.33
Nyregistrerade lastbilar;Förändring från föregående period;2020M08;0.24
Nyregistrerade lastbilar;Förändring från föregående period;2020M09;0.07
Nyregistrerade lastbilar;Förändring från föregående period;2020M10;-0.07
Nyregistrerade lastbilar;Förändring från föregående period;2020M11;-0.15
Nyregistrerade lastbilar;Förändring från föregående period;2020M12;-0.17
Nyregistrerade lastbilar;Förändring från föregående period;2021M01;-0.17
Nyregistrerade lastbilar;Förändring från föregående period;2021M02;-0.14
Nyregistrerade lastbilar;Förändring från föregående period;2021M03;-0.12
Nyregistrerade lastbilar;Förändring från föregående period;2021M04;-0.12
Nyregistrerade lastbilar;Förändring från föregående period;2021M05;-0.14
Nyregistrerade lastbilar;Förändring från föregående period;2021M06;-0.16
Nyregistrerade lastbilar;Förändring från föregående period;2021M07;-0.18
Nyregistrerade lastbilar;Förändring från föregående period;2021M08;-0.18
Nyregistrerade lastbilar;Förändring från föregående period;2021M09;-0.14
Nyregistrerade lastbilar;Förändring från föregående period;2021M10;-0.07
Nyregistrerade lastbilar;Förändring från föregående period;2021M11;0.05
Nyregistrerade lastbilar;Förändring från föregående period;2021M12;0.19
Nyregistrerade lastbilar;Förändring från föregående period;2022M01;0.28
Nyregistrerade lastbilar;Förändring från föregående period;2022M02;0.28
Nyregistrerade lastbilar;Förändring från föregående period;2022M03;0.2
Nyregistrerade lastbilar;Förändring från föregående period;2022M04;0.09
Nyregistrerade lastbilar;Förändring från föregående period;2022M05;0.01
Nyregistrerade lastbilar;Förändring från föregående period;2022M06;0
Nyregistrerade lastbilar;Förändring från föregående period;2022M07;0.07
Nyregistrerade lastbilar;Förändring från föregående period;2022M08;0.16
Nyregistrerade lastbilar;Förändring från föregående period;2022M09;0.23
Nyregistrerade lastbilar;Förändring från föregående period;2022M10;0.23
Nyregistrerade lastbilar;Förändring från föregående period;2022M11;0.17
Nyregistrerade lastbilar;Förändring från föregående period;2022M12;0.08
Nyregistrerade lastbilar;Förändring från föregående period;2023M01;0.03
Nyregistrerade lastbilar;Förändring från föregående period;2023M02;0.04
Nyregistrerade lastbilar;Förändring från föregående period;2023M03;0.09
Nyregistrerade lastbilar;Förändring från föregående period;2023M04;0.16
Nyregistrerade lastbilar;Förändring från föregående period;2023M05;0.23
Nyregistrerade lastbilar;Förändring från föregående period;2023M06;0.25
Nyregistrerade lastbilar;Förändring från föregående period;2023M07;0.22
Nyregistrerade lastbilar;Förändring från föregående period;2023M08;0.16
Nyregistrerade lastbilar;Förändring från föregående period;2023M09;0.08
Nyregistrerade lastbilar;Förändring från föregående period;2023M10;0.02
Nyregistrerade lastbilar;Förändring från föregående period;2023M11;0.01
Nyregistrerade lastbilar;Förändring från föregående period;2023M12;-0.01
Nyregistrerade lastbilar;Förändring från föregående period;2024M01;-0.07
Nyregistrerade lastbilar;Förändring från föregående period;2024M02;-0.11
Nyregistrerade lastbilar;Förändring från föregående period;2024M03;-0.17
Nyregistrerade lastbilar;Förändring från föregående period;2024M04;-0.23
Nyregistrerade lastbilar;Förändring från föregående period;2024M05;-0.29
Nyregistrerade lastbilar;Förändring från föregående period;2024M06;-0.31
Nyregistrerade lastbilar;Förändring från föregående period;2024M07;-0.26
Nyregistrerade lastbilar;Förändring från föregående period;2024M08;-0.19
Nyregistrerade lastbilar;Förändring från föregående period;2024M09;-0.1
Nyregistrerade lastbilar;Förändring från föregående period;2024M10;-0.05
Nyregistrerade lastbilar;Förändring från föregående period;2024M11;-0.06
Nyregistrerade lastbilar;Förändring från föregående period;2024M12;-0.09
Nyregistrerade lastbilar;Förändring från föregående period;2025M01;-0.11
Nyregistrerade lastbilar;Förändring från föregående period;2025M02;-0.12
Nyregistrerade lastbilar;Förändring från föregående period;2025M03;-0.1
Nyregistrerade lastbilar;Förändring från föregående period;2025M04;-0.04
Nyregistrerade lastbilar;Förändring från föregående period;2025M05;0.04
Nyregistrerade lastbilar;Förändring från föregående period;2025M06;0.12
Nyregistrerade lastbilar;Förändring från föregående period;2025M07;0.17
Nyregistrerade lastbilar;Förändring från föregående period;2025M08;0.17
Nyregistrerade lastbilar;Förändring från föregående period;2025M09;0.14
Nyregistrerade lastbilar;Förändring från föregående period;2025M10;0.12
Nyregistrerade lastbilar;Förändring från föregående period;2025M11;0.12
Nyregistrerade lastbilar;Förändring från föregående period;2025M12;0.15
Nyregistrerade lastbilar;Förändring från föregående period;2026M01;0.18
Nyregistrerade lastbilar;Förändring från föregående period;2026M02;0.21
Nyregistrerade lastbilar;Förändring från föregående period;2026M03;0.23
Nyregistrerade lastbilar;Förändring från föregående period;2026M04;0.2
Nyregistrerade lastbilar;Förändring från föregående period;2026M05;0.12
Nyregistrerade lastbilar;Förändring från föregående period;2026M06;0.02
Nyregistrerade lastbilar;Förändring från föregående period;2026M07;-0.05
Nyregistrerade lastbilar;Förändring från föregående period;2026M08;-0.08
Varuexport;Konjunkturläge;2000M01;-0.37
Varuexport;Konjunkturläge;2000M02;-0.2
Varuexport;Konjunkturläge;2000M03;0
Varuexport;Konjunkturläge;2000M04;0.23
Varuexport;Konjunkturläge;2000M05;0.45
Varuexport;Konjunkturläge;2000M06;0.64
Varuexport;Konjunkturläge;2000M07;0.8
Varuexport;Konjunkturläge;2000M08;0.9
Varuexport;Konjunkturläge;2000M09;0.92
Varuexport;Konjunkturläge;2000M10;0.86
Varuexport;Konjunkturläge;2000M11;0.72
Varuexport;Konjunkturläge;2000M12;0.49
Varuexport;Konjunkturläge;2001M01;0.2
Varuexport;Konjunkturläge;2001M02;-0.12
Varuexport;Konjunkturläge;2001M03;-0.4
Varuexport;Konjunkturläge;2001M04;-0.59
Varuexport;Konjunkturläge;2001M05;-0.68
Varuexport;Konjunkturläge;2001M06;-0.7
Varuexport;Konjunkturläge;2001M07;-0.69
Varuexport;Konjunkturläge;2001M08;-0.67
Varuexport;Konjunkturläge;2001M09;-0.65
Varuexport;Konjunkturläge;2001M10;-0.62
Varuexport;Konjunkturläge;2001M11;-0.59
Varuexport;Konjunkturläge;2001M12;-0.57
Varuexport;Konjunkturläge;2002M01;-0.55
Varuexport;Konjunkturläge;2002M02;-0.55
Varuexport;Konjunkturläge;2002M03;-0.6
Varuexport;Konjunkturläge;2002M04;-0.69
Varuexport;Konjunkturläge;2002M05;-0.83
Varuexport;Konjunkturläge;2002M06;-0.98
Varuexport;Konjunkturläge;2002M07;-1.11
Varuexport;Konjunkturläge;2002M08;-1.21
Varuexport;Konjunkturläge;2002M09;-1.28
Varuexport;Konjunkturläge;2002M10;-1.29
Varuexport;Konjunkturläge;2002M11;-1.23
Varuexport;Konjunkturläge;2002M12;-1.1
Varuexport;Konjunkturläge;2003M01;-0.95
Varuexport;Konjunkturläge;2003M02;-0.84
Varuexport;Konjunkturläge;2003M03;-0.81
Varuexport;Konjunkturläge;2003M04;-0.84
Varuexport;Konjunkturläge;2003M05;-0.88
Varuexport;Konjunkturläge;2003M06;-0.9
Varuexport;Konjunkturläge;2003M07;-0.87
Varuexport;Konjunkturläge;2003M08;-0.8
Varuexport;Konjunkturläge;2003M09;-0.71
Varuexport;Konjunkturläge;2003M10;-0.65
Varuexport;Konjunkturläge;2003M11;-0.63
Varuexport;Konjunkturläge;2003M12;-0.6
Varuexport;Konjunkturläge;2004M01;-0.5
Varuexport;Konjunkturläge;2004M02;-0.3
Varuexport;Konjunkturläge;2004M03;-0.04
Varuexport;Konjunkturläge;2004M04;0.2
Varuexport;Konjunkturläge;2004M05;0.36
Varuexport;Konjunkturläge;2004M06;0.41
Varuexport;Konjunkturläge;2004M07;0.36
Varuexport;Konjunkturläge;2004M08;0.27
Varuexport;Konjunkturläge;2004M09;0.2
Varuexport;Konjunkturläge;2004M10;0.13
Varuexport;Konjunkturläge;2004M11;0.1
Varuexport;Konjunkturläge;2004M12;0.09
Varuexport;Konjunkturläge;2005M01;0.09
Varuexport;Konjunkturläge;2005M02;0.11
Varuexport;Konjunkturläge;2005M03;0.19
Varuexport;Konjunkturläge;2005M04;0.31
Varuexport;Konjunkturläge;2005M05;0.45
Varuexport;Konjunkturläge;2005M06;0.57
Varuexport;Konjunkturläge;2005M07;0.64
Varuexport;Konjunkturläge;2005M08;0.67
Varuexport;Konjunkturläge;2005M09;0.7
Varuexport;Konjunkturläge;2005M10;0.75
Varuexport;Konjunkturläge;2005M11;0.82
Varuexport;Konjunkturläge;2005M12;0.89
Varuexport;Konjunkturläge;2006M01;0.95
Varuexport;Konjunkturläge;2006M02;0.99
Varuexport;Konjunkturläge;2006M03;1.01
Varuexport;Konjunkturläge;2006M04;1.02
Varuexport;Konjunkturläge;2006M05;1.04
Varuexport;Konjunkturläge;2006M06;1.09
Varuexport;Konjunkturläge;2006M07;1.2
Varuexport;Konjunkturläge;2006M08;1.31
Varuexport;Konjunkturläge;2006M09;1.42
Varuexport;Konjunkturläge;2006M10;1.52
Varuexport;Konjunkturläge;2006M11;1.58
Varuexport;Konjunkturläge;2006M12;1.59
Varuexport;Konjunkturläge;2007M01;1.53
Varuexport;Konjunkturläge;2007M02;1.45
Varuexport;Konjunkturläge;2007M03;1.36
Varuexport;Konjunkturläge;2007M04;1.32
Varuexport;Konjunkturläge;2007M05;1.29
Varuexport;Konjunkturläge;2007M06;1.3
Varuexport;Konjunkturläge;2007M07;1.33
Varuexport;Konjunkturläge;2007M08;1.39
Varuexport;Konjunkturläge;2007M09;1.52
Varuexport;Konjunkturläge;2007M10;1.73
Varuexport;Konjunkturläge;2007M11;2.01
Varuexport;Konjunkturläge;2007M12;2.33
Varuexport;Konjunkturläge;2008M01;2.61
Varuexport;Konjunkturläge;2008M02;2.8
Varuexport;Konjunkturläge;2008M03;2.83
Varuexport;Konjunkturläge;2008M04;2.7
Varuexport;Konjunkturläge;2008M05;2.46
Varuexport;Konjunkturläge;2008M06;2.15
Varuexport;Konjunkturläge;2008M07;1.78
Varuexport;Konjunkturläge;2008M08;1.39
Varuexport;Konjunkturläge;2008M09;0.93
Varuexport;Konjunkturläge;2008M10;0.43
Varuexport;Konjunkturläge;2008M11;-0.11
Varuexport;Konjunkturläge;2008M12;-0.71
Varuexport;Konjunkturläge;2009M01;-1.31
Varuexport;Konjunkturläge;2009M02;-1.9
Varuexport;Konjunkturläge;2009M03;-2.45
Varuexport;Konjunkturläge;2009M04;-2.86
Varuexport;Konjunkturläge;2009M05;-3.12
Varuexport;Konjunkturläge;2009M06;-3.21
Varuexport;Konjunkturläge;2009M07;-3.15
Varuexport;Konjunkturläge;2009M08;-3.01
Varuexport;Konjunkturläge;2009M09;-2.89
Varuexport;Konjunkturläge;2009M10;-2.83
Varuexport;Konjunkturläge;2009M11;-2.79
Varuexport;Konjunkturläge;2009M12;-2.71
Varuexport;Konjunkturläge;2010M01;-2.5
Varuexport;Konjunkturläge;2010M02;-2.13
Varuexport;Konjunkturläge;2010M03;-1.61
Varuexport;Konjunkturläge;2010M04;-1.08
Varuexport;Konjunkturläge;2010M05;-0.63
Varuexport;Konjunkturläge;2010M06;-0.31
Varuexport;Konjunkturläge;2010M07;-0.09
Varuexport;Konjunkturläge;2010M08;0.08
Varuexport;Konjunkturläge;2010M09;0.29
Varuexport;Konjunkturläge;2010M10;0.56
Varuexport;Konjunkturläge;2010M11;0.86
Varuexport;Konjunkturläge;2010M12;1.13
Varuexport;Konjunkturläge;2011M01;1.31
Varuexport;Konjunkturläge;2011M02;1.39
Varuexport;Konjunkturläge;2011M03;1.39
Varuexport;Konjunkturläge;2011M04;1.38
Varuexport;Konjunkturläge;2011M05;1.39
Varuexport;Konjunkturläge;2011M06;1.38
Varuexport;Konjunkturläge;2011M07;1.31
Varuexport;Konjunkturläge;2011M08;1.22
Varuexport;Konjunkturläge;2011M09;1.13
Varuexport;Konjunkturläge;2011M10;1.03
Varuexport;Konjunkturläge;2011M11;0.94
Varuexport;Konjunkturläge;2011M12;0.86
Varuexport;Konjunkturläge;2012M01;0.8
Varuexport;Konjunkturläge;2012M02;0.73
Varuexport;Konjunkturläge;2012M03;0.67
Varuexport;Konjunkturläge;2012M04;0.62
Varuexport;Konjunkturläge;2012M05;0.59
Varuexport;Konjunkturläge;2012M06;0.58
Varuexport;Konjunkturläge;2012M07;0.56
Varuexport;Konjunkturläge;2012M08;0.47
Varuexport;Konjunkturläge;2012M09;0.29
Varuexport;Konjunkturläge;2012M10;0.09
Varuexport;Konjunkturläge;2012M11;-0.09
Varuexport;Konjunkturläge;2012M12;-0.23
Varuexport;Konjunkturläge;2013M01;-0.35
Varuexport;Konjunkturläge;2013M02;-0.43
Varuexport;Konjunkturläge;2013M03;-0.49
Varuexport;Konjunkturläge;2013M04;-0.56
Varuexport;Konjunkturläge;2013M05;-0.65
Varuexport;Konjunkturläge;2013M06;-0.76
Varuexport;Konjunkturläge;2013M07;-0.87
Varuexport;Konjunkturläge;2013M08;-0.97
Varuexport;Konjunkturläge;2013M09;-1.03
Varuexport;Konjunkturläge;2013M10;-1.05
Varuexport;Konjunkturläge;2013M11;-1.04
Varuexport;Konjunkturläge;2013M12;-1
Varuexport;Konjunkturläge;2014M01;-0.97
Varuexport;Konjunkturläge;2014M02;-0.96
Varuexport;Konjunkturläge;2014M03;-1
Varuexport;Konjunkturläge;2014M04;-1.05
Varuexport;Konjunkturläge;2014M05;-1.1
Varuexport;Konjunkturläge;2014M06;-1.1
Varuexport;Konjunkturläge;2014M07;-1.06
Varuexport;Konjunkturläge;2014M08;-1.01
Varuexport;Konjunkturläge;2014M09;-0.99
Varuexport;Konjunkturläge;2014M10;-0.99
Varuexport;Konjunkturläge;2014M11;-0.98
Varuexport;Konjunkturläge;2014M12;-0.98
Varuexport;Konjunkturläge;2015M01;-0.94
Varuexport;Konjunkturläge;2015M02;-0.88
Varuexport;Konjunkturläge;2015M03;-0.8
Varuexport;Konjunkturläge;2015M04;-0.71
Varuexport;Konjunkturläge;2015M05;-0.63
Varuexport;Konjunkturläge;2015M06;-0.56
Varuexport;Konjunkturläge;2015M07;-0.54
Varuexport;Konjunkturläge;2015M08;-0.53
Varuexport;Konjunkturläge;2015M09;-0.54
Varuexport;Konjunkturläge;2015M10;-0.59
Varuexport;Konjunkturläge;2015M11;-0.66
Varuexport;Konjunkturläge;2015M12;-0.7
Varuexport;Konjunkturläge;2016M01;-0.72
Varuexport;Konjunkturläge;2016M02;-0.73
Varuexport;Konjunkturläge;2016M03;-0.73
Varuexport;Konjunkturläge;2016M04;-0.72
Varuexport;Konjunkturläge;2016M05;-0.7
Varuexport;Konjunkturläge;2016M06;-0.68
Varuexport;Konjunkturläge;2016M07;-0.63
Varuexport;Konjunkturläge;2016M08;-0.57
Varuexport;Konjunkturläge;2016M09;-0.52
Varuexport;Konjunkturläge;2016M10;-0.49
Varuexport;Konjunkturläge;2016M11;-0.5
Varuexport;Konjunkturläge;2016M12;-0.54
Varuexport;Konjunkturläge;2017M01;-0.56
Varuexport;Konjunkturläge;2017M02;-0.53
Varuexport;Konjunkturläge;2017M03;-0.48
Varuexport;Konjunkturläge;2017M04;-0.41
Varuexport;Konjunkturläge;2017M05;-0.34
Varuexport;Konjunkturläge;2017M06;-0.25
Varuexport;Konjunkturläge;2017M07;-0.13
Varuexport;Konjunkturläge;2017M08;0.05
Varuexport;Konjunkturläge;2017M09;0.27
Varuexport;Konjunkturläge;2017M10;0.5
Varuexport;Konjunkturläge;2017M11;0.68
Varuexport;Konjunkturläge;2017M12;0.74
Varuexport;Konjunkturläge;2018M01;0.69
Varuexport;Konjunkturläge;2018M02;0.56
Varuexport;Konjunkturläge;2018M03;0.4
Varuexport;Konjunkturläge;2018M04;0.28
Varuexport;Konjunkturläge;2018M05;0.19
Varuexport;Konjunkturläge;2018M06;0.19
Varuexport;Konjunkturläge;2018M07;0.26
Varuexport;Konjunkturläge;2018M08;0.37
Varuexport;Konjunkturläge;2018M09;0.52
Varuexport;Konjunkturläge;2018M10;0.65
Varuexport;Konjunkturläge;2018M11;0.7
Varuexport;Konjunkturläge;2018M12;0.69
Varuexport;Konjunkturläge;2019M01;0.65
Varuexport;Konjunkturläge;2019M02;0.6
Varuexport;Konjunkturläge;2019M03;0.62
Varuexport;Konjunkturläge;2019M04;0.68
Varuexport;Konjunkturläge;2019M05;0.73
Varuexport;Konjunkturläge;2019M06;0.68
Varuexport;Konjunkturläge;2019M07;0.49
Varuexport;Konjunkturläge;2019M08;0.19
Varuexport;Konjunkturläge;2019M09;-0.14
Varuexport;Konjunkturläge;2019M10;-0.37
Varuexport;Konjunkturläge;2019M11;-0.45
Varuexport;Konjunkturläge;2019M12;-0.41
Varuexport;Konjunkturläge;2020M01;-0.27
Varuexport;Konjunkturläge;2020M02;-0.14
Varuexport;Konjunkturläge;2020M03;-0.09
Varuexport;Konjunkturläge;2020M04;-0.09
Varuexport;Konjunkturläge;2020M05;-0.08
Varuexport;Konjunkturläge;2020M06;-0.01
Varuexport;Konjunkturläge;2020M07;0.15
Varuexport;Konjunkturläge;2020M08;0.33
Varuexport;Konjunkturläge;2020M09;0.43
Varuexport;Konjunkturläge;2020M10;0.45
Varuexport;Konjunkturläge;2020M11;0.43
Varuexport;Konjunkturläge;2020M12;0.39
Varuexport;Konjunkturläge;2021M01;0.37
Varuexport;Konjunkturläge;2021M02;0.42
Varuexport;Konjunkturläge;2021M03;0.54
Varuexport;Konjunkturläge;2021M04;0.66
Varuexport;Konjunkturläge;2021M05;0.73
Varuexport;Konjunkturläge;2021M06;0.69
Varuexport;Konjunkturläge;2021M07;0.59
Varuexport;Konjunkturläge;2021M08;0.51
Varuexport;Konjunkturläge;2021M09;0.49
Varuexport;Konjunkturläge;2021M10;0.53
Varuexport;Konjunkturläge;2021M11;0.6
Varuexport;Konjunkturläge;2021M12;0.68
Varuexport;Konjunkturläge;2022M01;0.7
Varuexport;Konjunkturläge;2022M02;0.66
Varuexport;Konjunkturläge;2022M03;0.6
Varuexport;Konjunkturläge;2022M04;0.59
Varuexport;Konjunkturläge;2022M05;0.66
Varuexport;Konjunkturläge;2022M06;0.75
Varuexport;Konjunkturläge;2022M07;0.82
Varuexport;Konjunkturläge;2022M08;0.83
Varuexport;Konjunkturläge;2022M09;0.82
Varuexport;Konjunkturläge;2022M10;0.81
Varuexport;Konjunkturläge;2022M11;0.8
Varuexport;Konjunkturläge;2022M12;0.78
Varuexport;Konjunkturläge;2023M01;0.72
Varuexport;Konjunkturläge;2023M02;0.56
Varuexport;Konjunkturläge;2023M03;0.29
Varuexport;Konjunkturläge;2023M04;-0.02
Varuexport;Konjunkturläge;2023M05;-0.25
Varuexport;Konjunkturläge;2023M06;-0.33
Varuexport;Konjunkturläge;2023M07;-0.24
Varuexport;Konjunkturläge;2023M08;-0.08
Varuexport;Konjunkturläge;2023M09;0.05
Varuexport;Konjunkturläge;2023M10;0.08
Varuexport;Konjunkturläge;2023M11;-0.03
Varuexport;Konjunkturläge;2023M12;-0.24
Varuexport;Konjunkturläge;2024M01;-0.46
Varuexport;Konjunkturläge;2024M02;-0.6
Varuexport;Konjunkturläge;2024M03;-0.67
Varuexport;Konjunkturläge;2024M04;-0.7
Varuexport;Konjunkturläge;2024M05;-0.77
Varuexport;Konjunkturläge;2024M06;-0.87
Varuexport;Konjunkturläge;2024M07;-0.95
Varuexport;Konjunkturläge;2024M08;-0.98
Varuexport;Konjunkturläge;2024M09;-0.95
Varuexport;Konjunkturläge;2024M10;-0.84
Varuexport;Konjunkturläge;2024M11;-0.67
Varuexport;Konjunkturläge;2024M12;-0.49
Varuexport;Konjunkturläge;2025M01;-0.32
Varuexport;Konjunkturläge;2025M02;-0.19
Varuexport;Konjunkturläge;2025M03;-0.1
Varuexport;Konjunkturläge;2025M04;-0.02
Varuexport;Konjunkturläge;2025M05;0
Varuexport;Konjunkturläge;2025M06;-0.02
Varuexport;Konjunkturläge;2025M07;-0.07
Varuexport;Konjunkturläge;2025M08;-0.13
Varuexport;Konjunkturläge;2025M09;-0.17
Varuexport;Konjunkturläge;2025M10;-0.21
Varuexport;Konjunkturläge;2025M11;-0.21
Varuexport;Konjunkturläge;2025M12;-0.15
Varuexport;Konjunkturläge;2026M01;-0.06
Varuexport;Konjunkturläge;2026M02;0.06
Varuexport;Konjunkturläge;2026M03;0.18
Varuexport;Konjunkturläge;2026M04;0.24
Varuexport;Konjunkturläge;2026M05;0.24
Varuexport;Konjunkturläge;2026M06;0.19
Varuexport;Konjunkturläge;2026M07;0.09
Varuexport;Konjunkturläge;2026M08;
Varuexport;Förändring från föregående period;2000M01;
Varuexport;Förändring från föregående period;2000M02;0.18
Varuexport;Förändring från föregående period;2000M03;0.2
Varuexport;Förändring från föregående period;2000M04;0.23
Varuexport;Förändring från föregående period;2000M05;0.22
Varuexport;Förändring från föregående period;2000M06;0.19
Varuexport;Förändring från föregående period;2000M07;0.15
Varuexport;Förändring från föregående period;2000M08;0.1
Varuexport;Förändring från föregående period;2000M09;0.02
Varuexport;Förändring från föregående period;2000M10;-0.05
Varuexport;Förändring från föregående period;2000M11;-0.14
Varuexport;Förändring från föregående period;2000M12;-0.23
Varuexport;Förändring från föregående period;2001M01;-0.29
Varuexport;Förändring från föregående period;2001M02;-0.32
Varuexport;Förändring från föregående period;2001M03;-0.28
Varuexport;Förändring från föregående period;2001M04;-0.19
Varuexport;Förändring från föregående period;2001M05;-0.1
Varuexport;Förändring från föregående period;2001M06;-0.02
Varuexport;Förändring från föregående period;2001M07;0.01
Varuexport;Förändring från föregående period;2001M08;0.02
Varuexport;Förändring från föregående period;2001M09;0.02
Varuexport;Förändring från föregående period;2001M10;0.03
Varuexport;Förändring från föregående period;2001M11;0.03
Varuexport;Förändring från föregående period;2001M12;0.03
Varuexport;Förändring från föregående period;2002M01;0.02
Varuexport;Förändring från föregående period;2002M02;-0.01
Varuexport;Förändring från föregående period;2002M03;-0.04
Varuexport;Förändring från föregående period;2002M04;-0.09
Varuexport;Förändring från föregående period;2002M05;-0.14
Varuexport;Förändring från föregående period;2002M06;-0.15
Varuexport;Förändring från föregående period;2002M07;-0.13
Varuexport;Förändring från föregående period;2002M08;-0.1
Varuexport;Förändring från föregående period;2002M09;-0.07
Varuexport;Förändring från föregående period;2002M10;-0.01
Varuexport;Förändring från föregående period;2002M11;0.06
Varuexport;Förändring från föregående period;2002M12;0.13
Varuexport;Förändring från föregående period;2003M01;0.15
Varuexport;Förändring från föregående period;2003M02;0.11
Varuexport;Förändring från föregående period;2003M03;0.03
Varuexport;Förändring från föregående period;2003M04;-0.03
Varuexport;Förändring från föregående period;2003M05;-0.05
Varuexport;Förändring från föregående period;2003M06;-0.02
Varuexport;Förändring från föregående period;2003M07;0.03
Varuexport;Förändring från föregående period;2003M08;0.07
Varuexport;Förändring från föregående period;2003M09;0.08
Varuexport;Förändring från föregående period;2003M10;0.06
Varuexport;Förändring från föregående period;2003M11;0.03
Varuexport;Förändring från föregående period;2003M12;0.03
Varuexport;Förändring från föregående period;2004M01;0.1
Varuexport;Förändring från föregående period;2004M02;0.2
Varuexport;Förändring från föregående period;2004M03;0.26
Varuexport;Förändring från föregående period;2004M04;0.24
Varuexport;Förändring från föregående period;2004M05;0.16
Varuexport;Förändring från föregående period;2004M06;0.05
Varuexport;Förändring från föregående period;2004M07;-0.05
Varuexport;Förändring från föregående period;2004M08;-0.09
Varuexport;Förändring från föregående period;2004M09;-0.08
Varuexport;Förändring från föregående period;2004M10;-0.07
Varuexport;Förändring från föregående period;2004M11;-0.03
Varuexport;Förändring från föregående period;2004M12;-0.01
Varuexport;Förändring från föregående period;2005M01;0
Varuexport;Förändring från föregående period;2005M02;0.02
Varuexport;Förändring från föregående period;2005M03;0.08
Varuexport;Förändring från föregående period;2005M04;0.12
Varuexport;Förändring från föregående period;2005M05;0.14
Varuexport;Förändring från föregående period;2005M06;0.12
Varuexport;Förändring från föregående period;2005M07;0.07
Varuexport;Förändring från föregående period;2005M08;0.03
Varuexport;Förändring från föregående period;2005M09;0.03
Varuexport;Förändring från föregående period;2005M10;0.05
Varuexport;Förändring från föregående period;2005M11;0.07
Varuexport;Förändring från föregående period;2005M12;0.07
Varuexport;Förändring från föregående period;2006M01;0.06
Varuexport;Förändring från föregående period;2006M02;0.04
Varuexport;Förändring från föregående period;2006M03;0.02
Varuexport;Förändring från föregående period;2006M04;0.01
Varuexport;Förändring från föregående period;2006M05;0.02
Varuexport;Förändring från föregående period;2006M06;0.06
Varuexport;Förändring från föregående period;2006M07;0.1
Varuexport;Förändring från föregående period;2006M08;0.12
Varuexport;Förändring från föregående period;2006M09;0.11
Varuexport;Förändring från föregående period;2006M10;0.1
Varuexport;Förändring från föregående period;2006M11;0.06
Varuexport;Förändring från föregående period;2006M12;0
Varuexport;Förändring från föregående period;2007M01;-0.05
Varuexport;Förändring från föregående period;2007M02;-0.09
Varuexport;Förändring från föregående period;2007M03;-0.08
Varuexport;Förändring från föregående period;2007M04;-0.05
Varuexport;Förändring från föregående period;2007M05;-0.02
Varuexport;Förändring från föregående period;2007M06;0.01
Varuexport;Förändring från föregående period;2007M07;0.03
Varuexport;Förändring från föregående period;2007M08;0.06
Varuexport;Förändring från föregående period;2007M09;0.13
Varuexport;Förändring från föregående period;2007M10;0.21
Varuexport;Förändring från föregående period;2007M11;0.28
Varuexport;Förändring från föregående period;2007M12;0.32
Varuexport;Förändring från föregående period;2008M01;0.28
Varuexport;Förändring från föregående period;2008M02;0.19
Varuexport;Förändring från föregående period;2008M03;0.04
Varuexport;Förändring från föregående period;2008M04;-0.13
Varuexport;Förändring från föregående period;2008M05;-0.24
Varuexport;Förändring från föregående period;2008M06;-0.32
Varuexport;Förändring från föregående period;2008M07;-0.36
Varuexport;Förändring från föregående period;2008M08;-0.4
Varuexport;Förändring från föregående period;2008M09;-0.45
Varuexport;Förändring från föregående period;2008M10;-0.5
Varuexport;Förändring från föregående period;2008M11;-0.54
Varuexport;Förändring från föregående period;2008M12;-0.59
Varuexport;Förändring från föregående period;2009M01;-0.6
Varuexport;Förändring från föregående period;2009M02;-0.59
Varuexport;Förändring från föregående period;2009M03;-0.54
Varuexport;Förändring från föregående period;2009M04;-0.41
Varuexport;Förändring från föregående period;2009M05;-0.26
Varuexport;Förändring från föregående period;2009M06;-0.09
Varuexport;Förändring från föregående period;2009M07;0.06
Varuexport;Förändring från föregående period;2009M08;0.14
Varuexport;Förändring från föregående period;2009M09;0.12
Varuexport;Förändring från föregående period;2009M10;0.06
Varuexport;Förändring från föregående period;2009M11;0.03
Varuexport;Förändring från föregående period;2009M12;0.08
Varuexport;Förändring från föregående period;2010M01;0.21
Varuexport;Förändring från föregående period;2010M02;0.37
Varuexport;Förändring från föregående period;2010M03;0.51
Varuexport;Förändring från föregående period;2010M04;0.53
Varuexport;Förändring från föregående period;2010M05;0.45
Varuexport;Förändring från föregående period;2010M06;0.32
Varuexport;Förändring från föregående period;2010M07;0.22
Varuexport;Förändring från föregående period;2010M08;0.17
Varuexport;Förändring från föregående period;2010M09;0.21
Varuexport;Förändring från föregående period;2010M10;0.27
Varuexport;Förändring från föregående period;2010M11;0.3
Varuexport;Förändring från föregående period;2010M12;0.28
Varuexport;Förändring från föregående period;2011M01;0.18
Varuexport;Förändring från föregående period;2011M02;0.08
Varuexport;Förändring från föregående period;2011M03;0
Varuexport;Förändring från föregående period;2011M04;-0.01
Varuexport;Förändring från föregående period;2011M05;0.01
Varuexport;Förändring från föregående period;2011M06;-0.01
Varuexport;Förändring från föregående period;2011M07;-0.07
Varuexport;Förändring från föregående period;2011M08;-0.09
Varuexport;Förändring från föregående period;2011M09;-0.09
Varuexport;Förändring från föregående period;2011M10;-0.09
Varuexport;Förändring från föregående period;2011M11;-0.09
Varuexport;Förändring från föregående period;2011M12;-0.08
Varuexport;Förändring från föregående period;2012M01;-0.06
Varuexport;Förändring från föregående period;2012M02;-0.06
Varuexport;Förändring från föregående period;2012M03;-0.07
Varuexport;Förändring från föregående period;2012M04;-0.05
Varuexport;Förändring från föregående period;2012M05;-0.03
Varuexport;Förändring från föregående period;2012M06;0
Varuexport;Förändring från föregående period;2012M07;-0.02
Varuexport;Förändring från föregående period;2012M08;-0.09
Varuexport;Förändring från föregående period;2012M09;-0.18
Varuexport;Förändring från föregående period;2012M10;-0.2
Varuexport;Förändring från föregående period;2012M11;-0.18
Varuexport;Förändring från föregående period;2012M12;-0.14
Varuexport;Förändring från föregående period;2013M01;-0.11
Varuexport;Förändring från föregående period;2013M02;-0.08
Varuexport;Förändring från föregående period;2013M03;-0.06
Varuexport;Förändring från föregående period;2013M04;-0.07
Varuexport;Förändring från föregående period;2013M05;-0.09
Varuexport;Förändring från föregående period;2013M06;-0.11
Varuexport;Förändring från föregående period;2013M07;-0.11
Varuexport;Förändring från föregående period;2013M08;-0.1
Varuexport;Förändring från föregående period;2013M09;-0.06
Varuexport;Förändring från föregående period;2013M10;-0.01
Varuexport;Förändring från föregående period;2013M11;0.01
Varuexport;Förändring från föregående period;2013M12;0.03
Varuexport;Förändring från föregående period;2014M01;0.03
Varuexport;Förändring från föregående period;2014M02;0.01
Varuexport;Förändring från föregående period;2014M03;-0.03
Varuexport;Förändring från föregående period;2014M04;-0.06
Varuexport;Förändring från föregående period;2014M05;-0.04
Varuexport;Förändring från föregående period;2014M06;0
Varuexport;Förändring från föregående period;2014M07;0.04
Varuexport;Förändring från föregående period;2014M08;0.05
Varuexport;Förändring från föregående period;2014M09;0.02
Varuexport;Förändring från föregående period;2014M10;0
Varuexport;Förändring från föregående period;2014M11;0.01
Varuexport;Förändring från föregående period;2014M12;0
Varuexport;Förändring från föregående period;2015M01;0.04
Varuexport;Förändring från föregående period;2015M02;0.06
Varuexport;Förändring från föregående period;2015M03;0.08
Varuexport;Förändring från föregående period;2015M04;0.09
Varuexport;Förändring från föregående period;2015M05;0.08
Varuexport;Förändring från föregående period;2015M06;0.06
Varuexport;Förändring från föregående period;2015M07;0.03
Varuexport;Förändring från föregående period;2015M08;0.01
Varuexport;Förändring från föregående period;2015M09;-0.01
Varuexport;Förändring från föregående period;2015M10;-0.05
Varuexport;Förändring från föregående period;2015M11;-0.07
Varuexport;Förändring från föregående period;2015M12;-0.04
Varuexport;Förändring från föregående period;2016M01;-0.02
Varuexport;Förändring från föregående period;2016M02;-0.01
Varuexport;Förändring från föregående period;2016M03;0
Varuexport;Förändring från föregående period;2016M04;0.01
Varuexport;Förändring från föregående period;2016M05;0.02
Varuexport;Förändring från föregående period;2016M06;0.03
Varuexport;Förändring från föregående period;2016M07;0.05
Varuexport;Förändring från föregående period;2016M08;0.06
Varuexport;Förändring från föregående period;2016M09;0.05
Varuexport;Förändring från föregående period;2016M10;0.03
Varuexport;Förändring från föregående period;2016M11;-0.01
Varuexport;Förändring från föregående period;2016M12;-0.04
Varuexport;Förändring från föregående period;2017M01;-0.02
Varuexport;Förändring från föregående period;2017M02;0.03
Varuexport;Förändring från föregående period;2017M03;0.05
Varuexport;Förändring från föregående period;2017M04;0.06
Varuexport;Förändring från föregående period;2017M05;0.07
Varuexport;Förändring från föregående period;2017M06;0.09
Varuexport;Förändring från föregående period;2017M07;0.12
Varuexport;Förändring från föregående period;2017M08;0.18
Varuexport;Förändring från föregående period;2017M09;0.22
Varuexport;Förändring från föregående period;2017M10;0.23
Varuexport;Förändring från föregående period;2017M11;0.18
Varuexport;Förändring från föregående period;2017M12;0.07
Varuexport;Förändring från föregående period;2018M01;-0.06
Varuexport;Förändring från föregående period;2018M02;-0.13
Varuexport;Förändring från föregående period;2018M03;-0.15
Varuexport;Förändring från föregående period;2018M04;-0.12
Varuexport;Förändring från föregående period;2018M05;-0.09
Varuexport;Förändring från föregående period;2018M06;-0.01
Varuexport;Förändring från föregående period;2018M07;0.07
Varuexport;Förändring från föregående period;2018M08;0.11
Varuexport;Förändring från föregående period;2018M09;0.15
Varuexport;Förändring från föregående period;2018M10;0.13
Varuexport;Förändring från föregående period;2018M11;0.05
Varuexport;Förändring från föregående period;2018M12;0
Varuexport;Förändring från föregående period;2019M01;-0.05
Varuexport;Förändring från föregående period;2019M02;-0.04
Varuexport;Förändring från föregående period;2019M03;0.01
Varuexport;Förändring från föregående period;2019M04;0.06
Varuexport;Förändring från föregående period;2019M05;0.05
Varuexport;Förändring från föregående period;2019M06;-0.04
Varuexport;Förändring från föregående period;2019M07;-0.19
Varuexport;Förändring från föregående period;2019M08;-0.31
Varuexport;Förändring från föregående period;2019M09;-0.33
Varuexport;Förändring från föregående period;2019M10;-0.23
Varuexport;Förändring från föregående period;2019M11;-0.08
Varuexport;Förändring från föregående period;2019M12;0.05
Varuexport;Förändring från föregående period;2020M01;0.14
Varuexport;Förändring från föregående period;2020M02;0.13
Varuexport;Förändring från föregående period;2020M03;0.05
Varuexport;Förändring från föregående period;2020M04;0
Varuexport;Förändring från föregående period;2020M05;0.01
Varuexport;Förändring från föregående period;2020M06;0.08
Varuexport;Förändring från föregående period;2020M07;0.16
Varuexport;Förändring från föregående period;2020M08;0.18
Varuexport;Förändring från föregående period;2020M09;0.1
Varuexport;Förändring från föregående period;2020M10;0.02
Varuexport;Förändring från föregående period;2020M11;-0.02
Varuexport;Förändring från föregående period;2020M12;-0.04
Varuexport;Förändring från föregående period;2021M01;-0.02
Varuexport;Förändring från föregående period;2021M02;0.05
Varuexport;Förändring från föregående period;2021M03;0.13
Varuexport;Förändring från föregående period;2021M04;0.12
Varuexport;Förändring från föregående period;2021M05;0.06
Varuexport;Förändring från föregående period;2021M06;-0.04
Varuexport;Förändring från föregående period;2021M07;-0.1
Varuexport;Förändring från föregående period;2021M08;-0.08
Varuexport;Förändring från föregående period;2021M09;-0.02
Varuexport;Förändring från föregående period;2021M10;0.04
Varuexport;Förändring från föregående period;2021M11;0.07
Varuexport;Förändring från föregående period;2021M12;0.08
Varuexport;Förändring från föregående period;2022M01;0.02
Varuexport;Förändring från föregående period;2022M02;-0.04
Varuexport;Förändring från föregående period;2022M03;-0.05
Varuexport;Förändring från föregående period;2022M04;-0.01
Varuexport;Förändring från föregående period;2022M05;0.07
Varuexport;Förändring från föregående period;2022M06;0.09
Varuexport;Förändring från föregående period;2022M07;0.06
Varuexport;Förändring från föregående period;2022M08;0.01
Varuexport;Förändring från föregående period;2022M09;0
Varuexport;Förändring från föregående period;2022M10;-0.02
Varuexport;Förändring från föregående period;2022M11;-0.01
Varuexport;Förändring från föregående period;2022M12;-0.01
Varuexport;Förändring från föregående period;2023M01;-0.06
Varuexport;Förändring från föregående period;2023M02;-0.16
Varuexport;Förändring från föregående period;2023M03;-0.27
Varuexport;Förändring från föregående period;2023M04;-0.31
Varuexport;Förändring från föregående period;2023M05;-0.24
Varuexport;Förändring från föregående period;2023M06;-0.08
Varuexport;Förändring från föregående period;2023M07;0.09
Varuexport;Förändring från föregående period;2023M08;0.16
Varuexport;Förändring från föregående period;2023M09;0.13
Varuexport;Förändring från föregående period;2023M10;0.02
Varuexport;Förändring från föregående period;2023M11;-0.11
Varuexport;Förändring från föregående period;2023M12;-0.21
Varuexport;Förändring från föregående period;2024M01;-0.22
Varuexport;Förändring från föregående period;2024M02;-0.15
Varuexport;Förändring från föregående period;2024M03;-0.06
Varuexport;Förändring från föregående period;2024M04;-0.04
Varuexport;Förändring från föregående period;2024M05;-0.07
Varuexport;Förändring från föregående period;2024M06;-0.1
Varuexport;Förändring från föregående period;2024M07;-0.08
Varuexport;Förändring från föregående period;2024M08;-0.04
Varuexport;Förändring från föregående period;2024M09;0.03
Varuexport;Förändring från föregående period;2024M10;0.12
Varuexport;Förändring från föregående period;2024M11;0.17
Varuexport;Förändring från föregående period;2024M12;0.18
Varuexport;Förändring från föregående period;2025M01;0.17
Varuexport;Förändring från föregående period;2025M02;0.13
Varuexport;Förändring från föregående period;2025M03;0.09
Varuexport;Förändring från föregående period;2025M04;0.07
Varuexport;Förändring från föregående period;2025M05;0.03
Varuexport;Förändring från föregående period;2025M06;-0.02
Varuexport;Förändring från föregående period;2025M07;-0.06
Varuexport;Förändring från föregående period;2025M08;-0.05
Varuexport;Förändring från föregående period;2025M09;-0.05
Varuexport;Förändring från föregående period;2025M10;-0.03
Varuexport;Förändring från föregående period;2025M11;0
Varuexport;Förändring från föregående period;2025M12;0.05
Varuexport;Förändring från föregående period;2026M01;0.1
Varuexport;Förändring från föregående period;2026M02;0.12
Varuexport;Förändring från föregående period;2026M03;0.11
Varuexport;Förändring från föregående period;2026M04;0.06
Varuexport;Förändring från föregående period;2026M05;0
Varuexport;Förändring från föregående period;2026M06;-0.05
Varuexport;Förändring från föregående period;2026M07;-0.1
Varuexport;Förändring från föregående period;2026M08;
Varuimport;Konjunkturläge;2000M01;0.33
Varuimport;Konjunkturläge;2000M02;0.43
Varuimport;Konjunkturläge;2000M03;0.58
Varuimport;Konjunkturläge;2000M04;0.78
Varuimport;Konjunkturläge;2000M05;1.01
Varuimport;Konjunkturläge;2000M06;1.24
Varuimport;Konjunkturläge;2000M07;1.38
Varuimport;Konjunkturläge;2000M08;1.42
Varuimport;Konjunkturläge;2000M09;1.37
Varuimport;Konjunkturläge;2000M10;1.25
Varuimport;Konjunkturläge;2000M11;1.1
Varuimport;Konjunkturläge;2000M12;0.93
Varuimport;Konjunkturläge;2001M01;0.76
Varuimport;Konjunkturläge;2001M02;0.56
Varuimport;Konjunkturläge;2001M03;0.35
Varuimport;Konjunkturläge;2001M04;0.13
Varuimport;Konjunkturläge;2001M05;-0.09
Varuimport;Konjunkturläge;2001M06;-0.26
Varuimport;Konjunkturläge;2001M07;-0.39
Varuimport;Konjunkturläge;2001M08;-0.49
Varuimport;Konjunkturläge;2001M09;-0.56
Varuimport;Konjunkturläge;2001M10;-0.62
Varuimport;Konjunkturläge;2001M11;-0.65
Varuimport;Konjunkturläge;2001M12;-0.69
Varuimport;Konjunkturläge;2002M01;-0.72
Varuimport;Konjunkturläge;2002M02;-0.76
Varuimport;Konjunkturläge;2002M03;-0.81
Varuimport;Konjunkturläge;2002M04;-0.89
Varuimport;Konjunkturläge;2002M05;-0.98
Varuimport;Konjunkturläge;2002M06;-1.08
Varuimport;Konjunkturläge;2002M07;-1.15
Varuimport;Konjunkturläge;2002M08;-1.19
Varuimport;Konjunkturläge;2002M09;-1.18
Varuimport;Konjunkturläge;2002M10;-1.11
Varuimport;Konjunkturläge;2002M11;-0.99
Varuimport;Konjunkturläge;2002M12;-0.84
Varuimport;Konjunkturläge;2003M01;-0.7
Varuimport;Konjunkturläge;2003M02;-0.61
Varuimport;Konjunkturläge;2003M03;-0.58
Varuimport;Konjunkturläge;2003M04;-0.59
Varuimport;Konjunkturläge;2003M05;-0.64
Varuimport;Konjunkturläge;2003M06;-0.7
Varuimport;Konjunkturläge;2003M07;-0.74
Varuimport;Konjunkturläge;2003M08;-0.76
Varuimport;Konjunkturläge;2003M09;-0.79
Varuimport;Konjunkturläge;2003M10;-0.85
Varuimport;Konjunkturläge;2003M11;-0.92
Varuimport;Konjunkturläge;2003M12;-0.98
Varuimport;Konjunkturläge;2004M01;-0.99
Varuimport;Konjunkturläge;2004M02;-0.93
Varuimport;Konjunkturläge;2004M03;-0.81
Varuimport;Konjunkturläge;2004M04;-0.63
Varuimport;Konjunkturläge;2004M05;-0.43
Varuimport;Konjunkturläge;2004M06;-0.28
Varuimport;Konjunkturläge;2004M07;-0.21
Varuimport;Konjunkturläge;2004M08;-0.18
Varuimport;Konjunkturläge;2004M09;-0.17
Varuimport;Konjunkturläge;2004M10;-0.18
Varuimport;Konjunkturläge;2004M11;-0.2
Varuimport;Konjunkturläge;2004M12;-0.19
Varuimport;Konjunkturläge;2005M01;-0.15
Varuimport;Konjunkturläge;2005M02;-0.09
Varuimport;Konjunkturläge;2005M03;-0.04
Varuimport;Konjunkturläge;2005M04;-0.05
Varuimport;Konjunkturläge;2005M05;-0.09
Varuimport;Konjunkturläge;2005M06;-0.14
Varuimport;Konjunkturläge;2005M07;-0.17
Varuimport;Konjunkturläge;2005M08;-0.18
Varuimport;Konjunkturläge;2005M09;-0.15
Varuimport;Konjunkturläge;2005M10;-0.08
Varuimport;Konjunkturläge;2005M11;0.01
Varuimport;Konjunkturläge;2005M12;0.06
Varuimport;Konjunkturläge;2006M01;0.09
Varuimport;Konjunkturläge;2006M02;0.13
Varuimport;Konjunkturläge;2006M03;0.19
Varuimport;Konjunkturläge;2006M04;0.28
Varuimport;Konjunkturläge;2006M05;0.39
Varuimport;Konjunkturläge;2006M06;0.5
Varuimport;Konjunkturläge;2006M07;0.62
Varuimport;Konjunkturläge;2006M08;0.76
Varuimport;Konjunkturläge;2006M09;0.96
Varuimport;Konjunkturläge;2006M10;1.19
Varuimport;Konjunkturläge;2006M11;1.45
Varuimport;Konjunkturläge;2006M12;1.65
Varuimport;Konjunkturläge;2007M01;1.75
Varuimport;Konjunkturläge;2007M02;1.73
Varuimport;Konjunkturläge;2007M03;1.66
Varuimport;Konjunkturläge;2007M04;1.6
Varuimport;Konjunkturläge;2007M05;1.59
Varuimport;Konjunkturläge;2007M06;1.66
Varuimport;Konjunkturläge;2007M07;1.77
Varuimport;Konjunkturläge;2007M08;1.88
Varuimport;Konjunkturläge;2007M09;1.94
Varuimport;Konjunkturläge;2007M10;1.93
Varuimport;Konjunkturläge;2007M11;1.91
Varuimport;Konjunkturläge;2007M12;1.93
Varuimport;Konjunkturläge;2008M01;2.01
Varuimport;Konjunkturläge;2008M02;2.14
Varuimport;Konjunkturläge;2008M03;2.27
Varuimport;Konjunkturläge;2008M04;2.33
Varuimport;Konjunkturläge;2008M05;2.29
Varuimport;Konjunkturläge;2008M06;2.13
Varuimport;Konjunkturläge;2008M07;1.83
Varuimport;Konjunkturläge;2008M08;1.4
Varuimport;Konjunkturläge;2008M09;0.84
Varuimport;Konjunkturläge;2008M10;0.22
Varuimport;Konjunkturläge;2008M11;-0.41
Varuimport;Konjunkturläge;2008M12;-1.04
Varuimport;Konjunkturläge;2009M01;-1.62
Varuimport;Konjunkturläge;2009M02;-2.16
Varuimport;Konjunkturläge;2009M03;-2.62
Varuimport;Konjunkturläge;2009M04;-2.97
Varuimport;Konjunkturläge;2009M05;-3.18
Varuimport;Konjunkturläge;2009M06;-3.22
Varuimport;Konjunkturläge;2009M07;-3.08
Varuimport;Konjunkturläge;2009M08;-2.78
Varuimport;Konjunkturläge;2009M09;-2.38
Varuimport;Konjunkturläge;2009M10;-1.97
Varuimport;Konjunkturläge;2009M11;-1.62
Varuimport;Konjunkturläge;2009M12;-1.33
Varuimport;Konjunkturläge;2010M01;-1.05
Varuimport;Konjunkturläge;2010M02;-0.76
Varuimport;Konjunkturläge;2010M03;-0.44
Varuimport;Konjunkturläge;2010M04;-0.13
Varuimport;Konjunkturläge;2010M05;0.13
Varuimport;Konjunkturläge;2010M06;0.31
Varuimport;Konjunkturläge;2010M07;0.38
Varuimport;Konjunkturläge;2010M08;0.39
Varuimport;Konjunkturläge;2010M09;0.39
Varuimport;Konjunkturläge;2010M10;0.43
Varuimport;Konjunkturläge;2010M11;0.55
Varuimport;Konjunkturläge;2010M12;0.74
Varuimport;Konjunkturläge;2011M01;0.94
Varuimport;Konjunkturläge;2011M02;1.11
Varuimport;Konjunkturläge;2011M03;1.24
Varuimport;Konjunkturläge;2011M04;1.27
Varuimport;Konjunkturläge;2011M05;1.22
Varuimport;Konjunkturläge;2011M06;1.1
Varuimport;Konjunkturläge;2011M07;0.93
Varuimport;Konjunkturläge;2011M08;0.74
Varuimport;Konjunkturläge;2011M09;0.56
Varuimport;Konjunkturläge;2011M10;0.43
Varuimport;Konjunkturläge;2011M11;0.36
Varuimport;Konjunkturläge;2011M12;0.34
Varuimport;Konjunkturläge;2012M01;0.34
Varuimport;Konjunkturläge;2012M02;0.33
Varuimport;Konjunkturläge;2012M03;0.31
Varuimport;Konjunkturläge;2012M04;0.28
Varuimport;Konjunkturläge;2012M05;0.23
Varuimport;Konjunkturläge;2012M06;0.17
Varuimport;Konjunkturläge;2012M07;0.08
Varuimport;Konjunkturläge;2012M08;-0.03
Varuimport;Konjunkturläge;2012M09;-0.16
Varuimport;Konjunkturläge;2012M10;-0.31
Varuimport;Konjunkturläge;2012M11;-0.5
Varuimport;Konjunkturläge;2012M12;-0.7
Varuimport;Konjunkturläge;2013M01;-0.89
Varuimport;Konjunkturläge;2013M02;-1.04
Varuimport;Konjunkturläge;2013M03;-1.13
Varuimport;Konjunkturläge;2013M04;-1.17
Varuimport;Konjunkturläge;2013M05;-1.18
Varuimport;Konjunkturläge;2013M06;-1.19
Varuimport;Konjunkturläge;2013M07;-1.23
Varuimport;Konjunkturläge;2013M08;-1.28
Varuimport;Konjunkturläge;2013M09;-1.31
Varuimport;Konjunkturläge;2013M10;-1.3
Varuimport;Konjunkturläge;2013M11;-1.26
Varuimport;Konjunkturläge;2013M12;-1.17
Varuimport;Konjunkturläge;2014M01;-1.09
Varuimport;Konjunkturläge;2014M02;-1.05
Varuimport;Konjunkturläge;2014M03;-1.04
Varuimport;Konjunkturläge;2014M04;-1.05
Varuimport;Konjunkturläge;2014M05;-1.03
Varuimport;Konjunkturläge;2014M06;-0.98
Varuimport;Konjunkturläge;2014M07;-0.92
Varuimport;Konjunkturläge;2014M08;-0.9
Varuimport;Konjunkturläge;2014M09;-0.91
Varuimport;Konjunkturläge;2014M10;-0.9
Varuimport;Konjunkturläge;2014M11;-0.87
Varuimport;Konjunkturläge;2014M12;-0.84
Varuimport;Konjunkturläge;2015M01;-0.79
Varuimport;Konjunkturläge;2015M02;-0.72
Varuimport;Konjunkturläge;2015M03;-0.64
Varuimport;Konjunkturläge;2015M04;-0.58
Varuimport;Konjunkturläge;2015M05;-0.51
Varuimport;Konjunkturläge;2015M06;-0.41
Varuimport;Konjunkturläge;2015M07;-0.25
Varuimport;Konjunkturläge;2015M08;-0.07
Varuimport;Konjunkturläge;2015M09;0.06
Varuimport;Konjunkturläge;2015M10;0.1
Varuimport;Konjunkturläge;2015M11;0.04
Varuimport;Konjunkturläge;2015M12;-0.06
Varuimport;Konjunkturläge;2016M01;-0.16
Varuimport;Konjunkturläge;2016M02;-0.21
Varuimport;Konjunkturläge;2016M03;-0.18
Varuimport;Konjunkturläge;2016M04;-0.08
Varuimport;Konjunkturläge;2016M05;0.02
Varuimport;Konjunkturläge;2016M06;0.08
Varuimport;Konjunkturläge;2016M07;0.09
Varuimport;Konjunkturläge;2016M08;0.08
Varuimport;Konjunkturläge;2016M09;0.05
Varuimport;Konjunkturläge;2016M10;0.03
Varuimport;Konjunkturläge;2016M11;0.04
Varuimport;Konjunkturläge;2016M12;0.09
Varuimport;Konjunkturläge;2017M01;0.14
Varuimport;Konjunkturläge;2017M02;0.18
Varuimport;Konjunkturläge;2017M03;0.2
Varuimport;Konjunkturläge;2017M04;0.2
Varuimport;Konjunkturläge;2017M05;0.21
Varuimport;Konjunkturläge;2017M06;0.21
Varuimport;Konjunkturläge;2017M07;0.24
Varuimport;Konjunkturläge;2017M08;0.33
Varuimport;Konjunkturläge;2017M09;0.53
Varuimport;Konjunkturläge;2017M10;0.78
Varuimport;Konjunkturläge;2017M11;1.01
Varuimport;Konjunkturläge;2017M12;1.19
Varuimport;Konjunkturläge;2018M01;1.31
Varuimport;Konjunkturläge;2018M02;1.36
Varuimport;Konjunkturläge;2018M03;1.31
Varuimport;Konjunkturläge;2018M04;1.18
Varuimport;Konjunkturläge;2018M05;1.02
Varuimport;Konjunkturläge;2018M06;0.89
Varuimport;Konjunkturläge;2018M07;0.79
Varuimport;Konjunkturläge;2018M08;0.75
Varuimport;Konjunkturläge;2018M09;0.78
Varuimport;Konjunkturläge;2018M10;0.87
Varuimport;Konjunkturläge;2018M11;0.96
Varuimport;Konjunkturläge;2018M12;1
Varuimport;Konjunkturläge;2019M01;0.91
Varuimport;Konjunkturläge;2019M02;0.73
Varuimport;Konjunkturläge;2019M03;0.53
Varuimport;Konjunkturläge;2019M04;0.36
Varuimport;Konjunkturläge;2019M05;0.28
Varuimport;Konjunkturläge;2019M06;0.27
Varuimport;Konjunkturläge;2019M07;0.26
Varuimport;Konjunkturläge;2019M08;0.17
Varuimport;Konjunkturläge;2019M09;-0.05
Varuimport;Konjunkturläge;2019M10;-0.38
Varuimport;Konjunkturläge;2019M11;-0.7
Varuimport;Konjunkturläge;2019M12;-0.96
Varuimport;Konjunkturläge;2020M01;-1.06
Varuimport;Konjunkturläge;2020M02;-1.01
Varuimport;Konjunkturläge;2020M03;-0.89
Varuimport;Konjunkturläge;2020M04;-0.71
Varuimport;Konjunkturläge;2020M05;-0.55
Varuimport;Konjunkturläge;2020M06;-0.42
Varuimport;Konjunkturläge;2020M07;-0.29
Varuimport;Konjunkturläge;2020M08;-0.19
Varuimport;Konjunkturläge;2020M09;-0.11
Varuimport;Konjunkturläge;2020M10;-0.03
Varuimport;Konjunkturläge;2020M11;0.05
Varuimport;Konjunkturläge;2020M12;0.15
Varuimport;Konjunkturläge;2021M01;0.26
Varuimport;Konjunkturläge;2021M02;0.4
Varuimport;Konjunkturläge;2021M03;0.55
Varuimport;Konjunkturläge;2021M04;0.64
Varuimport;Konjunkturläge;2021M05;0.64
Varuimport;Konjunkturläge;2021M06;0.58
Varuimport;Konjunkturläge;2021M07;0.5
Varuimport;Konjunkturläge;2021M08;0.52
Varuimport;Konjunkturläge;2021M09;0.67
Varuimport;Konjunkturläge;2021M10;0.95
Varuimport;Konjunkturläge;2021M11;1.26
Varuimport;Konjunkturläge;2021M12;1.54
Varuimport;Konjunkturläge;2022M01;1.7
Varuimport;Konjunkturläge;2022M02;1.75
Varuimport;Konjunkturläge;2022M03;1.71
Varuimport;Konjunkturläge;2022M04;1.62
Varuimport;Konjunkturläge;2022M05;1.56
Varuimport;Konjunkturläge;2022M06;1.51
Varuimport;Konjunkturläge;2022M07;1.44
Varuimport;Konjunkturläge;2022M08;1.34
Varuimport;Konjunkturläge;2022M09;1.22
Varuimport;Konjunkturläge;2022M10;1.06
Varuimport;Konjunkturläge;2022M11;0.87
Varuimport;Konjunkturläge;2022M12;0.67
Varuimport;Konjunkturläge;2023M01;0.44
Varuimport;Konjunkturläge;2023M02;0.21
Varuimport;Konjunkturläge;2023M03;0.02
Varuimport;Konjunkturläge;2023M04;-0.07
Varuimport;Konjunkturläge;2023M05;-0.07
Varuimport;Konjunkturläge;2023M06;-0.04
Varuimport;Konjunkturläge;2023M07;-0.03
Varuimport;Konjunkturläge;2023M08;-0.1
Varuimport;Konjunkturläge;2023M09;-0.26
Varuimport;Konjunkturläge;2023M10;-0.49
Varuimport;Konjunkturläge;2023M11;-0.74
Varuimport;Konjunkturläge;2023M12;-0.96
Varuimport;Konjunkturläge;2024M01;-1.11
Varuimport;Konjunkturläge;2024M02;-1.18
Varuimport;Konjunkturläge;2024M03;-1.22
Varuimport;Konjunkturläge;2024M04;-1.26
Varuimport;Konjunkturläge;2024M05;-1.3
Varuimport;Konjunkturläge;2024M06;-1.29
Varuimport;Konjunkturläge;2024M07;-1.2
Varuimport;Konjunkturläge;2024M08;-1.05
Varuimport;Konjunkturläge;2024M09;-0.88
Varuimport;Konjunkturläge;2024M10;-0.73
Varuimport;Konjunkturläge;2024M11;-0.65
Varuimport;Konjunkturläge;2024M12;-0.63
Varuimport;Konjunkturläge;2025M01;-0.66
Varuimport;Konjunkturläge;2025M02;-0.7
Varuimport;Konjunkturläge;2025M03;-0.69
Varuimport;Konjunkturläge;2025M04;-0.64
Varuimport;Konjunkturläge;2025M05;-0.59
Varuimport;Konjunkturläge;2025M06;-0.56
Varuimport;Konjunkturläge;2025M07;-0.56
Varuimport;Konjunkturläge;2025M08;-0.59
Varuimport;Konjunkturläge;2025M09;-0.61
Varuimport;Konjunkturläge;2025M10;-0.58
Varuimport;Konjunkturläge;2025M11;-0.48
Varuimport;Konjunkturläge;2025M12;-0.28
Varuimport;Konjunkturläge;2026M01;-0.03
Varuimport;Konjunkturläge;2026M02;0.2
Varuimport;Konjunkturläge;2026M03;0.35
Varuimport;Konjunkturläge;2026M04;0.39
Varuimport;Konjunkturläge;2026M05;0.35
Varuimport;Konjunkturläge;2026M06;0.25
Varuimport;Konjunkturläge;2026M07;0.13
Varuimport;Konjunkturläge;2026M08;
Varuimport;Förändring från föregående period;2000M01;
Varuimport;Förändring från föregående period;2000M02;0.1
Varuimport;Förändring från föregående period;2000M03;0.15
Varuimport;Förändring från föregående period;2000M04;0.2
Varuimport;Förändring från föregående period;2000M05;0.23
Varuimport;Förändring från föregående period;2000M06;0.22
Varuimport;Förändring från föregående period;2000M07;0.15
Varuimport;Förändring från föregående period;2000M08;0.04
Varuimport;Förändring från föregående period;2000M09;-0.05
Varuimport;Förändring från föregående period;2000M10;-0.12
Varuimport;Förändring från föregående period;2000M11;-0.15
Varuimport;Förändring från föregående period;2000M12;-0.16
Varuimport;Förändring från föregående period;2001M01;-0.18
Varuimport;Förändring från föregående period;2001M02;-0.19
Varuimport;Förändring från föregående period;2001M03;-0.21
Varuimport;Förändring från föregående period;2001M04;-0.22
Varuimport;Förändring från föregående period;2001M05;-0.22
Varuimport;Förändring från föregående period;2001M06;-0.18
Varuimport;Förändring från föregående period;2001M07;-0.13
Varuimport;Förändring från föregående period;2001M08;-0.1
Varuimport;Förändring från föregående period;2001M09;-0.08
Varuimport;Förändring från föregående period;2001M10;-0.06
Varuimport;Förändring från föregående period;2001M11;-0.03
Varuimport;Förändring från föregående period;2001M12;-0.03
Varuimport;Förändring från föregående period;2002M01;-0.04
Varuimport;Förändring från föregående period;2002M02;-0.03
Varuimport;Förändring från föregående period;2002M03;-0.05
Varuimport;Förändring från föregående period;2002M04;-0.08
Varuimport;Förändring från föregående period;2002M05;-0.09
Varuimport;Förändring från föregående period;2002M06;-0.1
Varuimport;Förändring från föregående period;2002M07;-0.08
Varuimport;Förändring från föregående period;2002M08;-0.04
Varuimport;Förändring från föregående period;2002M09;0.01
Varuimport;Förändring från föregående period;2002M10;0.07
Varuimport;Förändring från föregående period;2002M11;0.12
Varuimport;Förändring från föregående period;2002M12;0.15
Varuimport;Förändring från föregående period;2003M01;0.14
Varuimport;Förändring från föregående period;2003M02;0.09
Varuimport;Förändring från föregående period;2003M03;0.04
Varuimport;Förändring från föregående period;2003M04;-0.01
Varuimport;Förändring från föregående period;2003M05;-0.05
Varuimport;Förändring från föregående period;2003M06;-0.06
Varuimport;Förändring från föregående period;2003M07;-0.04
Varuimport;Förändring från föregående period;2003M08;-0.02
Varuimport;Förändring från föregående period;2003M09;-0.03
Varuimport;Förändring från föregående period;2003M10;-0.06
Varuimport;Förändring från föregående period;2003M11;-0.07
Varuimport;Förändring från föregående period;2003M12;-0.06
Varuimport;Förändring från föregående period;2004M01;-0.01
Varuimport;Förändring från föregående period;2004M02;0.05
Varuimport;Förändring från föregående period;2004M03;0.12
Varuimport;Förändring från föregående period;2004M04;0.18
Varuimport;Förändring från föregående period;2004M05;0.2
Varuimport;Förändring från föregående period;2004M06;0.15
Varuimport;Förändring från föregående period;2004M07;0.07
Varuimport;Förändring från föregående period;2004M08;0.02
Varuimport;Förändring från föregående period;2004M09;0.01
Varuimport;Förändring från föregående period;2004M10;-0.01
Varuimport;Förändring från föregående period;2004M11;-0.02
Varuimport;Förändring från föregående period;2004M12;0.01
Varuimport;Förändring från föregående period;2005M01;0.04
Varuimport;Förändring från föregående period;2005M02;0.06
Varuimport;Förändring från föregående period;2005M03;0.05
Varuimport;Förändring från föregående period;2005M04;0
Varuimport;Förändring från föregående period;2005M05;-0.04
Varuimport;Förändring från föregående period;2005M06;-0.05
Varuimport;Förändring från föregående period;2005M07;-0.03
Varuimport;Förändring från föregående period;2005M08;-0.01
Varuimport;Förändring från föregående period;2005M09;0.03
Varuimport;Förändring från föregående period;2005M10;0.07
Varuimport;Förändring från föregående period;2005M11;0.08
Varuimport;Förändring från föregående period;2005M12;0.05
Varuimport;Förändring från föregående period;2006M01;0.03
Varuimport;Förändring från föregående period;2006M02;0.04
Varuimport;Förändring från föregående period;2006M03;0.06
Varuimport;Förändring från föregående period;2006M04;0.09
Varuimport;Förändring från föregående period;2006M05;0.11
Varuimport;Förändring från föregående period;2006M06;0.11
Varuimport;Förändring från föregående period;2006M07;0.12
Varuimport;Förändring från föregående period;2006M08;0.14
Varuimport;Förändring från föregående period;2006M09;0.19
Varuimport;Förändring från föregående period;2006M10;0.24
Varuimport;Förändring från föregående period;2006M11;0.25
Varuimport;Förändring från föregående period;2006M12;0.21
Varuimport;Förändring från föregående period;2007M01;0.1
Varuimport;Förändring från föregående period;2007M02;-0.01
Varuimport;Förändring från föregående period;2007M03;-0.08
Varuimport;Förändring från föregående period;2007M04;-0.06
Varuimport;Förändring från föregående period;2007M05;-0.01
Varuimport;Förändring från föregående period;2007M06;0.06
Varuimport;Förändring från föregående period;2007M07;0.11
Varuimport;Förändring från föregående period;2007M08;0.1
Varuimport;Förändring från föregående period;2007M09;0.06
Varuimport;Förändring från föregående period;2007M10;0
Varuimport;Förändring från föregående period;2007M11;-0.02
Varuimport;Förändring från föregående period;2007M12;0.02
Varuimport;Förändring från föregående period;2008M01;0.08
Varuimport;Förändring från föregående period;2008M02;0.14
Varuimport;Förändring från föregående period;2008M03;0.13
Varuimport;Förändring från föregående period;2008M04;0.06
Varuimport;Förändring från föregående period;2008M05;-0.04
Varuimport;Förändring från föregående period;2008M06;-0.16
Varuimport;Förändring från föregående period;2008M07;-0.3
Varuimport;Förändring från föregående period;2008M08;-0.43
Varuimport;Förändring från föregående period;2008M09;-0.56
Varuimport;Förändring från föregående period;2008M10;-0.62
Varuimport;Förändring från föregående period;2008M11;-0.63
Varuimport;Förändring från föregående period;2008M12;-0.63
Varuimport;Förändring från föregående period;2009M01;-0.59
Varuimport;Förändring från föregående period;2009M02;-0.54
Varuimport;Förändring från föregående period;2009M03;-0.46
Varuimport;Förändring från föregående period;2009M04;-0.35
Varuimport;Förändring från föregående period;2009M05;-0.21
Varuimport;Förändring från föregående period;2009M06;-0.04
Varuimport;Förändring från föregående period;2009M07;0.14
Varuimport;Förändring från föregående period;2009M08;0.3
Varuimport;Förändring från föregående period;2009M09;0.4
Varuimport;Förändring från föregående period;2009M10;0.41
Varuimport;Förändring från föregående period;2009M11;0.35
Varuimport;Förändring från föregående period;2009M12;0.28
Varuimport;Förändring från föregående period;2010M01;0.28
Varuimport;Förändring från föregående period;2010M02;0.29
Varuimport;Förändring från föregående period;2010M03;0.32
Varuimport;Förändring från föregående period;2010M04;0.31
Varuimport;Förändring från föregående period;2010M05;0.26
Varuimport;Förändring från föregående period;2010M06;0.18
Varuimport;Förändring från föregående period;2010M07;0.07
Varuimport;Förändring från föregående period;2010M08;0.01
Varuimport;Förändring från föregående period;2010M09;0
Varuimport;Förändring från föregående period;2010M10;0.04
Varuimport;Förändring från föregående period;2010M11;0.12
Varuimport;Förändring från föregående period;2010M12;0.19
Varuimport;Förändring från föregående period;2011M01;0.2
Varuimport;Förändring från föregående period;2011M02;0.18
Varuimport;Förändring från föregående period;2011M03;0.12
Varuimport;Förändring från föregående period;2011M04;0.03
Varuimport;Förändring från föregående period;2011M05;-0.05
Varuimport;Förändring från föregående period;2011M06;-0.13
Varuimport;Förändring från föregående period;2011M07;-0.17
Varuimport;Förändring från föregående period;2011M08;-0.19
Varuimport;Förändring från föregående period;2011M09;-0.18
Varuimport;Förändring från föregående period;2011M10;-0.13
Varuimport;Förändring från föregående period;2011M11;-0.07
Varuimport;Förändring från föregående period;2011M12;-0.02
Varuimport;Förändring från föregående period;2012M01;0
Varuimport;Förändring från föregående period;2012M02;-0.01
Varuimport;Förändring från föregående period;2012M03;-0.02
Varuimport;Förändring från föregående period;2012M04;-0.03
Varuimport;Förändring från föregående period;2012M05;-0.05
Varuimport;Förändring från föregående period;2012M06;-0.06
Varuimport;Förändring från föregående period;2012M07;-0.08
Varuimport;Förändring från föregående period;2012M08;-0.11
Varuimport;Förändring från föregående period;2012M09;-0.13
Varuimport;Förändring från föregående period;2012M10;-0.16
Varuimport;Förändring från föregående period;2012M11;-0.19
Varuimport;Förändring från föregående period;2012M12;-0.2
Varuimport;Förändring från föregående period;2013M01;-0.19
Varuimport;Förändring från föregående period;2013M02;-0.15
Varuimport;Förändring från föregående period;2013M03;-0.09
Varuimport;Förändring från föregående period;2013M04;-0.04
Varuimport;Förändring från föregående period;2013M05;-0.01
Varuimport;Förändring från föregående period;2013M06;-0.01
Varuimport;Förändring från föregående period;2013M07;-0.04
Varuimport;Förändring från föregående period;2013M08;-0.04
Varuimport;Förändring från föregående period;2013M09;-0.03
Varuimport;Förändring från föregående period;2013M10;0.01
Varuimport;Förändring från föregående period;2013M11;0.04
Varuimport;Förändring från föregående period;2013M12;0.08
Varuimport;Förändring från föregående period;2014M01;0.08
Varuimport;Förändring från föregående period;2014M02;0.04
Varuimport;Förändring från föregående period;2014M03;0.01
Varuimport;Förändring från föregående period;2014M04;0
Varuimport;Förändring från föregående period;2014M05;0.02
Varuimport;Förändring från föregående period;2014M06;0.05
Varuimport;Förändring från föregående period;2014M07;0.05
Varuimport;Förändring från föregående period;2014M08;0.02
Varuimport;Förändring från föregående period;2014M09;-0.01
Varuimport;Förändring från föregående period;2014M10;0.01
Varuimport;Förändring från föregående period;2014M11;0.03
Varuimport;Förändring från föregående period;2014M12;0.03
Varuimport;Förändring från föregående period;2015M01;0.05
Varuimport;Förändring från föregående period;2015M02;0.07
Varuimport;Förändring från föregående period;2015M03;0.07
Varuimport;Förändring från föregående period;2015M04;0.06
Varuimport;Förändring från föregående period;2015M05;0.07
Varuimport;Förändring från föregående period;2015M06;0.1
Varuimport;Förändring från föregående period;2015M07;0.16
Varuimport;Förändring från föregående period;2015M08;0.18
Varuimport;Förändring från föregående period;2015M09;0.13
Varuimport;Förändring från föregående period;2015M10;0.04
Varuimport;Förändring från föregående period;2015M11;-0.06
Varuimport;Förändring från föregående period;2015M12;-0.11
Varuimport;Förändring från föregående period;2016M01;-0.1
Varuimport;Förändring från föregående period;2016M02;-0.05
Varuimport;Förändring från föregående period;2016M03;0.03
Varuimport;Förändring från föregående period;2016M04;0.1
Varuimport;Förändring från föregående period;2016M05;0.1
Varuimport;Förändring från föregående period;2016M06;0.06
Varuimport;Förändring från föregående period;2016M07;0.01
Varuimport;Förändring från föregående period;2016M08;-0.01
Varuimport;Förändring från föregående period;2016M09;-0.03
Varuimport;Förändring från föregående period;2016M10;-0.02
Varuimport;Förändring från föregående period;2016M11;0.01
Varuimport;Förändring från föregående period;2016M12;0.05
Varuimport;Förändring från föregående period;2017M01;0.05
Varuimport;Förändring från föregående period;2017M02;0.04
Varuimport;Förändring från föregående period;2017M03;0.02
Varuimport;Förändring från föregående period;2017M04;0
Varuimport;Förändring från föregående period;2017M05;0
Varuimport;Förändring från föregående period;2017M06;0.01
Varuimport;Förändring från föregående period;2017M07;0.02
Varuimport;Förändring från föregående period;2017M08;0.1
Varuimport;Förändring från föregående period;2017M09;0.2
Varuimport;Förändring från föregående period;2017M10;0.25
Varuimport;Förändring från föregående period;2017M11;0.24
Varuimport;Förändring från föregående period;2017M12;0.18
Varuimport;Förändring från föregående period;2018M01;0.12
Varuimport;Förändring från föregående period;2018M02;0.04
Varuimport;Förändring från föregående period;2018M03;-0.04
Varuimport;Förändring från föregående period;2018M04;-0.13
Varuimport;Förändring från föregående period;2018M05;-0.16
Varuimport;Förändring från föregående period;2018M06;-0.14
Varuimport;Förändring från föregående period;2018M07;-0.1
Varuimport;Förändring från föregående period;2018M08;-0.04
Varuimport;Förändring från föregående period;2018M09;0.04
Varuimport;Förändring från föregående period;2018M10;0.09
Varuimport;Förändring från föregående period;2018M11;0.09
Varuimport;Förändring från föregående period;2018M12;0.03
Varuimport;Förändring från föregående period;2019M01;-0.08
Varuimport;Förändring från föregående period;2019M02;-0.18
Varuimport;Förändring från föregående period;2019M03;-0.2
Varuimport;Förändring från föregående period;2019M04;-0.17
Varuimport;Förändring från föregående period;2019M05;-0.08
Varuimport;Förändring från föregående period;2019M06;-0.01
Varuimport;Förändring från föregående period;2019M07;-0.01
Varuimport;Förändring från föregående period;2019M08;-0.09
Varuimport;Förändring från föregående period;2019M09;-0.22
Varuimport;Förändring från föregående period;2019M10;-0.32
Varuimport;Förändring från föregående period;2019M11;-0.33
Varuimport;Förändring från föregående period;2019M12;-0.26
Varuimport;Förändring från föregående period;2020M01;-0.1
Varuimport;Förändring från föregående period;2020M02;0.05
Varuimport;Förändring från föregående period;2020M03;0.13
Varuimport;Förändring från föregående period;2020M04;0.17
Varuimport;Förändring från föregående period;2020M05;0.16
Varuimport;Förändring från föregående period;2020M06;0.13
Varuimport;Förändring från föregående period;2020M07;0.13
Varuimport;Förändring från föregående period;2020M08;0.1
Varuimport;Förändring från föregående period;2020M09;0.07
Varuimport;Förändring från föregående period;2020M10;0.08
Varuimport;Förändring från föregående period;2020M11;0.09
Varuimport;Förändring från föregående period;2020M12;0.1
Varuimport;Förändring från föregående period;2021M01;0.11
Varuimport;Förändring från föregående period;2021M02;0.13
Varuimport;Förändring från föregående period;2021M03;0.15
Varuimport;Förändring från föregående period;2021M04;0.09
Varuimport;Förändring från föregående period;2021M05;0
Varuimport;Förändring från föregående period;2021M06;-0.07
Varuimport;Förändring från föregående period;2021M07;-0.08
Varuimport;Förändring från föregående period;2021M08;0.02
Varuimport;Förändring från föregående period;2021M09;0.16
Varuimport;Förändring från föregående period;2021M10;0.28
Varuimport;Förändring från föregående period;2021M11;0.31
Varuimport;Förändring från föregående period;2021M12;0.28
Varuimport;Förändring från föregående period;2022M01;0.16
Varuimport;Förändring från föregående period;2022M02;0.05
Varuimport;Förändring från föregående period;2022M03;-0.04
Varuimport;Förändring från föregående period;2022M04;-0.08
Varuimport;Förändring från föregående period;2022M05;-0.07
Varuimport;Förändring från föregående period;2022M06;-0.05
Varuimport;Förändring från föregående period;2022M07;-0.07
Varuimport;Förändring från föregående period;2022M08;-0.1
Varuimport;Förändring från föregående period;2022M09;-0.12
Varuimport;Förändring från föregående period;2022M10;-0.16
Varuimport;Förändring från föregående period;2022M11;-0.19
Varuimport;Förändring från föregående period;2022M12;-0.2
Varuimport;Förändring från föregående period;2023M01;-0.23
Varuimport;Förändring från föregående period;2023M02;-0.23
Varuimport;Förändring från föregående period;2023M03;-0.19
Varuimport;Förändring från föregående period;2023M04;-0.09
Varuimport;Förändring från föregående period;2023M05;0
Varuimport;Förändring från föregående period;2023M06;0.02
Varuimport;Förändring från föregående period;2023M07;0.01
Varuimport;Förändring från föregående period;2023M08;-0.07
Varuimport;Förändring från föregående period;2023M09;-0.16
Varuimport;Förändring från föregående period;2023M10;-0.23
Varuimport;Förändring från föregående period;2023M11;-0.25
Varuimport;Förändring från föregående period;2023M12;-0.22
Varuimport;Förändring från föregående period;2024M01;-0.15
Varuimport;Förändring från föregående period;2024M02;-0.07
Varuimport;Förändring från föregående period;2024M03;-0.04
Varuimport;Förändring från föregående period;2024M04;-0.04
Varuimport;Förändring från föregående period;2024M05;-0.04
Varuimport;Förändring från föregående period;2024M06;0.01
Varuimport;Förändring från föregående period;2024M07;0.09
Varuimport;Förändring från föregående period;2024M08;0.15
Varuimport;Förändring från föregående period;2024M09;0.17
Varuimport;Förändring från föregående period;2024M10;0.15
Varuimport;Förändring från föregående period;2024M11;0.08
Varuimport;Förändring från föregående period;2024M12;0.01
Varuimport;Förändring från föregående period;2025M01;-0.03
Varuimport;Förändring från föregående period;2025M02;-0.04
Varuimport;Förändring från föregående period;2025M03;0
Varuimport;Förändring från föregående period;2025M04;0.05
Varuimport;Förändring från föregående period;2025M05;0.05
Varuimport;Förändring från föregående period;2025M06;0.03
Varuimport;Förändring från föregående period;2025M07;-0.01
Varuimport;Förändring från föregående period;2025M08;-0.03
Varuimport;Förändring från föregående period;2025M09;-0.02
Varuimport;Förändring från föregående period;2025M10;0.02
Varuimport;Förändring från föregående period;2025M11;0.11
Varuimport;Förändring från föregående period;2025M12;0.2
Varuimport;Förändring från föregående period;2026M01;0.25
Varuimport;Förändring från föregående period;2026M02;0.23
Varuimport;Förändring från föregående period;2026M03;0.15
Varuimport;Förändring från föregående period;2026M04;0.04
Varuimport;Förändring från föregående period;2026M05;-0.04
Varuimport;Förändring från föregående period;2026M06;-0.1
Varuimport;Förändring från föregående period;2026M07;-0.12
Varuimport;Förändring från föregående period;2026M08;
Sysselsättning;Konjunkturläge;2000M01;
Sysselsättning;Konjunkturläge;2000M02;
Sysselsättning;Konjunkturläge;2000M03;
Sysselsättning;Konjunkturläge;2000M04;
Sysselsättning;Konjunkturläge;2000M05;
Sysselsättning;Konjunkturläge;2000M06;
Sysselsättning;Konjunkturläge;2000M07;
Sysselsättning;Konjunkturläge;2000M08;
Sysselsättning;Konjunkturläge;2000M09;
Sysselsättning;Konjunkturläge;2000M10;
Sysselsättning;Konjunkturläge;2000M11;
Sysselsättning;Konjunkturläge;2000M12;
Sysselsättning;Konjunkturläge;2001M01;0.86
Sysselsättning;Konjunkturläge;2001M02;0.85
Sysselsättning;Konjunkturläge;2001M03;0.85
Sysselsättning;Konjunkturläge;2001M04;0.85
Sysselsättning;Konjunkturläge;2001M05;0.84
Sysselsättning;Konjunkturläge;2001M06;0.82
Sysselsättning;Konjunkturläge;2001M07;0.78
Sysselsättning;Konjunkturläge;2001M08;0.74
Sysselsättning;Konjunkturläge;2001M09;0.72
Sysselsättning;Konjunkturläge;2001M10;0.74
Sysselsättning;Konjunkturläge;2001M11;0.78
Sysselsättning;Konjunkturläge;2001M12;0.81
Sysselsättning;Konjunkturläge;2002M01;0.82
Sysselsättning;Konjunkturläge;2002M02;0.78
Sysselsättning;Konjunkturläge;2002M03;0.68
Sysselsättning;Konjunkturläge;2002M04;0.55
Sysselsättning;Konjunkturläge;2002M05;0.45
Sysselsättning;Konjunkturläge;2002M06;0.39
Sysselsättning;Konjunkturläge;2002M07;0.38
Sysselsättning;Konjunkturläge;2002M08;0.41
Sysselsättning;Konjunkturläge;2002M09;0.44
Sysselsättning;Konjunkturläge;2002M10;0.44
Sysselsättning;Konjunkturläge;2002M11;0.41
Sysselsättning;Konjunkturläge;2002M12;0.36
Sysselsättning;Konjunkturläge;2003M01;0.31
Sysselsättning;Konjunkturläge;2003M02;0.28
Sysselsättning;Konjunkturläge;2003M03;0.25
Sysselsättning;Konjunkturläge;2003M04;0.19
Sysselsättning;Konjunkturläge;2003M05;0.12
Sysselsättning;Konjunkturläge;2003M06;0.02
Sysselsättning;Konjunkturläge;2003M07;-0.12
Sysselsättning;Konjunkturläge;2003M08;-0.26
Sysselsättning;Konjunkturläge;2003M09;-0.39
Sysselsättning;Konjunkturläge;2003M10;-0.51
Sysselsättning;Konjunkturläge;2003M11;-0.61
Sysselsättning;Konjunkturläge;2003M12;-0.68
Sysselsättning;Konjunkturläge;2004M01;-0.74
Sysselsättning;Konjunkturläge;2004M02;-0.76
Sysselsättning;Konjunkturläge;2004M03;-0.76
Sysselsättning;Konjunkturläge;2004M04;-0.76
Sysselsättning;Konjunkturläge;2004M05;-0.79
Sysselsättning;Konjunkturläge;2004M06;-0.86
Sysselsättning;Konjunkturläge;2004M07;-0.95
Sysselsättning;Konjunkturläge;2004M08;-1.08
Sysselsättning;Konjunkturläge;2004M09;-1.21
Sysselsättning;Konjunkturläge;2004M10;-1.31
Sysselsättning;Konjunkturläge;2004M11;-1.36
Sysselsättning;Konjunkturläge;2004M12;-1.37
Sysselsättning;Konjunkturläge;2005M01;-1.33
Sysselsättning;Konjunkturläge;2005M02;-1.29
Sysselsättning;Konjunkturläge;2005M03;-1.31
Sysselsättning;Konjunkturläge;2005M04;-1.35
Sysselsättning;Konjunkturläge;2005M05;-1.44
Sysselsättning;Konjunkturläge;2005M06;-1.51
Sysselsättning;Konjunkturläge;2005M07;-1.53
Sysselsättning;Konjunkturläge;2005M08;-1.45
Sysselsättning;Konjunkturläge;2005M09;-1.3
Sysselsättning;Konjunkturläge;2005M10;-1.12
Sysselsättning;Konjunkturläge;2005M11;-0.98
Sysselsättning;Konjunkturläge;2005M12;-0.91
Sysselsättning;Konjunkturläge;2006M01;-0.94
Sysselsättning;Konjunkturläge;2006M02;-0.99
Sysselsättning;Konjunkturläge;2006M03;-0.99
Sysselsättning;Konjunkturläge;2006M04;-0.89
Sysselsättning;Konjunkturläge;2006M05;-0.65
Sysselsättning;Konjunkturläge;2006M06;-0.32
Sysselsättning;Konjunkturläge;2006M07;0
Sysselsättning;Konjunkturläge;2006M08;0.26
Sysselsättning;Konjunkturläge;2006M09;0.43
Sysselsättning;Konjunkturläge;2006M10;0.52
Sysselsättning;Konjunkturläge;2006M11;0.56
Sysselsättning;Konjunkturläge;2006M12;0.63
Sysselsättning;Konjunkturläge;2007M01;0.77
Sysselsättning;Konjunkturläge;2007M02;0.96
Sysselsättning;Konjunkturläge;2007M03;1.2
Sysselsättning;Konjunkturläge;2007M04;1.45
Sysselsättning;Konjunkturläge;2007M05;1.66
Sysselsättning;Konjunkturläge;2007M06;1.8
Sysselsättning;Konjunkturläge;2007M07;1.87
Sysselsättning;Konjunkturläge;2007M08;1.88
Sysselsättning;Konjunkturläge;2007M09;1.86
Sysselsättning;Konjunkturläge;2007M10;1.86
Sysselsättning;Konjunkturläge;2007M11;1.92
Sysselsättning;Konjunkturläge;2007M12;2.04
Sysselsättning;Konjunkturläge;2008M01;2.19
Sysselsättning;Konjunkturläge;2008M02;2.32
Sysselsättning;Konjunkturläge;2008M03;2.4
Sysselsättning;Konjunkturläge;2008M04;2.4
Sysselsättning;Konjunkturläge;2008M05;2.35
Sysselsättning;Konjunkturläge;2008M06;2.24
Sysselsättning;Konjunkturläge;2008M07;2.1
Sysselsättning;Konjunkturläge;2008M08;1.94
Sysselsättning;Konjunkturläge;2008M09;1.76
Sysselsättning;Konjunkturläge;2008M10;1.53
Sysselsättning;Konjunkturläge;2008M11;1.26
Sysselsättning;Konjunkturläge;2008M12;0.92
Sysselsättning;Konjunkturläge;2009M01;0.54
Sysselsättning;Konjunkturläge;2009M02;0.17
Sysselsättning;Konjunkturläge;2009M03;-0.23
Sysselsättning;Konjunkturläge;2009M04;-0.61
Sysselsättning;Konjunkturläge;2009M05;-0.97
Sysselsättning;Konjunkturläge;2009M06;-1.29
Sysselsättning;Konjunkturläge;2009M07;-1.52
Sysselsättning;Konjunkturläge;2009M08;-1.66
Sysselsättning;Konjunkturläge;2009M09;-1.74
Sysselsättning;Konjunkturläge;2009M10;-1.76
Sysselsättning;Konjunkturläge;2009M11;-1.76
Sysselsättning;Konjunkturläge;2009M12;-1.77
Sysselsättning;Konjunkturläge;2010M01;-1.81
Sysselsättning;Konjunkturläge;2010M02;-1.83
Sysselsättning;Konjunkturläge;2010M03;-1.8
Sysselsättning;Konjunkturläge;2010M04;-1.72
Sysselsättning;Konjunkturläge;2010M05;-1.6
Sysselsättning;Konjunkturläge;2010M06;-1.45
Sysselsättning;Konjunkturläge;2010M07;-1.32
Sysselsättning;Konjunkturläge;2010M08;-1.22
Sysselsättning;Konjunkturläge;2010M09;-1.1
Sysselsättning;Konjunkturläge;2010M10;-0.97
Sysselsättning;Konjunkturläge;2010M11;-0.82
Sysselsättning;Konjunkturläge;2010M12;-0.63
Sysselsättning;Konjunkturläge;2011M01;-0.42
Sysselsättning;Konjunkturläge;2011M02;-0.25
Sysselsättning;Konjunkturläge;2011M03;-0.14
Sysselsättning;Konjunkturläge;2011M04;-0.07
Sysselsättning;Konjunkturläge;2011M05;-0.06
Sysselsättning;Konjunkturläge;2011M06;-0.07
Sysselsättning;Konjunkturläge;2011M07;-0.07
Sysselsättning;Konjunkturläge;2011M08;-0.08
Sysselsättning;Konjunkturläge;2011M09;-0.09
Sysselsättning;Konjunkturläge;2011M10;-0.12
Sysselsättning;Konjunkturläge;2011M11;-0.14
Sysselsättning;Konjunkturläge;2011M12;-0.2
Sysselsättning;Konjunkturläge;2012M01;-0.26
Sysselsättning;Konjunkturläge;2012M02;-0.3
Sysselsättning;Konjunkturläge;2012M03;-0.34
Sysselsättning;Konjunkturläge;2012M04;-0.39
Sysselsättning;Konjunkturläge;2012M05;-0.42
Sysselsättning;Konjunkturläge;2012M06;-0.46
Sysselsättning;Konjunkturläge;2012M07;-0.52
Sysselsättning;Konjunkturläge;2012M08;-0.56
Sysselsättning;Konjunkturläge;2012M09;-0.6
Sysselsättning;Konjunkturläge;2012M10;-0.63
Sysselsättning;Konjunkturläge;2012M11;-0.65
Sysselsättning;Konjunkturläge;2012M12;-0.66
Sysselsättning;Konjunkturläge;2013M01;-0.68
Sysselsättning;Konjunkturläge;2013M02;-0.7
Sysselsättning;Konjunkturläge;2013M03;-0.71
Sysselsättning;Konjunkturläge;2013M04;-0.7
Sysselsättning;Konjunkturläge;2013M05;-0.69
Sysselsättning;Konjunkturläge;2013M06;-0.68
Sysselsättning;Konjunkturläge;2013M07;-0.66
Sysselsättning;Konjunkturläge;2013M08;-0.67
Sysselsättning;Konjunkturläge;2013M09;-0.7
Sysselsättning;Konjunkturläge;2013M10;-0.75
Sysselsättning;Konjunkturläge;2013M11;-0.81
Sysselsättning;Konjunkturläge;2013M12;-0.84
Sysselsättning;Konjunkturläge;2014M01;-0.85
Sysselsättning;Konjunkturläge;2014M02;-0.82
Sysselsättning;Konjunkturläge;2014M03;-0.77
Sysselsättning;Konjunkturläge;2014M04;-0.66
Sysselsättning;Konjunkturläge;2014M05;-0.5
Sysselsättning;Konjunkturläge;2014M06;-0.33
Sysselsättning;Konjunkturläge;2014M07;-0.2
Sysselsättning;Konjunkturläge;2014M08;-0.11
Sysselsättning;Konjunkturläge;2014M09;-0.08
Sysselsättning;Konjunkturläge;2014M10;-0.1
Sysselsättning;Konjunkturläge;2014M11;-0.17
Sysselsättning;Konjunkturläge;2014M12;-0.26
Sysselsättning;Konjunkturläge;2015M01;-0.34
Sysselsättning;Konjunkturläge;2015M02;-0.38
Sysselsättning;Konjunkturläge;2015M03;-0.39
Sysselsättning;Konjunkturläge;2015M04;-0.4
Sysselsättning;Konjunkturläge;2015M05;-0.41
Sysselsättning;Konjunkturläge;2015M06;-0.39
Sysselsättning;Konjunkturläge;2015M07;-0.35
Sysselsättning;Konjunkturläge;2015M08;-0.31
Sysselsättning;Konjunkturläge;2015M09;-0.25
Sysselsättning;Konjunkturläge;2015M10;-0.18
Sysselsättning;Konjunkturläge;2015M11;-0.13
Sysselsättning;Konjunkturläge;2015M12;-0.1
Sysselsättning;Konjunkturläge;2016M01;-0.07
Sysselsättning;Konjunkturläge;2016M02;-0.06
Sysselsättning;Konjunkturläge;2016M03;-0.05
Sysselsättning;Konjunkturläge;2016M04;-0.07
Sysselsättning;Konjunkturläge;2016M05;-0.11
Sysselsättning;Konjunkturläge;2016M06;-0.15
Sysselsättning;Konjunkturläge;2016M07;-0.18
Sysselsättning;Konjunkturläge;2016M08;-0.15
Sysselsättning;Konjunkturläge;2016M09;-0.07
Sysselsättning;Konjunkturläge;2016M10;0.07
Sysselsättning;Konjunkturläge;2016M11;0.27
Sysselsättning;Konjunkturläge;2016M12;0.45
Sysselsättning;Konjunkturläge;2017M01;0.6
Sysselsättning;Konjunkturläge;2017M02;0.71
Sysselsättning;Konjunkturläge;2017M03;0.79
Sysselsättning;Konjunkturläge;2017M04;0.87
Sysselsättning;Konjunkturläge;2017M05;0.97
Sysselsättning;Konjunkturläge;2017M06;1.09
Sysselsättning;Konjunkturläge;2017M07;1.22
Sysselsättning;Konjunkturläge;2017M08;1.32
Sysselsättning;Konjunkturläge;2017M09;1.37
Sysselsättning;Konjunkturläge;2017M10;1.39
Sysselsättning;Konjunkturläge;2017M11;1.38
Sysselsättning;Konjunkturläge;2017M12;1.39
Sysselsättning;Konjunkturläge;2018M01;1.43
Sysselsättning;Konjunkturläge;2018M02;1.51
Sysselsättning;Konjunkturläge;2018M03;1.6
Sysselsättning;Konjunkturläge;2018M04;1.65
Sysselsättning;Konjunkturläge;2018M05;1.66
Sysselsättning;Konjunkturläge;2018M06;1.62
Sysselsättning;Konjunkturläge;2018M07;1.55
Sysselsättning;Konjunkturläge;2018M08;1.48
Sysselsättning;Konjunkturläge;2018M09;1.43
Sysselsättning;Konjunkturläge;2018M10;1.4
Sysselsättning;Konjunkturläge;2018M11;1.39
Sysselsättning;Konjunkturläge;2018M12;1.4
Sysselsättning;Konjunkturläge;2019M01;1.4
Sysselsättning;Konjunkturläge;2019M02;1.37
Sysselsättning;Konjunkturläge;2019M03;1.3
Sysselsättning;Konjunkturläge;2019M04;1.19
Sysselsättning;Konjunkturläge;2019M05;1.08
Sysselsättning;Konjunkturläge;2019M06;1
Sysselsättning;Konjunkturläge;2019M07;0.99
Sysselsättning;Konjunkturläge;2019M08;1.03
Sysselsättning;Konjunkturläge;2019M09;1.11
Sysselsättning;Konjunkturläge;2019M10;1.16
Sysselsättning;Konjunkturläge;2019M11;1.13
Sysselsättning;Konjunkturläge;2019M12;0.99
Sysselsättning;Konjunkturläge;2020M01;0.75
Sysselsättning;Konjunkturläge;2020M02;0.44
Sysselsättning;Konjunkturläge;2020M03;0.14
Sysselsättning;Konjunkturläge;2020M04;-0.13
Sysselsättning;Konjunkturläge;2020M05;-0.36
Sysselsättning;Konjunkturläge;2020M06;-0.55
Sysselsättning;Konjunkturläge;2020M07;-0.73
Sysselsättning;Konjunkturläge;2020M08;-0.93
Sysselsättning;Konjunkturläge;2020M09;-1.12
Sysselsättning;Konjunkturläge;2020M10;-1.29
Sysselsättning;Konjunkturläge;2020M11;-1.43
Sysselsättning;Konjunkturläge;2020M12;-1.5
Sysselsättning;Konjunkturläge;2021M01;-1.53
Sysselsättning;Konjunkturläge;2021M02;-1.5
Sysselsättning;Konjunkturläge;2021M03;-1.46
Sysselsättning;Konjunkturläge;2021M04;-1.43
Sysselsättning;Konjunkturläge;2021M05;-1.41
Sysselsättning;Konjunkturläge;2021M06;-1.41
Sysselsättning;Konjunkturläge;2021M07;-1.39
Sysselsättning;Konjunkturläge;2021M08;-1.34
Sysselsättning;Konjunkturläge;2021M09;-1.25
Sysselsättning;Konjunkturläge;2021M10;-1.12
Sysselsättning;Konjunkturläge;2021M11;-0.93
Sysselsättning;Konjunkturläge;2021M12;-0.7
Sysselsättning;Konjunkturläge;2022M01;-0.43
Sysselsättning;Konjunkturläge;2022M02;-0.12
Sysselsättning;Konjunkturläge;2022M03;0.19
Sysselsättning;Konjunkturläge;2022M04;0.51
Sysselsättning;Konjunkturläge;2022M05;0.77
Sysselsättning;Konjunkturläge;2022M06;0.95
Sysselsättning;Konjunkturläge;2022M07;1.06
Sysselsättning;Konjunkturläge;2022M08;1.12
Sysselsättning;Konjunkturläge;2022M09;1.16
Sysselsättning;Konjunkturläge;2022M10;1.17
Sysselsättning;Konjunkturläge;2022M11;1.16
Sysselsättning;Konjunkturläge;2022M12;1.12
Sysselsättning;Konjunkturläge;2023M01;1.04
Sysselsättning;Konjunkturläge;2023M02;0.92
Sysselsättning;Konjunkturläge;2023M03;0.77
Sysselsättning;Konjunkturläge;2023M04;0.64
Sysselsättning;Konjunkturläge;2023M05;0.56
Sysselsättning;Konjunkturläge;2023M06;0.55
Sysselsättning;Konjunkturläge;2023M07;0.58
Sysselsättning;Konjunkturläge;2023M08;0.61
Sysselsättning;Konjunkturläge;2023M09;0.6
Sysselsättning;Konjunkturläge;2023M10;0.55
Sysselsättning;Konjunkturläge;2023M11;0.47
Sysselsättning;Konjunkturläge;2023M12;0.37
Sysselsättning;Konjunkturläge;2024M01;0.27
Sysselsättning;Konjunkturläge;2024M02;0.2
Sysselsättning;Konjunkturläge;2024M03;0.16
Sysselsättning;Konjunkturläge;2024M04;0.14
Sysselsättning;Konjunkturläge;2024M05;0.11
Sysselsättning;Konjunkturläge;2024M06;0.03
Sysselsättning;Konjunkturläge;2024M07;-0.1
Sysselsättning;Konjunkturläge;2024M08;-0.25
Sysselsättning;Konjunkturläge;2024M09;-0.43
Sysselsättning;Konjunkturläge;2024M10;-0.62
Sysselsättning;Konjunkturläge;2024M11;-0.78
Sysselsättning;Konjunkturläge;2024M12;-0.9
Sysselsättning;Konjunkturläge;2025M01;-0.94
Sysselsättning;Konjunkturläge;2025M02;-0.94
Sysselsättning;Konjunkturläge;2025M03;-0.94
Sysselsättning;Konjunkturläge;2025M04;-0.93
Sysselsättning;Konjunkturläge;2025M05;-0.94
Sysselsättning;Konjunkturläge;2025M06;-0.96
Sysselsättning;Konjunkturläge;2025M07;-0.96
Sysselsättning;Konjunkturläge;2025M08;-0.93
Sysselsättning;Konjunkturläge;2025M09;-0.81
Sysselsättning;Konjunkturläge;2025M10;-0.63
Sysselsättning;Konjunkturläge;2025M11;-0.43
Sysselsättning;Konjunkturläge;2025M12;-0.24
Sysselsättning;Konjunkturläge;2026M01;-0.12
Sysselsättning;Konjunkturläge;2026M02;-0.08
Sysselsättning;Konjunkturläge;2026M03;-0.11
Sysselsättning;Konjunkturläge;2026M04;-0.15
Sysselsättning;Konjunkturläge;2026M05;-0.18
Sysselsättning;Konjunkturläge;2026M06;-0.14
Sysselsättning;Konjunkturläge;2026M07;-0.07
Sysselsättning;Konjunkturläge;2026M08;
Sysselsättning;Förändring från föregående period;2000M01;
Sysselsättning;Förändring från föregående period;2000M02;
Sysselsättning;Förändring från föregående period;2000M03;
Sysselsättning;Förändring från föregående period;2000M04;
Sysselsättning;Förändring från föregående period;2000M05;
Sysselsättning;Förändring från föregående period;2000M06;
Sysselsättning;Förändring från föregående period;2000M07;
Sysselsättning;Förändring från föregående period;2000M08;
Sysselsättning;Förändring från föregående period;2000M09;
Sysselsättning;Förändring från föregående period;2000M10;
Sysselsättning;Förändring från föregående period;2000M11;
Sysselsättning;Förändring från föregående period;2000M12;
Sysselsättning;Förändring från föregående period;2001M01;
Sysselsättning;Förändring från föregående period;2001M02;-0.01
Sysselsättning;Förändring från föregående period;2001M03;0
Sysselsättning;Förändring från föregående period;2001M04;0
Sysselsättning;Förändring från föregående period;2001M05;-0.01
Sysselsättning;Förändring från föregående period;2001M06;-0.02
Sysselsättning;Förändring från föregående period;2001M07;-0.04
Sysselsättning;Förändring från föregående period;2001M08;-0.04
Sysselsättning;Förändring från föregående period;2001M09;-0.02
Sysselsättning;Förändring från föregående period;2001M10;0.01
Sysselsättning;Förändring från föregående period;2001M11;0.04
Sysselsättning;Förändring från föregående period;2001M12;0.03
Sysselsättning;Förändring från föregående period;2002M01;0.01
Sysselsättning;Förändring från föregående period;2002M02;-0.04
Sysselsättning;Förändring från föregående period;2002M03;-0.1
Sysselsättning;Förändring från föregående period;2002M04;-0.12
Sysselsättning;Förändring från föregående period;2002M05;-0.11
Sysselsättning;Förändring från föregående period;2002M06;-0.06
Sysselsättning;Förändring från föregående period;2002M07;-0.01
Sysselsättning;Förändring från föregående period;2002M08;0.03
Sysselsättning;Förändring från föregående period;2002M09;0.03
Sysselsättning;Förändring från föregående period;2002M10;0
Sysselsättning;Förändring från föregående period;2002M11;-0.03
Sysselsättning;Förändring från föregående period;2002M12;-0.05
Sysselsättning;Förändring från föregående period;2003M01;-0.05
Sysselsättning;Förändring från föregående period;2003M02;-0.03
Sysselsättning;Förändring från föregående period;2003M03;-0.03
Sysselsättning;Förändring från föregående period;2003M04;-0.06
Sysselsättning;Förändring från föregående period;2003M05;-0.07
Sysselsättning;Förändring från föregående period;2003M06;-0.1
Sysselsättning;Förändring från föregående period;2003M07;-0.14
Sysselsättning;Förändring från föregående period;2003M08;-0.14
Sysselsättning;Förändring från föregående period;2003M09;-0.13
Sysselsättning;Förändring från föregående period;2003M10;-0.12
Sysselsättning;Förändring från föregående period;2003M11;-0.1
Sysselsättning;Förändring från föregående period;2003M12;-0.07
Sysselsättning;Förändring från föregående period;2004M01;-0.06
Sysselsättning;Förändring från föregående period;2004M02;-0.03
Sysselsättning;Förändring från föregående period;2004M03;0
Sysselsättning;Förändring från föregående period;2004M04;0
Sysselsättning;Förändring från föregående period;2004M05;-0.03
Sysselsättning;Förändring från föregående period;2004M06;-0.07
Sysselsättning;Förändring från föregående period;2004M07;-0.09
Sysselsättning;Förändring från föregående period;2004M08;-0.12
Sysselsättning;Förändring från föregående period;2004M09;-0.14
Sysselsättning;Förändring från föregående period;2004M10;-0.1
Sysselsättning;Förändring från föregående period;2004M11;-0.05
Sysselsättning;Förändring från föregående period;2004M12;0
Sysselsättning;Förändring från föregående period;2005M01;0.04
Sysselsättning;Förändring från föregående period;2005M02;0.03
Sysselsättning;Förändring från föregående period;2005M03;-0.01
Sysselsättning;Förändring från föregående period;2005M04;-0.04
Sysselsättning;Förändring från föregående period;2005M05;-0.08
Sysselsättning;Förändring från föregående period;2005M06;-0.08
Sysselsättning;Förändring från föregående period;2005M07;-0.01
Sysselsättning;Förändring från föregående period;2005M08;0.08
Sysselsättning;Förändring från föregående period;2005M09;0.15
Sysselsättning;Förändring från föregående period;2005M10;0.18
Sysselsättning;Förändring från föregående period;2005M11;0.15
Sysselsättning;Förändring från föregående period;2005M12;0.06
Sysselsättning;Förändring från föregående period;2006M01;-0.03
Sysselsättning;Förändring från föregående period;2006M02;-0.05
Sysselsättning;Förändring från föregående period;2006M03;0.01
Sysselsättning;Förändring från föregående period;2006M04;0.1
Sysselsättning;Förändring från föregående period;2006M05;0.23
Sysselsättning;Förändring från föregående period;2006M06;0.33
Sysselsättning;Förändring från föregående period;2006M07;0.33
Sysselsättning;Förändring från föregående period;2006M08;0.26
Sysselsättning;Förändring från föregående period;2006M09;0.17
Sysselsättning;Förändring från föregående period;2006M10;0.09
Sysselsättning;Förändring från föregående period;2006M11;0.04
Sysselsättning;Förändring från föregående period;2006M12;0.08
Sysselsättning;Förändring från föregående period;2007M01;0.14
Sysselsättning;Förändring från föregående period;2007M02;0.19
Sysselsättning;Förändring från föregående period;2007M03;0.24
Sysselsättning;Förändring från föregående period;2007M04;0.25
Sysselsättning;Förändring från föregående period;2007M05;0.21
Sysselsättning;Förändring från föregående period;2007M06;0.14
Sysselsättning;Förändring från föregående period;2007M07;0.07
Sysselsättning;Förändring från föregående period;2007M08;0.01
Sysselsättning;Förändring från föregående period;2007M09;-0.02
Sysselsättning;Förändring från föregående period;2007M10;0
Sysselsättning;Förändring från föregående period;2007M11;0.06
Sysselsättning;Förändring från föregående period;2007M12;0.12
Sysselsättning;Förändring från föregående period;2008M01;0.15
Sysselsättning;Förändring från föregående period;2008M02;0.13
Sysselsättning;Förändring från föregående period;2008M03;0.08
Sysselsättning;Förändring från föregående period;2008M04;0
Sysselsättning;Förändring från föregående period;2008M05;-0.05
Sysselsättning;Förändring från föregående period;2008M06;-0.1
Sysselsättning;Förändring från föregående period;2008M07;-0.15
Sysselsättning;Förändring från föregående period;2008M08;-0.16
Sysselsättning;Förändring från föregående period;2008M09;-0.18
Sysselsättning;Förändring från föregående period;2008M10;-0.22
Sysselsättning;Förändring från föregående period;2008M11;-0.27
Sysselsättning;Förändring från föregående period;2008M12;-0.34
Sysselsättning;Förändring från föregående period;2009M01;-0.37
Sysselsättning;Förändring från föregående period;2009M02;-0.38
Sysselsättning;Förändring från föregående period;2009M03;-0.39
Sysselsättning;Förändring från föregående period;2009M04;-0.39
Sysselsättning;Förändring från föregående period;2009M05;-0.36
Sysselsättning;Förändring från föregående period;2009M06;-0.32
Sysselsättning;Förändring från föregående period;2009M07;-0.23
Sysselsättning;Förändring från föregående period;2009M08;-0.14
Sysselsättning;Förändring från föregående period;2009M09;-0.08
Sysselsättning;Förändring från föregående period;2009M10;-0.02
Sysselsättning;Förändring från föregående period;2009M11;0
Sysselsättning;Förändring från föregående period;2009M12;-0.01
Sysselsättning;Förändring från föregående period;2010M01;-0.04
Sysselsättning;Förändring från föregående period;2010M02;-0.02
Sysselsättning;Förändring från föregående period;2010M03;0.03
Sysselsättning;Förändring från föregående period;2010M04;0.08
Sysselsättning;Förändring från föregående period;2010M05;0.12
Sysselsättning;Förändring från föregående period;2010M06;0.15
Sysselsättning;Förändring från föregående period;2010M07;0.13
Sysselsättning;Förändring från föregående period;2010M08;0.1
Sysselsättning;Förändring från föregående period;2010M09;0.11
Sysselsättning;Förändring från föregående period;2010M10;0.13
Sysselsättning;Förändring från föregående period;2010M11;0.15
Sysselsättning;Förändring från föregående period;2010M12;0.19
Sysselsättning;Förändring från föregående period;2011M01;0.21
Sysselsättning;Förändring från föregående period;2011M02;0.17
Sysselsättning;Förändring från föregående period;2011M03;0.11
Sysselsättning;Förändring från föregående period;2011M04;0.06
Sysselsättning;Förändring från föregående period;2011M05;0.01
Sysselsättning;Förändring från föregående period;2011M06;-0.01
Sysselsättning;Förändring från föregående period;2011M07;0
Sysselsättning;Förändring från föregående period;2011M08;0
Sysselsättning;Förändring från föregående period;2011M09;-0.02
Sysselsättning;Förändring från föregående period;2011M10;-0.02
Sysselsättning;Förändring från föregående period;2011M11;-0.03
Sysselsättning;Förändring från föregående period;2011M12;-0.05
Sysselsättning;Förändring från föregående period;2012M01;-0.06
Sysselsättning;Förändring från föregående period;2012M02;-0.05
Sysselsättning;Förändring från föregående period;2012M03;-0.04
Sysselsättning;Förändring från föregående period;2012M04;-0.05
Sysselsättning;Förändring från föregående period;2012M05;-0.04
Sysselsättning;Förändring från föregående period;2012M06;-0.04
Sysselsättning;Förändring från föregående period;2012M07;-0.05
Sysselsättning;Förändring från föregående period;2012M08;-0.04
Sysselsättning;Förändring från föregående period;2012M09;-0.04
Sysselsättning;Förändring från föregående period;2012M10;-0.03
Sysselsättning;Förändring från föregående period;2012M11;-0.02
Sysselsättning;Förändring från föregående period;2012M12;-0.01
Sysselsättning;Förändring från föregående period;2013M01;-0.02
Sysselsättning;Förändring från föregående period;2013M02;-0.02
Sysselsättning;Förändring från föregående period;2013M03;-0.01
Sysselsättning;Förändring från föregående period;2013M04;0.01
Sysselsättning;Förändring från föregående period;2013M05;0.01
Sysselsättning;Förändring från föregående period;2013M06;0.01
Sysselsättning;Förändring från föregående period;2013M07;0.02
Sysselsättning;Förändring från föregående period;2013M08;-0.01
Sysselsättning;Förändring från föregående period;2013M09;-0.04
Sysselsättning;Förändring från föregående period;2013M10;-0.05
Sysselsättning;Förändring från föregående period;2013M11;-0.06
Sysselsättning;Förändring från föregående period;2013M12;-0.03
Sysselsättning;Förändring från föregående period;2014M01;0
Sysselsättning;Förändring från föregående period;2014M02;0.02
Sysselsättning;Förändring från föregående period;2014M03;0.05
Sysselsättning;Förändring från föregående period;2014M04;0.11
Sysselsättning;Förändring från föregående period;2014M05;0.16
Sysselsättning;Förändring från föregående period;2014M06;0.17
Sysselsättning;Förändring från föregående period;2014M07;0.13
Sysselsättning;Förändring från föregående period;2014M08;0.09
Sysselsättning;Förändring från föregående period;2014M09;0.03
Sysselsättning;Förändring från föregående period;2014M10;-0.02
Sysselsättning;Förändring från föregående period;2014M11;-0.08
Sysselsättning;Förändring från föregående period;2014M12;-0.09
Sysselsättning;Förändring från föregående period;2015M01;-0.07
Sysselsättning;Förändring från föregående period;2015M02;-0.04
Sysselsättning;Förändring från föregående period;2015M03;-0.01
Sysselsättning;Förändring från föregående period;2015M04;0
Sysselsättning;Förändring från föregående period;2015M05;-0.01
Sysselsättning;Förändring från föregående period;2015M06;0.02
Sysselsättning;Förändring från föregående period;2015M07;0.04
Sysselsättning;Förändring från föregående period;2015M08;0.05
Sysselsättning;Förändring från föregående period;2015M09;0.06
Sysselsättning;Förändring från föregående period;2015M10;0.06
Sysselsättning;Förändring från föregående period;2015M11;0.05
Sysselsättning;Förändring från föregående period;2015M12;0.04
Sysselsättning;Förändring från föregående period;2016M01;0.02
Sysselsättning;Förändring från föregående period;2016M02;0.02
Sysselsättning;Förändring från föregående period;2016M03;0
Sysselsättning;Förändring från föregående period;2016M04;-0.02
Sysselsättning;Förändring från föregående period;2016M05;-0.04
Sysselsättning;Förändring från föregående period;2016M06;-0.04
Sysselsättning;Förändring från föregående period;2016M07;-0.02
Sysselsättning;Förändring från föregående period;2016M08;0.03
Sysselsättning;Förändring från föregående period;2016M09;0.08
Sysselsättning;Förändring från föregående period;2016M10;0.14
Sysselsättning;Förändring från föregående period;2016M11;0.19
Sysselsättning;Förändring från föregående period;2016M12;0.18
Sysselsättning;Förändring från föregående period;2017M01;0.16
Sysselsättning;Förändring från föregående period;2017M02;0.11
Sysselsättning;Förändring från föregående period;2017M03;0.08
Sysselsättning;Förändring från föregående period;2017M04;0.08
Sysselsättning;Förändring från föregående period;2017M05;0.1
Sysselsättning;Förändring från föregående period;2017M06;0.12
Sysselsättning;Förändring från föregående period;2017M07;0.12
Sysselsättning;Förändring från föregående period;2017M08;0.1
Sysselsättning;Förändring från föregående period;2017M09;0.05
Sysselsättning;Förändring från föregående period;2017M10;0.02
Sysselsättning;Förändring från föregående period;2017M11;-0.01
Sysselsättning;Förändring från föregående period;2017M12;0.01
Sysselsättning;Förändring från föregående period;2018M01;0.04
Sysselsättning;Förändring från föregående period;2018M02;0.08
Sysselsättning;Förändring från föregående period;2018M03;0.09
Sysselsättning;Förändring från föregående period;2018M04;0.06
Sysselsättning;Förändring från föregående period;2018M05;0.01
Sysselsättning;Förändring från föregående period;2018M06;-0.04
Sysselsättning;Förändring från föregående period;2018M07;-0.07
Sysselsättning;Förändring från föregående period;2018M08;-0.07
Sysselsättning;Förändring från föregående period;2018M09;-0.05
Sysselsättning;Förändring från föregående period;2018M10;-0.04
Sysselsättning;Förändring från föregående period;2018M11;-0.01
Sysselsättning;Förändring från föregående period;2018M12;0.01
Sysselsättning;Förändring från föregående period;2019M01;0
Sysselsättning;Förändring från föregående period;2019M02;-0.02
Sysselsättning;Förändring från föregående period;2019M03;-0.08
Sysselsättning;Förändring från föregående period;2019M04;-0.11
Sysselsättning;Förändring från föregående period;2019M05;-0.11
Sysselsättning;Förändring från föregående period;2019M06;-0.08
Sysselsättning;Förändring från föregående period;2019M07;-0.01
Sysselsättning;Förändring från föregående period;2019M08;0.04
Sysselsättning;Förändring från föregående period;2019M09;0.07
Sysselsättning;Förändring från föregående period;2019M10;0.05
Sysselsättning;Förändring från föregående period;2019M11;-0.03
Sysselsättning;Förändring från föregående period;2019M12;-0.14
Sysselsättning;Förändring från föregående period;2020M01;-0.24
Sysselsättning;Förändring från föregående period;2020M02;-0.31
Sysselsättning;Förändring från föregående period;2020M03;-0.3
Sysselsättning;Förändring från föregående period;2020M04;-0.27
Sysselsättning;Förändring från föregående period;2020M05;-0.23
Sysselsättning;Förändring från föregående period;2020M06;-0.19
Sysselsättning;Förändring från föregående period;2020M07;-0.18
Sysselsättning;Förändring från föregående period;2020M08;-0.2
Sysselsättning;Förändring från föregående period;2020M09;-0.19
Sysselsättning;Förändring från föregående period;2020M10;-0.17
Sysselsättning;Förändring från föregående period;2020M11;-0.14
Sysselsättning;Förändring från föregående period;2020M12;-0.08
Sysselsättning;Förändring från föregående period;2021M01;-0.02
Sysselsättning;Förändring från föregående period;2021M02;0.03
Sysselsättning;Förändring från föregående period;2021M03;0.04
Sysselsättning;Förändring från föregående period;2021M04;0.03
Sysselsättning;Förändring från föregående period;2021M05;0.02
Sysselsättning;Förändring från föregående period;2021M06;0
Sysselsättning;Förändring från föregående period;2021M07;0.02
Sysselsättning;Förändring från föregående period;2021M08;0.05
Sysselsättning;Förändring från föregående period;2021M09;0.08
Sysselsättning;Förändring från föregående period;2021M10;0.13
Sysselsättning;Förändring från föregående period;2021M11;0.2
Sysselsättning;Förändring från föregående period;2021M12;0.23
Sysselsättning;Förändring från föregående period;2022M01;0.27
Sysselsättning;Förändring från föregående period;2022M02;0.3
Sysselsättning;Förändring från föregående period;2022M03;0.32
Sysselsättning;Förändring från föregående period;2022M04;0.31
Sysselsättning;Förändring från föregående period;2022M05;0.26
Sysselsättning;Förändring från föregående period;2022M06;0.19
Sysselsättning;Förändring från föregående period;2022M07;0.11
Sysselsättning;Förändring från föregående period;2022M08;0.06
Sysselsättning;Förändring från föregående period;2022M09;0.04
Sysselsättning;Förändring från föregående period;2022M10;0.01
Sysselsättning;Förändring från föregående period;2022M11;-0.01
Sysselsättning;Förändring från föregående period;2022M12;-0.04
Sysselsättning;Förändring från föregående period;2023M01;-0.08
Sysselsättning;Förändring från föregående period;2023M02;-0.13
Sysselsättning;Förändring från föregående period;2023M03;-0.14
Sysselsättning;Förändring från föregående period;2023M04;-0.13
Sysselsättning;Förändring från föregående period;2023M05;-0.08
Sysselsättning;Förändring från föregående period;2023M06;-0.01
Sysselsättning;Förändring från föregående period;2023M07;0.03
Sysselsättning;Förändring från föregående period;2023M08;0.03
Sysselsättning;Förändring från föregående period;2023M09;-0.01
Sysselsättning;Förändring från föregående period;2023M10;-0.05
Sysselsättning;Förändring från föregående period;2023M11;-0.08
Sysselsättning;Förändring från föregående period;2023M12;-0.1
Sysselsättning;Förändring från föregående period;2024M01;-0.1
Sysselsättning;Förändring från föregående period;2024M02;-0.07
Sysselsättning;Förändring från föregående period;2024M03;-0.04
Sysselsättning;Förändring från föregående period;2024M04;-0.02
Sysselsättning;Förändring från föregående period;2024M05;-0.03
Sysselsättning;Förändring från föregående period;2024M06;-0.08
Sysselsättning;Förändring från föregående period;2024M07;-0.13
Sysselsättning;Förändring från föregående period;2024M08;-0.15
Sysselsättning;Förändring från föregående period;2024M09;-0.18
Sysselsättning;Förändring från föregående period;2024M10;-0.19
Sysselsättning;Förändring från föregående period;2024M11;-0.17
Sysselsättning;Förändring från föregående period;2024M12;-0.11
Sysselsättning;Förändring från föregående period;2025M01;-0.04
Sysselsättning;Förändring från föregående period;2025M02;0
Sysselsättning;Förändring från föregående period;2025M03;0.01
Sysselsättning;Förändring från föregående period;2025M04;0.01
Sysselsättning;Förändring från föregående period;2025M05;-0.01
Sysselsättning;Förändring från föregående period;2025M06;-0.02
Sysselsättning;Förändring från föregående period;2025M07;0
Sysselsättning;Förändring från föregående period;2025M08;0.03
Sysselsättning;Förändring från föregående period;2025M09;0.11
Sysselsättning;Förändring från föregående period;2025M10;0.18
Sysselsättning;Förändring från föregående period;2025M11;0.2
Sysselsättning;Förändring från föregående period;2025M12;0.18
Sysselsättning;Förändring från föregående period;2026M01;0.12
Sysselsättning;Förändring från föregående period;2026M02;0.04
Sysselsättning;Förändring från föregående period;2026M03;-0.02
Sysselsättning;Förändring från föregående period;2026M04;-0.05
Sysselsättning;Förändring från föregående period;2026M05;-0.02
Sysselsättning;Förändring från föregående period;2026M06;0.03
Sysselsättning;Förändring från föregående period;2026M07;0.07
Sysselsättning;Förändring från föregående period;2026M08;
Arbetade timmar;Konjunkturläge;2000M01;
Arbetade timmar;Konjunkturläge;2000M02;
Arbetade timmar;Konjunkturläge;2000M03;
Arbetade timmar;Konjunkturläge;2000M04;
Arbetade timmar;Konjunkturläge;2000M05;
Arbetade timmar;Konjunkturläge;2000M06;
Arbetade timmar;Konjunkturläge;2000M07;
Arbetade timmar;Konjunkturläge;2000M08;
Arbetade timmar;Konjunkturläge;2000M09;
Arbetade timmar;Konjunkturläge;2000M10;
Arbetade timmar;Konjunkturläge;2000M11;
Arbetade timmar;Konjunkturläge;2000M12;
Arbetade timmar;Konjunkturläge;2001M01;1.75
Arbetade timmar;Konjunkturläge;2001M02;1.65
Arbetade timmar;Konjunkturläge;2001M03;1.55
Arbetade timmar;Konjunkturläge;2001M04;1.45
Arbetade timmar;Konjunkturläge;2001M05;1.39
Arbetade timmar;Konjunkturläge;2001M06;1.35
Arbetade timmar;Konjunkturläge;2001M07;1.32
Arbetade timmar;Konjunkturläge;2001M08;1.3
Arbetade timmar;Konjunkturläge;2001M09;1.29
Arbetade timmar;Konjunkturläge;2001M10;1.26
Arbetade timmar;Konjunkturläge;2001M11;1.21
Arbetade timmar;Konjunkturläge;2001M12;1.14
Arbetade timmar;Konjunkturläge;2002M01;1.03
Arbetade timmar;Konjunkturläge;2002M02;0.9
Arbetade timmar;Konjunkturläge;2002M03;0.74
Arbetade timmar;Konjunkturläge;2002M04;0.58
Arbetade timmar;Konjunkturläge;2002M05;0.41
Arbetade timmar;Konjunkturläge;2002M06;0.25
Arbetade timmar;Konjunkturläge;2002M07;0.09
Arbetade timmar;Konjunkturläge;2002M08;-0.04
Arbetade timmar;Konjunkturläge;2002M09;-0.14
Arbetade timmar;Konjunkturläge;2002M10;-0.21
Arbetade timmar;Konjunkturläge;2002M11;-0.26
Arbetade timmar;Konjunkturläge;2002M12;-0.3
Arbetade timmar;Konjunkturläge;2003M01;-0.35
Arbetade timmar;Konjunkturläge;2003M02;-0.43
Arbetade timmar;Konjunkturläge;2003M03;-0.54
Arbetade timmar;Konjunkturläge;2003M04;-0.69
Arbetade timmar;Konjunkturläge;2003M05;-0.85
Arbetade timmar;Konjunkturläge;2003M06;-1.02
Arbetade timmar;Konjunkturläge;2003M07;-1.19
Arbetade timmar;Konjunkturläge;2003M08;-1.35
Arbetade timmar;Konjunkturläge;2003M09;-1.47
Arbetade timmar;Konjunkturläge;2003M10;-1.54
Arbetade timmar;Konjunkturläge;2003M11;-1.53
Arbetade timmar;Konjunkturläge;2003M12;-1.44
Arbetade timmar;Konjunkturläge;2004M01;-1.28
Arbetade timmar;Konjunkturläge;2004M02;-1.04
Arbetade timmar;Konjunkturläge;2004M03;-0.78
Arbetade timmar;Konjunkturläge;2004M04;-0.51
Arbetade timmar;Konjunkturläge;2004M05;-0.28
Arbetade timmar;Konjunkturläge;2004M06;-0.1
Arbetade timmar;Konjunkturläge;2004M07;0.01
Arbetade timmar;Konjunkturläge;2004M08;0.07
Arbetade timmar;Konjunkturläge;2004M09;0.06
Arbetade timmar;Konjunkturläge;2004M10;0
Arbetade timmar;Konjunkturläge;2004M11;-0.1
Arbetade timmar;Konjunkturläge;2004M12;-0.24
Arbetade timmar;Konjunkturläge;2005M01;-0.4
Arbetade timmar;Konjunkturläge;2005M02;-0.57
Arbetade timmar;Konjunkturläge;2005M03;-0.73
Arbetade timmar;Konjunkturläge;2005M04;-0.86
Arbetade timmar;Konjunkturläge;2005M05;-0.96
Arbetade timmar;Konjunkturläge;2005M06;-1.03
Arbetade timmar;Konjunkturläge;2005M07;-1.08
Arbetade timmar;Konjunkturläge;2005M08;-1.13
Arbetade timmar;Konjunkturläge;2005M09;-1.17
Arbetade timmar;Konjunkturläge;2005M10;-1.22
Arbetade timmar;Konjunkturläge;2005M11;-1.27
Arbetade timmar;Konjunkturläge;2005M12;-1.28
Arbetade timmar;Konjunkturläge;2006M01;-1.25
Arbetade timmar;Konjunkturläge;2006M02;-1.2
Arbetade timmar;Konjunkturläge;2006M03;-1.13
Arbetade timmar;Konjunkturläge;2006M04;-1.04
Arbetade timmar;Konjunkturläge;2006M05;-0.93
Arbetade timmar;Konjunkturläge;2006M06;-0.79
Arbetade timmar;Konjunkturläge;2006M07;-0.61
Arbetade timmar;Konjunkturläge;2006M08;-0.41
Arbetade timmar;Konjunkturläge;2006M09;-0.17
Arbetade timmar;Konjunkturläge;2006M10;0.09
Arbetade timmar;Konjunkturläge;2006M11;0.35
Arbetade timmar;Konjunkturläge;2006M12;0.59
Arbetade timmar;Konjunkturläge;2007M01;0.8
Arbetade timmar;Konjunkturläge;2007M02;1.01
Arbetade timmar;Konjunkturläge;2007M03;1.21
Arbetade timmar;Konjunkturläge;2007M04;1.4
Arbetade timmar;Konjunkturläge;2007M05;1.58
Arbetade timmar;Konjunkturläge;2007M06;1.75
Arbetade timmar;Konjunkturläge;2007M07;1.89
Arbetade timmar;Konjunkturläge;2007M08;1.98
Arbetade timmar;Konjunkturläge;2007M09;2.02
Arbetade timmar;Konjunkturläge;2007M10;2.01
Arbetade timmar;Konjunkturläge;2007M11;1.95
Arbetade timmar;Konjunkturläge;2007M12;1.85
Arbetade timmar;Konjunkturläge;2008M01;1.72
Arbetade timmar;Konjunkturläge;2008M02;1.58
Arbetade timmar;Konjunkturläge;2008M03;1.46
Arbetade timmar;Konjunkturläge;2008M04;1.35
Arbetade timmar;Konjunkturläge;2008M05;1.25
Arbetade timmar;Konjunkturläge;2008M06;1.16
Arbetade timmar;Konjunkturläge;2008M07;1.07
Arbetade timmar;Konjunkturläge;2008M08;0.96
Arbetade timmar;Konjunkturläge;2008M09;0.81
Arbetade timmar;Konjunkturläge;2008M10;0.61
Arbetade timmar;Konjunkturläge;2008M11;0.35
Arbetade timmar;Konjunkturläge;2008M12;0.01
Arbetade timmar;Konjunkturläge;2009M01;-0.38
Arbetade timmar;Konjunkturläge;2009M02;-0.81
Arbetade timmar;Konjunkturläge;2009M03;-1.25
Arbetade timmar;Konjunkturläge;2009M04;-1.65
Arbetade timmar;Konjunkturläge;2009M05;-1.97
Arbetade timmar;Konjunkturläge;2009M06;-2.2
Arbetade timmar;Konjunkturläge;2009M07;-2.35
Arbetade timmar;Konjunkturläge;2009M08;-2.39
Arbetade timmar;Konjunkturläge;2009M09;-2.31
Arbetade timmar;Konjunkturläge;2009M10;-2.14
Arbetade timmar;Konjunkturläge;2009M11;-1.88
Arbetade timmar;Konjunkturläge;2009M12;-1.54
Arbetade timmar;Konjunkturläge;2010M01;-1.16
Arbetade timmar;Konjunkturläge;2010M02;-0.76
Arbetade timmar;Konjunkturläge;2010M03;-0.4
Arbetade timmar;Konjunkturläge;2010M04;-0.09
Arbetade timmar;Konjunkturläge;2010M05;0.14
Arbetade timmar;Konjunkturläge;2010M06;0.29
Arbetade timmar;Konjunkturläge;2010M07;0.38
Arbetade timmar;Konjunkturläge;2010M08;0.41
Arbetade timmar;Konjunkturläge;2010M09;0.41
Arbetade timmar;Konjunkturläge;2010M10;0.39
Arbetade timmar;Konjunkturläge;2010M11;0.35
Arbetade timmar;Konjunkturläge;2010M12;0.3
Arbetade timmar;Konjunkturläge;2011M01;0.24
Arbetade timmar;Konjunkturläge;2011M02;0.19
Arbetade timmar;Konjunkturläge;2011M03;0.15
Arbetade timmar;Konjunkturläge;2011M04;0.14
Arbetade timmar;Konjunkturläge;2011M05;0.13
Arbetade timmar;Konjunkturläge;2011M06;0.13
Arbetade timmar;Konjunkturläge;2011M07;0.14
Arbetade timmar;Konjunkturläge;2011M08;0.15
Arbetade timmar;Konjunkturläge;2011M09;0.13
Arbetade timmar;Konjunkturläge;2011M10;0.11
Arbetade timmar;Konjunkturläge;2011M11;0.08
Arbetade timmar;Konjunkturläge;2011M12;0.05
Arbetade timmar;Konjunkturläge;2012M01;0.01
Arbetade timmar;Konjunkturläge;2012M02;-0.04
Arbetade timmar;Konjunkturläge;2012M03;-0.11
Arbetade timmar;Konjunkturläge;2012M04;-0.21
Arbetade timmar;Konjunkturläge;2012M05;-0.32
Arbetade timmar;Konjunkturläge;2012M06;-0.43
Arbetade timmar;Konjunkturläge;2012M07;-0.53
Arbetade timmar;Konjunkturläge;2012M08;-0.61
Arbetade timmar;Konjunkturläge;2012M09;-0.7
Arbetade timmar;Konjunkturläge;2012M10;-0.78
Arbetade timmar;Konjunkturläge;2012M11;-0.86
Arbetade timmar;Konjunkturläge;2012M12;-0.96
Arbetade timmar;Konjunkturläge;2013M01;-1.04
Arbetade timmar;Konjunkturläge;2013M02;-1.09
Arbetade timmar;Konjunkturläge;2013M03;-1.11
Arbetade timmar;Konjunkturläge;2013M04;-1.09
Arbetade timmar;Konjunkturläge;2013M05;-1.05
Arbetade timmar;Konjunkturläge;2013M06;-1
Arbetade timmar;Konjunkturläge;2013M07;-0.96
Arbetade timmar;Konjunkturläge;2013M08;-0.93
Arbetade timmar;Konjunkturläge;2013M09;-0.93
Arbetade timmar;Konjunkturläge;2013M10;-0.93
Arbetade timmar;Konjunkturläge;2013M11;-0.92
Arbetade timmar;Konjunkturläge;2013M12;-0.91
Arbetade timmar;Konjunkturläge;2014M01;-0.87
Arbetade timmar;Konjunkturläge;2014M02;-0.82
Arbetade timmar;Konjunkturläge;2014M03;-0.74
Arbetade timmar;Konjunkturläge;2014M04;-0.65
Arbetade timmar;Konjunkturläge;2014M05;-0.54
Arbetade timmar;Konjunkturläge;2014M06;-0.41
Arbetade timmar;Konjunkturläge;2014M07;-0.29
Arbetade timmar;Konjunkturläge;2014M08;-0.18
Arbetade timmar;Konjunkturläge;2014M09;-0.07
Arbetade timmar;Konjunkturläge;2014M10;0.01
Arbetade timmar;Konjunkturläge;2014M11;0.07
Arbetade timmar;Konjunkturläge;2014M12;0.1
Arbetade timmar;Konjunkturläge;2015M01;0.1
Arbetade timmar;Konjunkturläge;2015M02;0.04
Arbetade timmar;Konjunkturläge;2015M03;-0.06
Arbetade timmar;Konjunkturläge;2015M04;-0.18
Arbetade timmar;Konjunkturläge;2015M05;-0.32
Arbetade timmar;Konjunkturläge;2015M06;-0.45
Arbetade timmar;Konjunkturläge;2015M07;-0.56
Arbetade timmar;Konjunkturläge;2015M08;-0.62
Arbetade timmar;Konjunkturläge;2015M09;-0.63
Arbetade timmar;Konjunkturläge;2015M10;-0.58
Arbetade timmar;Konjunkturläge;2015M11;-0.48
Arbetade timmar;Konjunkturläge;2015M12;-0.32
Arbetade timmar;Konjunkturläge;2016M01;-0.14
Arbetade timmar;Konjunkturläge;2016M02;0.04
Arbetade timmar;Konjunkturläge;2016M03;0.2
Arbetade timmar;Konjunkturläge;2016M04;0.33
Arbetade timmar;Konjunkturläge;2016M05;0.42
Arbetade timmar;Konjunkturläge;2016M06;0.48
Arbetade timmar;Konjunkturläge;2016M07;0.49
Arbetade timmar;Konjunkturläge;2016M08;0.47
Arbetade timmar;Konjunkturläge;2016M09;0.44
Arbetade timmar;Konjunkturläge;2016M10;0.4
Arbetade timmar;Konjunkturläge;2016M11;0.36
Arbetade timmar;Konjunkturläge;2016M12;0.33
Arbetade timmar;Konjunkturläge;2017M01;0.31
Arbetade timmar;Konjunkturläge;2017M02;0.32
Arbetade timmar;Konjunkturläge;2017M03;0.38
Arbetade timmar;Konjunkturläge;2017M04;0.48
Arbetade timmar;Konjunkturläge;2017M05;0.62
Arbetade timmar;Konjunkturläge;2017M06;0.8
Arbetade timmar;Konjunkturläge;2017M07;1.02
Arbetade timmar;Konjunkturläge;2017M08;1.25
Arbetade timmar;Konjunkturläge;2017M09;1.47
Arbetade timmar;Konjunkturläge;2017M10;1.66
Arbetade timmar;Konjunkturläge;2017M11;1.82
Arbetade timmar;Konjunkturläge;2017M12;1.92
Arbetade timmar;Konjunkturläge;2018M01;1.95
Arbetade timmar;Konjunkturläge;2018M02;1.94
Arbetade timmar;Konjunkturläge;2018M03;1.91
Arbetade timmar;Konjunkturläge;2018M04;1.86
Arbetade timmar;Konjunkturläge;2018M05;1.78
Arbetade timmar;Konjunkturläge;2018M06;1.68
Arbetade timmar;Konjunkturläge;2018M07;1.57
Arbetade timmar;Konjunkturläge;2018M08;1.46
Arbetade timmar;Konjunkturläge;2018M09;1.36
Arbetade timmar;Konjunkturläge;2018M10;1.26
Arbetade timmar;Konjunkturläge;2018M11;1.17
Arbetade timmar;Konjunkturläge;2018M12;1.09
Arbetade timmar;Konjunkturläge;2019M01;1.01
Arbetade timmar;Konjunkturläge;2019M02;0.94
Arbetade timmar;Konjunkturläge;2019M03;0.87
Arbetade timmar;Konjunkturläge;2019M04;0.8
Arbetade timmar;Konjunkturläge;2019M05;0.73
Arbetade timmar;Konjunkturläge;2019M06;0.66
Arbetade timmar;Konjunkturläge;2019M07;0.58
Arbetade timmar;Konjunkturläge;2019M08;0.49
Arbetade timmar;Konjunkturläge;2019M09;0.39
Arbetade timmar;Konjunkturläge;2019M10;0.29
Arbetade timmar;Konjunkturläge;2019M11;0.21
Arbetade timmar;Konjunkturläge;2019M12;0.17
Arbetade timmar;Konjunkturläge;2020M01;0.16
Arbetade timmar;Konjunkturläge;2020M02;0.2
Arbetade timmar;Konjunkturläge;2020M03;0.27
Arbetade timmar;Konjunkturläge;2020M04;0.37
Arbetade timmar;Konjunkturläge;2020M05;0.47
Arbetade timmar;Konjunkturläge;2020M06;0.57
Arbetade timmar;Konjunkturläge;2020M07;0.64
Arbetade timmar;Konjunkturläge;2020M08;0.64
Arbetade timmar;Konjunkturläge;2020M09;0.58
Arbetade timmar;Konjunkturläge;2020M10;0.44
Arbetade timmar;Konjunkturläge;2020M11;0.23
Arbetade timmar;Konjunkturläge;2020M12;-0.03
Arbetade timmar;Konjunkturläge;2021M01;-0.33
Arbetade timmar;Konjunkturläge;2021M02;-0.65
Arbetade timmar;Konjunkturläge;2021M03;-0.96
Arbetade timmar;Konjunkturläge;2021M04;-1.26
Arbetade timmar;Konjunkturläge;2021M05;-1.53
Arbetade timmar;Konjunkturläge;2021M06;-1.75
Arbetade timmar;Konjunkturläge;2021M07;-1.92
Arbetade timmar;Konjunkturläge;2021M08;-1.99
Arbetade timmar;Konjunkturläge;2021M09;-1.95
Arbetade timmar;Konjunkturläge;2021M10;-1.8
Arbetade timmar;Konjunkturläge;2021M11;-1.54
Arbetade timmar;Konjunkturläge;2021M12;-1.2
Arbetade timmar;Konjunkturläge;2022M01;-0.76
Arbetade timmar;Konjunkturläge;2022M02;-0.28
Arbetade timmar;Konjunkturläge;2022M03;0.22
Arbetade timmar;Konjunkturläge;2022M04;0.7
Arbetade timmar;Konjunkturläge;2022M05;1.11
Arbetade timmar;Konjunkturläge;2022M06;1.44
Arbetade timmar;Konjunkturläge;2022M07;1.68
Arbetade timmar;Konjunkturläge;2022M08;1.84
Arbetade timmar;Konjunkturläge;2022M09;1.9
Arbetade timmar;Konjunkturläge;2022M10;1.87
Arbetade timmar;Konjunkturläge;2022M11;1.76
Arbetade timmar;Konjunkturläge;2022M12;1.57
Arbetade timmar;Konjunkturläge;2023M01;1.33
Arbetade timmar;Konjunkturläge;2023M02;1.07
Arbetade timmar;Konjunkturläge;2023M03;0.81
Arbetade timmar;Konjunkturläge;2023M04;0.56
Arbetade timmar;Konjunkturläge;2023M05;0.34
Arbetade timmar;Konjunkturläge;2023M06;0.18
Arbetade timmar;Konjunkturläge;2023M07;0.07
Arbetade timmar;Konjunkturläge;2023M08;0
Arbetade timmar;Konjunkturläge;2023M09;-0.04
Arbetade timmar;Konjunkturläge;2023M10;-0.07
Arbetade timmar;Konjunkturläge;2023M11;-0.1
Arbetade timmar;Konjunkturläge;2023M12;-0.16
Arbetade timmar;Konjunkturläge;2024M01;-0.27
Arbetade timmar;Konjunkturläge;2024M02;-0.43
Arbetade timmar;Konjunkturläge;2024M03;-0.64
Arbetade timmar;Konjunkturläge;2024M04;-0.85
Arbetade timmar;Konjunkturläge;2024M05;-1.04
Arbetade timmar;Konjunkturläge;2024M06;-1.17
Arbetade timmar;Konjunkturläge;2024M07;-1.24
Arbetade timmar;Konjunkturläge;2024M08;-1.24
Arbetade timmar;Konjunkturläge;2024M09;-1.2
Arbetade timmar;Konjunkturläge;2024M10;-1.12
Arbetade timmar;Konjunkturläge;2024M11;-1.01
Arbetade timmar;Konjunkturläge;2024M12;-0.89
Arbetade timmar;Konjunkturläge;2025M01;-0.77
Arbetade timmar;Konjunkturläge;2025M02;-0.68
Arbetade timmar;Konjunkturläge;2025M03;-0.62
Arbetade timmar;Konjunkturläge;2025M04;-0.58
Arbetade timmar;Konjunkturläge;2025M05;-0.56
Arbetade timmar;Konjunkturläge;2025M06;-0.55
Arbetade timmar;Konjunkturläge;2025M07;-0.54
Arbetade timmar;Konjunkturläge;2025M08;-0.53
Arbetade timmar;Konjunkturläge;2025M09;-0.52
Arbetade timmar;Konjunkturläge;2025M10;-0.51
Arbetade timmar;Konjunkturläge;2025M11;-0.48
Arbetade timmar;Konjunkturläge;2025M12;-0.43
Arbetade timmar;Konjunkturläge;2026M01;-0.37
Arbetade timmar;Konjunkturläge;2026M02;-0.28
Arbetade timmar;Konjunkturläge;2026M03;-0.18
Arbetade timmar;Konjunkturläge;2026M04;-0.08
Arbetade timmar;Konjunkturläge;2026M05;0.02
Arbetade timmar;Konjunkturläge;2026M06;0.09
Arbetade timmar;Konjunkturläge;2026M07;0.15
Arbetade timmar;Konjunkturläge;2026M08;
Arbetade timmar;Förändring från föregående period;2000M01;
Arbetade timmar;Förändring från föregående period;2000M02;
Arbetade timmar;Förändring från föregående period;2000M03;
Arbetade timmar;Förändring från föregående period;2000M04;
Arbetade timmar;Förändring från föregående period;2000M05;
Arbetade timmar;Förändring från föregående period;2000M06;
Arbetade timmar;Förändring från föregående period;2000M07;
Arbetade timmar;Förändring från föregående period;2000M08;
Arbetade timmar;Förändring från föregående period;2000M09;
Arbetade timmar;Förändring från föregående period;2000M10;
Arbetade timmar;Förändring från föregående period;2000M11;
Arbetade timmar;Förändring från föregående period;2000M12;
Arbetade timmar;Förändring från föregående period;2001M01;
Arbetade timmar;Förändring från föregående period;2001M02;-0.1
Arbetade timmar;Förändring från föregående period;2001M03;-0.1
Arbetade timmar;Förändring från föregående period;2001M04;-0.09
Arbetade timmar;Förändring från föregående period;2001M05;-0.06
Arbetade timmar;Förändring från föregående period;2001M06;-0.04
Arbetade timmar;Förändring från föregående period;2001M07;-0.03
Arbetade timmar;Förändring från föregående period;2001M08;-0.02
Arbetade timmar;Förändring från föregående period;2001M09;-0.01
Arbetade timmar;Förändring från föregående period;2001M10;-0.03
Arbetade timmar;Förändring från föregående period;2001M11;-0.05
Arbetade timmar;Förändring från föregående period;2001M12;-0.07
Arbetade timmar;Förändring från föregående period;2002M01;-0.1
Arbetade timmar;Förändring från föregående period;2002M02;-0.13
Arbetade timmar;Förändring från föregående period;2002M03;-0.16
Arbetade timmar;Förändring från föregående period;2002M04;-0.17
Arbetade timmar;Förändring från föregående period;2002M05;-0.17
Arbetade timmar;Förändring från föregående period;2002M06;-0.16
Arbetade timmar;Förändring från föregående period;2002M07;-0.15
Arbetade timmar;Förändring från föregående period;2002M08;-0.13
Arbetade timmar;Förändring från föregående period;2002M09;-0.1
Arbetade timmar;Förändring från föregående period;2002M10;-0.07
Arbetade timmar;Förändring från föregående period;2002M11;-0.05
Arbetade timmar;Förändring från föregående period;2002M12;-0.04
Arbetade timmar;Förändring från föregående period;2003M01;-0.05
Arbetade timmar;Förändring från föregående period;2003M02;-0.08
Arbetade timmar;Förändring från föregående period;2003M03;-0.11
Arbetade timmar;Förändring från föregående period;2003M04;-0.14
Arbetade timmar;Förändring från föregående period;2003M05;-0.16
Arbetade timmar;Förändring från föregående period;2003M06;-0.17
Arbetade timmar;Förändring från föregående period;2003M07;-0.17
Arbetade timmar;Förändring från föregående period;2003M08;-0.16
Arbetade timmar;Förändring från föregående period;2003M09;-0.12
Arbetade timmar;Förändring från föregående period;2003M10;-0.06
Arbetade timmar;Förändring från föregående period;2003M11;0.01
Arbetade timmar;Förändring från föregående period;2003M12;0.09
Arbetade timmar;Förändring från föregående period;2004M01;0.17
Arbetade timmar;Förändring från föregående period;2004M02;0.23
Arbetade timmar;Förändring från föregående period;2004M03;0.27
Arbetade timmar;Förändring från föregående period;2004M04;0.27
Arbetade timmar;Förändring från föregående period;2004M05;0.24
Arbetade timmar;Förändring från föregående period;2004M06;0.18
Arbetade timmar;Förändring från föregående period;2004M07;0.11
Arbetade timmar;Förändring från föregående period;2004M08;0.05
Arbetade timmar;Förändring från föregående period;2004M09;-0.01
Arbetade timmar;Förändring från föregående period;2004M10;-0.06
Arbetade timmar;Förändring från föregående period;2004M11;-0.1
Arbetade timmar;Förändring från föregående period;2004M12;-0.13
Arbetade timmar;Förändring från föregående period;2005M01;-0.16
Arbetade timmar;Förändring från föregående period;2005M02;-0.17
Arbetade timmar;Förändring från föregående period;2005M03;-0.16
Arbetade timmar;Förändring från föregående period;2005M04;-0.13
Arbetade timmar;Förändring från föregående period;2005M05;-0.1
Arbetade timmar;Förändring från föregående period;2005M06;-0.07
Arbetade timmar;Förändring från föregående period;2005M07;-0.05
Arbetade timmar;Förändring från föregående period;2005M08;-0.04
Arbetade timmar;Förändring från föregående period;2005M09;-0.05
Arbetade timmar;Förändring från föregående period;2005M10;-0.05
Arbetade timmar;Förändring från föregående period;2005M11;-0.04
Arbetade timmar;Förändring från föregående period;2005M12;-0.01
Arbetade timmar;Förändring från föregående period;2006M01;0.03
Arbetade timmar;Förändring från föregående period;2006M02;0.05
Arbetade timmar;Förändring från föregående period;2006M03;0.07
Arbetade timmar;Förändring från föregående period;2006M04;0.09
Arbetade timmar;Förändring från föregående period;2006M05;0.11
Arbetade timmar;Förändring från föregående period;2006M06;0.14
Arbetade timmar;Förändring från föregående period;2006M07;0.18
Arbetade timmar;Förändring från föregående period;2006M08;0.21
Arbetade timmar;Förändring från föregående period;2006M09;0.23
Arbetade timmar;Förändring från föregående period;2006M10;0.26
Arbetade timmar;Förändring från föregående period;2006M11;0.26
Arbetade timmar;Förändring från föregående period;2006M12;0.24
Arbetade timmar;Förändring från föregående period;2007M01;0.22
Arbetade timmar;Förändring från föregående period;2007M02;0.21
Arbetade timmar;Förändring från föregående period;2007M03;0.2
Arbetade timmar;Förändring från föregående period;2007M04;0.19
Arbetade timmar;Förändring från föregående period;2007M05;0.18
Arbetade timmar;Förändring från föregående period;2007M06;0.17
Arbetade timmar;Förändring från föregående period;2007M07;0.14
Arbetade timmar;Förändring från föregående period;2007M08;0.09
Arbetade timmar;Förändring från föregående period;2007M09;0.04
Arbetade timmar;Förändring från föregående period;2007M10;-0.01
Arbetade timmar;Förändring från föregående period;2007M11;-0.06
Arbetade timmar;Förändring från föregående period;2007M12;-0.1
Arbetade timmar;Förändring från föregående period;2008M01;-0.13
Arbetade timmar;Förändring från föregående period;2008M02;-0.14
Arbetade timmar;Förändring från föregående period;2008M03;-0.12
Arbetade timmar;Förändring från föregående period;2008M04;-0.11
Arbetade timmar;Förändring från föregående period;2008M05;-0.1
Arbetade timmar;Förändring från föregående period;2008M06;-0.09
Arbetade timmar;Förändring från föregående period;2008M07;-0.1
Arbetade timmar;Förändring från föregående period;2008M08;-0.11
Arbetade timmar;Förändring från föregående period;2008M09;-0.14
Arbetade timmar;Förändring från föregående period;2008M10;-0.2
Arbetade timmar;Förändring från föregående period;2008M11;-0.27
Arbetade timmar;Förändring från föregående period;2008M12;-0.33
Arbetade timmar;Förändring från föregående period;2009M01;-0.39
Arbetade timmar;Förändring från föregående period;2009M02;-0.43
Arbetade timmar;Förändring från föregående period;2009M03;-0.44
Arbetade timmar;Förändring från föregående period;2009M04;-0.4
Arbetade timmar;Förändring från föregående period;2009M05;-0.32
Arbetade timmar;Förändring från föregående period;2009M06;-0.23
Arbetade timmar;Förändring från föregående period;2009M07;-0.14
Arbetade timmar;Förändring från föregående period;2009M08;-0.04
Arbetade timmar;Förändring från föregående period;2009M09;0.07
Arbetade timmar;Förändring från föregående period;2009M10;0.17
Arbetade timmar;Förändring från föregående period;2009M11;0.26
Arbetade timmar;Förändring från föregående period;2009M12;0.33
Arbetade timmar;Förändring från föregående period;2010M01;0.39
Arbetade timmar;Förändring från föregående period;2010M02;0.4
Arbetade timmar;Förändring från föregående period;2010M03;0.36
Arbetade timmar;Förändring från föregående period;2010M04;0.3
Arbetade timmar;Förändring från föregående period;2010M05;0.23
Arbetade timmar;Förändring från föregående period;2010M06;0.15
Arbetade timmar;Förändring från föregående period;2010M07;0.09
Arbetade timmar;Förändring från föregående period;2010M08;0.04
Arbetade timmar;Förändring från föregående period;2010M09;0
Arbetade timmar;Förändring från föregående period;2010M10;-0.02
Arbetade timmar;Förändring från föregående period;2010M11;-0.04
Arbetade timmar;Förändring från föregående period;2010M12;-0.05
Arbetade timmar;Förändring från föregående period;2011M01;-0.06
Arbetade timmar;Förändring från föregående period;2011M02;-0.05
Arbetade timmar;Förändring från föregående period;2011M03;-0.04
Arbetade timmar;Förändring från föregående period;2011M04;-0.02
Arbetade timmar;Förändring från föregående period;2011M05;-0.01
Arbetade timmar;Förändring från föregående period;2011M06;0
Arbetade timmar;Förändring från föregående period;2011M07;0.01
Arbetade timmar;Förändring från föregående period;2011M08;0.01
Arbetade timmar;Förändring från föregående period;2011M09;-0.01
Arbetade timmar;Förändring från föregående period;2011M10;-0.02
Arbetade timmar;Förändring från föregående period;2011M11;-0.03
Arbetade timmar;Förändring från föregående period;2011M12;-0.03
Arbetade timmar;Förändring från föregående period;2012M01;-0.04
Arbetade timmar;Förändring från föregående period;2012M02;-0.05
Arbetade timmar;Förändring från föregående period;2012M03;-0.07
Arbetade timmar;Förändring från föregående period;2012M04;-0.09
Arbetade timmar;Förändring från föregående period;2012M05;-0.11
Arbetade timmar;Förändring från föregående period;2012M06;-0.11
Arbetade timmar;Förändring från föregående period;2012M07;-0.1
Arbetade timmar;Förändring från föregående period;2012M08;-0.09
Arbetade timmar;Förändring från föregående period;2012M09;-0.08
Arbetade timmar;Förändring från föregående period;2012M10;-0.08
Arbetade timmar;Förändring från föregående period;2012M11;-0.09
Arbetade timmar;Förändring från föregående period;2012M12;-0.09
Arbetade timmar;Förändring från föregående period;2013M01;-0.08
Arbetade timmar;Förändring från föregående period;2013M02;-0.05
Arbetade timmar;Förändring från föregående period;2013M03;-0.02
Arbetade timmar;Förändring från föregående period;2013M04;0.02
Arbetade timmar;Förändring från föregående period;2013M05;0.05
Arbetade timmar;Förändring från föregående period;2013M06;0.05
Arbetade timmar;Förändring från föregående period;2013M07;0.04
Arbetade timmar;Förändring från föregående period;2013M08;0.02
Arbetade timmar;Förändring från föregående period;2013M09;0.01
Arbetade timmar;Förändring från föregående period;2013M10;0
Arbetade timmar;Förändring från föregående period;2013M11;0
Arbetade timmar;Förändring från föregående period;2013M12;0.02
Arbetade timmar;Förändring från föregående period;2014M01;0.03
Arbetade timmar;Förändring från föregående period;2014M02;0.06
Arbetade timmar;Förändring från föregående period;2014M03;0.08
Arbetade timmar;Förändring från föregående period;2014M04;0.09
Arbetade timmar;Förändring från föregående period;2014M05;0.11
Arbetade timmar;Förändring från föregående period;2014M06;0.12
Arbetade timmar;Förändring från föregående period;2014M07;0.13
Arbetade timmar;Förändring från föregående period;2014M08;0.11
Arbetade timmar;Förändring från föregående period;2014M09;0.1
Arbetade timmar;Förändring från föregående period;2014M10;0.08
Arbetade timmar;Förändring från föregående period;2014M11;0.06
Arbetade timmar;Förändring från föregående period;2014M12;0.03
Arbetade timmar;Förändring från föregående period;2015M01;-0.01
Arbetade timmar;Förändring från föregående period;2015M02;-0.06
Arbetade timmar;Förändring från föregående period;2015M03;-0.1
Arbetade timmar;Förändring från föregående period;2015M04;-0.12
Arbetade timmar;Förändring från föregående period;2015M05;-0.14
Arbetade timmar;Förändring från föregående period;2015M06;-0.13
Arbetade timmar;Förändring från föregående period;2015M07;-0.11
Arbetade timmar;Förändring från föregående period;2015M08;-0.06
Arbetade timmar;Förändring från föregående period;2015M09;-0.01
Arbetade timmar;Förändring från föregående period;2015M10;0.05
Arbetade timmar;Förändring från föregående period;2015M11;0.1
Arbetade timmar;Förändring från föregående period;2015M12;0.15
Arbetade timmar;Förändring från föregående period;2016M01;0.18
Arbetade timmar;Förändring från föregående period;2016M02;0.18
Arbetade timmar;Förändring från föregående period;2016M03;0.16
Arbetade timmar;Förändring från föregående period;2016M04;0.13
Arbetade timmar;Förändring från föregående period;2016M05;0.09
Arbetade timmar;Förändring från föregående period;2016M06;0.05
Arbetade timmar;Förändring från föregående period;2016M07;0.01
Arbetade timmar;Förändring från föregående period;2016M08;-0.02
Arbetade timmar;Förändring från föregående period;2016M09;-0.03
Arbetade timmar;Förändring från föregående period;2016M10;-0.04
Arbetade timmar;Förändring från föregående period;2016M11;-0.04
Arbetade timmar;Förändring från föregående period;2016M12;-0.04
Arbetade timmar;Förändring från föregående period;2017M01;-0.02
Arbetade timmar;Förändring från föregående period;2017M02;0.01
Arbetade timmar;Förändring från föregående period;2017M03;0.06
Arbetade timmar;Förändring från föregående period;2017M04;0.1
Arbetade timmar;Förändring från föregående period;2017M05;0.14
Arbetade timmar;Förändring från föregående period;2017M06;0.18
Arbetade timmar;Förändring från föregående period;2017M07;0.21
Arbetade timmar;Förändring från föregående period;2017M08;0.23
Arbetade timmar;Förändring från föregående period;2017M09;0.22
Arbetade timmar;Förändring från föregående period;2017M10;0.2
Arbetade timmar;Förändring från föregående period;2017M11;0.15
Arbetade timmar;Förändring från föregående period;2017M12;0.1
Arbetade timmar;Förändring från föregående period;2018M01;0.04
Arbetade timmar;Förändring från föregående period;2018M02;-0.01
Arbetade timmar;Förändring från föregående period;2018M03;-0.04
Arbetade timmar;Förändring från föregående period;2018M04;-0.05
Arbetade timmar;Förändring från föregående period;2018M05;-0.08
Arbetade timmar;Förändring från föregående period;2018M06;-0.1
Arbetade timmar;Förändring från föregående period;2018M07;-0.11
Arbetade timmar;Förändring från föregående period;2018M08;-0.11
Arbetade timmar;Förändring från föregående period;2018M09;-0.11
Arbetade timmar;Förändring från föregående period;2018M10;-0.1
Arbetade timmar;Förändring från föregående period;2018M11;-0.09
Arbetade timmar;Förändring från föregående period;2018M12;-0.08
Arbetade timmar;Förändring från föregående period;2019M01;-0.08
Arbetade timmar;Förändring från föregående period;2019M02;-0.07
Arbetade timmar;Förändring från föregående period;2019M03;-0.07
Arbetade timmar;Förändring från föregående period;2019M04;-0.07
Arbetade timmar;Förändring från föregående period;2019M05;-0.07
Arbetade timmar;Förändring från föregående period;2019M06;-0.07
Arbetade timmar;Förändring från föregående period;2019M07;-0.08
Arbetade timmar;Förändring från föregående period;2019M08;-0.09
Arbetade timmar;Förändring från föregående period;2019M09;-0.1
Arbetade timmar;Förändring från föregående period;2019M10;-0.1
Arbetade timmar;Förändring från föregående period;2019M11;-0.08
Arbetade timmar;Förändring från föregående period;2019M12;-0.05
Arbetade timmar;Förändring från föregående period;2020M01;0
Arbetade timmar;Förändring från föregående period;2020M02;0.04
Arbetade timmar;Förändring från föregående period;2020M03;0.07
Arbetade timmar;Förändring från föregående period;2020M04;0.1
Arbetade timmar;Förändring från föregående period;2020M05;0.11
Arbetade timmar;Förändring från föregående period;2020M06;0.1
Arbetade timmar;Förändring från föregående period;2020M07;0.06
Arbetade timmar;Förändring från föregående period;2020M08;0.01
Arbetade timmar;Förändring från föregående period;2020M09;-0.06
Arbetade timmar;Förändring från föregående period;2020M10;-0.14
Arbetade timmar;Förändring från föregående period;2020M11;-0.21
Arbetade timmar;Förändring från föregående period;2020M12;-0.26
Arbetade timmar;Förändring från föregående period;2021M01;-0.3
Arbetade timmar;Förändring från föregående period;2021M02;-0.32
Arbetade timmar;Förändring från föregående period;2021M03;-0.32
Arbetade timmar;Förändring från föregående period;2021M04;-0.3
Arbetade timmar;Förändring från föregående period;2021M05;-0.27
Arbetade timmar;Förändring från föregående period;2021M06;-0.23
Arbetade timmar;Förändring från föregående period;2021M07;-0.16
Arbetade timmar;Förändring från föregående period;2021M08;-0.07
Arbetade timmar;Förändring från föregående period;2021M09;0.04
Arbetade timmar;Förändring från föregående period;2021M10;0.15
Arbetade timmar;Förändring från föregående period;2021M11;0.26
Arbetade timmar;Förändring från föregående period;2021M12;0.35
Arbetade timmar;Förändring från föregående period;2022M01;0.43
Arbetade timmar;Förändring från föregående period;2022M02;0.49
Arbetade timmar;Förändring från föregående period;2022M03;0.5
Arbetade timmar;Förändring från föregående period;2022M04;0.48
Arbetade timmar;Förändring från föregående period;2022M05;0.41
Arbetade timmar;Förändring från föregående period;2022M06;0.33
Arbetade timmar;Förändring från föregående period;2022M07;0.24
Arbetade timmar;Förändring från föregående period;2022M08;0.15
Arbetade timmar;Förändring från föregående period;2022M09;0.07
Arbetade timmar;Förändring från föregående period;2022M10;-0.03
Arbetade timmar;Förändring från föregående period;2022M11;-0.12
Arbetade timmar;Förändring från föregående period;2022M12;-0.19
Arbetade timmar;Förändring från föregående period;2023M01;-0.24
Arbetade timmar;Förändring från föregående period;2023M02;-0.26
Arbetade timmar;Förändring från föregående period;2023M03;-0.26
Arbetade timmar;Förändring från föregående period;2023M04;-0.25
Arbetade timmar;Förändring från föregående period;2023M05;-0.22
Arbetade timmar;Förändring från föregående period;2023M06;-0.17
Arbetade timmar;Förändring från föregående period;2023M07;-0.11
Arbetade timmar;Förändring från föregående period;2023M08;-0.07
Arbetade timmar;Förändring från föregående period;2023M09;-0.04
Arbetade timmar;Förändring från föregående period;2023M10;-0.02
Arbetade timmar;Förändring från föregående period;2023M11;-0.03
Arbetade timmar;Förändring från föregående period;2023M12;-0.06
Arbetade timmar;Förändring från föregående period;2024M01;-0.11
Arbetade timmar;Förändring från föregående period;2024M02;-0.17
Arbetade timmar;Förändring från föregående period;2024M03;-0.21
Arbetade timmar;Förändring från föregående period;2024M04;-0.21
Arbetade timmar;Förändring från föregående period;2024M05;-0.19
Arbetade timmar;Förändring från föregående period;2024M06;-0.13
Arbetade timmar;Förändring från föregående period;2024M07;-0.06
Arbetade timmar;Förändring från föregående period;2024M08;0
Arbetade timmar;Förändring från föregående period;2024M09;0.04
Arbetade timmar;Förändring från föregående period;2024M10;0.08
Arbetade timmar;Förändring från föregående period;2024M11;0.11
Arbetade timmar;Förändring från föregående period;2024M12;0.12
Arbetade timmar;Förändring från föregående period;2025M01;0.11
Arbetade timmar;Förändring från föregående period;2025M02;0.09
Arbetade timmar;Förändring från föregående period;2025M03;0.06
Arbetade timmar;Förändring från föregående period;2025M04;0.04
Arbetade timmar;Förändring från föregående period;2025M05;0.02
Arbetade timmar;Förändring från föregående period;2025M06;0.01
Arbetade timmar;Förändring från föregående period;2025M07;0.01
Arbetade timmar;Förändring från föregående period;2025M08;0.01
Arbetade timmar;Förändring från föregående period;2025M09;0.01
Arbetade timmar;Förändring från föregående period;2025M10;0.02
Arbetade timmar;Förändring från föregående period;2025M11;0.03
Arbetade timmar;Förändring från föregående period;2025M12;0.05
Arbetade timmar;Förändring från föregående period;2026M01;0.07
Arbetade timmar;Förändring från föregående period;2026M02;0.09
Arbetade timmar;Förändring från föregående period;2026M03;0.1
Arbetade timmar;Förändring från föregående period;2026M04;0.1
Arbetade timmar;Förändring från föregående period;2026M05;0.09
Arbetade timmar;Förändring från föregående period;2026M06;0.08
Arbetade timmar;Förändring från föregående period;2026M07;0.06
Arbetade timmar;Förändring från föregående period;2026M08;
Näringslivets efterfrågan;Konjunkturläge;2000M01;
Näringslivets efterfrågan;Konjunkturläge;2000M02;
Näringslivets efterfrågan;Konjunkturläge;2000M03;
Näringslivets efterfrågan;Konjunkturläge;2000M04;
Näringslivets efterfrågan;Konjunkturläge;2000M05;
Näringslivets efterfrågan;Konjunkturläge;2000M06;
Näringslivets efterfrågan;Konjunkturläge;2000M07;
Näringslivets efterfrågan;Konjunkturläge;2000M08;
Näringslivets efterfrågan;Konjunkturläge;2000M09;
Näringslivets efterfrågan;Konjunkturläge;2000M10;
Näringslivets efterfrågan;Konjunkturläge;2000M11;
Näringslivets efterfrågan;Konjunkturläge;2000M12;
Näringslivets efterfrågan;Konjunkturläge;2001M01;
Näringslivets efterfrågan;Konjunkturläge;2001M02;
Näringslivets efterfrågan;Konjunkturläge;2001M03;
Näringslivets efterfrågan;Konjunkturläge;2001M04;
Näringslivets efterfrågan;Konjunkturläge;2001M05;
Näringslivets efterfrågan;Konjunkturläge;2001M06;
Näringslivets efterfrågan;Konjunkturläge;2001M07;
Näringslivets efterfrågan;Konjunkturläge;2001M08;
Näringslivets efterfrågan;Konjunkturläge;2001M09;
Näringslivets efterfrågan;Konjunkturläge;2001M10;
Näringslivets efterfrågan;Konjunkturläge;2001M11;
Näringslivets efterfrågan;Konjunkturläge;2001M12;0.09
Näringslivets efterfrågan;Konjunkturläge;2002M01;0.17
Näringslivets efterfrågan;Konjunkturläge;2002M02;0.24
Näringslivets efterfrågan;Konjunkturläge;2002M03;0.29
Näringslivets efterfrågan;Konjunkturläge;2002M04;0.31
Näringslivets efterfrågan;Konjunkturläge;2002M05;0.29
Näringslivets efterfrågan;Konjunkturläge;2002M06;0.23
Näringslivets efterfrågan;Konjunkturläge;2002M07;0.13
Näringslivets efterfrågan;Konjunkturläge;2002M08;0.02
Näringslivets efterfrågan;Konjunkturläge;2002M09;-0.08
Näringslivets efterfrågan;Konjunkturläge;2002M10;-0.18
Näringslivets efterfrågan;Konjunkturläge;2002M11;-0.28
Näringslivets efterfrågan;Konjunkturläge;2002M12;-0.37
Näringslivets efterfrågan;Konjunkturläge;2003M01;-0.45
Näringslivets efterfrågan;Konjunkturläge;2003M02;-0.55
Näringslivets efterfrågan;Konjunkturläge;2003M03;-0.69
Näringslivets efterfrågan;Konjunkturläge;2003M04;-0.87
Näringslivets efterfrågan;Konjunkturläge;2003M05;-1.07
Näringslivets efterfrågan;Konjunkturläge;2003M06;-1.26
Näringslivets efterfrågan;Konjunkturläge;2003M07;-1.41
Näringslivets efterfrågan;Konjunkturläge;2003M08;-1.5
Näringslivets efterfrågan;Konjunkturläge;2003M09;-1.53
Näringslivets efterfrågan;Konjunkturläge;2003M10;-1.51
Näringslivets efterfrågan;Konjunkturläge;2003M11;-1.48
Näringslivets efterfrågan;Konjunkturläge;2003M12;-1.45
Näringslivets efterfrågan;Konjunkturläge;2004M01;-1.43
Näringslivets efterfrågan;Konjunkturläge;2004M02;-1.39
Näringslivets efterfrågan;Konjunkturläge;2004M03;-1.31
Näringslivets efterfrågan;Konjunkturläge;2004M04;-1.14
Näringslivets efterfrågan;Konjunkturläge;2004M05;-0.93
Näringslivets efterfrågan;Konjunkturläge;2004M06;-0.7
Näringslivets efterfrågan;Konjunkturläge;2004M07;-0.48
Näringslivets efterfrågan;Konjunkturläge;2004M08;-0.31
Näringslivets efterfrågan;Konjunkturläge;2004M09;-0.21
Näringslivets efterfrågan;Konjunkturläge;2004M10;-0.15
Näringslivets efterfrågan;Konjunkturläge;2004M11;-0.11
Näringslivets efterfrågan;Konjunkturläge;2004M12;-0.07
Näringslivets efterfrågan;Konjunkturläge;2005M01;-0.02
Näringslivets efterfrågan;Konjunkturläge;2005M02;0.03
Näringslivets efterfrågan;Konjunkturläge;2005M03;0.06
Näringslivets efterfrågan;Konjunkturläge;2005M04;0.07
Näringslivets efterfrågan;Konjunkturläge;2005M05;0.09
Näringslivets efterfrågan;Konjunkturläge;2005M06;0.12
Näringslivets efterfrågan;Konjunkturläge;2005M07;0.16
Näringslivets efterfrågan;Konjunkturläge;2005M08;0.22
Näringslivets efterfrågan;Konjunkturläge;2005M09;0.31
Näringslivets efterfrågan;Konjunkturläge;2005M10;0.42
Näringslivets efterfrågan;Konjunkturläge;2005M11;0.56
Näringslivets efterfrågan;Konjunkturläge;2005M12;0.71
Näringslivets efterfrågan;Konjunkturläge;2006M01;0.86
Näringslivets efterfrågan;Konjunkturläge;2006M02;0.99
Näringslivets efterfrågan;Konjunkturläge;2006M03;1.1
Näringslivets efterfrågan;Konjunkturläge;2006M04;1.18
Näringslivets efterfrågan;Konjunkturläge;2006M05;1.23
Näringslivets efterfrågan;Konjunkturläge;2006M06;1.28
Näringslivets efterfrågan;Konjunkturläge;2006M07;1.35
Näringslivets efterfrågan;Konjunkturläge;2006M08;1.45
Näringslivets efterfrågan;Konjunkturläge;2006M09;1.56
Näringslivets efterfrågan;Konjunkturläge;2006M10;1.69
Näringslivets efterfrågan;Konjunkturläge;2006M11;1.81
Näringslivets efterfrågan;Konjunkturläge;2006M12;1.93
Näringslivets efterfrågan;Konjunkturläge;2007M01;2.03
Näringslivets efterfrågan;Konjunkturläge;2007M02;2.12
Näringslivets efterfrågan;Konjunkturläge;2007M03;2.2
Näringslivets efterfrågan;Konjunkturläge;2007M04;2.27
Näringslivets efterfrågan;Konjunkturläge;2007M05;2.32
Näringslivets efterfrågan;Konjunkturläge;2007M06;2.32
Näringslivets efterfrågan;Konjunkturläge;2007M07;2.29
Näringslivets efterfrågan;Konjunkturläge;2007M08;2.25
Näringslivets efterfrågan;Konjunkturläge;2007M09;2.2
Näringslivets efterfrågan;Konjunkturläge;2007M10;2.15
Näringslivets efterfrågan;Konjunkturläge;2007M11;2.09
Näringslivets efterfrågan;Konjunkturläge;2007M12;2.03
Näringslivets efterfrågan;Konjunkturläge;2008M01;1.94
Näringslivets efterfrågan;Konjunkturläge;2008M02;1.83
Näringslivets efterfrågan;Konjunkturläge;2008M03;1.69
Näringslivets efterfrågan;Konjunkturläge;2008M04;1.53
Näringslivets efterfrågan;Konjunkturläge;2008M05;1.35
Näringslivets efterfrågan;Konjunkturläge;2008M06;1.16
Näringslivets efterfrågan;Konjunkturläge;2008M07;0.94
Näringslivets efterfrågan;Konjunkturläge;2008M08;0.67
Näringslivets efterfrågan;Konjunkturläge;2008M09;0.35
Näringslivets efterfrågan;Konjunkturläge;2008M10;-0.04
Näringslivets efterfrågan;Konjunkturläge;2008M11;-0.47
Näringslivets efterfrågan;Konjunkturläge;2008M12;-0.9
Näringslivets efterfrågan;Konjunkturläge;2009M01;-1.29
Näringslivets efterfrågan;Konjunkturläge;2009M02;-1.63
Näringslivets efterfrågan;Konjunkturläge;2009M03;-1.88
Näringslivets efterfrågan;Konjunkturläge;2009M04;-2.07
Näringslivets efterfrågan;Konjunkturläge;2009M05;-2.19
Näringslivets efterfrågan;Konjunkturläge;2009M06;-2.25
Näringslivets efterfrågan;Konjunkturläge;2009M07;-2.25
Näringslivets efterfrågan;Konjunkturläge;2009M08;-2.19
Näringslivets efterfrågan;Konjunkturläge;2009M09;-2.08
Näringslivets efterfrågan;Konjunkturläge;2009M10;-1.91
Näringslivets efterfrågan;Konjunkturläge;2009M11;-1.71
Näringslivets efterfrågan;Konjunkturläge;2009M12;-1.51
Näringslivets efterfrågan;Konjunkturläge;2010M01;-1.31
Näringslivets efterfrågan;Konjunkturläge;2010M02;-1.12
Näringslivets efterfrågan;Konjunkturläge;2010M03;-0.93
Näringslivets efterfrågan;Konjunkturläge;2010M04;-0.74
Näringslivets efterfrågan;Konjunkturläge;2010M05;-0.55
Näringslivets efterfrågan;Konjunkturläge;2010M06;-0.34
Näringslivets efterfrågan;Konjunkturläge;2010M07;-0.13
Näringslivets efterfrågan;Konjunkturläge;2010M08;0.09
Näringslivets efterfrågan;Konjunkturläge;2010M09;0.29
Näringslivets efterfrågan;Konjunkturläge;2010M10;0.46
Näringslivets efterfrågan;Konjunkturläge;2010M11;0.6
Näringslivets efterfrågan;Konjunkturläge;2010M12;0.69
Näringslivets efterfrågan;Konjunkturläge;2011M01;0.73
Näringslivets efterfrågan;Konjunkturläge;2011M02;0.72
Näringslivets efterfrågan;Konjunkturläge;2011M03;0.66
Näringslivets efterfrågan;Konjunkturläge;2011M04;0.57
Näringslivets efterfrågan;Konjunkturläge;2011M05;0.43
Näringslivets efterfrågan;Konjunkturläge;2011M06;0.29
Näringslivets efterfrågan;Konjunkturläge;2011M07;0.13
Näringslivets efterfrågan;Konjunkturläge;2011M08;-0.02
Näringslivets efterfrågan;Konjunkturläge;2011M09;-0.17
Näringslivets efterfrågan;Konjunkturläge;2011M10;-0.3
Näringslivets efterfrågan;Konjunkturläge;2011M11;-0.42
Näringslivets efterfrågan;Konjunkturläge;2011M12;-0.51
Näringslivets efterfrågan;Konjunkturläge;2012M01;-0.55
Näringslivets efterfrågan;Konjunkturläge;2012M02;-0.56
Näringslivets efterfrågan;Konjunkturläge;2012M03;-0.54
Näringslivets efterfrågan;Konjunkturläge;2012M04;-0.52
Näringslivets efterfrågan;Konjunkturläge;2012M05;-0.53
Näringslivets efterfrågan;Konjunkturläge;2012M06;-0.6
Näringslivets efterfrågan;Konjunkturläge;2012M07;-0.72
Näringslivets efterfrågan;Konjunkturläge;2012M08;-0.88
Näringslivets efterfrågan;Konjunkturläge;2012M09;-1.06
Näringslivets efterfrågan;Konjunkturläge;2012M10;-1.2
Näringslivets efterfrågan;Konjunkturläge;2012M11;-1.29
Näringslivets efterfrågan;Konjunkturläge;2012M12;-1.34
Näringslivets efterfrågan;Konjunkturläge;2013M01;-1.36
Näringslivets efterfrågan;Konjunkturläge;2013M02;-1.37
Näringslivets efterfrågan;Konjunkturläge;2013M03;-1.39
Näringslivets efterfrågan;Konjunkturläge;2013M04;-1.4
Näringslivets efterfrågan;Konjunkturläge;2013M05;-1.4
Näringslivets efterfrågan;Konjunkturläge;2013M06;-1.38
Näringslivets efterfrågan;Konjunkturläge;2013M07;-1.33
Näringslivets efterfrågan;Konjunkturläge;2013M08;-1.25
Näringslivets efterfrågan;Konjunkturläge;2013M09;-1.16
Näringslivets efterfrågan;Konjunkturläge;2013M10;-1.07
Näringslivets efterfrågan;Konjunkturläge;2013M11;-0.98
Näringslivets efterfrågan;Konjunkturläge;2013M12;-0.92
Näringslivets efterfrågan;Konjunkturläge;2014M01;-0.87
Näringslivets efterfrågan;Konjunkturläge;2014M02;-0.84
Näringslivets efterfrågan;Konjunkturläge;2014M03;-0.83
Näringslivets efterfrågan;Konjunkturläge;2014M04;-0.82
Näringslivets efterfrågan;Konjunkturläge;2014M05;-0.82
Näringslivets efterfrågan;Konjunkturläge;2014M06;-0.81
Näringslivets efterfrågan;Konjunkturläge;2014M07;-0.81
Näringslivets efterfrågan;Konjunkturläge;2014M08;-0.8
Näringslivets efterfrågan;Konjunkturläge;2014M09;-0.78
Näringslivets efterfrågan;Konjunkturläge;2014M10;-0.75
Näringslivets efterfrågan;Konjunkturläge;2014M11;-0.7
Näringslivets efterfrågan;Konjunkturläge;2014M12;-0.63
Näringslivets efterfrågan;Konjunkturläge;2015M01;-0.54
Näringslivets efterfrågan;Konjunkturläge;2015M02;-0.43
Näringslivets efterfrågan;Konjunkturläge;2015M03;-0.32
Näringslivets efterfrågan;Konjunkturläge;2015M04;-0.19
Näringslivets efterfrågan;Konjunkturläge;2015M05;-0.06
Näringslivets efterfrågan;Konjunkturläge;2015M06;0.08
Näringslivets efterfrågan;Konjunkturläge;2015M07;0.21
Näringslivets efterfrågan;Konjunkturläge;2015M08;0.34
Näringslivets efterfrågan;Konjunkturläge;2015M09;0.45
Näringslivets efterfrågan;Konjunkturläge;2015M10;0.54
Näringslivets efterfrågan;Konjunkturläge;2015M11;0.58
Näringslivets efterfrågan;Konjunkturläge;2015M12;0.57
Näringslivets efterfrågan;Konjunkturläge;2016M01;0.53
Näringslivets efterfrågan;Konjunkturläge;2016M02;0.47
Näringslivets efterfrågan;Konjunkturläge;2016M03;0.43
Näringslivets efterfrågan;Konjunkturläge;2016M04;0.4
Näringslivets efterfrågan;Konjunkturläge;2016M05;0.38
Näringslivets efterfrågan;Konjunkturläge;2016M06;0.36
Näringslivets efterfrågan;Konjunkturläge;2016M07;0.34
Näringslivets efterfrågan;Konjunkturläge;2016M08;0.33
Näringslivets efterfrågan;Konjunkturläge;2016M09;0.34
Näringslivets efterfrågan;Konjunkturläge;2016M10;0.39
Näringslivets efterfrågan;Konjunkturläge;2016M11;0.48
Näringslivets efterfrågan;Konjunkturläge;2016M12;0.59
Näringslivets efterfrågan;Konjunkturläge;2017M01;0.69
Näringslivets efterfrågan;Konjunkturläge;2017M02;0.78
Näringslivets efterfrågan;Konjunkturläge;2017M03;0.84
Näringslivets efterfrågan;Konjunkturläge;2017M04;0.9
Näringslivets efterfrågan;Konjunkturläge;2017M05;0.96
Näringslivets efterfrågan;Konjunkturläge;2017M06;1.04
Näringslivets efterfrågan;Konjunkturläge;2017M07;1.12
Näringslivets efterfrågan;Konjunkturläge;2017M08;1.2
Näringslivets efterfrågan;Konjunkturläge;2017M09;1.25
Näringslivets efterfrågan;Konjunkturläge;2017M10;1.26
Näringslivets efterfrågan;Konjunkturläge;2017M11;1.25
Näringslivets efterfrågan;Konjunkturläge;2017M12;1.21
Näringslivets efterfrågan;Konjunkturläge;2018M01;1.17
Näringslivets efterfrågan;Konjunkturläge;2018M02;1.14
Näringslivets efterfrågan;Konjunkturläge;2018M03;1.12
Näringslivets efterfrågan;Konjunkturläge;2018M04;1.1
Näringslivets efterfrågan;Konjunkturläge;2018M05;1.09
Näringslivets efterfrågan;Konjunkturläge;2018M06;1.09
Näringslivets efterfrågan;Konjunkturläge;2018M07;1.08
Näringslivets efterfrågan;Konjunkturläge;2018M08;1.07
Näringslivets efterfrågan;Konjunkturläge;2018M09;1.03
Näringslivets efterfrågan;Konjunkturläge;2018M10;0.98
Näringslivets efterfrågan;Konjunkturläge;2018M11;0.91
Näringslivets efterfrågan;Konjunkturläge;2018M12;0.81
Näringslivets efterfrågan;Konjunkturläge;2019M01;0.69
Näringslivets efterfrågan;Konjunkturläge;2019M02;0.56
Näringslivets efterfrågan;Konjunkturläge;2019M03;0.44
Näringslivets efterfrågan;Konjunkturläge;2019M04;0.32
Näringslivets efterfrågan;Konjunkturläge;2019M05;0.23
Näringslivets efterfrågan;Konjunkturläge;2019M06;0.14
Näringslivets efterfrågan;Konjunkturläge;2019M07;0.05
Näringslivets efterfrågan;Konjunkturläge;2019M08;-0.05
Näringslivets efterfrågan;Konjunkturläge;2019M09;-0.15
Näringslivets efterfrågan;Konjunkturläge;2019M10;-0.23
Näringslivets efterfrågan;Konjunkturläge;2019M11;-0.28
Näringslivets efterfrågan;Konjunkturläge;2019M12;-0.3
Näringslivets efterfrågan;Konjunkturläge;2020M01;-0.31
Näringslivets efterfrågan;Konjunkturläge;2020M02;-0.34
Näringslivets efterfrågan;Konjunkturläge;2020M03;-0.42
Näringslivets efterfrågan;Konjunkturläge;2020M04;-0.55
Näringslivets efterfrågan;Konjunkturläge;2020M05;-0.73
Näringslivets efterfrågan;Konjunkturläge;2020M06;-0.92
Näringslivets efterfrågan;Konjunkturläge;2020M07;-1.08
Näringslivets efterfrågan;Konjunkturläge;2020M08;-1.17
Näringslivets efterfrågan;Konjunkturläge;2020M09;-1.2
Näringslivets efterfrågan;Konjunkturläge;2020M10;-1.19
Näringslivets efterfrågan;Konjunkturläge;2020M11;-1.12
Näringslivets efterfrågan;Konjunkturläge;2020M12;-1.01
Näringslivets efterfrågan;Konjunkturläge;2021M01;-0.85
Näringslivets efterfrågan;Konjunkturläge;2021M02;-0.65
Näringslivets efterfrågan;Konjunkturläge;2021M03;-0.41
Näringslivets efterfrågan;Konjunkturläge;2021M04;-0.15
Näringslivets efterfrågan;Konjunkturläge;2021M05;0.11
Näringslivets efterfrågan;Konjunkturläge;2021M06;0.36
Näringslivets efterfrågan;Konjunkturläge;2021M07;0.58
Näringslivets efterfrågan;Konjunkturläge;2021M08;0.79
Näringslivets efterfrågan;Konjunkturläge;2021M09;0.97
Näringslivets efterfrågan;Konjunkturläge;2021M10;1.12
Näringslivets efterfrågan;Konjunkturläge;2021M11;1.23
Näringslivets efterfrågan;Konjunkturläge;2021M12;1.29
Näringslivets efterfrågan;Konjunkturläge;2022M01;1.32
Näringslivets efterfrågan;Konjunkturläge;2022M02;1.32
Näringslivets efterfrågan;Konjunkturläge;2022M03;1.32
Näringslivets efterfrågan;Konjunkturläge;2022M04;1.33
Näringslivets efterfrågan;Konjunkturläge;2022M05;1.33
Näringslivets efterfrågan;Konjunkturläge;2022M06;1.31
Näringslivets efterfrågan;Konjunkturläge;2022M07;1.26
Näringslivets efterfrågan;Konjunkturläge;2022M08;1.15
Näringslivets efterfrågan;Konjunkturläge;2022M09;0.99
Näringslivets efterfrågan;Konjunkturläge;2022M10;0.79
Näringslivets efterfrågan;Konjunkturläge;2022M11;0.58
Näringslivets efterfrågan;Konjunkturläge;2022M12;0.36
Näringslivets efterfrågan;Konjunkturläge;2023M01;0.16
Näringslivets efterfrågan;Konjunkturläge;2023M02;-0.02
Näringslivets efterfrågan;Konjunkturläge;2023M03;-0.18
Näringslivets efterfrågan;Konjunkturläge;2023M04;-0.33
Näringslivets efterfrågan;Konjunkturläge;2023M05;-0.45
Näringslivets efterfrågan;Konjunkturläge;2023M06;-0.55
Näringslivets efterfrågan;Konjunkturläge;2023M07;-0.63
Näringslivets efterfrågan;Konjunkturläge;2023M08;-0.69
Näringslivets efterfrågan;Konjunkturläge;2023M09;-0.72
Näringslivets efterfrågan;Konjunkturläge;2023M10;-0.72
Näringslivets efterfrågan;Konjunkturläge;2023M11;-0.71
Näringslivets efterfrågan;Konjunkturläge;2023M12;-0.7
Näringslivets efterfrågan;Konjunkturläge;2024M01;-0.69
Näringslivets efterfrågan;Konjunkturläge;2024M02;-0.68
Näringslivets efterfrågan;Konjunkturläge;2024M03;-0.69
Näringslivets efterfrågan;Konjunkturläge;2024M04;-0.69
Näringslivets efterfrågan;Konjunkturläge;2024M05;-0.71
Näringslivets efterfrågan;Konjunkturläge;2024M06;-0.74
Näringslivets efterfrågan;Konjunkturläge;2024M07;-0.76
Näringslivets efterfrågan;Konjunkturläge;2024M08;-0.78
Näringslivets efterfrågan;Konjunkturläge;2024M09;-0.79
Näringslivets efterfrågan;Konjunkturläge;2024M10;-0.78
Näringslivets efterfrågan;Konjunkturläge;2024M11;-0.75
Näringslivets efterfrågan;Konjunkturläge;2024M12;-0.71
Näringslivets efterfrågan;Konjunkturläge;2025M01;-0.66
Näringslivets efterfrågan;Konjunkturläge;2025M02;-0.61
Näringslivets efterfrågan;Konjunkturläge;2025M03;-0.56
Näringslivets efterfrågan;Konjunkturläge;2025M04;-0.53
Näringslivets efterfrågan;Konjunkturläge;2025M05;-0.5
Näringslivets efterfrågan;Konjunkturläge;2025M06;-0.46
Näringslivets efterfrågan;Konjunkturläge;2025M07;-0.41
Näringslivets efterfrågan;Konjunkturläge;2025M08;-0.34
Näringslivets efterfrågan;Konjunkturläge;2025M09;-0.26
Näringslivets efterfrågan;Konjunkturläge;2025M10;-0.18
Näringslivets efterfrågan;Konjunkturläge;2025M11;-0.11
Näringslivets efterfrågan;Konjunkturläge;2025M12;-0.04
Näringslivets efterfrågan;Konjunkturläge;2026M01;0.02
Näringslivets efterfrågan;Konjunkturläge;2026M02;0.08
Näringslivets efterfrågan;Konjunkturläge;2026M03;0.15
Näringslivets efterfrågan;Konjunkturläge;2026M04;0.24
Näringslivets efterfrågan;Konjunkturläge;2026M05;0.35
Näringslivets efterfrågan;Konjunkturläge;2026M06;0.46
Näringslivets efterfrågan;Konjunkturläge;2026M07;0.58
Näringslivets efterfrågan;Konjunkturläge;2026M08;0.69
Näringslivets efterfrågan;Förändring från föregående period;2000M01;
Näringslivets efterfrågan;Förändring från föregående period;2000M02;
Näringslivets efterfrågan;Förändring från föregående period;2000M03;
Näringslivets efterfrågan;Förändring från föregående period;2000M04;
Näringslivets efterfrågan;Förändring från föregående period;2000M05;
Näringslivets efterfrågan;Förändring från föregående period;2000M06;
Näringslivets efterfrågan;Förändring från föregående period;2000M07;
Näringslivets efterfrågan;Förändring från föregående period;2000M08;
Näringslivets efterfrågan;Förändring från föregående period;2000M09;
Näringslivets efterfrågan;Förändring från föregående period;2000M10;
Näringslivets efterfrågan;Förändring från föregående period;2000M11;
Näringslivets efterfrågan;Förändring från föregående period;2000M12;
Näringslivets efterfrågan;Förändring från föregående period;2001M01;
Näringslivets efterfrågan;Förändring från föregående period;2001M02;
Näringslivets efterfrågan;Förändring från föregående period;2001M03;
Näringslivets efterfrågan;Förändring från föregående period;2001M04;
Näringslivets efterfrågan;Förändring från föregående period;2001M05;
Näringslivets efterfrågan;Förändring från föregående period;2001M06;
Näringslivets efterfrågan;Förändring från föregående period;2001M07;
Näringslivets efterfrågan;Förändring från föregående period;2001M08;
Näringslivets efterfrågan;Förändring från föregående period;2001M09;
Näringslivets efterfrågan;Förändring från föregående period;2001M10;
Näringslivets efterfrågan;Förändring från föregående period;2001M11;
Näringslivets efterfrågan;Förändring från föregående period;2001M12;
Näringslivets efterfrågan;Förändring från föregående period;2002M01;0.08
Näringslivets efterfrågan;Förändring från föregående period;2002M02;0.07
Näringslivets efterfrågan;Förändring från föregående period;2002M03;0.05
Näringslivets efterfrågan;Förändring från föregående period;2002M04;0.02
Näringslivets efterfrågan;Förändring från föregående period;2002M05;-0.02
Näringslivets efterfrågan;Förändring från föregående period;2002M06;-0.06
Näringslivets efterfrågan;Förändring från föregående period;2002M07;-0.1
Näringslivets efterfrågan;Förändring från föregående period;2002M08;-0.11
Näringslivets efterfrågan;Förändring från föregående period;2002M09;-0.11
Näringslivets efterfrågan;Förändring från föregående period;2002M10;-0.1
Näringslivets efterfrågan;Förändring från föregående period;2002M11;-0.1
Näringslivets efterfrågan;Förändring från föregående period;2002M12;-0.09
Näringslivets efterfrågan;Förändring från föregående period;2003M01;-0.08
Näringslivets efterfrågan;Förändring från föregående period;2003M02;-0.1
Näringslivets efterfrågan;Förändring från föregående period;2003M03;-0.14
Näringslivets efterfrågan;Förändring från föregående period;2003M04;-0.18
Näringslivets efterfrågan;Förändring från föregående period;2003M05;-0.2
Näringslivets efterfrågan;Förändring från föregående period;2003M06;-0.19
Näringslivets efterfrågan;Förändring från föregående period;2003M07;-0.15
Näringslivets efterfrågan;Förändring från föregående period;2003M08;-0.09
Näringslivets efterfrågan;Förändring från föregående period;2003M09;-0.03
Näringslivets efterfrågan;Förändring från föregående period;2003M10;0.02
Näringslivets efterfrågan;Förändring från föregående period;2003M11;0.03
Näringslivets efterfrågan;Förändring från föregående period;2003M12;0.03
Näringslivets efterfrågan;Förändring från föregående period;2004M01;0.02
Näringslivets efterfrågan;Förändring från föregående period;2004M02;0.04
Näringslivets efterfrågan;Förändring från föregående period;2004M03;0.09
Näringslivets efterfrågan;Förändring från föregående period;2004M04;0.16
Näringslivets efterfrågan;Förändring från föregående period;2004M05;0.22
Näringslivets efterfrågan;Förändring från föregående period;2004M06;0.23
Näringslivets efterfrågan;Förändring från föregående period;2004M07;0.22
Näringslivets efterfrågan;Förändring från föregående period;2004M08;0.17
Näringslivets efterfrågan;Förändring från föregående period;2004M09;0.11
Näringslivets efterfrågan;Förändring från föregående period;2004M10;0.06
Näringslivets efterfrågan;Förändring från föregående period;2004M11;0.04
Näringslivets efterfrågan;Förändring från föregående period;2004M12;0.04
Näringslivets efterfrågan;Förändring från föregående period;2005M01;0.05
Näringslivets efterfrågan;Förändring från föregående period;2005M02;0.05
Näringslivets efterfrågan;Förändring från föregående period;2005M03;0.03
Näringslivets efterfrågan;Förändring från föregående period;2005M04;0.02
Näringslivets efterfrågan;Förändring från föregående period;2005M05;0.02
Näringslivets efterfrågan;Förändring från föregående period;2005M06;0.03
Näringslivets efterfrågan;Förändring från föregående period;2005M07;0.04
Näringslivets efterfrågan;Förändring från föregående period;2005M08;0.06
Näringslivets efterfrågan;Förändring från föregående period;2005M09;0.09
Näringslivets efterfrågan;Förändring från föregående period;2005M10;0.11
Näringslivets efterfrågan;Förändring från föregående period;2005M11;0.14
Näringslivets efterfrågan;Förändring från föregående period;2005M12;0.15
Näringslivets efterfrågan;Förändring från föregående period;2006M01;0.15
Näringslivets efterfrågan;Förändring från föregående period;2006M02;0.13
Näringslivets efterfrågan;Förändring från föregående period;2006M03;0.11
Näringslivets efterfrågan;Förändring från föregående period;2006M04;0.08
Näringslivets efterfrågan;Förändring från föregående period;2006M05;0.05
Näringslivets efterfrågan;Förändring från föregående period;2006M06;0.05
Näringslivets efterfrågan;Förändring från föregående period;2006M07;0.07
Näringslivets efterfrågan;Förändring från föregående period;2006M08;0.1
Näringslivets efterfrågan;Förändring från föregående period;2006M09;0.11
Näringslivets efterfrågan;Förändring från föregående period;2006M10;0.13
Näringslivets efterfrågan;Förändring från föregående period;2006M11;0.12
Näringslivets efterfrågan;Förändring från föregående period;2006M12;0.11
Näringslivets efterfrågan;Förändring från föregående period;2007M01;0.1
Näringslivets efterfrågan;Förändring från föregående period;2007M02;0.09
Näringslivets efterfrågan;Förändring från föregående period;2007M03;0.08
Näringslivets efterfrågan;Förändring från föregående period;2007M04;0.07
Näringslivets efterfrågan;Förändring från föregående period;2007M05;0.04
Näringslivets efterfrågan;Förändring från föregående period;2007M06;0.01
Näringslivets efterfrågan;Förändring från föregående period;2007M07;-0.03
Näringslivets efterfrågan;Förändring från föregående period;2007M08;-0.04
Näringslivets efterfrågan;Förändring från föregående period;2007M09;-0.05
Näringslivets efterfrågan;Förändring från föregående period;2007M10;-0.05
Näringslivets efterfrågan;Förändring från föregående period;2007M11;-0.05
Näringslivets efterfrågan;Förändring från föregående period;2007M12;-0.07
Näringslivets efterfrågan;Förändring från föregående period;2008M01;-0.08
Näringslivets efterfrågan;Förändring från föregående period;2008M02;-0.11
Näringslivets efterfrågan;Förändring från föregående period;2008M03;-0.14
Näringslivets efterfrågan;Förändring från föregående period;2008M04;-0.17
Näringslivets efterfrågan;Förändring från föregående period;2008M05;-0.17
Näringslivets efterfrågan;Förändring från föregående period;2008M06;-0.19
Näringslivets efterfrågan;Förändring från föregående period;2008M07;-0.22
Näringslivets efterfrågan;Förändring från föregående period;2008M08;-0.27
Näringslivets efterfrågan;Förändring från föregående period;2008M09;-0.33
Näringslivets efterfrågan;Förändring från föregående period;2008M10;-0.39
Näringslivets efterfrågan;Förändring från föregående period;2008M11;-0.43
Näringslivets efterfrågan;Förändring från föregående period;2008M12;-0.43
Näringslivets efterfrågan;Förändring från föregående period;2009M01;-0.39
Näringslivets efterfrågan;Förändring från föregående period;2009M02;-0.33
Näringslivets efterfrågan;Förändring från föregående period;2009M03;-0.25
Näringslivets efterfrågan;Förändring från föregående period;2009M04;-0.18
Näringslivets efterfrågan;Förändring från föregående period;2009M05;-0.12
Näringslivets efterfrågan;Förändring från föregående period;2009M06;-0.06
Näringslivets efterfrågan;Förändring från föregående period;2009M07;0
Näringslivets efterfrågan;Förändring från föregående period;2009M08;0.06
Näringslivets efterfrågan;Förändring från föregående period;2009M09;0.12
Näringslivets efterfrågan;Förändring från föregående period;2009M10;0.17
Näringslivets efterfrågan;Förändring från föregående period;2009M11;0.2
Näringslivets efterfrågan;Förändring från föregående period;2009M12;0.2
Näringslivets efterfrågan;Förändring från föregående period;2010M01;0.2
Näringslivets efterfrågan;Förändring från föregående period;2010M02;0.19
Näringslivets efterfrågan;Förändring från föregående period;2010M03;0.19
Näringslivets efterfrågan;Förändring från föregående period;2010M04;0.19
Näringslivets efterfrågan;Förändring från föregående period;2010M05;0.19
Näringslivets efterfrågan;Förändring från föregående period;2010M06;0.21
Näringslivets efterfrågan;Förändring från föregående period;2010M07;0.22
Näringslivets efterfrågan;Förändring från föregående period;2010M08;0.22
Näringslivets efterfrågan;Förändring från föregående period;2010M09;0.2
Näringslivets efterfrågan;Förändring från föregående period;2010M10;0.17
Näringslivets efterfrågan;Förändring från föregående period;2010M11;0.14
Näringslivets efterfrågan;Förändring från föregående period;2010M12;0.09
Näringslivets efterfrågan;Förändring från föregående period;2011M01;0.04
Näringslivets efterfrågan;Förändring från föregående period;2011M02;-0.01
Näringslivets efterfrågan;Förändring från föregående period;2011M03;-0.06
Näringslivets efterfrågan;Förändring från föregående period;2011M04;-0.1
Näringslivets efterfrågan;Förändring från föregående period;2011M05;-0.13
Näringslivets efterfrågan;Förändring från föregående period;2011M06;-0.15
Näringslivets efterfrågan;Förändring från föregående period;2011M07;-0.16
Näringslivets efterfrågan;Förändring från föregående period;2011M08;-0.15
Näringslivets efterfrågan;Förändring från föregående period;2011M09;-0.15
Näringslivets efterfrågan;Förändring från föregående period;2011M10;-0.14
Näringslivets efterfrågan;Förändring från föregående period;2011M11;-0.12
Näringslivets efterfrågan;Förändring från föregående period;2011M12;-0.08
Näringslivets efterfrågan;Förändring från föregående period;2012M01;-0.05
Näringslivets efterfrågan;Förändring från föregående period;2012M02;-0.01
Näringslivets efterfrågan;Förändring från föregående period;2012M03;0.02
Näringslivets efterfrågan;Förändring från föregående period;2012M04;0.02
Näringslivets efterfrågan;Förändring från föregående period;2012M05;-0.01
Näringslivets efterfrågan;Förändring från föregående period;2012M06;-0.06
Näringslivets efterfrågan;Förändring från föregående period;2012M07;-0.12
Näringslivets efterfrågan;Förändring från föregående period;2012M08;-0.16
Näringslivets efterfrågan;Förändring från föregående period;2012M09;-0.17
Näringslivets efterfrågan;Förändring från föregående period;2012M10;-0.14
Näringslivets efterfrågan;Förändring från föregående period;2012M11;-0.09
Näringslivets efterfrågan;Förändring från föregående period;2012M12;-0.05
Näringslivets efterfrågan;Förändring från föregående period;2013M01;-0.02
Näringslivets efterfrågan;Förändring från föregående period;2013M02;-0.01
Näringslivets efterfrågan;Förändring från föregående period;2013M03;-0.01
Näringslivets efterfrågan;Förändring från föregående period;2013M04;-0.01
Näringslivets efterfrågan;Förändring från föregående period;2013M05;0
Näringslivets efterfrågan;Förändring från föregående period;2013M06;0.02
Näringslivets efterfrågan;Förändring från föregående period;2013M07;0.05
Näringslivets efterfrågan;Förändring från föregående period;2013M08;0.08
Näringslivets efterfrågan;Förändring från föregående period;2013M09;0.09
Näringslivets efterfrågan;Förändring från föregående period;2013M10;0.09
Näringslivets efterfrågan;Förändring från föregående period;2013M11;0.08
Näringslivets efterfrågan;Förändring från föregående period;2013M12;0.07
Näringslivets efterfrågan;Förändring från föregående period;2014M01;0.05
Näringslivets efterfrågan;Förändring från föregående period;2014M02;0.03
Näringslivets efterfrågan;Förändring från föregående period;2014M03;0.02
Näringslivets efterfrågan;Förändring från föregående period;2014M04;0.01
Näringslivets efterfrågan;Förändring från föregående period;2014M05;0
Näringslivets efterfrågan;Förändring från föregående period;2014M06;0
Näringslivets efterfrågan;Förändring från föregående period;2014M07;0.01
Näringslivets efterfrågan;Förändring från föregående period;2014M08;0.01
Näringslivets efterfrågan;Förändring från föregående period;2014M09;0.01
Näringslivets efterfrågan;Förändring från föregående period;2014M10;0.03
Näringslivets efterfrågan;Förändring från föregående period;2014M11;0.05
Näringslivets efterfrågan;Förändring från föregående period;2014M12;0.07
Näringslivets efterfrågan;Förändring från föregående period;2015M01;0.09
Näringslivets efterfrågan;Förändring från föregående period;2015M02;0.11
Näringslivets efterfrågan;Förändring från föregående period;2015M03;0.12
Näringslivets efterfrågan;Förändring från föregående period;2015M04;0.12
Näringslivets efterfrågan;Förändring från föregående period;2015M05;0.13
Näringslivets efterfrågan;Förändring från föregående period;2015M06;0.13
Näringslivets efterfrågan;Förändring från föregående period;2015M07;0.13
Näringslivets efterfrågan;Förändring från föregående period;2015M08;0.13
Näringslivets efterfrågan;Förändring från föregående period;2015M09;0.12
Näringslivets efterfrågan;Förändring från föregående period;2015M10;0.09
Näringslivets efterfrågan;Förändring från föregående period;2015M11;0.04
Näringslivets efterfrågan;Förändring från föregående period;2015M12;-0.01
Näringslivets efterfrågan;Förändring från föregående period;2016M01;-0.04
Näringslivets efterfrågan;Förändring från föregående period;2016M02;-0.05
Näringslivets efterfrågan;Förändring från föregående period;2016M03;-0.04
Näringslivets efterfrågan;Förändring från föregående period;2016M04;-0.03
Näringslivets efterfrågan;Förändring från föregående period;2016M05;-0.02
Näringslivets efterfrågan;Förändring från föregående period;2016M06;-0.02
Näringslivets efterfrågan;Förändring från föregående period;2016M07;-0.02
Näringslivets efterfrågan;Förändring från föregående period;2016M08;-0.01
Näringslivets efterfrågan;Förändring från föregående period;2016M09;0.01
Näringslivets efterfrågan;Förändring från föregående period;2016M10;0.05
Näringslivets efterfrågan;Förändring från föregående period;2016M11;0.09
Näringslivets efterfrågan;Förändring från föregående period;2016M12;0.11
Näringslivets efterfrågan;Förändring från föregående period;2017M01;0.11
Näringslivets efterfrågan;Förändring från föregående period;2017M02;0.09
Näringslivets efterfrågan;Förändring från föregående period;2017M03;0.07
Näringslivets efterfrågan;Förändring från föregående period;2017M04;0.06
Näringslivets efterfrågan;Förändring från föregående period;2017M05;0.07
Näringslivets efterfrågan;Förändring från föregående period;2017M06;0.08
Näringslivets efterfrågan;Förändring från föregående period;2017M07;0.08
Näringslivets efterfrågan;Förändring från föregående period;2017M08;0.07
Näringslivets efterfrågan;Förändring från föregående period;2017M09;0.05
Näringslivets efterfrågan;Förändring från föregående period;2017M10;0.02
Näringslivets efterfrågan;Förändring från föregående period;2017M11;-0.02
Näringslivets efterfrågan;Förändring från föregående period;2017M12;-0.04
Näringslivets efterfrågan;Förändring från föregående period;2018M01;-0.04
Näringslivets efterfrågan;Förändring från föregående period;2018M02;-0.03
Näringslivets efterfrågan;Förändring från föregående period;2018M03;-0.02
Näringslivets efterfrågan;Förändring från föregående period;2018M04;-0.01
Näringslivets efterfrågan;Förändring från föregående period;2018M05;-0.01
Näringslivets efterfrågan;Förändring från föregående period;2018M06;-0.01
Näringslivets efterfrågan;Förändring från föregående period;2018M07;-0.01
Näringslivets efterfrågan;Förändring från föregående period;2018M08;-0.02
Näringslivets efterfrågan;Förändring från föregående period;2018M09;-0.03
Näringslivets efterfrågan;Förändring från föregående period;2018M10;-0.05
Näringslivets efterfrågan;Förändring från föregående period;2018M11;-0.07
Näringslivets efterfrågan;Förändring från föregående period;2018M12;-0.1
Näringslivets efterfrågan;Förändring från föregående period;2019M01;-0.12
Näringslivets efterfrågan;Förändring från föregående period;2019M02;-0.13
Näringslivets efterfrågan;Förändring från föregående period;2019M03;-0.12
Näringslivets efterfrågan;Förändring från föregående period;2019M04;-0.11
Näringslivets efterfrågan;Förändring från föregående period;2019M05;-0.1
Näringslivets efterfrågan;Förändring från föregående period;2019M06;-0.09
Näringslivets efterfrågan;Förändring från föregående period;2019M07;-0.09
Näringslivets efterfrågan;Förändring från föregående period;2019M08;-0.1
Näringslivets efterfrågan;Förändring från föregående period;2019M09;-0.1
Näringslivets efterfrågan;Förändring från föregående period;2019M10;-0.08
Näringslivets efterfrågan;Förändring från föregående period;2019M11;-0.05
Näringslivets efterfrågan;Förändring från föregående period;2019M12;-0.02
Näringslivets efterfrågan;Förändring från föregående period;2020M01;-0.01
Näringslivets efterfrågan;Förändring från föregående period;2020M02;-0.03
Näringslivets efterfrågan;Förändring från föregående period;2020M03;-0.08
Näringslivets efterfrågan;Förändring från föregående period;2020M04;-0.13
Näringslivets efterfrågan;Förändring från föregående period;2020M05;-0.18
Näringslivets efterfrågan;Förändring från föregående period;2020M06;-0.19
Näringslivets efterfrågan;Förändring från föregående period;2020M07;-0.15
Näringslivets efterfrågan;Förändring från föregående period;2020M08;-0.09
Näringslivets efterfrågan;Förändring från föregående period;2020M09;-0.03
Näringslivets efterfrågan;Förändring från föregående period;2020M10;0.02
Näringslivets efterfrågan;Förändring från föregående period;2020M11;0.07
Näringslivets efterfrågan;Förändring från föregående period;2020M12;0.11
Näringslivets efterfrågan;Förändring från föregående period;2021M01;0.15
Näringslivets efterfrågan;Förändring från föregående period;2021M02;0.2
Näringslivets efterfrågan;Förändring från föregående period;2021M03;0.24
Näringslivets efterfrågan;Förändring från föregående period;2021M04;0.26
Näringslivets efterfrågan;Förändring från föregående period;2021M05;0.26
Näringslivets efterfrågan;Förändring från föregående period;2021M06;0.25
Näringslivets efterfrågan;Förändring från föregående period;2021M07;0.22
Näringslivets efterfrågan;Förändring från föregående period;2021M08;0.2
Näringslivets efterfrågan;Förändring från föregående period;2021M09;0.18
Näringslivets efterfrågan;Förändring från föregående period;2021M10;0.15
Näringslivets efterfrågan;Förändring från föregående period;2021M11;0.11
Näringslivets efterfrågan;Förändring från föregående period;2021M12;0.06
Näringslivets efterfrågan;Förändring från föregående period;2022M01;0.03
Näringslivets efterfrågan;Förändring från föregående period;2022M02;0
Näringslivets efterfrågan;Förändring från föregående period;2022M03;0
Näringslivets efterfrågan;Förändring från föregående period;2022M04;0
Näringslivets efterfrågan;Förändring från föregående period;2022M05;0
Näringslivets efterfrågan;Förändring från föregående period;2022M06;-0.02
Näringslivets efterfrågan;Förändring från föregående period;2022M07;-0.05
Näringslivets efterfrågan;Förändring från föregående period;2022M08;-0.11
Näringslivets efterfrågan;Förändring från föregående period;2022M09;-0.16
Näringslivets efterfrågan;Förändring från föregående period;2022M10;-0.2
Näringslivets efterfrågan;Förändring från föregående period;2022M11;-0.22
Näringslivets efterfrågan;Förändring från föregående period;2022M12;-0.22
Näringslivets efterfrågan;Förändring från föregående period;2023M01;-0.2
Näringslivets efterfrågan;Förändring från föregående period;2023M02;-0.18
Näringslivets efterfrågan;Förändring från föregående period;2023M03;-0.16
Näringslivets efterfrågan;Förändring från föregående period;2023M04;-0.14
Näringslivets efterfrågan;Förändring från föregående period;2023M05;-0.12
Näringslivets efterfrågan;Förändring från föregående period;2023M06;-0.1
Näringslivets efterfrågan;Förändring från föregående period;2023M07;-0.08
Näringslivets efterfrågan;Förändring från föregående period;2023M08;-0.06
Näringslivets efterfrågan;Förändring från föregående period;2023M09;-0.03
Näringslivets efterfrågan;Förändring från föregående period;2023M10;-0.01
Näringslivets efterfrågan;Förändring från föregående period;2023M11;0.01
Näringslivets efterfrågan;Förändring från föregående period;2023M12;0.01
Näringslivets efterfrågan;Förändring från föregående period;2024M01;0.01
Näringslivets efterfrågan;Förändring från föregående period;2024M02;0.01
Näringslivets efterfrågan;Förändring från föregående period;2024M03;0
Näringslivets efterfrågan;Förändring från föregående period;2024M04;-0.01
Näringslivets efterfrågan;Förändring från föregående period;2024M05;-0.02
Näringslivets efterfrågan;Förändring från föregående period;2024M06;-0.03
Näringslivets efterfrågan;Förändring från föregående period;2024M07;-0.02
Näringslivets efterfrågan;Förändring från föregående period;2024M08;-0.02
Näringslivets efterfrågan;Förändring från föregående period;2024M09;-0.01
Näringslivets efterfrågan;Förändring från föregående period;2024M10;0.01
Näringslivets efterfrågan;Förändring från föregående period;2024M11;0.03
Näringslivets efterfrågan;Förändring från föregående period;2024M12;0.04
Näringslivets efterfrågan;Förändring från föregående period;2025M01;0.05
Näringslivets efterfrågan;Förändring från föregående period;2025M02;0.05
Näringslivets efterfrågan;Förändring från föregående period;2025M03;0.04
Näringslivets efterfrågan;Förändring från föregående period;2025M04;0.03
Näringslivets efterfrågan;Förändring från föregående period;2025M05;0.03
Näringslivets efterfrågan;Förändring från föregående period;2025M06;0.04
Näringslivets efterfrågan;Förändring från föregående period;2025M07;0.05
Näringslivets efterfrågan;Förändring från föregående period;2025M08;0.07
Näringslivets efterfrågan;Förändring från föregående period;2025M09;0.08
Näringslivets efterfrågan;Förändring från föregående period;2025M10;0.08
Näringslivets efterfrågan;Förändring från föregående period;2025M11;0.07
Näringslivets efterfrågan;Förändring från föregående period;2025M12;0.07
Näringslivets efterfrågan;Förändring från föregående period;2026M01;0.06
Näringslivets efterfrågan;Förändring från föregående period;2026M02;0.06
Näringslivets efterfrågan;Förändring från föregående period;2026M03;0.07
Näringslivets efterfrågan;Förändring från föregående period;2026M04;0.09
Näringslivets efterfrågan;Förändring från föregående period;2026M05;0.11
Näringslivets efterfrågan;Förändring från föregående period;2026M06;0.11
Näringslivets efterfrågan;Förändring från föregående period;2026M07;0.11
Näringslivets efterfrågan;Förändring från föregående period;2026M08;0.11
Hushållens konfidensindikator;Konjunkturläge;2000M01;2.08
Hushållens konfidensindikator;Konjunkturläge;2000M02;2.07
Hushållens konfidensindikator;Konjunkturläge;2000M03;2.04
Hushållens konfidensindikator;Konjunkturläge;2000M04;1.97
Hushållens konfidensindikator;Konjunkturläge;2000M05;1.87
Hushållens konfidensindikator;Konjunkturläge;2000M06;1.78
Hushållens konfidensindikator;Konjunkturläge;2000M07;1.73
Hushållens konfidensindikator;Konjunkturläge;2000M08;1.73
Hushållens konfidensindikator;Konjunkturläge;2000M09;1.73
Hushållens konfidensindikator;Konjunkturläge;2000M10;1.66
Hushållens konfidensindikator;Konjunkturläge;2000M11;1.5
Hushållens konfidensindikator;Konjunkturläge;2000M12;1.27
Hushållens konfidensindikator;Konjunkturläge;2001M01;1.01
Hushållens konfidensindikator;Konjunkturläge;2001M02;0.77
Hushållens konfidensindikator;Konjunkturläge;2001M03;0.6
Hushållens konfidensindikator;Konjunkturläge;2001M04;0.49
Hushållens konfidensindikator;Konjunkturläge;2001M05;0.42
Hushållens konfidensindikator;Konjunkturläge;2001M06;0.34
Hushållens konfidensindikator;Konjunkturläge;2001M07;0.23
Hushållens konfidensindikator;Konjunkturläge;2001M08;0.1
Hushållens konfidensindikator;Konjunkturläge;2001M09;0
Hushållens konfidensindikator;Konjunkturläge;2001M10;-0.01
Hushållens konfidensindikator;Konjunkturläge;2001M11;0.07
Hushållens konfidensindikator;Konjunkturläge;2001M12;0.23
Hushållens konfidensindikator;Konjunkturläge;2002M01;0.43
Hushållens konfidensindikator;Konjunkturläge;2002M02;0.61
Hushållens konfidensindikator;Konjunkturläge;2002M03;0.71
Hushållens konfidensindikator;Konjunkturläge;2002M04;0.74
Hushållens konfidensindikator;Konjunkturläge;2002M05;0.67
Hushållens konfidensindikator;Konjunkturläge;2002M06;0.57
Hushållens konfidensindikator;Konjunkturläge;2002M07;0.43
Hushållens konfidensindikator;Konjunkturläge;2002M08;0.3
Hushållens konfidensindikator;Konjunkturläge;2002M09;0.17
Hushållens konfidensindikator;Konjunkturläge;2002M10;0.04
Hushållens konfidensindikator;Konjunkturläge;2002M11;-0.08
Hushållens konfidensindikator;Konjunkturläge;2002M12;-0.21
Hushållens konfidensindikator;Konjunkturläge;2003M01;-0.33
Hushållens konfidensindikator;Konjunkturläge;2003M02;-0.42
Hushållens konfidensindikator;Konjunkturläge;2003M03;-0.47
Hushållens konfidensindikator;Konjunkturläge;2003M04;-0.43
Hushållens konfidensindikator;Konjunkturläge;2003M05;-0.31
Hushållens konfidensindikator;Konjunkturläge;2003M06;-0.13
Hushållens konfidensindikator;Konjunkturläge;2003M07;0.09
Hushållens konfidensindikator;Konjunkturläge;2003M08;0.28
Hushållens konfidensindikator;Konjunkturläge;2003M09;0.41
Hushållens konfidensindikator;Konjunkturläge;2003M10;0.48
Hushållens konfidensindikator;Konjunkturläge;2003M11;0.5
Hushållens konfidensindikator;Konjunkturläge;2003M12;0.49
Hushållens konfidensindikator;Konjunkturläge;2004M01;0.46
Hushållens konfidensindikator;Konjunkturläge;2004M02;0.43
Hushållens konfidensindikator;Konjunkturläge;2004M03;0.4
Hushållens konfidensindikator;Konjunkturläge;2004M04;0.37
Hushållens konfidensindikator;Konjunkturläge;2004M05;0.34
Hushållens konfidensindikator;Konjunkturläge;2004M06;0.32
Hushållens konfidensindikator;Konjunkturläge;2004M07;0.3
Hushållens konfidensindikator;Konjunkturläge;2004M08;0.3
Hushållens konfidensindikator;Konjunkturläge;2004M09;0.32
Hushållens konfidensindikator;Konjunkturläge;2004M10;0.37
Hushållens konfidensindikator;Konjunkturläge;2004M11;0.44
Hushållens konfidensindikator;Konjunkturläge;2004M12;0.49
Hushållens konfidensindikator;Konjunkturläge;2005M01;0.51
Hushållens konfidensindikator;Konjunkturläge;2005M02;0.5
Hushållens konfidensindikator;Konjunkturläge;2005M03;0.45
Hushållens konfidensindikator;Konjunkturläge;2005M04;0.39
Hushållens konfidensindikator;Konjunkturläge;2005M05;0.36
Hushållens konfidensindikator;Konjunkturläge;2005M06;0.37
Hushållens konfidensindikator;Konjunkturläge;2005M07;0.41
Hushållens konfidensindikator;Konjunkturläge;2005M08;0.47
Hushållens konfidensindikator;Konjunkturläge;2005M09;0.52
Hushållens konfidensindikator;Konjunkturläge;2005M10;0.58
Hushållens konfidensindikator;Konjunkturläge;2005M11;0.67
Hushållens konfidensindikator;Konjunkturläge;2005M12;0.77
Hushållens konfidensindikator;Konjunkturläge;2006M01;0.85
Hushållens konfidensindikator;Konjunkturläge;2006M02;0.91
Hushållens konfidensindikator;Konjunkturläge;2006M03;0.94
Hushållens konfidensindikator;Konjunkturläge;2006M04;0.96
Hushållens konfidensindikator;Konjunkturläge;2006M05;0.96
Hushållens konfidensindikator;Konjunkturläge;2006M06;0.95
Hushållens konfidensindikator;Konjunkturläge;2006M07;0.9
Hushållens konfidensindikator;Konjunkturläge;2006M08;0.86
Hushållens konfidensindikator;Konjunkturläge;2006M09;0.84
Hushållens konfidensindikator;Konjunkturläge;2006M10;0.81
Hushållens konfidensindikator;Konjunkturläge;2006M11;0.77
Hushållens konfidensindikator;Konjunkturläge;2006M12;0.74
Hushållens konfidensindikator;Konjunkturläge;2007M01;0.75
Hushållens konfidensindikator;Konjunkturläge;2007M02;0.78
Hushållens konfidensindikator;Konjunkturläge;2007M03;0.83
Hushållens konfidensindikator;Konjunkturläge;2007M04;0.9
Hushållens konfidensindikator;Konjunkturläge;2007M05;0.98
Hushållens konfidensindikator;Konjunkturläge;2007M06;1.04
Hushållens konfidensindikator;Konjunkturläge;2007M07;1.05
Hushållens konfidensindikator;Konjunkturläge;2007M08;1.01
Hushållens konfidensindikator;Konjunkturläge;2007M09;0.92
Hushållens konfidensindikator;Konjunkturläge;2007M10;0.81
Hushållens konfidensindikator;Konjunkturläge;2007M11;0.67
Hushållens konfidensindikator;Konjunkturläge;2007M12;0.48
Hushållens konfidensindikator;Konjunkturläge;2008M01;0.27
Hushållens konfidensindikator;Konjunkturläge;2008M02;0.1
Hushållens konfidensindikator;Konjunkturläge;2008M03;-0.04
Hushållens konfidensindikator;Konjunkturläge;2008M04;-0.23
Hushållens konfidensindikator;Konjunkturläge;2008M05;-0.51
Hushållens konfidensindikator;Konjunkturläge;2008M06;-0.84
Hushållens konfidensindikator;Konjunkturläge;2008M07;-1.16
Hushållens konfidensindikator;Konjunkturläge;2008M08;-1.4
Hushållens konfidensindikator;Konjunkturläge;2008M09;-1.56
Hushållens konfidensindikator;Konjunkturläge;2008M10;-1.65
Hushållens konfidensindikator;Konjunkturläge;2008M11;-1.64
Hushållens konfidensindikator;Konjunkturläge;2008M12;-1.53
Hushållens konfidensindikator;Konjunkturläge;2009M01;-1.37
Hushållens konfidensindikator;Konjunkturläge;2009M02;-1.24
Hushållens konfidensindikator;Konjunkturläge;2009M03;-1.16
Hushållens konfidensindikator;Konjunkturläge;2009M04;-1.09
Hushållens konfidensindikator;Konjunkturläge;2009M05;-0.95
Hushållens konfidensindikator;Konjunkturläge;2009M06;-0.72
Hushållens konfidensindikator;Konjunkturläge;2009M07;-0.41
Hushållens konfidensindikator;Konjunkturläge;2009M08;-0.1
Hushållens konfidensindikator;Konjunkturläge;2009M09;0.17
Hushållens konfidensindikator;Konjunkturläge;2009M10;0.34
Hushållens konfidensindikator;Konjunkturläge;2009M11;0.41
Hushållens konfidensindikator;Konjunkturläge;2009M12;0.42
Hushållens konfidensindikator;Konjunkturläge;2010M01;0.43
Hushållens konfidensindikator;Konjunkturläge;2010M02;0.48
Hushållens konfidensindikator;Konjunkturläge;2010M03;0.61
Hushållens konfidensindikator;Konjunkturläge;2010M04;0.75
Hushållens konfidensindikator;Konjunkturläge;2010M05;0.85
Hushållens konfidensindikator;Konjunkturläge;2010M06;0.93
Hushållens konfidensindikator;Konjunkturläge;2010M07;1.02
Hushållens konfidensindikator;Konjunkturläge;2010M08;1.12
Hushållens konfidensindikator;Konjunkturläge;2010M09;1.21
Hushållens konfidensindikator;Konjunkturläge;2010M10;1.27
Hushållens konfidensindikator;Konjunkturläge;2010M11;1.31
Hushållens konfidensindikator;Konjunkturläge;2010M12;1.28
Hushållens konfidensindikator;Konjunkturläge;2011M01;1.19
Hushållens konfidensindikator;Konjunkturläge;2011M02;1.03
Hushållens konfidensindikator;Konjunkturläge;2011M03;0.83
Hushållens konfidensindikator;Konjunkturläge;2011M04;0.65
Hushållens konfidensindikator;Konjunkturläge;2011M05;0.48
Hushållens konfidensindikator;Konjunkturläge;2011M06;0.3
Hushållens konfidensindikator;Konjunkturläge;2011M07;0.07
Hushållens konfidensindikator;Konjunkturläge;2011M08;-0.18
Hushållens konfidensindikator;Konjunkturläge;2011M09;-0.36
Hushållens konfidensindikator;Konjunkturläge;2011M10;-0.44
Hushållens konfidensindikator;Konjunkturläge;2011M11;-0.41
Hushållens konfidensindikator;Konjunkturläge;2011M12;-0.32
Hushållens konfidensindikator;Konjunkturläge;2012M01;-0.21
Hushållens konfidensindikator;Konjunkturläge;2012M02;-0.1
Hushållens konfidensindikator;Konjunkturläge;2012M03;-0.02
Hushållens konfidensindikator;Konjunkturläge;2012M04;0.04
Hushållens konfidensindikator;Konjunkturläge;2012M05;0.08
Hushållens konfidensindikator;Konjunkturläge;2012M06;0.11
Hushållens konfidensindikator;Konjunkturläge;2012M07;0.12
Hushållens konfidensindikator;Konjunkturläge;2012M08;0.11
Hushållens konfidensindikator;Konjunkturläge;2012M09;0.06
Hushållens konfidensindikator;Konjunkturläge;2012M10;-0.05
Hushållens konfidensindikator;Konjunkturläge;2012M11;-0.18
Hushållens konfidensindikator;Konjunkturläge;2012M12;-0.26
Hushållens konfidensindikator;Konjunkturläge;2013M01;-0.26
Hushållens konfidensindikator;Konjunkturläge;2013M02;-0.19
Hushållens konfidensindikator;Konjunkturläge;2013M03;-0.11
Hushållens konfidensindikator;Konjunkturläge;2013M04;-0.05
Hushållens konfidensindikator;Konjunkturläge;2013M05;-0.01
Hushållens konfidensindikator;Konjunkturläge;2013M06;0.05
Hushållens konfidensindikator;Konjunkturläge;2013M07;0.15
Hushållens konfidensindikator;Konjunkturläge;2013M08;0.27
Hushållens konfidensindikator;Konjunkturläge;2013M09;0.39
Hushållens konfidensindikator;Konjunkturläge;2013M10;0.5
Hushållens konfidensindikator;Konjunkturläge;2013M11;0.58
Hushållens konfidensindikator;Konjunkturläge;2013M12;0.6
Hushållens konfidensindikator;Konjunkturläge;2014M01;0.55
Hushållens konfidensindikator;Konjunkturläge;2014M02;0.46
Hushållens konfidensindikator;Konjunkturläge;2014M03;0.4
Hushållens konfidensindikator;Konjunkturläge;2014M04;0.42
Hushållens konfidensindikator;Konjunkturläge;2014M05;0.46
Hushållens konfidensindikator;Konjunkturläge;2014M06;0.48
Hushållens konfidensindikator;Konjunkturläge;2014M07;0.45
Hushållens konfidensindikator;Konjunkturläge;2014M08;0.38
Hushållens konfidensindikator;Konjunkturläge;2014M09;0.3
Hushållens konfidensindikator;Konjunkturläge;2014M10;0.24
Hushållens konfidensindikator;Konjunkturläge;2014M11;0.22
Hushållens konfidensindikator;Konjunkturläge;2014M12;0.21
Hushållens konfidensindikator;Konjunkturläge;2015M01;0.21
Hushållens konfidensindikator;Konjunkturläge;2015M02;0.2
Hushållens konfidensindikator;Konjunkturläge;2015M03;0.18
Hushållens konfidensindikator;Konjunkturläge;2015M04;0.16
Hushållens konfidensindikator;Konjunkturläge;2015M05;0.15
Hushållens konfidensindikator;Konjunkturläge;2015M06;0.13
Hushållens konfidensindikator;Konjunkturläge;2015M07;0.11
Hushållens konfidensindikator;Konjunkturläge;2015M08;0.07
Hushållens konfidensindikator;Konjunkturläge;2015M09;0.03
Hushållens konfidensindikator;Konjunkturläge;2015M10;-0.01
Hushållens konfidensindikator;Konjunkturläge;2015M11;-0.02
Hushållens konfidensindikator;Konjunkturläge;2015M12;0
Hushållens konfidensindikator;Konjunkturläge;2016M01;0.05
Hushållens konfidensindikator;Konjunkturläge;2016M02;0.09
Hushållens konfidensindikator;Konjunkturläge;2016M03;0.1
Hushållens konfidensindikator;Konjunkturläge;2016M04;0.11
Hushållens konfidensindikator;Konjunkturläge;2016M05;0.1
Hushållens konfidensindikator;Konjunkturläge;2016M06;0.11
Hushållens konfidensindikator;Konjunkturläge;2016M07;0.15
Hushållens konfidensindikator;Konjunkturläge;2016M08;0.23
Hushållens konfidensindikator;Konjunkturläge;2016M09;0.31
Hushållens konfidensindikator;Konjunkturläge;2016M10;0.37
Hushållens konfidensindikator;Konjunkturläge;2016M11;0.4
Hushållens konfidensindikator;Konjunkturläge;2016M12;0.4
Hushållens konfidensindikator;Konjunkturläge;2017M01;0.42
Hushållens konfidensindikator;Konjunkturläge;2017M02;0.44
Hushållens konfidensindikator;Konjunkturläge;2017M03;0.48
Hushållens konfidensindikator;Konjunkturläge;2017M04;0.52
Hushållens konfidensindikator;Konjunkturläge;2017M05;0.54
Hushållens konfidensindikator;Konjunkturläge;2017M06;0.54
Hushållens konfidensindikator;Konjunkturläge;2017M07;0.51
Hushållens konfidensindikator;Konjunkturläge;2017M08;0.5
Hushållens konfidensindikator;Konjunkturläge;2017M09;0.53
Hushållens konfidensindikator;Konjunkturläge;2017M10;0.6
Hushållens konfidensindikator;Konjunkturläge;2017M11;0.69
Hushållens konfidensindikator;Konjunkturläge;2017M12;0.71
Hushållens konfidensindikator;Konjunkturläge;2018M01;0.65
Hushållens konfidensindikator;Konjunkturläge;2018M02;0.55
Hushållens konfidensindikator;Konjunkturläge;2018M03;0.46
Hushållens konfidensindikator;Konjunkturläge;2018M04;0.4
Hushållens konfidensindikator;Konjunkturläge;2018M05;0.36
Hushållens konfidensindikator;Konjunkturläge;2018M06;0.37
Hushållens konfidensindikator;Konjunkturläge;2018M07;0.38
Hushållens konfidensindikator;Konjunkturläge;2018M08;0.37
Hushållens konfidensindikator;Konjunkturläge;2018M09;0.33
Hushållens konfidensindikator;Konjunkturläge;2018M10;0.22
Hushållens konfidensindikator;Konjunkturläge;2018M11;0.06
Hushållens konfidensindikator;Konjunkturläge;2018M12;-0.07
Hushållens konfidensindikator;Konjunkturläge;2019M01;-0.13
Hushållens konfidensindikator;Konjunkturläge;2019M02;-0.11
Hushållens konfidensindikator;Konjunkturläge;2019M03;-0.06
Hushållens konfidensindikator;Konjunkturläge;2019M04;-0.01
Hushållens konfidensindikator;Konjunkturläge;2019M05;-0.01
Hushållens konfidensindikator;Konjunkturläge;2019M06;-0.05
Hushållens konfidensindikator;Konjunkturläge;2019M07;-0.11
Hushållens konfidensindikator;Konjunkturläge;2019M08;-0.15
Hushållens konfidensindikator;Konjunkturläge;2019M09;-0.19
Hushållens konfidensindikator;Konjunkturläge;2019M10;-0.21
Hushållens konfidensindikator;Konjunkturläge;2019M11;-0.2
Hushållens konfidensindikator;Konjunkturläge;2019M12;-0.17
Hushållens konfidensindikator;Konjunkturläge;2020M01;-0.18
Hushållens konfidensindikator;Konjunkturläge;2020M02;-0.24
Hushållens konfidensindikator;Konjunkturläge;2020M03;-0.34
Hushållens konfidensindikator;Konjunkturläge;2020M04;-0.43
Hushållens konfidensindikator;Konjunkturläge;2020M05;-0.48
Hushållens konfidensindikator;Konjunkturläge;2020M06;-0.49
Hushållens konfidensindikator;Konjunkturläge;2020M07;-0.44
Hushållens konfidensindikator;Konjunkturläge;2020M08;-0.37
Hushållens konfidensindikator;Konjunkturläge;2020M09;-0.3
Hushållens konfidensindikator;Konjunkturläge;2020M10;-0.25
Hushållens konfidensindikator;Konjunkturläge;2020M11;-0.19
Hushållens konfidensindikator;Konjunkturläge;2020M12;-0.11
Hushållens konfidensindikator;Konjunkturläge;2021M01;-0.01
Hushållens konfidensindikator;Konjunkturläge;2021M02;0.14
Hushållens konfidensindikator;Konjunkturläge;2021M03;0.31
Hushållens konfidensindikator;Konjunkturläge;2021M04;0.45
Hushållens konfidensindikator;Konjunkturläge;2021M05;0.57
Hushållens konfidensindikator;Konjunkturläge;2021M06;0.66
Hushållens konfidensindikator;Konjunkturläge;2021M07;0.75
Hushållens konfidensindikator;Konjunkturläge;2021M08;0.8
Hushållens konfidensindikator;Konjunkturläge;2021M09;0.79
Hushållens konfidensindikator;Konjunkturläge;2021M10;0.69
Hushållens konfidensindikator;Konjunkturläge;2021M11;0.51
Hushållens konfidensindikator;Konjunkturläge;2021M12;0.25
Hushållens konfidensindikator;Konjunkturläge;2022M01;-0.09
Hushållens konfidensindikator;Konjunkturläge;2022M02;-0.53
Hushållens konfidensindikator;Konjunkturläge;2022M03;-1.04
Hushållens konfidensindikator;Konjunkturläge;2022M04;-1.57
Hushållens konfidensindikator;Konjunkturläge;2022M05;-2.05
Hushållens konfidensindikator;Konjunkturläge;2022M06;-2.48
Hushållens konfidensindikator;Konjunkturläge;2022M07;-2.86
Hushållens konfidensindikator;Konjunkturläge;2022M08;-3.15
Hushållens konfidensindikator;Konjunkturläge;2022M09;-3.35
Hushållens konfidensindikator;Konjunkturläge;2022M10;-3.45
Hushållens konfidensindikator;Konjunkturläge;2022M11;-3.49
Hushållens konfidensindikator;Konjunkturläge;2022M12;-3.48
Hushållens konfidensindikator;Konjunkturläge;2023M01;-3.42
Hushållens konfidensindikator;Konjunkturläge;2023M02;-3.32
Hushållens konfidensindikator;Konjunkturläge;2023M03;-3.16
Hushållens konfidensindikator;Konjunkturläge;2023M04;-2.97
Hushållens konfidensindikator;Konjunkturläge;2023M05;-2.8
Hushållens konfidensindikator;Konjunkturläge;2023M06;-2.7
Hushållens konfidensindikator;Konjunkturläge;2023M07;-2.7
Hushållens konfidensindikator;Konjunkturläge;2023M08;-2.76
Hushållens konfidensindikator;Konjunkturläge;2023M09;-2.83
Hushållens konfidensindikator;Konjunkturläge;2023M10;-2.8
Hushållens konfidensindikator;Konjunkturläge;2023M11;-2.63
Hushållens konfidensindikator;Konjunkturläge;2023M12;-2.33
Hushållens konfidensindikator;Konjunkturläge;2024M01;-1.96
Hushållens konfidensindikator;Konjunkturläge;2024M02;-1.56
Hushållens konfidensindikator;Konjunkturläge;2024M03;-1.19
Hushållens konfidensindikator;Konjunkturläge;2024M04;-0.88
Hushållens konfidensindikator;Konjunkturläge;2024M05;-0.64
Hushållens konfidensindikator;Konjunkturläge;2024M06;-0.48
Hushållens konfidensindikator;Konjunkturläge;2024M07;-0.33
Hushållens konfidensindikator;Konjunkturläge;2024M08;-0.18
Hushållens konfidensindikator;Konjunkturläge;2024M09;-0.06
Hushållens konfidensindikator;Konjunkturläge;2024M10;0
Hushållens konfidensindikator;Konjunkturläge;2024M11;-0.05
Hushållens konfidensindikator;Konjunkturläge;2024M12;-0.2
Hushållens konfidensindikator;Konjunkturläge;2025M01;-0.41
Hushållens konfidensindikator;Konjunkturläge;2025M02;-0.6
Hushållens konfidensindikator;Konjunkturläge;2025M03;-0.76
Hushållens konfidensindikator;Konjunkturläge;2025M04;-0.86
Hushållens konfidensindikator;Konjunkturläge;2025M05;-0.89
Hushållens konfidensindikator;Konjunkturläge;2025M06;-0.84
Hushållens konfidensindikator;Konjunkturläge;2025M07;-0.76
Hushållens konfidensindikator;Konjunkturläge;2025M08;-0.67
Hushållens konfidensindikator;Konjunkturläge;2025M09;-0.6
Hushållens konfidensindikator;Konjunkturläge;2025M10;-0.54
Hushållens konfidensindikator;Konjunkturläge;2025M11;-0.51
Hushållens konfidensindikator;Konjunkturläge;2025M12;-0.49
Hushållens konfidensindikator;Konjunkturläge;2026M01;-0.5
Hushållens konfidensindikator;Konjunkturläge;2026M02;-0.51
Hushållens konfidensindikator;Konjunkturläge;2026M03;-0.53
Hushållens konfidensindikator;Konjunkturläge;2026M04;-0.53
Hushållens konfidensindikator;Konjunkturläge;2026M05;-0.5
Hushållens konfidensindikator;Konjunkturläge;2026M06;-0.42
Hushållens konfidensindikator;Konjunkturläge;2026M07;-0.3
Hushållens konfidensindikator;Konjunkturläge;2026M08;-0.19
Hushållens konfidensindikator;Förändring från föregående period;2000M01;
Hushållens konfidensindikator;Förändring från föregående period;2000M02;-0.01
Hushållens konfidensindikator;Förändring från föregående period;2000M03;-0.03
Hushållens konfidensindikator;Förändring från föregående period;2000M04;-0.07
Hushållens konfidensindikator;Förändring från föregående period;2000M05;-0.1
Hushållens konfidensindikator;Förändring från föregående period;2000M06;-0.1
Hushållens konfidensindikator;Förändring från föregående period;2000M07;-0.05
Hushållens konfidensindikator;Förändring från föregående period;2000M08;0
Hushållens konfidensindikator;Förändring från föregående period;2000M09;0
Hushållens konfidensindikator;Förändring från föregående period;2000M10;-0.07
Hushållens konfidensindikator;Förändring från föregående period;2000M11;-0.16
Hushållens konfidensindikator;Förändring från föregående period;2000M12;-0.23
Hushållens konfidensindikator;Förändring från föregående period;2001M01;-0.26
Hushållens konfidensindikator;Förändring från föregående period;2001M02;-0.24
Hushållens konfidensindikator;Förändring från föregående period;2001M03;-0.17
Hushållens konfidensindikator;Förändring från föregående period;2001M04;-0.11
Hushållens konfidensindikator;Förändring från föregående period;2001M05;-0.07
Hushållens konfidensindikator;Förändring från föregående period;2001M06;-0.08
Hushållens konfidensindikator;Förändring från föregående period;2001M07;-0.11
Hushållens konfidensindikator;Förändring från föregående period;2001M08;-0.13
Hushållens konfidensindikator;Förändring från föregående period;2001M09;-0.1
Hushållens konfidensindikator;Förändring från föregående period;2001M10;-0.01
Hushållens konfidensindikator;Förändring från föregående period;2001M11;0.09
Hushållens konfidensindikator;Förändring från föregående period;2001M12;0.16
Hushållens konfidensindikator;Förändring från föregående period;2002M01;0.2
Hushållens konfidensindikator;Förändring från föregående period;2002M02;0.18
Hushållens konfidensindikator;Förändring från föregående period;2002M03;0.11
Hushållens konfidensindikator;Förändring från föregående period;2002M04;0.02
Hushållens konfidensindikator;Förändring från föregående period;2002M05;-0.06
Hushållens konfidensindikator;Förändring från föregående period;2002M06;-0.11
Hushållens konfidensindikator;Förändring från föregående period;2002M07;-0.14
Hushållens konfidensindikator;Förändring från föregående period;2002M08;-0.13
Hushållens konfidensindikator;Förändring från föregående period;2002M09;-0.12
Hushållens konfidensindikator;Förändring från föregående period;2002M10;-0.13
Hushållens konfidensindikator;Förändring från föregående period;2002M11;-0.13
Hushållens konfidensindikator;Förändring från föregående period;2002M12;-0.12
Hushållens konfidensindikator;Förändring från föregående period;2003M01;-0.13
Hushållens konfidensindikator;Förändring från föregående period;2003M02;-0.09
Hushållens konfidensindikator;Förändring från föregående period;2003M03;-0.04
Hushållens konfidensindikator;Förändring från föregående period;2003M04;0.04
Hushållens konfidensindikator;Förändring från föregående period;2003M05;0.12
Hushållens konfidensindikator;Förändring från föregående period;2003M06;0.18
Hushållens konfidensindikator;Förändring från föregående period;2003M07;0.21
Hushållens konfidensindikator;Förändring från föregående period;2003M08;0.19
Hushållens konfidensindikator;Förändring från föregående period;2003M09;0.14
Hushållens konfidensindikator;Förändring från föregående period;2003M10;0.07
Hushållens konfidensindikator;Förändring från föregående period;2003M11;0.02
Hushållens konfidensindikator;Förändring från föregående period;2003M12;-0.01
Hushållens konfidensindikator;Förändring från föregående period;2004M01;-0.03
Hushållens konfidensindikator;Förändring från föregående period;2004M02;-0.03
Hushållens konfidensindikator;Förändring från föregående period;2004M03;-0.03
Hushållens konfidensindikator;Förändring från föregående period;2004M04;-0.03
Hushållens konfidensindikator;Förändring från föregående period;2004M05;-0.02
Hushållens konfidensindikator;Förändring från föregående period;2004M06;-0.02
Hushållens konfidensindikator;Förändring från föregående period;2004M07;-0.02
Hushållens konfidensindikator;Förändring från föregående period;2004M08;-0.01
Hushållens konfidensindikator;Förändring från föregående period;2004M09;0.02
Hushållens konfidensindikator;Förändring från föregående period;2004M10;0.05
Hushållens konfidensindikator;Förändring från föregående period;2004M11;0.06
Hushållens konfidensindikator;Förändring från föregående period;2004M12;0.05
Hushållens konfidensindikator;Förändring från föregående period;2005M01;0.02
Hushållens konfidensindikator;Förändring från föregående period;2005M02;-0.02
Hushållens konfidensindikator;Förändring från föregående period;2005M03;-0.04
Hushållens konfidensindikator;Förändring från föregående period;2005M04;-0.06
Hushållens konfidensindikator;Förändring från föregående period;2005M05;-0.03
Hushållens konfidensindikator;Förändring från föregående period;2005M06;0.01
Hushållens konfidensindikator;Förändring från föregående period;2005M07;0.04
Hushållens konfidensindikator;Förändring från föregående period;2005M08;0.06
Hushållens konfidensindikator;Förändring från föregående period;2005M09;0.05
Hushållens konfidensindikator;Förändring från föregående period;2005M10;0.06
Hushållens konfidensindikator;Förändring från föregående period;2005M11;0.09
Hushållens konfidensindikator;Förändring från föregående period;2005M12;0.1
Hushållens konfidensindikator;Förändring från föregående period;2006M01;0.08
Hushållens konfidensindikator;Förändring från föregående period;2006M02;0.05
Hushållens konfidensindikator;Förändring från föregående period;2006M03;0.03
Hushållens konfidensindikator;Förändring från föregående period;2006M04;0.02
Hushållens konfidensindikator;Förändring från föregående period;2006M05;0.01
Hushållens konfidensindikator;Förändring från föregående period;2006M06;-0.02
Hushållens konfidensindikator;Förändring från föregående period;2006M07;-0.04
Hushållens konfidensindikator;Förändring från föregående period;2006M08;-0.04
Hushållens konfidensindikator;Förändring från föregående period;2006M09;-0.02
Hushållens konfidensindikator;Förändring från föregående period;2006M10;-0.03
Hushållens konfidensindikator;Förändring från föregående period;2006M11;-0.04
Hushållens konfidensindikator;Förändring från föregående period;2006M12;-0.03
Hushållens konfidensindikator;Förändring från föregående period;2007M01;0
Hushållens konfidensindikator;Förändring från föregående period;2007M02;0.03
Hushållens konfidensindikator;Förändring från föregående period;2007M03;0.05
Hushållens konfidensindikator;Förändring från föregående period;2007M04;0.07
Hushållens konfidensindikator;Förändring från föregående period;2007M05;0.08
Hushållens konfidensindikator;Förändring från föregående period;2007M06;0.06
Hushållens konfidensindikator;Förändring från föregående period;2007M07;0.01
Hushållens konfidensindikator;Förändring från föregående period;2007M08;-0.05
Hushållens konfidensindikator;Förändring från föregående period;2007M09;-0.09
Hushållens konfidensindikator;Förändring från föregående period;2007M10;-0.11
Hushållens konfidensindikator;Förändring från föregående period;2007M11;-0.14
Hushållens konfidensindikator;Förändring från föregående period;2007M12;-0.19
Hushållens konfidensindikator;Förändring från föregående period;2008M01;-0.21
Hushållens konfidensindikator;Förändring från föregående period;2008M02;-0.17
Hushållens konfidensindikator;Förändring från föregående period;2008M03;-0.14
Hushållens konfidensindikator;Förändring från föregående period;2008M04;-0.19
Hushållens konfidensindikator;Förändring från föregående period;2008M05;-0.28
Hushållens konfidensindikator;Förändring från föregående period;2008M06;-0.33
Hushållens konfidensindikator;Förändring från föregående period;2008M07;-0.32
Hushållens konfidensindikator;Förändring från föregående period;2008M08;-0.24
Hushållens konfidensindikator;Förändring från föregående period;2008M09;-0.16
Hushållens konfidensindikator;Förändring från föregående period;2008M10;-0.09
Hushållens konfidensindikator;Förändring från föregående period;2008M11;0.01
Hushållens konfidensindikator;Förändring från föregående period;2008M12;0.11
Hushållens konfidensindikator;Förändring från föregående period;2009M01;0.16
Hushållens konfidensindikator;Förändring från föregående period;2009M02;0.13
Hushållens konfidensindikator;Förändring från föregående period;2009M03;0.08
Hushållens konfidensindikator;Förändring från föregående period;2009M04;0.07
Hushållens konfidensindikator;Förändring från föregående period;2009M05;0.14
Hushållens konfidensindikator;Förändring från föregående period;2009M06;0.24
Hushållens konfidensindikator;Förändring från föregående period;2009M07;0.3
Hushållens konfidensindikator;Förändring från föregående period;2009M08;0.32
Hushållens konfidensindikator;Förändring från föregående period;2009M09;0.27
Hushållens konfidensindikator;Förändring från föregående period;2009M10;0.17
Hushållens konfidensindikator;Förändring från föregående period;2009M11;0.07
Hushållens konfidensindikator;Förändring från föregående period;2009M12;0.01
Hushållens konfidensindikator;Förändring från föregående period;2010M01;0.01
Hushållens konfidensindikator;Förändring från föregående period;2010M02;0.05
Hushållens konfidensindikator;Förändring från föregående period;2010M03;0.13
Hushållens konfidensindikator;Förändring från föregående period;2010M04;0.14
Hushållens konfidensindikator;Förändring från föregående period;2010M05;0.1
Hushållens konfidensindikator;Förändring från föregående period;2010M06;0.08
Hushållens konfidensindikator;Förändring från föregående period;2010M07;0.09
Hushållens konfidensindikator;Förändring från föregående period;2010M08;0.1
Hushållens konfidensindikator;Förändring från föregående period;2010M09;0.09
Hushållens konfidensindikator;Förändring från föregående period;2010M10;0.07
Hushållens konfidensindikator;Förändring från föregående period;2010M11;0.03
Hushållens konfidensindikator;Förändring från föregående period;2010M12;-0.03
Hushållens konfidensindikator;Förändring från föregående period;2011M01;-0.09
Hushållens konfidensindikator;Förändring från föregående period;2011M02;-0.16
Hushållens konfidensindikator;Förändring från föregående period;2011M03;-0.2
Hushållens konfidensindikator;Förändring från föregående period;2011M04;-0.18
Hushållens konfidensindikator;Förändring från föregående period;2011M05;-0.17
Hushållens konfidensindikator;Förändring från föregående period;2011M06;-0.18
Hushållens konfidensindikator;Förändring från föregående period;2011M07;-0.23
Hushållens konfidensindikator;Förändring från föregående period;2011M08;-0.24
Hushållens konfidensindikator;Förändring från föregående period;2011M09;-0.19
Hushållens konfidensindikator;Förändring från föregående period;2011M10;-0.08
Hushållens konfidensindikator;Förändring från föregående period;2011M11;0.02
Hushållens konfidensindikator;Förändring från föregående period;2011M12;0.09
Hushållens konfidensindikator;Förändring från föregående period;2012M01;0.11
Hushållens konfidensindikator;Förändring från föregående period;2012M02;0.11
Hushållens konfidensindikator;Förändring från föregående period;2012M03;0.08
Hushållens konfidensindikator;Förändring från föregående period;2012M04;0.05
Hushållens konfidensindikator;Förändring från föregående period;2012M05;0.04
Hushållens konfidensindikator;Förändring från föregående period;2012M06;0.03
Hushållens konfidensindikator;Förändring från föregående period;2012M07;0.02
Hushållens konfidensindikator;Förändring från föregående period;2012M08;-0.01
Hushållens konfidensindikator;Förändring från föregående period;2012M09;-0.06
Hushållens konfidensindikator;Förändring från föregående period;2012M10;-0.11
Hushållens konfidensindikator;Förändring från föregående period;2012M11;-0.12
Hushållens konfidensindikator;Förändring från föregående period;2012M12;-0.09
Hushållens konfidensindikator;Förändring från föregående period;2013M01;0
Hushållens konfidensindikator;Förändring från föregående period;2013M02;0.07
Hushållens konfidensindikator;Förändring från föregående period;2013M03;0.08
Hushållens konfidensindikator;Förändring från föregående period;2013M04;0.06
Hushållens konfidensindikator;Förändring från föregående period;2013M05;0.04
Hushållens konfidensindikator;Förändring från föregående period;2013M06;0.06
Hushållens konfidensindikator;Förändring från föregående period;2013M07;0.1
Hushållens konfidensindikator;Förändring från föregående period;2013M08;0.12
Hushållens konfidensindikator;Förändring från föregående period;2013M09;0.13
Hushållens konfidensindikator;Förändring från föregående period;2013M10;0.11
Hushållens konfidensindikator;Förändring från föregående period;2013M11;0.08
Hushållens konfidensindikator;Förändring från föregående period;2013M12;0.02
Hushållens konfidensindikator;Förändring från föregående period;2014M01;-0.06
Hushållens konfidensindikator;Förändring från föregående period;2014M02;-0.09
Hushållens konfidensindikator;Förändring från föregående period;2014M03;-0.05
Hushållens konfidensindikator;Förändring från föregående period;2014M04;0.01
Hushållens konfidensindikator;Förändring från föregående period;2014M05;0.04
Hushållens konfidensindikator;Förändring från föregående period;2014M06;0.02
Hushållens konfidensindikator;Förändring från föregående period;2014M07;-0.02
Hushållens konfidensindikator;Förändring från föregående period;2014M08;-0.07
Hushållens konfidensindikator;Förändring från föregående period;2014M09;-0.08
Hushållens konfidensindikator;Förändring från föregående period;2014M10;-0.06
Hushållens konfidensindikator;Förändring från föregående period;2014M11;-0.03
Hushållens konfidensindikator;Förändring från föregående period;2014M12;0
Hushållens konfidensindikator;Förändring från föregående period;2015M01;0
Hushållens konfidensindikator;Förändring från föregående period;2015M02;-0.01
Hushållens konfidensindikator;Förändring från föregående period;2015M03;-0.02
Hushållens konfidensindikator;Förändring från föregående period;2015M04;-0.02
Hushållens konfidensindikator;Förändring från föregående period;2015M05;-0.01
Hushållens konfidensindikator;Förändring från föregående period;2015M06;-0.01
Hushållens konfidensindikator;Förändring från föregående period;2015M07;-0.02
Hushållens konfidensindikator;Förändring från föregående period;2015M08;-0.04
Hushållens konfidensindikator;Förändring från föregående period;2015M09;-0.05
Hushållens konfidensindikator;Förändring från föregående period;2015M10;-0.04
Hushållens konfidensindikator;Förändring från föregående period;2015M11;-0.01
Hushållens konfidensindikator;Förändring från föregående period;2015M12;0.02
Hushållens konfidensindikator;Förändring från föregående period;2016M01;0.05
Hushållens konfidensindikator;Förändring från föregående period;2016M02;0.04
Hushållens konfidensindikator;Förändring från föregående period;2016M03;0.02
Hushållens konfidensindikator;Förändring från föregående period;2016M04;0
Hushållens konfidensindikator;Förändring från föregående period;2016M05;-0.01
Hushållens konfidensindikator;Förändring från föregående period;2016M06;0.01
Hushållens konfidensindikator;Förändring från föregående period;2016M07;0.04
Hushållens konfidensindikator;Förändring från föregående period;2016M08;0.07
Hushållens konfidensindikator;Förändring från föregående period;2016M09;0.08
Hushållens konfidensindikator;Förändring från föregående period;2016M10;0.06
Hushållens konfidensindikator;Förändring från föregående period;2016M11;0.03
Hushållens konfidensindikator;Förändring från föregående period;2016M12;0.01
Hushållens konfidensindikator;Förändring från föregående period;2017M01;0.01
Hushållens konfidensindikator;Förändring från föregående period;2017M02;0.03
Hushållens konfidensindikator;Förändring från föregående period;2017M03;0.04
Hushållens konfidensindikator;Förändring från föregående period;2017M04;0.04
Hushållens konfidensindikator;Förändring från föregående period;2017M05;0.02
Hushållens konfidensindikator;Förändring från föregående period;2017M06;0
Hushållens konfidensindikator;Förändring från föregående period;2017M07;-0.03
Hushållens konfidensindikator;Förändring från föregående period;2017M08;-0.01
Hushållens konfidensindikator;Förändring från föregående period;2017M09;0.03
Hushållens konfidensindikator;Förändring från föregående period;2017M10;0.08
Hushållens konfidensindikator;Förändring från föregående period;2017M11;0.08
Hushållens konfidensindikator;Förändring från föregående period;2017M12;0.02
Hushållens konfidensindikator;Förändring från föregående period;2018M01;-0.06
Hushållens konfidensindikator;Förändring från föregående period;2018M02;-0.1
Hushållens konfidensindikator;Förändring från föregående period;2018M03;-0.09
Hushållens konfidensindikator;Förändring från föregående period;2018M04;-0.07
Hushållens konfidensindikator;Förändring från föregående period;2018M05;-0.03
Hushållens konfidensindikator;Förändring från föregående period;2018M06;0.01
Hushållens konfidensindikator;Förändring från föregående period;2018M07;0.01
Hushållens konfidensindikator;Förändring från föregående period;2018M08;-0.01
Hushållens konfidensindikator;Förändring från föregående period;2018M09;-0.04
Hushållens konfidensindikator;Förändring från föregående period;2018M10;-0.11
Hushållens konfidensindikator;Förändring från föregående period;2018M11;-0.16
Hushållens konfidensindikator;Förändring från föregående period;2018M12;-0.14
Hushållens konfidensindikator;Förändring från föregående period;2019M01;-0.06
Hushållens konfidensindikator;Förändring från föregående period;2019M02;0.02
Hushållens konfidensindikator;Förändring från föregående period;2019M03;0.06
Hushållens konfidensindikator;Förändring från föregående period;2019M04;0.05
Hushållens konfidensindikator;Förändring från föregående period;2019M05;0
Hushållens konfidensindikator;Förändring från föregående period;2019M06;-0.04
Hushållens konfidensindikator;Förändring från föregående period;2019M07;-0.06
Hushållens konfidensindikator;Förändring från föregående period;2019M08;-0.05
Hushållens konfidensindikator;Förändring från föregående period;2019M09;-0.04
Hushållens konfidensindikator;Förändring från föregående period;2019M10;-0.02
Hushållens konfidensindikator;Förändring från föregående period;2019M11;0.01
Hushållens konfidensindikator;Förändring från föregående period;2019M12;0.02
Hushållens konfidensindikator;Förändring från föregående period;2020M01;0
Hushållens konfidensindikator;Förändring från föregående period;2020M02;-0.06
Hushållens konfidensindikator;Förändring från föregående period;2020M03;-0.1
Hushållens konfidensindikator;Förändring från föregående period;2020M04;-0.09
Hushållens konfidensindikator;Förändring från föregående period;2020M05;-0.06
Hushållens konfidensindikator;Förändring från föregående period;2020M06;-0.01
Hushållens konfidensindikator;Förändring från föregående period;2020M07;0.05
Hushållens konfidensindikator;Förändring från föregående period;2020M08;0.07
Hushållens konfidensindikator;Förändring från föregående period;2020M09;0.06
Hushållens konfidensindikator;Förändring från föregående period;2020M10;0.06
Hushållens konfidensindikator;Förändring från föregående period;2020M11;0.06
Hushållens konfidensindikator;Förändring från föregående period;2020M12;0.07
Hushållens konfidensindikator;Förändring från föregående period;2021M01;0.1
Hushållens konfidensindikator;Förändring från föregående period;2021M02;0.16
Hushållens konfidensindikator;Förändring från föregående period;2021M03;0.17
Hushållens konfidensindikator;Förändring från föregående period;2021M04;0.14
Hushållens konfidensindikator;Förändring från föregående period;2021M05;0.11
Hushållens konfidensindikator;Förändring från föregående period;2021M06;0.1
Hushållens konfidensindikator;Förändring från föregående period;2021M07;0.09
Hushållens konfidensindikator;Förändring från föregående period;2021M08;0.05
Hushållens konfidensindikator;Förändring från föregående period;2021M09;-0.01
Hushållens konfidensindikator;Förändring från föregående period;2021M10;-0.1
Hushållens konfidensindikator;Förändring från föregående period;2021M11;-0.19
Hushållens konfidensindikator;Förändring från föregående period;2021M12;-0.25
Hushållens konfidensindikator;Förändring från föregående period;2022M01;-0.34
Hushållens konfidensindikator;Förändring från föregående period;2022M02;-0.44
Hushållens konfidensindikator;Förändring från föregående period;2022M03;-0.51
Hushållens konfidensindikator;Förändring från föregående period;2022M04;-0.53
Hushållens konfidensindikator;Förändring från föregående period;2022M05;-0.48
Hushållens konfidensindikator;Förändring från föregående period;2022M06;-0.43
Hushållens konfidensindikator;Förändring från föregående period;2022M07;-0.38
Hushållens konfidensindikator;Förändring från föregående period;2022M08;-0.29
Hushållens konfidensindikator;Förändring från föregående period;2022M09;-0.2
Hushållens konfidensindikator;Förändring från föregående period;2022M10;-0.1
Hushållens konfidensindikator;Förändring från föregående period;2022M11;-0.04
Hushållens konfidensindikator;Förändring från föregående period;2022M12;0.01
Hushållens konfidensindikator;Förändring från föregående period;2023M01;0.06
Hushållens konfidensindikator;Förändring från föregående period;2023M02;0.1
Hushållens konfidensindikator;Förändring från föregående period;2023M03;0.16
Hushållens konfidensindikator;Förändring från föregående period;2023M04;0.19
Hushållens konfidensindikator;Förändring från föregående period;2023M05;0.17
Hushållens konfidensindikator;Förändring från föregående period;2023M06;0.1
Hushållens konfidensindikator;Förändring från föregående period;2023M07;0
Hushållens konfidensindikator;Förändring från föregående period;2023M08;-0.07
Hushållens konfidensindikator;Förändring från föregående period;2023M09;-0.06
Hushållens konfidensindikator;Förändring från föregående period;2023M10;0.03
Hushållens konfidensindikator;Förändring från föregående period;2023M11;0.17
Hushållens konfidensindikator;Förändring från föregående period;2023M12;0.3
Hushållens konfidensindikator;Förändring från föregående period;2024M01;0.38
Hushållens konfidensindikator;Förändring från föregående period;2024M02;0.39
Hushållens konfidensindikator;Förändring från föregående period;2024M03;0.37
Hushållens konfidensindikator;Förändring från föregående period;2024M04;0.31
Hushållens konfidensindikator;Förändring från föregående period;2024M05;0.23
Hushållens konfidensindikator;Förändring från föregående period;2024M06;0.17
Hushållens konfidensindikator;Förändring från föregående period;2024M07;0.14
Hushållens konfidensindikator;Förändring från föregående period;2024M08;0.15
Hushållens konfidensindikator;Förändring från föregående period;2024M09;0.13
Hushållens konfidensindikator;Förändring från föregående period;2024M10;0.06
Hushållens konfidensindikator;Förändring från föregående period;2024M11;-0.05
Hushållens konfidensindikator;Förändring från föregående period;2024M12;-0.15
Hushållens konfidensindikator;Förändring från föregående period;2025M01;-0.2
Hushållens konfidensindikator;Förändring från föregående period;2025M02;-0.19
Hushållens konfidensindikator;Förändring från föregående period;2025M03;-0.16
Hushållens konfidensindikator;Förändring från föregående period;2025M04;-0.1
Hushållens konfidensindikator;Förändring från föregående period;2025M05;-0.02
Hushållens konfidensindikator;Förändring från föregående period;2025M06;0.05
Hushållens konfidensindikator;Förändring från föregående period;2025M07;0.08
Hushållens konfidensindikator;Förändring från föregående period;2025M08;0.08
Hushållens konfidensindikator;Förändring från föregående period;2025M09;0.08
Hushållens konfidensindikator;Förändring från föregående period;2025M10;0.06
Hushållens konfidensindikator;Förändring från föregående period;2025M11;0.03
Hushållens konfidensindikator;Förändring från föregående period;2025M12;0.02
Hushållens konfidensindikator;Förändring från föregående period;2026M01;-0.01
Hushållens konfidensindikator;Förändring från föregående period;2026M02;-0.01
Hushållens konfidensindikator;Förändring från föregående period;2026M03;-0.02
Hushållens konfidensindikator;Förändring från föregående period;2026M04;0
Hushållens konfidensindikator;Förändring från föregående period;2026M05;0.03
Hushållens konfidensindikator;Förändring från föregående period;2026M06;0.08
Hushållens konfidensindikator;Förändring från föregående period;2026M07;0.12
Hushållens konfidensindikator;Förändring från föregående period;2026M08;0.11
